{
	"1_S06_ushio07_NEW": {
		"MESSAGES": [
			{
				"TYPE": "ZM",
				"ID": 396034,
				"STRING": "放課後になり、俺達は再び特査分室へ集合した。",
				"ENG_STRING": "放課後になり、俺達は再び特査分室へ集合した。"
			},
			{
				"TYPE": "ZM",
				"ID": 396035,
				"NAME": "小太郎",
				"ENG_NAME": "小太郎",
				"STRING": "「それじゃ、遺品返しに行こうか」",
				"ENG_STRING": "「それじゃ、遺品返しに行こうか」"
			},
			{
				"TYPE": "ZM",
				"ID": 396036,
				"STRING": "と、おまるが札を貼ったクピドの弓を抱える。@n",
				"ENG_STRING": "と、おまるが札を貼ったクピドの弓を抱える。@n"
			},
			{
				"TYPE": "ZM",
				"ID": 396037,
				"NAME": "憂緒",
				"ENG_NAME": "憂緒",
				"STRING": "「ええ、お願いします」",
				"ENG_STRING": "「ええ、お願いします」"
			},
			{
				"TYPE": "ZM",
				"ID": 396038,
				"NAME": "三厳",
				"ENG_NAME": "三厳",
				"STRING": "「モー子は行かないのか？」",
				"ENG_STRING": "「モー子は行かないのか？」"
			},
			{
				"TYPE": "ZM",
				"ID": 396039,
				"NAME": "憂緒",
				"ENG_NAME": "憂緒",
				"STRING": "「私は留守番をしています」",
				"ENG_STRING": "「私は留守番をしています」"
			},
			{
				"TYPE": "ZM",
				"ID": 396040,
				"NAME": "小太郎",
				"ENG_NAME": "小太郎",
				"STRING": "「あ、そうだね。村雲先輩もまだ来てないし」",
				"ENG_STRING": "「あ、そうだね。村雲先輩もまだ来てないし」"
			},
			{
				"TYPE": "ZM",
				"ID": 396041,
				"NAME": "憂緒",
				"ENG_NAME": "憂緒",
				"STRING": "「ええ」",
				"ENG_STRING": "「ええ」"
			},
			{
				"TYPE": "ZM",
				"ID": 396042,
				"NAME": "小太郎",
				"ENG_NAME": "小太郎",
				"STRING": "「じゃあ行こう、みっちー」",
				"ENG_STRING": "「じゃあ行こう、みっちー」"
			},
			{
				"TYPE": "ZM",
				"ID": 396043,
				"NAME": "三厳",
				"ENG_NAME": "三厳",
				"STRING": "「……行ってきまーす」",
				"ENG_STRING": "「……行ってきまーす」"
			},
			{
				"TYPE": "ZM",
				"ID": 396044,
				"NAME": "三厳",
				"ENG_NAME": "三厳",
				"STRING": "（やっぱ気まずいのかねえ……）",
				"ENG_STRING": "（やっぱ気まずいのかねえ……）"
			},
			{
				"TYPE": "ZM",
				"ID": 397058,
				"STRING": "気にはなるが、深く突っ込めない。",
				"ENG_STRING": "気にはなるが、深く突っ込めない。"
			},
			{
				"TYPE": "ZM",
				"ID": 397059,
				"STRING": "本当に何も覚えてないなら、藪蛇もいいところだ。",
				"ENG_STRING": "本当に何も覚えてないなら、藪蛇もいいところだ。"
			},
			{
				"TYPE": "ZM",
				"ID": 397060,
				"NAME": "三厳",
				"ENG_NAME": "三厳",
				"STRING": "（……忘れたふりなのかどうか、判断つかないしなあ）",
				"ENG_STRING": "（……忘れたふりなのかどうか、判断つかないしなあ）"
			},
			{
				"TYPE": "ZM",
				"ID": 397061,
				"NAME": "小太郎",
				"ENG_NAME": "小太郎",
				"STRING": "「………あれ？」",
				"ENG_STRING": "「………あれ？」"
			},
			{
				"TYPE": "ZM",
				"ID": 397062,
				"NAME": "三厳",
				"ENG_NAME": "三厳",
				"STRING": "「ん？　なんだ？」",
				"ENG_STRING": "「ん？　なんだ？」"
			},
			{
				"TYPE": "ZM",
				"ID": 397063,
				"STRING": "おまるは急に立ち止まり、なぜか俺の手元をしげしげと凝視する。",
				"ENG_STRING": "おまるは急に立ち止まり、なぜか俺の手元をしげしげと凝視する。"
			},
			{
				"TYPE": "ZM",
				"ID": 397064,
				"NAME": "小太郎",
				"ENG_NAME": "小太郎",
				"STRING": "「みっちー、なにそれ？」",
				"ENG_STRING": "「みっちー、なにそれ？」"
			},
			{
				"TYPE": "ZM",
				"ID": 397065,
				"NAME": "三厳",
				"ENG_NAME": "三厳",
				"STRING": "「なにそれって、何が？」",
				"ENG_STRING": "「なにそれって、何が？」"
			},
			{
				"TYPE": "ZM",
				"ID": 397066,
				"NAME": "小太郎",
				"ENG_NAME": "小太郎",
				"STRING": "「え？　何がってだから、その糸みたいなやつだよ」",
				"ENG_STRING": "「え？　何がってだから、その糸みたいなやつだよ」"
			},
			{
				"TYPE": "ZM",
				"ID": 397067,
				"NAME": "三厳",
				"ENG_NAME": "三厳",
				"STRING": "「糸？」",
				"ENG_STRING": "「糸？」"
			},
			{
				"TYPE": "ZM",
				"ID": 397068,
				"STRING": "俺の左手を指さすので、目の前まで持ち上げてみた。",
				"ENG_STRING": "俺の左手を指さすので、目の前まで持ち上げてみた。"
			},
			{
				"TYPE": "ZM",
				"ID": 397069,
				"STRING": "しかし糸のようなものなど見えないし、何も異常はない。",
				"ENG_STRING": "しかし糸のようなものなど見えないし、何も異常はない。"
			},
			{
				"TYPE": "ZM",
				"ID": 397070,
				"NAME": "三厳",
				"ENG_NAME": "三厳",
				"STRING": "「何のこと言ってんだ？　ほら、何もついてないだろ」",
				"ENG_STRING": "「何のこと言ってんだ？　ほら、何もついてないだろ」"
			},
			{
				"TYPE": "ZM",
				"ID": 397071,
				"NAME": "小太郎",
				"ENG_NAME": "小太郎",
				"STRING": "「えーっ！？　何言ってんの？　それだよ、ほら！」",
				"ENG_STRING": "「えーっ！？　何言ってんの？　それだよ、ほら！」"
			},
			{
				"TYPE": "ZM",
				"ID": 397072,
				"NAME": "三厳",
				"ENG_NAME": "三厳",
				"STRING": "「？　どれだよ？」",
				"ENG_STRING": "「？　どれだよ？」"
			},
			{
				"TYPE": "ZM",
				"ID": 397073,
				"NAME": "小太郎",
				"ENG_NAME": "小太郎",
				"STRING": "「それだって！　何か光ってて、分室の方にずーっと繋がってるっぽいやつ」",
				"ENG_STRING": "「それだって！　何か光ってて、分室の方にずーっと繋がってるっぽいやつ」"
			},
			{
				"TYPE": "ZM",
				"ID": 397074,
				"NAME": "三厳",
				"ENG_NAME": "三厳",
				"STRING": "「？？？　いや、マジで何も見えないんだが」",
				"ENG_STRING": "「？？？　いや、マジで何も見えないんだが」"
			},
			{
				"TYPE": "ZM",
				"ID": 397075,
				"NAME": "小太郎",
				"ENG_NAME": "小太郎",
				"STRING": "「………マジで？」",
				"ENG_STRING": "「………マジで？」"
			},
			{
				"TYPE": "ZM",
				"ID": 397076,
				"NAME": "三厳",
				"ENG_NAME": "三厳",
				"STRING": "「マジで」",
				"ENG_STRING": "「マジで」"
			},
			{
				"TYPE": "ZM",
				"ID": 397077,
				"STRING": "おまるは、ぽかんと俺の顔と、左手とを交互に見つめ首を傾げた。@n",
				"ENG_STRING": "おまるは、ぽかんと俺の顔と、左手とを交互に見つめ首を傾げた。@n"
			},
			{
				"TYPE": "ZM",
				"ID": 397078,
				"STRING": "こんな意味不明な冗談言う奴じゃないし、本気で何か見えてるのだろう。",
				"ENG_STRING": "こんな意味不明な冗談言う奴じゃないし、本気で何か見えてるのだろう。"
			},
			{
				"TYPE": "ZM",
				"ID": 397079,
				"NAME": "小太郎",
				"ENG_NAME": "小太郎",
				"STRING": "「えええ……なんでおれにだけ見えるの？　なんか怖い……」",
				"ENG_STRING": "「えええ……なんでおれにだけ見えるの？　なんか怖い……」"
			},
			{
				"TYPE": "ZM",
				"ID": 397080,
				"NAME": "三厳",
				"ENG_NAME": "三厳",
				"STRING": "「いや、見えない糸みたいなのが付いてるって、俺も不気味なんだが」",
				"ENG_STRING": "「いや、見えない糸みたいなのが付いてるって、俺も不気味なんだが」"
			},
			{
				"TYPE": "ZM",
				"ID": 397081,
				"NAME": "小太郎",
				"ENG_NAME": "小太郎",
				"STRING": "「……リトさんに聞いてみる？　なんか遺品かも」",
				"ENG_STRING": "「……リトさんに聞いてみる？　なんか遺品かも」"
			},
			{
				"TYPE": "ZM",
				"ID": 397082,
				"NAME": "三厳",
				"ENG_NAME": "三厳",
				"STRING": "「あ、そうだな。そうしよう」",
				"ENG_STRING": "「あ、そうだな。そうしよう」"
			},
			{
				"TYPE": "ZM",
				"ID": 397083,
				"STRING": "急いでリトを探そう、と迷路のような書棚の間を歩き回る。",
				"ENG_STRING": "急いでリトを探そう、と迷路のような書棚の間を歩き回る。"
			},
			{
				"TYPE": "ZM",
				"ID": 397084,
				"NAME": "小太郎",
				"ENG_NAME": "小太郎",
				"STRING": "「リトさーん、どこですかー？」",
				"ENG_STRING": "「リトさーん、どこですかー？」"
			},
			{
				"TYPE": "ZM",
				"ID": 397085,
				"NAME": "リト",
				"ENG_NAME": "リト",
				"STRING": "「………あら。呼んだ？」",
				"ENG_STRING": "「………あら。呼んだ？」"
			},
			{
				"TYPE": "ZM",
				"ID": 397086,
				"STRING": "うろついている本棚のちょうど裏から、リトの声がした。",
				"ENG_STRING": "うろついている本棚のちょうど裏から、リトの声がした。"
			},
			{
				"TYPE": "ZM",
				"ID": 397087,
				"STRING": "早足でそちらにまわると、巨大な本を抱えた少女もこちらへ歩いてくるところだった。",
				"ENG_STRING": "早足でそちらにまわると、巨大な本を抱えた少女もこちらへ歩いてくるところだった。"
			},
			{
				"TYPE": "ZM",
				"ID": 397088,
				"NAME": "小太郎",
				"ENG_NAME": "小太郎",
				"STRING": "「あー、いたいた！　よかったー」",
				"ENG_STRING": "「あー、いたいた！　よかったー」"
			},
			{
				"TYPE": "ZM",
				"ID": 397089,
				"NAME": "リト",
				"ENG_NAME": "リト",
				"STRING": "「何かご用かしら？」",
				"ENG_STRING": "「何かご用かしら？」"
			},
			{
				"TYPE": "ZM",
				"ID": 397090,
				"NAME": "小太郎",
				"ENG_NAME": "小太郎",
				"STRING": "「とりあえず、これ、はい。封印した遺品です」@n",
				"ENG_STRING": "「とりあえず、これ、はい。封印した遺品です」@n"
			},
			{
				"TYPE": "ZM",
				"ID": 397091,
				"NAME": "リト",
				"ENG_NAME": "リト",
				"STRING": "「ありがとう。確かに受け取ったわ」@n",
				"ENG_STRING": "「ありがとう。確かに受け取ったわ」@n"
			},
			{
				"TYPE": "ZM",
				"ID": 397092,
				"NAME": "小太郎",
				"ENG_NAME": "小太郎",
				"STRING": "「で、あの、みっちーのこれ………あれ！？」@n",
				"ENG_STRING": "「で、あの、みっちーのこれ………あれ！？」@n"
			},
			{
				"TYPE": "ZM",
				"ID": 397093,
				"NAME": "三厳",
				"ENG_NAME": "三厳",
				"STRING": "「どうした？」",
				"ENG_STRING": "「どうした？」"
			},
			{
				"TYPE": "ZM",
				"ID": 397094,
				"NAME": "小太郎",
				"ENG_NAME": "小太郎",
				"STRING": "「消えてる……」",
				"ENG_STRING": "「消えてる……」"
			},
			{
				"TYPE": "ZM",
				"ID": 397095,
				"NAME": "三厳",
				"ENG_NAME": "三厳",
				"STRING": "「消えてる？　糸みたいなやつがか？」",
				"ENG_STRING": "「消えてる？　糸みたいなやつがか？」"
			},
			{
				"TYPE": "ZM",
				"ID": 397096,
				"NAME": "小太郎",
				"ENG_NAME": "小太郎",
				"STRING": "「うん。あ、あの、リトさん、さっきまでみっちーのこの、左手に光る糸みたいなのが見えてたんですけど……」",
				"ENG_STRING": "「うん。あ、あの、リトさん、さっきまでみっちーのこの、左手に光る糸みたいなのが見えてたんですけど……」"
			},
			{
				"TYPE": "ZM",
				"ID": 397097,
				"NAME": "リト",
				"ENG_NAME": "リト",
				"STRING": "「クピドの弓を持っていたからじゃない？」",
				"ENG_STRING": "「クピドの弓を持っていたからじゃない？」"
			},
			{
				"TYPE": "ZM",
				"ID": 397098,
				"NAME": "小太郎",
				"ENG_NAME": "小太郎",
				"STRING": "「へ？　その遺品？　関係あるんですか？」",
				"ENG_STRING": "「へ？　その遺品？　関係あるんですか？」"
			},
			{
				"TYPE": "ZM",
				"ID": 397099,
				"NAME": "リト",
				"ENG_NAME": "リト",
				"STRING": "「クピドの弓の力で結ばれた二人の間には、弓を持っている者にだけ見える運命の糸が出現するの」",
				"ENG_STRING": "「クピドの弓の力で結ばれた二人の間には、弓を持っている者にだけ見える運命の糸が出現するの」"
			},
			{
				"TYPE": "ZM",
				"ID": 397100,
				"NAME": "三厳",
				"ENG_NAME": "三厳",
				"STRING": "@w5@h5「はあ！？」@w0@h0@n",
				"ENG_STRING": "@w5@h5「はあ！？」@w0@h0@n"
			},
			{
				"TYPE": "ZM",
				"ID": 397101,
				"NAME": "小太郎",
				"ENG_NAME": "小太郎",
				"STRING": "「運命の、糸…？」",
				"ENG_STRING": "「運命の、糸…？」"
			},
			{
				"TYPE": "ZM",
				"ID": 397102,
				"NAME": "リト",
				"ENG_NAME": "リト",
				"STRING": "「ええ、そうよ」@n",
				"ENG_STRING": "「ええ、そうよ」@n"
			},
			{
				"TYPE": "ZM",
				"ID": 397103,
				"NAME": "三厳",
				"ENG_NAME": "三厳",
				"STRING": "「待て。弓はもう封印されてんのになんで…」",
				"ENG_STRING": "「待て。弓はもう封印されてんのになんで…」"
			},
			{
				"TYPE": "ZM",
				"ID": 397104,
				"NAME": "リト",
				"ENG_NAME": "リト",
				"STRING": "「運命の糸は、弓自体の能力ではなくて、お互いの一部が繋がりあっているという印なの」",
				"ENG_STRING": "「運命の糸は、弓自体の能力ではなくて、お互いの一部が繋がりあっているという印なの」"
			},
			{
				"TYPE": "ZM",
				"ID": 397105,
				"NAME": "リト",
				"ENG_NAME": "リト",
				"STRING": "「だから弓を封印しても、糸は消えないのよ」",
				"ENG_STRING": "「だから弓を封印しても、糸は消えないのよ」"
			},
			{
				"TYPE": "ZM",
				"ID": 397106,
				"NAME": "三厳",
				"ENG_NAME": "三厳",
				"STRING": "「……………………」",
				"ENG_STRING": "「……………………」"
			},
			{
				"TYPE": "ZM",
				"ID": 397313,
				"NAME": "小太郎",
				"ENG_NAME": "小太郎",
				"STRING": "「そっかー！　運命の赤い糸かあ！」",
				"ENG_STRING": "「そっかー！　運命の赤い糸かあ！」"
			},
			{
				"TYPE": "ZM",
				"ID": 397314,
				"NAME": "三厳",
				"ENG_NAME": "三厳",
				"STRING": "「おい、おまる」",
				"ENG_STRING": "「おい、おまる」"
			},
			{
				"TYPE": "ZM",
				"ID": 397315,
				"STRING": "急に瞳をキラキラさせて嬉しそうな声を出すんじゃない。",
				"ENG_STRING": "急に瞳をキラキラさせて嬉しそうな声を出すんじゃない。"
			},
			{
				"TYPE": "ZM",
				"ID": 397316,
				"NAME": "小太郎",
				"ENG_NAME": "小太郎",
				"STRING": "「喧嘩してても、二人は赤い糸で結ばれてるんだね！」",
				"ENG_STRING": "「喧嘩してても、二人は赤い糸で結ばれてるんだね！」"
			},
			{
				"TYPE": "ZM",
				"ID": 397317,
				"NAME": "三厳",
				"ENG_NAME": "三厳",
				"STRING": "「結ば……っ！　お、お前な……」",
				"ENG_STRING": "「結ば……っ！　お、お前な……」"
			},
			{
				"TYPE": "ZM",
				"ID": 397318,
				"NAME": "小太郎",
				"ENG_NAME": "小太郎",
				"STRING": "「だってあの糸、完全に分室の方に繋がってたよ。憂緒さんしかいないじゃん！」",
				"ENG_STRING": "「だってあの糸、完全に分室の方に繋がってたよ。憂緒さんしかいないじゃん！」"
			},
			{
				"TYPE": "ZM",
				"ID": 397319,
				"NAME": "三厳",
				"ENG_NAME": "三厳",
				"STRING": "「……………………」",
				"ENG_STRING": "「……………………」"
			},
			{
				"TYPE": "ZM",
				"ID": 397320,
				"NAME": "小太郎",
				"ENG_NAME": "小太郎",
				"STRING": "「だって今、分室には憂緒さんしかいないし！」",
				"ENG_STRING": "「だって今、分室には憂緒さんしかいないし！」"
			},
			{
				"TYPE": "ZM",
				"ID": 397321,
				"NAME": "三厳",
				"ENG_NAME": "三厳",
				"STRING": "「そ、そりゃ、まあ……そう、だけどな……」",
				"ENG_STRING": "「そ、そりゃ、まあ……そう、だけどな……」"
			},
			{
				"TYPE": "ZM",
				"ID": 397569,
				"NAME": "小太郎",
				"ENG_NAME": "小太郎",
				"STRING": "「だよね？　じゃあ憂緒さんだよ！　ねえ、リトさん！」",
				"ENG_STRING": "「だよね？　じゃあ憂緒さんだよ！　ねえ、リトさん！」"
			},
			{
				"TYPE": "ZM",
				"ID": 397570,
				"NAME": "リト",
				"ENG_NAME": "リト",
				"STRING": "「どちらなのか、私は知らないけど、クピドの弓を通じての関係がなければ糸は繋がらないわよ」",
				"ENG_STRING": "「どちらなのか、私は知らないけど、クピドの弓を通じての関係がなければ糸は繋がらないわよ」"
			},
			{
				"TYPE": "ZM",
				"ID": 397571,
				"NAME": "三厳",
				"ENG_NAME": "三厳",
				"STRING": "（結ばれたってのが、そういう意味だったら…というか、それしかないよな……）",
				"ENG_STRING": "（結ばれたってのが、そういう意味だったら…というか、それしかないよな……）"
			},
			{
				"TYPE": "ZM",
				"ID": 397572,
				"STRING": "この場で頭を抱えて座り込みたい衝動を、かろうじて抑える。",
				"ENG_STRING": "この場で頭を抱えて座り込みたい衝動を、かろうじて抑える。"
			},
			{
				"TYPE": "ZM",
				"ID": 397573,
				"NAME": "三厳",
				"ENG_NAME": "三厳",
				"STRING": "「……一回、持たせてもらっていいか？」",
				"ENG_STRING": "「……一回、持たせてもらっていいか？」"
			},
			{
				"TYPE": "ZM",
				"ID": 397574,
				"NAME": "リト",
				"ENG_NAME": "リト",
				"STRING": "「弓を？　ええ、どうぞ」@n",
				"ENG_STRING": "「弓を？　ええ、どうぞ」@n"
			},
			{
				"TYPE": "ZM",
				"ID": 397825,
				"STRING": "リトからクピドの弓を受けとってみる。",
				"ENG_STRING": "リトからクピドの弓を受けとってみる。"
			},
			{
				"TYPE": "ZM",
				"ID": 397826,
				"STRING": "……確かに、左手の小指から光る糸のような物が真っ直ぐに分室方向に向かって伸びていた。",
				"ENG_STRING": "……確かに、左手の小指から光る糸のような物が真っ直ぐに分室方向に向かって伸びていた。"
			},
			{
				"TYPE": "ZM",
				"ID": 397827,
				"NAME": "小太郎",
				"ENG_NAME": "小太郎",
				"STRING": "「見えた？　ね、みっちー見えた？」",
				"ENG_STRING": "「見えた？　ね、みっちー見えた？」"
			},
			{
				"TYPE": "ZM",
				"ID": 397828,
				"NAME": "三厳",
				"ENG_NAME": "三厳",
				"STRING": "「……………見えた」",
				"ENG_STRING": "「……………見えた」"
			},
			{
				"TYPE": "ZM",
				"ID": 397829,
				"STRING": "がっくり項垂れるように頷きながら、弓をリトに返す。",
				"ENG_STRING": "がっくり項垂れるように頷きながら、弓をリトに返す。"
			},
			{
				"TYPE": "ZM",
				"ID": 397830,
				"NAME": "三厳",
				"ENG_NAME": "三厳",
				"STRING": "「ところでこれ、ついてると何か害とか支障とかは……」",
				"ENG_STRING": "「ところでこれ、ついてると何か害とか支障とかは……」"
			},
			{
				"TYPE": "ZM",
				"ID": 397831,
				"NAME": "リト",
				"ENG_NAME": "リト",
				"STRING": "「特にないわよ。この糸はクピドの弓を作った魔女が、その効果と結果を確かめるためにつけた補助機能のようなものだから」",
				"ENG_STRING": "「特にないわよ。この糸はクピドの弓を作った魔女が、その効果と結果を確かめるためにつけた補助機能のようなものだから」"
			},
			{
				"TYPE": "ZM",
				"ID": 397832,
				"NAME": "リト",
				"ENG_NAME": "リト",
				"STRING": "「繋がったままでいても、何も影響はないわ」",
				"ENG_STRING": "「繋がったままでいても、何も影響はないわ」"
			},
			{
				"TYPE": "ZM",
				"ID": 397833,
				"NAME": "三厳",
				"ENG_NAME": "三厳",
				"STRING": "「そ、そうか。なら良かった」",
				"ENG_STRING": "「そ、そうか。なら良かった」"
			},
			{
				"TYPE": "ZM",
				"ID": 397834,
				"NAME": "小太郎",
				"ENG_NAME": "小太郎",
				"STRING": "「運命の相手ってだけなんだね」",
				"ENG_STRING": "「運命の相手ってだけなんだね」"
			},
			{
				"TYPE": "ZM",
				"ID": 397835,
				"NAME": "三厳",
				"ENG_NAME": "三厳",
				"STRING": "「おまる、この事はモー子には言わないでくれ。頼むから。一生のお願いだから」",
				"ENG_STRING": "「おまる、この事はモー子には言わないでくれ。頼むから。一生のお願いだから」"
			},
			{
				"TYPE": "ZM",
				"ID": 397836,
				"NAME": "小太郎",
				"ENG_NAME": "小太郎",
				"STRING": "「照れくさいの？　うん、いいよ。言わない」@n",
				"ENG_STRING": "「照れくさいの？　うん、いいよ。言わない」@n"
			},
			{
				"TYPE": "ZM",
				"ID": 398081,
				"NAME": "三厳",
				"ENG_NAME": "三厳",
				"STRING": "「……ありがとう」",
				"ENG_STRING": "「……ありがとう」"
			},
			{
				"TYPE": "ZM",
				"ID": 398082,
				"STRING": "にこにこと笑いながら、おまるは頷いて約束してくれた。",
				"ENG_STRING": "にこにこと笑いながら、おまるは頷いて約束してくれた。"
			},
			{
				"TYPE": "ZM",
				"ID": 398083,
				"STRING": "本気で俺が照れているだけだと信じて疑っていないかのような笑顔だ。",
				"ENG_STRING": "本気で俺が照れているだけだと信じて疑っていないかのような笑顔だ。"
			},
			{
				"TYPE": "ZM",
				"ID": 398084,
				"STRING": "こういう奴で助かった……。",
				"ENG_STRING": "こういう奴で助かった……。"
			},
			{
				"TYPE": "ZM",
				"ID": 398085,
				"NAME": "小太郎",
				"ENG_NAME": "小太郎",
				"STRING": "「じゃあ戻ろうか」",
				"ENG_STRING": "「じゃあ戻ろうか」"
			},
			{
				"TYPE": "ZM",
				"ID": 398086,
				"NAME": "三厳",
				"ENG_NAME": "三厳",
				"STRING": "「ああ……リト、後は頼んだ」",
				"ENG_STRING": "「ああ……リト、後は頼んだ」"
			},
			{
				"TYPE": "ZM",
				"ID": 398087,
				"NAME": "小太郎",
				"ENG_NAME": "小太郎",
				"STRING": "「リトさん、ありがとうございました。遺品よろしくお願いします」@n",
				"ENG_STRING": "「リトさん、ありがとうございました。遺品よろしくお願いします」@n"
			},
			{
				"TYPE": "ZM",
				"ID": 398088,
				"NAME": "リト",
				"ENG_NAME": "リト",
				"STRING": "「ええ、戻しておくわ。お疲れ様」@n",
				"ENG_STRING": "「ええ、戻しておくわ。お疲れ様」@n"
			},
			{
				"TYPE": "ZM",
				"ID": 398089,
				"STRING": "ぺこんと頭を下げると、おまるは分室の方へと歩き出す。@n",
				"ENG_STRING": "ぺこんと頭を下げると、おまるは分室の方へと歩き出す。@n"
			},
			{
				"TYPE": "ZM",
				"ID": 398090,
				"STRING": "俺はそっとリトに小声で尋ねた。",
				"ENG_STRING": "俺はそっとリトに小声で尋ねた。"
			},
			{
				"TYPE": "ZM",
				"ID": 398091,
				"NAME": "三厳",
				"ENG_NAME": "三厳",
				"STRING": "「もう一つだけ確認したい」",
				"ENG_STRING": "「もう一つだけ確認したい」"
			},
			{
				"TYPE": "ZM",
				"ID": 398092,
				"NAME": "リト",
				"ENG_NAME": "リト",
				"STRING": "「なにかしら？」",
				"ENG_STRING": "「なにかしら？」"
			},
			{
				"TYPE": "ZM",
				"ID": 398093,
				"NAME": "三厳",
				"ENG_NAME": "三厳",
				"STRING": "「この糸って、どうにかしたら消えるのか？」",
				"ENG_STRING": "「この糸って、どうにかしたら消えるのか？」"
			},
			{
				"TYPE": "ZM",
				"ID": 398094,
				"NAME": "リト",
				"ENG_NAME": "リト",
				"STRING": "「糸で繋がっているどちらかが、別の人間と繋がれば消えるわよ」",
				"ENG_STRING": "「糸で繋がっているどちらかが、別の人間と繋がれば消えるわよ」"
			},
			{
				"TYPE": "ZM",
				"ID": 398095,
				"NAME": "三厳",
				"ENG_NAME": "三厳",
				"STRING": "「繋がるっていうのはその……つまり……」",
				"ENG_STRING": "「繋がるっていうのはその……つまり……」"
			},
			{
				"TYPE": "ZM",
				"ID": 398096,
				"NAME": "三厳",
				"ENG_NAME": "三厳",
				"STRING": "「物理的に？」",
				"ENG_STRING": "「物理的に？」"
			},
			{
				"TYPE": "ZM",
				"ID": 398097,
				"NAME": "リト",
				"ENG_NAME": "リト",
				"STRING": "「ええ物理的に」",
				"ENG_STRING": "「ええ物理的に」"
			},
			{
				"TYPE": "ZM",
				"ID": 398098,
				"NAME": "三厳",
				"ENG_NAME": "三厳",
				"STRING": "「やっぱりそういう意味かよ！？」",
				"ENG_STRING": "「やっぱりそういう意味かよ！？」"
			},
			{
				"TYPE": "ZM",
				"ID": 398099,
				"NAME": "小太郎",
				"ENG_NAME": "小太郎",
				"STRING": "「？　みっちー、どうしたの？」",
				"ENG_STRING": "「？　みっちー、どうしたの？」"
			},
			{
				"TYPE": "ZM",
				"ID": 398100,
				"NAME": "三厳",
				"ENG_NAME": "三厳",
				"STRING": "「な、なんでもない。じゃあなリト！」",
				"ENG_STRING": "「な、なんでもない。じゃあなリト！」"
			},
			{
				"TYPE": "ZM",
				"ID": 398101,
				"NAME": "リト",
				"ENG_NAME": "リト",
				"STRING": "「さようなら。またいつでも来るといいわ」",
				"ENG_STRING": "「さようなら。またいつでも来るといいわ」"
			},
			{
				"TYPE": "ZM",
				"ID": 398102,
				"STRING": "これは絶対、モー子には言えない。",
				"ENG_STRING": "これは絶対、モー子には言えない。"
			},
			{
				"TYPE": "ZM",
				"ID": 398103,
				"STRING": "さっさとおまるを口止めしておいて良かった。",
				"ENG_STRING": "さっさとおまるを口止めしておいて良かった。"
			},
			{
				"TYPE": "ZM",
				"ID": 398104,
				"NAME": "三厳",
				"ENG_NAME": "三厳",
				"STRING": "（さすがのモー子も、そもそも糸が見えるなんて事自体知らなきゃ気づかないだろ…）",
				"ENG_STRING": "（さすがのモー子も、そもそも糸が見えるなんて事自体知らなきゃ気づかないだろ…）"
			},
			{
				"TYPE": "ZM",
				"ID": 398105,
				"STRING": "そそくさと足早に、先に歩いて行ったおまるの後を追った……。",
				"ENG_STRING": "そそくさと足早に、先に歩いて行ったおまるの後を追った……。"
			},
			{
				"TYPE": "ZM",
				"ID": 399362,
				"NAME": "憂緒",
				"ENG_NAME": "憂緒",
				"STRING": "「……………………」",
				"ENG_STRING": "「……………………」"
			},
			{
				"TYPE": "ZM",
				"ID": 399363,
				"STRING": "一人、分室に残ってぼんやりと書物に目を落とす。",
				"ENG_STRING": "一人、分室に残ってぼんやりと書物に目を落とす。"
			},
			{
				"TYPE": "ZM",
				"ID": 399364,
				"STRING": "いつもなら草木が水を吸うように入ってくるはずの文章が、まるで頭に入らない。",
				"ENG_STRING": "いつもなら草木が水を吸うように入ってくるはずの文章が、まるで頭に入らない。"
			},
			{
				"TYPE": "ZM",
				"ID": 399365,
				"NAME": "憂緒",
				"ENG_NAME": "憂緒",
				"STRING": "「………………もう……」",
				"ENG_STRING": "「………………もう……」"
			},
			{
				"TYPE": "ZM",
				"ID": 399366,
				"STRING": "それもこれも、彼のせいだ。",
				"ENG_STRING": "それもこれも、彼のせいだ。"
			},
			{
				"TYPE": "ZM",
				"ID": 399367,
				"STRING": "ため息を吐いて、目を閉じる。@n",
				"ENG_STRING": "ため息を吐いて、目を閉じる。@n"
			},
			{
				"TYPE": "ZM",
				"ID": 399368,
				"NAME": "憂緒",
				"ENG_NAME": "憂緒",
				"STRING": "（………考えては駄目。何も。思い出さないように……）",
				"ENG_STRING": "（………考えては駄目。何も。思い出さないように……）"
			},
			{
				"TYPE": "ZM",
				"ID": 399369,
				"NAME": "憂緒",
				"ENG_NAME": "憂緒",
				"STRING": "（……………………）",
				"ENG_STRING": "（……………………）"
			},
			{
				"TYPE": "ZM",
				"ID": 399370,
				"STRING": "そんな風に、じっと目を閉じていたのがいけなかったのだろうか……。",
				"ENG_STRING": "そんな風に、じっと目を閉じていたのがいけなかったのだろうか……。"
			},
			{
				"TYPE": "ZM",
				"ID": 399371,
				"STRING": "いつしか私は、うとうととまどろんでいたようだ。",
				"ENG_STRING": "いつしか私は、うとうととまどろんでいたようだ。"
			},
			{
				"TYPE": "ZM",
				"ID": 399372,
				"STRING": "……………………。",
				"ENG_STRING": "……………………。"
			},
			{
				"TYPE": "ZM",
				"ID": 399373,
				"STRING": "……………。",
				"ENG_STRING": "……………。"
			}
		]
	}
}