{
	"NEKO_01": {
		"MESSAGES": [
			{
				"TYPE": "ZM",
				"ID": 355586,
				"STRING": "しばらく消えた扉を見つめ、呆然と佇んでいたが、ふと我に返る。",
				"ENG_STRING": "しばらく消えた扉を見つめ、呆然と佇んでいたが、ふと我に返る。"
			},
			{
				"TYPE": "ZM",
				"ID": 355587,
				"NAME": "眠子",
				"ENG_NAME": "眠子",
				"STRING": "「帰ってきた……」",
				"ENG_STRING": "「帰ってきた……」"
			},
			{
				"TYPE": "ZM",
				"ID": 355588,
				"NAME": "満琉",
				"ENG_NAME": "満琉",
				"STRING": "「そうみたいだな」",
				"ENG_STRING": "「そうみたいだな」"
			},
			{
				"TYPE": "ZM",
				"ID": 355589,
				"STRING": "休み時間なのだろうか、生徒たちの声が聞こえる。",
				"ENG_STRING": "休み時間なのだろうか、生徒たちの声が聞こえる。"
			},
			{
				"TYPE": "ZM",
				"ID": 355590,
				"STRING": "あまりにも日常すぎて、逆に変な感じがした。",
				"ENG_STRING": "あまりにも日常すぎて、逆に変な感じがした。"
			},
			{
				"TYPE": "ZM",
				"ID": 355591,
				"STRING": "でもここで突っ立っているわけにはいかない。",
				"ENG_STRING": "でもここで突っ立っているわけにはいかない。"
			},
			{
				"TYPE": "ZM",
				"ID": 355592,
				"NAME": "満琉",
				"ENG_NAME": "満琉",
				"STRING": "「教室まで送るよ。みんな、心配してるだろ」",
				"ENG_STRING": "「教室まで送るよ。みんな、心配してるだろ」"
			},
			{
				"TYPE": "ZM",
				"ID": 355593,
				"NAME": "眠子",
				"ENG_NAME": "眠子",
				"STRING": "「あ……そ、そうですね」",
				"ENG_STRING": "「あ……そ、そうですね」"
			},
			{
				"TYPE": "ZM",
				"ID": 355594,
				"NAME": "眠子",
				"ENG_NAME": "眠子",
				"STRING": "（帰ってきたってことは、これで久我くんと二人きりも終わっちゃうんだ……）",
				"ENG_STRING": "（帰ってきたってことは、これで久我くんと二人きりも終わっちゃうんだ……）"
			},
			{
				"TYPE": "ZM",
				"ID": 355595,
				"NAME": "満琉",
				"ENG_NAME": "満琉",
				"STRING": "「ほら、行こう」",
				"ENG_STRING": "「ほら、行こう」"
			},
			{
				"TYPE": "ZM",
				"ID": 355596,
				"NAME": "眠子",
				"ENG_NAME": "眠子",
				"STRING": "（無事に帰って来れたんだからよかったんだよね。でも、もっと一緒にいたかったな……）@n",
				"ENG_STRING": "（無事に帰って来れたんだからよかったんだよね。でも、もっと一緒にいたかったな……）@n"
			},
			{
				"TYPE": "ZM",
				"ID": 355597,
				"NAME": "満琉",
				"ENG_NAME": "満琉",
				"STRING": "「風呂屋、どうしたんだ。具合でも悪いのか？」",
				"ENG_STRING": "「風呂屋、どうしたんだ。具合でも悪いのか？」"
			},
			{
				"TYPE": "ZM",
				"ID": 355598,
				"STRING": "教室に向かおうと歩き出そうとしたけれど、風呂屋はその場から動かない。",
				"ENG_STRING": "教室に向かおうと歩き出そうとしたけれど、風呂屋はその場から動かない。"
			},
			{
				"TYPE": "ZM",
				"ID": 355599,
				"STRING": "具合が悪いとか、もしかしてケガでもしたとか……。",
				"ENG_STRING": "具合が悪いとか、もしかしてケガでもしたとか……。"
			},
			{
				"TYPE": "ZM",
				"ID": 355600,
				"NAME": "眠子",
				"ENG_NAME": "眠子",
				"STRING": "（もう二人きりになれないのかな）",
				"ENG_STRING": "（もう二人きりになれないのかな）"
			},
			{
				"TYPE": "ZM",
				"ID": 355601,
				"NAME": "満琉",
				"ENG_NAME": "満琉",
				"STRING": "「おーい、大丈夫かー？」",
				"ENG_STRING": "「おーい、大丈夫かー？」"
			},
			{
				"TYPE": "ZM",
				"ID": 355602,
				"NAME": "眠子",
				"ENG_NAME": "眠子",
				"STRING": "（なんだか、そんなの寂しい……）",
				"ENG_STRING": "（なんだか、そんなの寂しい……）"
			},
			{
				"TYPE": "ZM",
				"ID": 355603,
				"STRING": "立ち止まったまま動かない風呂屋の顔を覗き込むように見つめる。",
				"ENG_STRING": "立ち止まったまま動かない風呂屋の顔を覗き込むように見つめる。"
			},
			{
				"TYPE": "ZM",
				"ID": 355604,
				"STRING": "だが反応はない。",
				"ENG_STRING": "だが反応はない。"
			},
			{
				"TYPE": "ZM",
				"ID": 355605,
				"STRING": "何か考えごとでもしてるのか……？",
				"ENG_STRING": "何か考えごとでもしてるのか……？"
			},
			{
				"TYPE": "ZM",
				"ID": 355606,
				"NAME": "満琉",
				"ENG_NAME": "満琉",
				"STRING": "「風呂屋ー」",
				"ENG_STRING": "「風呂屋ー」"
			},
			{
				"TYPE": "ZM",
				"ID": 355607,
				"NAME": "眠子",
				"ENG_NAME": "眠子",
				"STRING": "（寂しいって……わたしどうしちゃったの？　本当に久我くんのこと好きになっちゃったの？）@n",
				"ENG_STRING": "（寂しいって……わたしどうしちゃったの？　本当に久我くんのこと好きになっちゃったの？）@n"
			},
			{
				"TYPE": "ZM",
				"ID": 355608,
				"NAME": "満琉",
				"ENG_NAME": "満琉",
				"STRING": "「風ー呂ー屋ー」",
				"ENG_STRING": "「風ー呂ー屋ー」"
			},
			{
				"TYPE": "ZM",
				"ID": 355609,
				"NAME": "眠子",
				"ENG_NAME": "眠子",
				"STRING": "「え？　あ、あっ！　ひゃん！！」@n",
				"ENG_STRING": "「え？　あ、あっ！　ひゃん！！」@n"
			},
			{
				"TYPE": "ZM",
				"ID": 355610,
				"NAME": "満琉",
				"ENG_NAME": "満琉",
				"STRING": "「お、気がついた」",
				"ENG_STRING": "「お、気がついた」"
			},
			{
				"TYPE": "ZM",
				"ID": 355611,
				"STRING": "覗き込んだ顔をじっと見つめていると、やっと気がついてくれた。",
				"ENG_STRING": "覗き込んだ顔をじっと見つめていると、やっと気がついてくれた。"
			},
			{
				"TYPE": "ZM",
				"ID": 355612,
				"STRING": "相当驚いたみたいだ。",
				"ENG_STRING": "相当驚いたみたいだ。"
			},
			{
				"TYPE": "ZM",
				"ID": 355613,
				"STRING": "一体どうしたんだか。",
				"ENG_STRING": "一体どうしたんだか。"
			},
			{
				"TYPE": "ZM",
				"ID": 355614,
				"NAME": "眠子",
				"ENG_NAME": "眠子",
				"STRING": "（え！？　え、ええ？　な、なんで久我くんの顔がこんなに近いの！？）",
				"ENG_STRING": "（え！？　え、ええ？　な、なんで久我くんの顔がこんなに近いの！？）"
			},
			{
				"TYPE": "ZM",
				"ID": 355615,
				"NAME": "満琉",
				"ENG_NAME": "満琉",
				"STRING": "「大丈夫か？」",
				"ENG_STRING": "「大丈夫か？」"
			},
			{
				"TYPE": "ZM",
				"ID": 355616,
				"NAME": "眠子",
				"ENG_NAME": "眠子",
				"STRING": "「は、はい！　だ、だだ、大丈夫です！！」",
				"ENG_STRING": "「は、はい！　だ、だだ、大丈夫です！！」"
			},
			{
				"TYPE": "ZM",
				"ID": 355617,
				"NAME": "眠子",
				"ENG_NAME": "眠子",
				"STRING": "（こ、こんなに近いとドキドキしちゃう！！）",
				"ENG_STRING": "（こ、こんなに近いとドキドキしちゃう！！）"
			},
			{
				"TYPE": "ZM",
				"ID": 355618,
				"NAME": "満琉",
				"ENG_NAME": "満琉",
				"STRING": "「よし、じゃあ教室まで戻るぞ」",
				"ENG_STRING": "「よし、じゃあ教室まで戻るぞ」"
			},
			{
				"TYPE": "ZM",
				"ID": 355619,
				"NAME": "眠子",
				"ENG_NAME": "眠子",
				"STRING": "（こ、こんなにドキドキするなんて、わたしやっぱり久我くんのこと本当に好きに……）",
				"ENG_STRING": "（こ、こんなにドキドキするなんて、わたしやっぱり久我くんのこと本当に好きに……）"
			},
			{
				"TYPE": "ZM",
				"ID": 355620,
				"NAME": "満琉",
				"ENG_NAME": "満琉",
				"STRING": "「チャイム鳴る前に移動しないとな」",
				"ENG_STRING": "「チャイム鳴る前に移動しないとな」"
			},
			{
				"TYPE": "ZM",
				"ID": 355621,
				"NAME": "眠子",
				"ENG_NAME": "眠子",
				"STRING": "「あ！　あ、あの！　あの！」",
				"ENG_STRING": "「あ！　あ、あの！　あの！」"
			},
			{
				"TYPE": "ZM",
				"ID": 355622,
				"NAME": "満琉",
				"ENG_NAME": "満琉",
				"STRING": "「ん？」",
				"ENG_STRING": "「ん？」"
			},
			{
				"TYPE": "ZM",
				"ID": 355623,
				"NAME": "眠子",
				"ENG_NAME": "眠子",
				"STRING": "「ちょ、ちょっと待ってください」",
				"ENG_STRING": "「ちょ、ちょっと待ってください」"
			},
			{
				"TYPE": "ZM",
				"ID": 355624,
				"NAME": "眠子",
				"ENG_NAME": "眠子",
				"STRING": "（わたし久我くんともっと一緒にいたい！　もっと久我くんのこと知りたい！）",
				"ENG_STRING": "（わたし久我くんともっと一緒にいたい！　もっと久我くんのこと知りたい！）"
			},
			{
				"TYPE": "ZM",
				"ID": 355625,
				"NAME": "満琉",
				"ENG_NAME": "満琉",
				"STRING": "「どうかしたのか？　やっぱりどっか具合悪いか」",
				"ENG_STRING": "「どうかしたのか？　やっぱりどっか具合悪いか」"
			},
			{
				"TYPE": "ZM",
				"ID": 355626,
				"NAME": "眠子",
				"ENG_NAME": "眠子",
				"STRING": "「い、いえ……そ、そういうわけではないんです」",
				"ENG_STRING": "「い、いえ……そ、そういうわけではないんです」"
			},
			{
				"TYPE": "ZM",
				"ID": 355627,
				"NAME": "眠子",
				"ENG_NAME": "眠子",
				"STRING": "（どうしよう。どうしたらいいのかな。もっと一緒にいたいですって言っていいのかな。いきなりすぎるかな？）",
				"ENG_STRING": "（どうしよう。どうしたらいいのかな。もっと一緒にいたいですって言っていいのかな。いきなりすぎるかな？）"
			},
			{
				"TYPE": "ZM",
				"ID": 355628,
				"NAME": "満琉",
				"ENG_NAME": "満琉",
				"STRING": "「じゃあ、どうした？」",
				"ENG_STRING": "「じゃあ、どうした？」"
			},
			{
				"TYPE": "ZM",
				"ID": 355629,
				"STRING": "俺を呼び止めた風呂屋は、落ち着きなく周りを見つめていた。",
				"ENG_STRING": "俺を呼び止めた風呂屋は、落ち着きなく周りを見つめていた。"
			},
			{
				"TYPE": "ZM",
				"ID": 355630,
				"STRING": "何か考えているような、迷っているような。",
				"ENG_STRING": "何か考えているような、迷っているような。"
			},
			{
				"TYPE": "ZM",
				"ID": 355631,
				"STRING": "……なんなんだろう？",
				"ENG_STRING": "……なんなんだろう？"
			},
			{
				"TYPE": "ZM",
				"ID": 355632,
				"NAME": "眠子",
				"ENG_NAME": "眠子",
				"STRING": "「えと、あ、あの、お、お話が、あ、あります！」",
				"ENG_STRING": "「えと、あ、あの、お、お話が、あ、あります！」"
			},
			{
				"TYPE": "ZM",
				"ID": 355633,
				"NAME": "満琉",
				"ENG_NAME": "満琉",
				"STRING": "「話？」",
				"ENG_STRING": "「話？」"
			},
			{
				"TYPE": "ZM",
				"ID": 355634,
				"NAME": "眠子",
				"ENG_NAME": "眠子",
				"STRING": "「そ、そうです！　えっと、あの……い、いい天気ですね！」@n",
				"ENG_STRING": "「そ、そうです！　えっと、あの……い、いい天気ですね！」@n"
			},
			{
				"TYPE": "ZM",
				"ID": 355635,
				"NAME": "満琉",
				"ENG_NAME": "満琉",
				"STRING": "「……？　夜だから、あんまりよくわからないけど、まあ悪くはないかな」",
				"ENG_STRING": "「……？　夜だから、あんまりよくわからないけど、まあ悪くはないかな」"
			},
			{
				"TYPE": "ZM",
				"ID": 355636,
				"NAME": "眠子",
				"ENG_NAME": "眠子",
				"STRING": "「は、はい！」@n",
				"ENG_STRING": "「は、はい！」@n"
			},
			{
				"TYPE": "ZM",
				"ID": 355841,
				"NAME": "眠子",
				"ENG_NAME": "眠子",
				"STRING": "（も、もう！　わたしったら何を言ってるんだろ！　せっかく一緒にいるのに）",
				"ENG_STRING": "（も、もう！　わたしったら何を言ってるんだろ！　せっかく一緒にいるのに）"
			},
			{
				"TYPE": "ZM",
				"ID": 355842,
				"NAME": "満琉",
				"ENG_NAME": "満琉",
				"STRING": "「話ってそれか？」",
				"ENG_STRING": "「話ってそれか？」"
			},
			{
				"TYPE": "ZM",
				"ID": 355843,
				"NAME": "眠子",
				"ENG_NAME": "眠子",
				"STRING": "「い、いえ。そ、そういうわけでは」",
				"ENG_STRING": "「い、いえ。そ、そういうわけでは」"
			},
			{
				"TYPE": "ZM",
				"ID": 355844,
				"STRING": "天気のことが話したかったわけはないよな。",
				"ENG_STRING": "天気のことが話したかったわけはないよな。"
			},
			{
				"TYPE": "ZM",
				"ID": 355845,
				"STRING": "じゃあ、だったらなんの話がしたいんだ。",
				"ENG_STRING": "じゃあ、だったらなんの話がしたいんだ。"
			},
			{
				"TYPE": "ZM",
				"ID": 355846,
				"NAME": "満琉",
				"ENG_NAME": "満琉",
				"STRING": "「じゃあ早く、教室に戻ろう。みんな心配してるぞ」",
				"ENG_STRING": "「じゃあ早く、教室に戻ろう。みんな心配してるぞ」"
			},
			{
				"TYPE": "ZM",
				"ID": 355847,
				"NAME": "眠子",
				"ENG_NAME": "眠子",
				"STRING": "「そ、そういうわけには！」",
				"ENG_STRING": "「そ、そういうわけには！」"
			},
			{
				"TYPE": "ZM",
				"ID": 355848,
				"NAME": "満琉",
				"ENG_NAME": "満琉",
				"STRING": "「じゃあ、どういうわけだ？」",
				"ENG_STRING": "「じゃあ、どういうわけだ？」"
			},
			{
				"TYPE": "ZM",
				"ID": 355849,
				"NAME": "眠子",
				"ENG_NAME": "眠子",
				"STRING": "「そ、それはあの……」",
				"ENG_STRING": "「そ、それはあの……」"
			},
			{
				"TYPE": "ZM",
				"ID": 355850,
				"NAME": "眠子",
				"ENG_NAME": "眠子",
				"STRING": "（ううう！　何を話せばいいのかわかんないよう！）",
				"ENG_STRING": "（ううう！　何を話せばいいのかわかんないよう！）"
			},
			{
				"TYPE": "ZM",
				"ID": 355851,
				"NAME": "満琉",
				"ENG_NAME": "満琉",
				"STRING": "「俺もすぐに戻った方が良さそうだし……」",
				"ENG_STRING": "「俺もすぐに戻った方が良さそうだし……」"
			},
			{
				"TYPE": "ZM",
				"ID": 355852,
				"NAME": "眠子",
				"ENG_NAME": "眠子",
				"STRING": "「え！　え、あの……」",
				"ENG_STRING": "「え！　え、あの……」"
			},
			{
				"TYPE": "ZM",
				"ID": 355853,
				"STRING": "モー子は怒ってそうだし、おまるは泣いてそうだから、あんま戻りたくないんだけどな。",
				"ENG_STRING": "モー子は怒ってそうだし、おまるは泣いてそうだから、あんま戻りたくないんだけどな。"
			},
			{
				"TYPE": "ZM",
				"ID": 355854,
				"STRING": "でも、そんなわけにはいかない。",
				"ENG_STRING": "でも、そんなわけにはいかない。"
			},
			{
				"TYPE": "ZM",
				"ID": 355855,
				"NAME": "満琉",
				"ENG_NAME": "満琉",
				"STRING": "「ほら、行こう」",
				"ENG_STRING": "「ほら、行こう」"
			},
			{
				"TYPE": "ZM",
				"ID": 355856,
				"NAME": "眠子",
				"ENG_NAME": "眠子",
				"STRING": "「だから、あの！　その、つまり……えっと！」",
				"ENG_STRING": "「だから、あの！　その、つまり……えっと！」"
			},
			{
				"TYPE": "ZM",
				"ID": 355857,
				"NAME": "眠子",
				"ENG_NAME": "眠子",
				"STRING": "（も、もう！　はっきり聞いちゃうしかない！！）",
				"ENG_STRING": "（も、もう！　はっきり聞いちゃうしかない！！）"
			},
			{
				"TYPE": "ZM",
				"ID": 355858,
				"NAME": "満琉",
				"ENG_NAME": "満琉",
				"STRING": "「うん？」",
				"ENG_STRING": "「うん？」"
			},
			{
				"TYPE": "ZM",
				"ID": 355859,
				"NAME": "眠子",
				"ENG_NAME": "眠子",
				"STRING": "「こ、久我くんって、彼女とかはいるんでしょうかー！？！？？！？」",
				"ENG_STRING": "「こ、久我くんって、彼女とかはいるんでしょうかー！？！？？！？」"
			},
			{
				"TYPE": "ZM",
				"ID": 355860,
				"NAME": "満琉",
				"ENG_NAME": "満琉",
				"STRING": "「……え？」",
				"ENG_STRING": "「……え？」"
			},
			{
				"TYPE": "ZM",
				"ID": 355861,
				"STRING": "聞こえて来た言葉に一瞬、我が耳を疑った。",
				"ENG_STRING": "聞こえて来た言葉に一瞬、我が耳を疑った。"
			},
			{
				"TYPE": "ZM",
				"ID": 355862,
				"STRING": "今、風呂屋はなんて言った？",
				"ENG_STRING": "今、風呂屋はなんて言った？"
			},
			{
				"TYPE": "ZM",
				"ID": 355863,
				"STRING": "彼女……って言ったっけ？",
				"ENG_STRING": "彼女……って言ったっけ？"
			},
			{
				"TYPE": "ZM",
				"ID": 355864,
				"STRING": "誰に？",
				"ENG_STRING": "誰に？"
			},
			{
				"TYPE": "ZM",
				"ID": 355865,
				"STRING": "いや、俺にか！？",
				"ENG_STRING": "いや、俺にか！？"
			},
			{
				"TYPE": "ZM",
				"ID": 355866,
				"NAME": "眠子",
				"ENG_NAME": "眠子",
				"STRING": "「ど、どどどど、どうなんでしょうか！」",
				"ENG_STRING": "「ど、どどどど、どうなんでしょうか！」"
			},
			{
				"TYPE": "ZM",
				"ID": 355867,
				"NAME": "眠子",
				"ENG_NAME": "眠子",
				"STRING": "（答えられないって事はもう彼女いるのかな。だったらどうしよう……でも、諦めるなんてやだやだ！）@n",
				"ENG_STRING": "（答えられないって事はもう彼女いるのかな。だったらどうしよう……でも、諦めるなんてやだやだ！）@n"
			},
			{
				"TYPE": "ZM",
				"ID": 355868,
				"NAME": "満琉",
				"ENG_NAME": "満琉",
				"STRING": "「いや……いない、けど」",
				"ENG_STRING": "「いや……いない、けど」"
			},
			{
				"TYPE": "ZM",
				"ID": 355869,
				"NAME": "眠子",
				"ENG_NAME": "眠子",
				"STRING": "「本当ですか！！！」",
				"ENG_STRING": "「本当ですか！！！」"
			},
			{
				"TYPE": "ZM",
				"ID": 355870,
				"NAME": "満琉",
				"ENG_NAME": "満琉",
				"STRING": "「お、お、おう」",
				"ENG_STRING": "「お、お、おう」"
			},
			{
				"TYPE": "ZM",
				"ID": 355871,
				"STRING": "いないと答えた途端、風呂屋がすごい勢いで迫って来た。",
				"ENG_STRING": "いないと答えた途端、風呂屋がすごい勢いで迫って来た。"
			},
			{
				"TYPE": "ZM",
				"ID": 355872,
				"STRING": "あまりの勢いに思わず足を一歩引いたが、風呂屋はそのままがぶり寄ってくる。",
				"ENG_STRING": "あまりの勢いに思わず足を一歩引いたが、風呂屋はそのままがぶり寄ってくる。"
			},
			{
				"TYPE": "ZM",
				"ID": 355873,
				"NAME": "眠子",
				"ENG_NAME": "眠子",
				"STRING": "「じゃ、じゃあ！　わたしなんかどうでしょうか！？！？」",
				"ENG_STRING": "「じゃ、じゃあ！　わたしなんかどうでしょうか！？！？」"
			},
			{
				"TYPE": "ZM",
				"ID": 355874,
				"NAME": "眠子",
				"ENG_NAME": "眠子",
				"STRING": "（良かった！　久我くん彼女いないよ！　これってあれだよね？　わたしにもチャンスがあるってことだよね！）",
				"ENG_STRING": "（良かった！　久我くん彼女いないよ！　これってあれだよね？　わたしにもチャンスがあるってことだよね！）"
			},
			{
				"TYPE": "ZM",
				"ID": 355875,
				"NAME": "満琉",
				"ENG_NAME": "満琉",
				"STRING": "「え！？」",
				"ENG_STRING": "「え！？」"
			},
			{
				"TYPE": "ZM",
				"ID": 355876,
				"NAME": "眠子",
				"ENG_NAME": "眠子",
				"STRING": "「だから、あの！　わたしです！」",
				"ENG_STRING": "「だから、あの！　わたしです！」"
			},
			{
				"TYPE": "ZM",
				"ID": 355877,
				"NAME": "眠子",
				"ENG_NAME": "眠子",
				"STRING": "（さっきまでずっと一緒にいて、これからも一緒にいられるかもしれないなんて……ああ、どうしよう！！）@n",
				"ENG_STRING": "（さっきまでずっと一緒にいて、これからも一緒にいられるかもしれないなんて……ああ、どうしよう！！）@n"
			},
			{
				"TYPE": "ZM",
				"ID": 355878,
				"NAME": "満琉",
				"ENG_NAME": "満琉",
				"STRING": "「いやいやいやいや！　ちょっと待て、落ち着け」",
				"ENG_STRING": "「いやいやいやいや！　ちょっと待て、落ち着け」"
			},
			{
				"TYPE": "ZM",
				"ID": 355879,
				"NAME": "眠子",
				"ENG_NAME": "眠子",
				"STRING": "「落ち着いてます！」@n",
				"ENG_STRING": "「落ち着いてます！」@n"
			},
			{
				"TYPE": "ZM",
				"ID": 356097,
				"NAME": "満琉",
				"ENG_NAME": "満琉",
				"STRING": "「どこがだよ。全然だ！」",
				"ENG_STRING": "「どこがだよ。全然だ！」"
			},
			{
				"TYPE": "ZM",
				"ID": 356098,
				"NAME": "眠子",
				"ENG_NAME": "眠子",
				"STRING": "「わたしじゃ、ダメなんですか？」",
				"ENG_STRING": "「わたしじゃ、ダメなんですか？」"
			},
			{
				"TYPE": "ZM",
				"ID": 356099,
				"NAME": "満琉",
				"ENG_NAME": "満琉",
				"STRING": "「いや、だからな……」",
				"ENG_STRING": "「いや、だからな……」"
			},
			{
				"TYPE": "ZM",
				"ID": 356100,
				"STRING": "確かに、風呂屋のことは嫌いじゃない。",
				"ENG_STRING": "確かに、風呂屋のことは嫌いじゃない。"
			},
			{
				"TYPE": "ZM",
				"ID": 356101,
				"STRING": "と、思う。",
				"ENG_STRING": "と、思う。"
			},
			{
				"TYPE": "ZM",
				"ID": 356102,
				"STRING": "でも、好きだっていうのとは違うというか……。",
				"ENG_STRING": "でも、好きだっていうのとは違うというか……。"
			},
			{
				"TYPE": "ZM",
				"ID": 356103,
				"STRING": "だいたい、さっきまで二人とも普通の状況ではなかったわけだしな。",
				"ENG_STRING": "だいたい、さっきまで二人とも普通の状況ではなかったわけだしな。"
			},
			{
				"TYPE": "ZM",
				"ID": 356104,
				"STRING": "もしかすると、あの空間に一緒にいたことで風呂屋は俺のことを好きだと勘違いしたのかも。",
				"ENG_STRING": "もしかすると、あの空間に一緒にいたことで風呂屋は俺のことを好きだと勘違いしたのかも。"
			},
			{
				"TYPE": "ZM",
				"ID": 356105,
				"NAME": "満琉",
				"ENG_NAME": "満琉",
				"STRING": "「お前、つり橋効果って知ってる？」",
				"ENG_STRING": "「お前、つり橋効果って知ってる？」"
			},
			{
				"TYPE": "ZM",
				"ID": 356106,
				"NAME": "眠子",
				"ENG_NAME": "眠子",
				"STRING": "「なんですか？」",
				"ENG_STRING": "「なんですか？」"
			},
			{
				"TYPE": "ZM",
				"ID": 356107,
				"NAME": "満琉",
				"ENG_NAME": "満琉",
				"STRING": "「俺とお前は、さっきまで二人っきりであの空間で過ごしてたよな？」",
				"ENG_STRING": "「俺とお前は、さっきまで二人っきりであの空間で過ごしてたよな？」"
			},
			{
				"TYPE": "ZM",
				"ID": 356108,
				"NAME": "眠子",
				"ENG_NAME": "眠子",
				"STRING": "「はい！　すごくドキドキしました！！」",
				"ENG_STRING": "「はい！　すごくドキドキしました！！」"
			},
			{
				"TYPE": "ZM",
				"ID": 356109,
				"NAME": "満琉",
				"ENG_NAME": "満琉",
				"STRING": "「それだ！　さっきのは通常じゃない、興奮状態だった」",
				"ENG_STRING": "「それだ！　さっきのは通常じゃない、興奮状態だった」"
			},
			{
				"TYPE": "ZM",
				"ID": 356110,
				"NAME": "眠子",
				"ENG_NAME": "眠子",
				"STRING": "「だから、なんですか？」",
				"ENG_STRING": "「だから、なんですか？」"
			},
			{
				"TYPE": "ZM",
				"ID": 356111,
				"NAME": "満琉",
				"ENG_NAME": "満琉",
				"STRING": "「つまりお前は、興奮状態で正常な判断ができなくなっている、かもしれない」",
				"ENG_STRING": "「つまりお前は、興奮状態で正常な判断ができなくなっている、かもしれない」"
			},
			{
				"TYPE": "ZM",
				"ID": 356112,
				"NAME": "眠子",
				"ENG_NAME": "眠子",
				"STRING": "「え……」",
				"ENG_STRING": "「え……」"
			},
			{
				"TYPE": "ZM",
				"ID": 356113,
				"NAME": "満琉",
				"ENG_NAME": "満琉",
				"STRING": "「その興奮状態のドキドキを、俺が好きだと勘違いしてるだけかもしれないだろ」",
				"ENG_STRING": "「その興奮状態のドキドキを、俺が好きだと勘違いしてるだけかもしれないだろ」"
			},
			{
				"TYPE": "ZM",
				"ID": 356114,
				"NAME": "眠子",
				"ENG_NAME": "眠子",
				"STRING": "「…………」",
				"ENG_STRING": "「…………」"
			},
			{
				"TYPE": "ZM",
				"ID": 356115,
				"STRING": "俺だって、さっきの世界が普通じゃないことくらいわかっている。",
				"ENG_STRING": "俺だって、さっきの世界が普通じゃないことくらいわかっている。"
			},
			{
				"TYPE": "ZM",
				"ID": 356116,
				"STRING": "風呂屋のことが嫌いじゃないっていうのも、そのつり橋効果のせいかもしれない。",
				"ENG_STRING": "風呂屋のことが嫌いじゃないっていうのも、そのつり橋効果のせいかもしれない。"
			},
			{
				"TYPE": "ZM",
				"ID": 356117,
				"STRING": "だから、俺だって少しは落ち着く必要があると思う。",
				"ENG_STRING": "だから、俺だって少しは落ち着く必要があると思う。"
			},
			{
				"TYPE": "ZM",
				"ID": 356118,
				"STRING": "それ以上に風呂屋は落ち着いた方がいいかもしれないが。",
				"ENG_STRING": "それ以上に風呂屋は落ち着いた方がいいかもしれないが。"
			},
			{
				"TYPE": "ZM",
				"ID": 356119,
				"STRING": "―――それに。",
				"ENG_STRING": "―――それに。"
			},
			{
				"TYPE": "ZM",
				"ID": 356120,
				"STRING": "ひとつ大事なことがある。",
				"ENG_STRING": "ひとつ大事なことがある。"
			},
			{
				"TYPE": "ZM",
				"ID": 356121,
				"STRING": "俺と風呂屋は別の世界の人間だ……。",
				"ENG_STRING": "俺と風呂屋は別の世界の人間だ……。"
			},
			{
				"TYPE": "ZM",
				"ID": 356122,
				"NAME": "憂緒",
				"ENG_NAME": "憂緒",
				"STRING": "「時計塔の鐘の音と共に、学園には魔術で繋がれた『夜の世界』が現れ校舎と一体化します」",
				"ENG_STRING": "「時計塔の鐘の音と共に、学園には魔術で繋がれた『夜の世界』が現れ校舎と一体化します」"
			},
			{
				"TYPE": "ZM",
				"ID": 356123,
				"NAME": "憂緒",
				"ENG_NAME": "憂緒",
				"STRING": "「夜しか存在しない世界。私たちのいつも見ているこの世界の、裏側の世界のようなものだそうです」",
				"ENG_STRING": "「夜しか存在しない世界。私たちのいつも見ているこの世界の、裏側の世界のようなものだそうです」"
			},
			{
				"TYPE": "ZM",
				"ID": 356124,
				"NAME": "憂緒",
				"ENG_NAME": "憂緒",
				"STRING": "「普通という単語が適切なのかどうかはわかりませんが、私たちと何ら変わりはない生物学的な意味で普通の人間だそうです」",
				"ENG_STRING": "「普通という単語が適切なのかどうかはわかりませんが、私たちと何ら変わりはない生物学的な意味で普通の人間だそうです」"
			},
			{
				"TYPE": "ZM",
				"ID": 356125,
				"NAME": "満琉",
				"ENG_NAME": "満琉",
				"STRING": "「けど、俺達とは違う世界の住人だってのか？」",
				"ENG_STRING": "「けど、俺達とは違う世界の住人だってのか？」"
			},
			{
				"TYPE": "ZM",
				"ID": 356126,
				"NAME": "満琉",
				"ENG_NAME": "満琉",
				"STRING": "「夜が来て鐘が鳴らないと、現れない？」",
				"ENG_STRING": "「夜が来て鐘が鳴らないと、現れない？」"
			},
			{
				"TYPE": "ZM",
				"ID": 356127,
				"NAME": "憂緒",
				"ENG_NAME": "憂緒",
				"STRING": "「思っていたより理解が早くて助かります」",
				"ENG_STRING": "「思っていたより理解が早くて助かります」"
			},
			{
				"TYPE": "ZM",
				"ID": 356128,
				"STRING": "『夜の世界』の人間と、俺はずっと一緒にいることは出来ないだろう。",
				"ENG_STRING": "『夜の世界』の人間と、俺はずっと一緒にいることは出来ないだろう。"
			},
			{
				"TYPE": "ZM",
				"ID": 356129,
				"STRING": "風呂屋は、それをわかっているんだろうか。",
				"ENG_STRING": "風呂屋は、それをわかっているんだろうか。"
			},
			{
				"TYPE": "ZM",
				"ID": 356130,
				"NAME": "満琉",
				"ENG_NAME": "満琉",
				"STRING": "「とにかく一旦落ち着いて、それからよく考えた方がいい」",
				"ENG_STRING": "「とにかく一旦落ち着いて、それからよく考えた方がいい」"
			},
			{
				"TYPE": "ZM",
				"ID": 356131,
				"NAME": "眠子",
				"ENG_NAME": "眠子",
				"STRING": "「でも、だって……」",
				"ENG_STRING": "「でも、だって……」"
			},
			{
				"TYPE": "ZM",
				"ID": 356132,
				"NAME": "眠子",
				"ENG_NAME": "眠子",
				"STRING": "（久我くんはわたしの王子様じゃなかったけど、あの場所でドキドキしたから好きなんじゃなくて……）",
				"ENG_STRING": "（久我くんはわたしの王子様じゃなかったけど、あの場所でドキドキしたから好きなんじゃなくて……）"
			},
			{
				"TYPE": "ZM",
				"ID": 356133,
				"NAME": "満琉",
				"ENG_NAME": "満琉",
				"STRING": "「あ……」",
				"ENG_STRING": "「あ……」"
			},
			{
				"TYPE": "ZM",
				"ID": 356134,
				"NAME": "眠子",
				"ENG_NAME": "眠子",
				"STRING": "「あっ」",
				"ENG_STRING": "「あっ」"
			},
			{
				"TYPE": "ZM",
				"ID": 356135,
				"NAME": "満琉",
				"ENG_NAME": "満琉",
				"STRING": "「ほら、授業始まるぞ。早く戻った方がいい」",
				"ENG_STRING": "「ほら、授業始まるぞ。早く戻った方がいい」"
			},
			{
				"TYPE": "ZM",
				"ID": 356136,
				"NAME": "眠子",
				"ENG_NAME": "眠子",
				"STRING": "「……」",
				"ENG_STRING": "「……」"
			},
			{
				"TYPE": "ZM",
				"ID": 356137,
				"NAME": "満琉",
				"ENG_NAME": "満琉",
				"STRING": "「俺も分室に戻らないといけないから、そろそろ行くよ。送って行けなくて悪い」",
				"ENG_STRING": "「俺も分室に戻らないといけないから、そろそろ行くよ。送って行けなくて悪い」"
			},
			{
				"TYPE": "ZM",
				"ID": 356138,
				"NAME": "眠子",
				"ENG_NAME": "眠子",
				"STRING": "「あ！　久我くん……」@n",
				"ENG_STRING": "「あ！　久我くん……」@n"
			},
			{
				"TYPE": "ZM",
				"ID": 356139,
				"NAME": "眠子",
				"ENG_NAME": "眠子",
				"STRING": "「勘違い……」",
				"ENG_STRING": "「勘違い……」"
			},
			{
				"TYPE": "ZM",
				"ID": 356140,
				"NAME": "眠子",
				"ENG_NAME": "眠子",
				"STRING": "「そんなこと、ないもーん……」",
				"ENG_STRING": "「そんなこと、ないもーん……」"
			},
			{
				"TYPE": "ZM",
				"ID": 356141,
				"NAME": "満琉",
				"ENG_NAME": "満琉",
				"STRING": "「…………」",
				"ENG_STRING": "「…………」"
			},
			{
				"TYPE": "ZM",
				"ID": 356142,
				"NAME": "小太郎",
				"ENG_NAME": "小太郎",
				"STRING": "「ああ！　みっちー！！」",
				"ENG_STRING": "「ああ！　みっちー！！」"
			},
			{
				"TYPE": "ZM",
				"ID": 356143,
				"NAME": "憂緒",
				"ENG_NAME": "憂緒",
				"STRING": "「……！」",
				"ENG_STRING": "「……！」"
			},
			{
				"TYPE": "ZM",
				"ID": 356144,
				"STRING": "特査分室の扉をそっと開けると、まず真っ先におまるに気付かれた。",
				"ENG_STRING": "特査分室の扉をそっと開けると、まず真っ先におまるに気付かれた。"
			},
			{
				"TYPE": "ZM",
				"ID": 356145,
				"STRING": "そして、自分の席に座ったモー子と目が合った。",
				"ENG_STRING": "そして、自分の席に座ったモー子と目が合った。"
			},
			{
				"TYPE": "ZM",
				"ID": 356146,
				"STRING": "……が、すぐにその目をそらされた。",
				"ENG_STRING": "……が、すぐにその目をそらされた。"
			},
			{
				"TYPE": "ZM",
				"ID": 356147,
				"STRING": "すごく、中に入りにくい。",
				"ENG_STRING": "すごく、中に入りにくい。"
			},
			{
				"TYPE": "ZM",
				"ID": 356148,
				"STRING": "と言ってる場合でもない。",
				"ENG_STRING": "と言ってる場合でもない。"
			},
			{
				"TYPE": "ZM",
				"ID": 356149,
				"NAME": "満琉",
				"ENG_NAME": "満琉",
				"STRING": "「え、えっと……ただいま」",
				"ENG_STRING": "「え、えっと……ただいま」"
			},
			{
				"TYPE": "ZM",
				"ID": 356150,
				"NAME": "小太郎",
				"ENG_NAME": "小太郎",
				"STRING": "「わーん！！　無事でよかったー！！！」",
				"ENG_STRING": "「わーん！！　無事でよかったー！！！」"
			},
			{
				"TYPE": "ZM",
				"ID": 356151,
				"STRING": "おまるは半泣き状態になりながら俺に詰め寄ってくる。",
				"ENG_STRING": "おまるは半泣き状態になりながら俺に詰め寄ってくる。"
			},
			{
				"TYPE": "ZM",
				"ID": 356152,
				"STRING": "よっぽど心配させたみたいだなあ。",
				"ENG_STRING": "よっぽど心配させたみたいだなあ。"
			},
			{
				"TYPE": "ZM",
				"ID": 356153,
				"NAME": "満琉",
				"ENG_NAME": "満琉",
				"STRING": "「わ、悪かったって」",
				"ENG_STRING": "「わ、悪かったって」"
			},
			{
				"TYPE": "ZM",
				"ID": 356154,
				"NAME": "小太郎",
				"ENG_NAME": "小太郎",
				"STRING": "「違うよ！　おれが鍵を渡したから！」",
				"ENG_STRING": "「違うよ！　おれが鍵を渡したから！」"
			},
			{
				"TYPE": "ZM",
				"ID": 356155,
				"NAME": "満琉",
				"ENG_NAME": "満琉",
				"STRING": "「でもほら、大丈夫だっただろ。風呂屋もちゃんと見付かったし」",
				"ENG_STRING": "「でもほら、大丈夫だっただろ。風呂屋もちゃんと見付かったし」"
			},
			{
				"TYPE": "ZM",
				"ID": 356156,
				"NAME": "小太郎",
				"ENG_NAME": "小太郎",
				"STRING": "「本当！？」",
				"ENG_STRING": "「本当！？」"
			},
			{
				"TYPE": "ZM",
				"ID": 356157,
				"NAME": "満琉",
				"ENG_NAME": "満琉",
				"STRING": "「ああ、もう教室戻ったから」",
				"ENG_STRING": "「ああ、もう教室戻ったから」"
			},
			{
				"TYPE": "ZM",
				"ID": 356158,
				"NAME": "小太郎",
				"ENG_NAME": "小太郎",
				"STRING": "「よ、良かったあ……！」@n",
				"ENG_STRING": "「よ、良かったあ……！」@n"
			},
			{
				"TYPE": "ZM",
				"ID": 356353,
				"STRING": "俺と風呂屋の無事を知って安心したのか、おまるはへにゃへにゃとその場に崩れ落ちた。",
				"ENG_STRING": "俺と風呂屋の無事を知って安心したのか、おまるはへにゃへにゃとその場に崩れ落ちた。"
			},
			{
				"TYPE": "ZM",
				"ID": 356354,
				"STRING": "それだけで、どれだけ俺のことを心配していたかがよくわかる。",
				"ENG_STRING": "それだけで、どれだけ俺のことを心配していたかがよくわかる。"
			},
			{
				"TYPE": "ZM",
				"ID": 356355,
				"NAME": "憂緒",
				"ENG_NAME": "憂緒",
				"STRING": "「はあ……」",
				"ENG_STRING": "「はあ……」"
			},
			{
				"TYPE": "ZM",
				"ID": 356356,
				"NAME": "満琉",
				"ENG_NAME": "満琉",
				"STRING": "「えっと……」",
				"ENG_STRING": "「えっと……」"
			},
			{
				"TYPE": "ZM",
				"ID": 356357,
				"STRING": "ため息をついたモー子は、俺とおまるのやり取りが終わってからやっと視線をこちらに向けた。",
				"ENG_STRING": "ため息をついたモー子は、俺とおまるのやり取りが終わってからやっと視線をこちらに向けた。"
			},
			{
				"TYPE": "ZM",
				"ID": 356358,
				"STRING": "その目は、とても冷たい。",
				"ENG_STRING": "その目は、とても冷たい。"
			},
			{
				"TYPE": "ZM",
				"ID": 356359,
				"NAME": "小太郎",
				"ENG_NAME": "小太郎",
				"STRING": "「え、えっと、憂緒さんできればほどほどに……」",
				"ENG_STRING": "「え、えっと、憂緒さんできればほどほどに……」"
			},
			{
				"TYPE": "ZM",
				"ID": 356360,
				"NAME": "憂緒",
				"ENG_NAME": "憂緒",
				"STRING": "「そうできれば良いのですが」",
				"ENG_STRING": "「そうできれば良いのですが」"
			},
			{
				"TYPE": "ZM",
				"ID": 356361,
				"NAME": "小太郎",
				"ENG_NAME": "小太郎",
				"STRING": "「う……」",
				"ENG_STRING": "「う……」"
			},
			{
				"TYPE": "ZM",
				"ID": 356362,
				"NAME": "満琉",
				"ENG_NAME": "満琉",
				"STRING": "「いいよ、おまる。俺のせいだ」",
				"ENG_STRING": "「いいよ、おまる。俺のせいだ」"
			},
			{
				"TYPE": "ZM",
				"ID": 356363,
				"NAME": "憂緒",
				"ENG_NAME": "憂緒",
				"STRING": "「その通りです。きみは私の話を、きちんと聞いていましたか？」",
				"ENG_STRING": "「その通りです。きみは私の話を、きちんと聞いていましたか？」"
			},
			{
				"TYPE": "ZM",
				"ID": 356364,
				"NAME": "満琉",
				"ENG_NAME": "満琉",
				"STRING": "「は、はい」",
				"ENG_STRING": "「は、はい」"
			},
			{
				"TYPE": "ZM",
				"ID": 356365,
				"NAME": "憂緒",
				"ENG_NAME": "憂緒",
				"STRING": "「それでは、何故注意したにも関わらず二次遭難していたんでしょうか」",
				"ENG_STRING": "「それでは、何故注意したにも関わらず二次遭難していたんでしょうか」"
			},
			{
				"TYPE": "ZM",
				"ID": 356366,
				"NAME": "憂緒",
				"ENG_NAME": "憂緒",
				"STRING": "「ああ、これは失礼。きみは本物のバカでしたね」",
				"ENG_STRING": "「ああ、これは失礼。きみは本物のバカでしたね」"
			},
			{
				"TYPE": "ZM",
				"ID": 356367,
				"NAME": "満琉",
				"ENG_NAME": "満琉",
				"STRING": "「いや、あの……」",
				"ENG_STRING": "「いや、あの……」"
			},
			{
				"TYPE": "ZM",
				"ID": 356368,
				"NAME": "憂緒",
				"ENG_NAME": "憂緒",
				"STRING": "「きみと烏丸くんだけにしていたことを、どれほど後悔したか」",
				"ENG_STRING": "「きみと烏丸くんだけにしていたことを、どれほど後悔したか」"
			},
			{
				"TYPE": "ZM",
				"ID": 356369,
				"NAME": "憂緒",
				"ENG_NAME": "憂緒",
				"STRING": "「何故、私はあの時リトさんのところへ行ってしまったのか……！」",
				"ENG_STRING": "「何故、私はあの時リトさんのところへ行ってしまったのか……！」"
			},
			{
				"TYPE": "ZM",
				"ID": 356370,
				"NAME": "満琉",
				"ENG_NAME": "満琉",
				"STRING": "「あの、モー子……」",
				"ENG_STRING": "「あの、モー子……」"
			},
			{
				"TYPE": "ZM",
				"ID": 356371,
				"NAME": "憂緒",
				"ENG_NAME": "憂緒",
				"STRING": "「きみたちだけにすべきではなかった。そのせいで、二次遭難に遭わせるなど……」",
				"ENG_STRING": "「きみたちだけにすべきではなかった。そのせいで、二次遭難に遭わせるなど……」"
			},
			{
				"TYPE": "ZM",
				"ID": 356372,
				"STRING": "悔しいけれども、言い返せない。",
				"ENG_STRING": "悔しいけれども、言い返せない。"
			},
			{
				"TYPE": "ZM",
				"ID": 356373,
				"STRING": "モー子に注意されていたにも関わらず二次遭難にあって、大変な目にあった。",
				"ENG_STRING": "モー子に注意されていたにも関わらず二次遭難にあって、大変な目にあった。"
			},
			{
				"TYPE": "ZM",
				"ID": 356374,
				"STRING": "これがバカでないなら、何がバカだって言うんだ。",
				"ENG_STRING": "これがバカでないなら、何がバカだって言うんだ。"
			},
			{
				"TYPE": "ZM",
				"ID": 356375,
				"NAME": "憂緒",
				"ENG_NAME": "憂緒",
				"STRING": "「遺品の取り扱いのことだけでなく、二次遭難まで……どれほど心配をかければ気が済むのですか」@n",
				"ENG_STRING": "「遺品の取り扱いのことだけでなく、二次遭難まで……どれほど心配をかければ気が済むのですか」@n"
			},
			{
				"TYPE": "ZM",
				"ID": 356376,
				"NAME": "満琉",
				"ENG_NAME": "満琉",
				"STRING": "「え、あの……」",
				"ENG_STRING": "「え、あの……」"
			},
			{
				"TYPE": "ZM",
				"ID": 356377,
				"NAME": "憂緒",
				"ENG_NAME": "憂緒",
				"STRING": "「遺品はともかく、きみと風呂屋町さんが戻らなかったらと思うと……」",
				"ENG_STRING": "「遺品はともかく、きみと風呂屋町さんが戻らなかったらと思うと……」"
			},
			{
				"TYPE": "ZM",
				"ID": 356378,
				"NAME": "小太郎",
				"ENG_NAME": "小太郎",
				"STRING": "「憂緒さんも、すごく心配してたんだよ」",
				"ENG_STRING": "「憂緒さんも、すごく心配してたんだよ」"
			},
			{
				"TYPE": "ZM",
				"ID": 356379,
				"NAME": "満琉",
				"ENG_NAME": "満琉",
				"STRING": "「……」",
				"ENG_STRING": "「……」"
			},
			{
				"TYPE": "ZM",
				"ID": 356380,
				"STRING": "モー子とおまるの言葉がじわじわと身に染みる。",
				"ENG_STRING": "モー子とおまるの言葉がじわじわと身に染みる。"
			},
			{
				"TYPE": "ZM",
				"ID": 356381,
				"STRING": "今回のことは間違いなく俺のせいだ。",
				"ENG_STRING": "今回のことは間違いなく俺のせいだ。"
			},
			{
				"TYPE": "ZM",
				"ID": 356382,
				"NAME": "満琉",
				"ENG_NAME": "満琉",
				"STRING": "「すみませんでした！！！」",
				"ENG_STRING": "「すみませんでした！！！」"
			},
			{
				"TYPE": "ZM",
				"ID": 356383,
				"NAME": "憂緒",
				"ENG_NAME": "憂緒",
				"STRING": "「…………」",
				"ENG_STRING": "「…………」"
			},
			{
				"TYPE": "ZM",
				"ID": 356384,
				"STRING": "俺にできることは、謝って頭を下げることしかなかった。",
				"ENG_STRING": "俺にできることは、謝って頭を下げることしかなかった。"
			},
			{
				"TYPE": "ZM",
				"ID": 356385,
				"STRING": "他に何を言ったって、それは言い訳にしかならないこともわかってる。",
				"ENG_STRING": "他に何を言ったって、それは言い訳にしかならないこともわかってる。"
			},
			{
				"TYPE": "ZM",
				"ID": 356386,
				"NAME": "満琉",
				"ENG_NAME": "満琉",
				"STRING": "「モー子の言う通りだと思う。俺のせいで風呂屋も危険な目にあった」",
				"ENG_STRING": "「モー子の言う通りだと思う。俺のせいで風呂屋も危険な目にあった」"
			},
			{
				"TYPE": "ZM",
				"ID": 356387,
				"NAME": "憂緒",
				"ENG_NAME": "憂緒",
				"STRING": "「そうですね」",
				"ENG_STRING": "「そうですね」"
			},
			{
				"TYPE": "ZM",
				"ID": 356388,
				"NAME": "小太郎",
				"ENG_NAME": "小太郎",
				"STRING": "「み、みっちー……」",
				"ENG_STRING": "「み、みっちー……」"
			},
			{
				"TYPE": "ZM",
				"ID": 356389,
				"NAME": "満琉",
				"ENG_NAME": "満琉",
				"STRING": "「本当にすまないと思ってる。次からは、同じことはくり返さない！」",
				"ENG_STRING": "「本当にすまないと思ってる。次からは、同じことはくり返さない！」"
			},
			{
				"TYPE": "ZM",
				"ID": 356390,
				"NAME": "憂緒",
				"ENG_NAME": "憂緒",
				"STRING": "「……はあ」",
				"ENG_STRING": "「……はあ」"
			},
			{
				"TYPE": "ZM",
				"ID": 356391,
				"NAME": "満琉",
				"ENG_NAME": "満琉",
				"STRING": "「モー子……？」",
				"ENG_STRING": "「モー子……？」"
			},
			{
				"TYPE": "ZM",
				"ID": 356392,
				"NAME": "憂緒",
				"ENG_NAME": "憂緒",
				"STRING": "「もう、わかりました。反省しているようですし、これ以上言っても意味はないでしょう」",
				"ENG_STRING": "「もう、わかりました。反省しているようですし、これ以上言っても意味はないでしょう」"
			},
			{
				"TYPE": "ZM",
				"ID": 356393,
				"NAME": "小太郎",
				"ENG_NAME": "小太郎",
				"STRING": "「よ、良かった……」",
				"ENG_STRING": "「よ、良かった……」"
			},
			{
				"TYPE": "ZM",
				"ID": 356394,
				"NAME": "憂緒",
				"ENG_NAME": "憂緒",
				"STRING": "「今後は勝手なことをしないようにしてください。まあ、きみに何度言っても効き目があるとは思いませんが」@n",
				"ENG_STRING": "「今後は勝手なことをしないようにしてください。まあ、きみに何度言っても効き目があるとは思いませんが」@n"
			},
			{
				"TYPE": "ZM",
				"ID": 356395,
				"NAME": "満琉",
				"ENG_NAME": "満琉",
				"STRING": "「……」",
				"ENG_STRING": "「……」"
			},
			{
				"TYPE": "ZM",
				"ID": 356396,
				"NAME": "憂緒",
				"ENG_NAME": "憂緒",
				"STRING": "「それと、無事だったから良かった。などという話は聞きませんし、そんな話は聞いても仕方ありません」",
				"ENG_STRING": "「それと、無事だったから良かった。などという話は聞きませんし、そんな話は聞いても仕方ありません」"
			},
			{
				"TYPE": "ZM",
				"ID": 356397,
				"NAME": "満琉",
				"ENG_NAME": "満琉",
				"STRING": "「はい。本当にすいませんでした……」",
				"ENG_STRING": "「はい。本当にすいませんでした……」"
			},
			{
				"TYPE": "ZM",
				"ID": 356398,
				"STRING": "モー子にもおまるにも心配をかけてしまった。",
				"ENG_STRING": "モー子にもおまるにも心配をかけてしまった。"
			},
			{
				"TYPE": "ZM",
				"ID": 356399,
				"STRING": "これからは、こんなことがないように今まで以上に気をつけないとな……。",
				"ENG_STRING": "これからは、こんなことがないように今まで以上に気をつけないとな……。"
			}
		],
		"CHAPTER_SUBNAME": "NEKO_01"
	}
}