{
	"S02_12_01　夜の世界": {
		"MESSAGES": [
			{
				"TYPE": "ZM",
				"ID": 281602,
				"NAME": "眠子",
				"ENG_NAME": "眠子",
				"STRING": "「あっ！　おはようございまーす」@n",
				"ENG_STRING": "「あっ！　おはようございまーす」@n"
			},
			{
				"TYPE": "ZM",
				"ID": 281603,
				"STRING": "ざわざわと登校してくる夜の生徒達の中に見知った顔を見つけた。",
				"ENG_STRING": "ざわざわと登校してくる夜の生徒達の中に見知った顔を見つけた。"
			},
			{
				"TYPE": "ZM",
				"ID": 281604,
				"NAME": "満琉",
				"ENG_NAME": "満琉",
				"STRING": "「風呂屋……だっけ、あの子」",
				"ENG_STRING": "「風呂屋……だっけ、あの子」"
			},
			{
				"TYPE": "ZM",
				"ID": 281605,
				"NAME": "憂緒",
				"ENG_NAME": "憂緒",
				"STRING": "「風呂屋町さんですよ」",
				"ENG_STRING": "「風呂屋町さんですよ」"
			},
			{
				"TYPE": "ZM",
				"ID": 281606,
				"NAME": "眠子",
				"ENG_NAME": "眠子",
				"STRING": "「え？　お呼びですか？」",
				"ENG_STRING": "「え？　お呼びですか？」"
			},
			{
				"TYPE": "ZM",
				"ID": 281607,
				"NAME": "憂緒",
				"ENG_NAME": "憂緒",
				"STRING": "「はい、少し聞きたいことがあります」",
				"ENG_STRING": "「はい、少し聞きたいことがあります」"
			},
			{
				"TYPE": "ZM",
				"ID": 281608,
				"NAME": "眠子",
				"ENG_NAME": "眠子",
				"STRING": "「いいですよー、何か………」@n",
				"ENG_STRING": "「いいですよー、何か………」@n"
			},
			{
				"TYPE": "ZM",
				"ID": 281609,
				"STRING": "にっこりと頷いて答えようとしたが、俺とモー子をつなぐ手錠を視界にとらえ笑顔のまま固まってしまった。",
				"ENG_STRING": "にっこりと頷いて答えようとしたが、俺とモー子をつなぐ手錠を視界にとらえ笑顔のまま固まってしまった。"
			},
			{
				"TYPE": "ZM",
				"ID": 281610,
				"NAME": "眠子",
				"ENG_NAME": "眠子",
				"STRING": "「あ……あ、あの……えーと」",
				"ENG_STRING": "「あ……あ、あの……えーと」"
			},
			{
				"TYPE": "ZM",
				"ID": 281611,
				"NAME": "憂緒",
				"ENG_NAME": "憂緒",
				"STRING": "「事故です」",
				"ENG_STRING": "「事故です」"
			},
			{
				"TYPE": "ZM",
				"ID": 281612,
				"NAME": "眠子",
				"ENG_NAME": "眠子",
				"STRING": "「はい？　じ、事故？　ご趣味、ではなく？」",
				"ENG_STRING": "「はい？　じ、事故？　ご趣味、ではなく？」"
			},
			{
				"TYPE": "ZM",
				"ID": 281613,
				"NAME": "憂緒",
				"ENG_NAME": "憂緒",
				"STRING": "「そんな趣味はありません」",
				"ENG_STRING": "「そんな趣味はありません」"
			},
			{
				"TYPE": "ZM",
				"ID": 281614,
				"STRING": "一秒でも早く否定したいと言わんばかりの早口でモー子が切り捨てる。",
				"ENG_STRING": "一秒でも早く否定したいと言わんばかりの早口でモー子が切り捨てる。"
			},
			{
				"TYPE": "ZM",
				"ID": 281615,
				"NAME": "小太郎",
				"ENG_NAME": "小太郎",
				"STRING": "「……真っ先に趣味って発想が出てくるのもどうなんだろう……」",
				"ENG_STRING": "「……真っ先に趣味って発想が出てくるのもどうなんだろう……」"
			},
			{
				"TYPE": "ZM",
				"ID": 281616,
				"NAME": "満琉",
				"ENG_NAME": "満琉",
				"STRING": "「言うな。今まで何人かがそう思ったのか想像しそうになる」",
				"ENG_STRING": "「言うな。今まで何人かがそう思ったのか想像しそうになる」"
			},
			{
				"TYPE": "ZM",
				"ID": 281617,
				"STRING": "どうでもいいことで凹みそうになっている間にモー子が風呂屋――だったっけ――に、細かいいきさつを説明してくれた。",
				"ENG_STRING": "どうでもいいことで凹みそうになっている間にモー子が風呂屋――だったっけ――に、細かいいきさつを説明してくれた。"
			},
			{
				"TYPE": "ZM",
				"ID": 281618,
				"NAME": "眠子",
				"ENG_NAME": "眠子",
				"STRING": "「ふえ〜、妖精さんかぁ」",
				"ENG_STRING": "「ふえ〜、妖精さんかぁ」"
			},
			{
				"TYPE": "ZM",
				"ID": 281619,
				"NAME": "憂緒",
				"ENG_NAME": "憂緒",
				"STRING": "「見かけたり、そんな話を聞いたりしていませんか？」",
				"ENG_STRING": "「見かけたり、そんな話を聞いたりしていませんか？」"
			},
			{
				"TYPE": "ZM",
				"ID": 281620,
				"NAME": "眠子",
				"ENG_NAME": "眠子",
				"STRING": "「うーん、わたしは見てないですねー。あ、他の子にも聞いてみますか？」@n",
				"ENG_STRING": "「うーん、わたしは見てないですねー。あ、他の子にも聞いてみますか？」@n"
			},
			{
				"TYPE": "ZM",
				"ID": 281621,
				"NAME": "憂緒",
				"ENG_NAME": "憂緒",
				"STRING": "「ええ、お願いします」",
				"ENG_STRING": "「ええ、お願いします」"
			},
			{
				"TYPE": "ZM",
				"ID": 281622,
				"NAME": "眠子",
				"ENG_NAME": "眠子",
				"STRING": "「んーと、じゃあ……あ、先輩だ！」@n",
				"ENG_STRING": "「んーと、じゃあ……あ、先輩だ！」@n"
			},
			{
				"TYPE": "ZM",
				"ID": 281623,
				"STRING": "風呂屋はこちらへ向かってくる女生徒に手を振りながら呼びかけた。",
				"ENG_STRING": "風呂屋はこちらへ向かってくる女生徒に手を振りながら呼びかけた。"
			},
			{
				"TYPE": "ZM",
				"ID": 281624,
				"NAME": "眠子",
				"ENG_NAME": "眠子",
				"STRING": "「おーい、射場せんぱーい！　ひなさーん！」",
				"ENG_STRING": "「おーい、射場せんぱーい！　ひなさーん！」"
			},
			{
				"TYPE": "ZM",
				"ID": 281625,
				"STRING": "手を振る風呂屋に気づいた二人の女生徒が笑顔を見せ、俺達に会釈しながらこちらへ近づいて来る。",
				"ENG_STRING": "手を振る風呂屋に気づいた二人の女生徒が笑顔を見せ、俺達に会釈しながらこちらへ近づいて来る。"
			},
			{
				"TYPE": "ZM",
				"ID": 281626,
				"NAME": "眠子",
				"ENG_NAME": "眠子",
				"STRING": "「射場久美子先輩と、七番雛先輩ですよー」@n",
				"ENG_STRING": "「射場久美子先輩と、七番雛先輩ですよー」@n"
			},
			{
				"TYPE": "ZM",
				"ID": 281627,
				"NAME": "久美子",
				"ENG_NAME": "久美子",
				"STRING": "「やあ、特査分室の人か。増えたって聞いたけど二人もだったんだ」",
				"ENG_STRING": "「やあ、特査分室の人か。増えたって聞いたけど二人もだったんだ」"
			},
			{
				"TYPE": "ZM",
				"ID": 281628,
				"STRING": "射場久美子先輩、と紹介された女性が俺とおまるを交互に見ながら笑う。",
				"ENG_STRING": "射場久美子先輩、と紹介された女性が俺とおまるを交互に見ながら笑う。"
			},
			{
				"TYPE": "ZM",
				"ID": 281629,
				"STRING": "活発そうな、愛想のいい笑顔だった。",
				"ENG_STRING": "活発そうな、愛想のいい笑顔だった。"
			},
			{
				"TYPE": "ZM",
				"ID": 281630,
				"NAME": "小太郎",
				"ENG_NAME": "小太郎",
				"STRING": "「こんにちは。烏丸小太郎、一年です」",
				"ENG_STRING": "「こんにちは。烏丸小太郎、一年です」"
			},
			{
				"TYPE": "ZM",
				"ID": 281631,
				"NAME": "満琉",
				"ENG_NAME": "満琉",
				"STRING": "「久我満琉。同じく一年です、よろしく」",
				"ENG_STRING": "「久我満琉。同じく一年です、よろしく」"
			},
			{
				"TYPE": "ZM",
				"ID": 281632,
				"NAME": "雛",
				"ENG_NAME": "雛",
				"STRING": "「……よろしくお願いします。鹿ケ谷さんは、お久しぶりです」",
				"ENG_STRING": "「……よろしくお願いします。鹿ケ谷さんは、お久しぶりです」"
			},
			{
				"TYPE": "ZM",
				"ID": 281633,
				"NAME": "憂緒",
				"ENG_NAME": "憂緒",
				"STRING": "「お久しぶりです、ヒナさん」",
				"ENG_STRING": "「お久しぶりです、ヒナさん」"
			},
			{
				"TYPE": "ZM",
				"ID": 281634,
				"STRING": "七番雛という名の先輩は、無表情ではないがどこか不思議に静かな雰囲気だ。",
				"ENG_STRING": "七番雛という名の先輩は、無表情ではないがどこか不思議に静かな雰囲気だ。"
			},
			{
				"TYPE": "ZM",
				"ID": 281635,
				"NAME": "雛",
				"ENG_NAME": "雛",
				"STRING": "「何か、ありましたか？」",
				"ENG_STRING": "「何か、ありましたか？」"
			},
			{
				"TYPE": "ZM",
				"ID": 281636,
				"NAME": "憂緒",
				"ENG_NAME": "憂緒",
				"STRING": "「少し困ったことが起きていまして」",
				"ENG_STRING": "「少し困ったことが起きていまして」"
			},
			{
				"TYPE": "ZM",
				"ID": 281637,
				"STRING": "モー子は知り合いだったらしく、二人の先輩にもかいつまんで事情を話す。",
				"ENG_STRING": "モー子は知り合いだったらしく、二人の先輩にもかいつまんで事情を話す。"
			},
			{
				"TYPE": "ZM",
				"ID": 281638,
				"NAME": "久美子",
				"ENG_NAME": "久美子",
				"STRING": "「妖精ねえ……ヒナ、あんた見た覚えある？」",
				"ENG_STRING": "「妖精ねえ……ヒナ、あんた見た覚えある？」"
			},
			{
				"TYPE": "ZM",
				"ID": 281639,
				"NAME": "雛",
				"ENG_NAME": "雛",
				"STRING": "「………ヒナはない」",
				"ENG_STRING": "「………ヒナはない」"
			},
			{
				"TYPE": "ZM",
				"ID": 281640,
				"NAME": "憂緒",
				"ENG_NAME": "憂緒",
				"STRING": "「そうですか……」",
				"ENG_STRING": "「そうですか……」"
			},
			{
				"TYPE": "ZM",
				"ID": 281641,
				"NAME": "女子生徒Ａ",
				"ENG_NAME": "女子生徒Ａ",
				"STRING": "「あれー？　ねえ教室の鍵どうしたのー？」",
				"ENG_STRING": "「あれー？　ねえ教室の鍵どうしたのー？」"
			},
			{
				"TYPE": "ZM",
				"ID": 281642,
				"NAME": "男子生徒Ａ",
				"ENG_NAME": "男子生徒Ａ",
				"STRING": "「おいおい、開いてないのかよ！」",
				"ENG_STRING": "「おいおい、開いてないのかよ！」"
			},
			{
				"TYPE": "ZM",
				"ID": 281643,
				"NAME": "満琉",
				"ENG_NAME": "満琉",
				"STRING": "「うわ、こっちもか」",
				"ENG_STRING": "「うわ、こっちもか」"
			},
			{
				"TYPE": "ZM",
				"ID": 281644,
				"STRING": "立ち話をしている俺達の近くで、夜の生徒達が鍵がないと騒ぎ始める。",
				"ENG_STRING": "立ち話をしている俺達の近くで、夜の生徒達が鍵がないと騒ぎ始める。"
			},
			{
				"TYPE": "ZM",
				"ID": 281645,
				"NAME": "久美子",
				"ENG_NAME": "久美子",
				"STRING": "「ちょっと話聞いてこようか。妖精とやらを見た子がいないか」",
				"ENG_STRING": "「ちょっと話聞いてこようか。妖精とやらを見た子がいないか」"
			},
			{
				"TYPE": "ZM",
				"ID": 281646,
				"NAME": "憂緒",
				"ENG_NAME": "憂緒",
				"STRING": "「お願いします」",
				"ENG_STRING": "「お願いします」"
			},
			{
				"TYPE": "ZM",
				"ID": 281647,
				"NAME": "眠子",
				"ENG_NAME": "眠子",
				"STRING": "「あ、じゃあわたしも！」",
				"ENG_STRING": "「あ、じゃあわたしも！」"
			},
			{
				"TYPE": "ZM",
				"ID": 281648,
				"STRING": "射場さん達は、騒いでいる生徒達に話しかけに行ってくれた。",
				"ENG_STRING": "射場さん達は、騒いでいる生徒達に話しかけに行ってくれた。"
			},
			{
				"TYPE": "ZM",
				"ID": 281649,
				"NAME": "小太郎",
				"ENG_NAME": "小太郎",
				"STRING": "「あの教室って確か、昼間も開かなくなってたよ」",
				"ENG_STRING": "「あの教室って確か、昼間も開かなくなってたよ」"
			},
			{
				"TYPE": "ZM",
				"ID": 281650,
				"NAME": "満琉",
				"ENG_NAME": "満琉",
				"STRING": "「そうなのか？　昼と夜って同じ鍵なのか、モー子？」",
				"ENG_STRING": "「そうなのか？　昼と夜って同じ鍵なのか、モー子？」"
			},
			{
				"TYPE": "ZM",
				"ID": 281651,
				"NAME": "憂緒",
				"ENG_NAME": "憂緒",
				"STRING": "「同じです。おそらく昼間の時点で妖精に鍵を持って行かれたのでしょう」",
				"ENG_STRING": "「同じです。おそらく昼間の時点で妖精に鍵を持って行かれたのでしょう」"
			},
			{
				"TYPE": "ZM",
				"ID": 281652,
				"NAME": "満琉",
				"ENG_NAME": "満琉",
				"STRING": "「んー、夜の生徒はまだあんまり妖精を見かけてないのかな」",
				"ENG_STRING": "「んー、夜の生徒はまだあんまり妖精を見かけてないのかな」"
			},
			{
				"TYPE": "ZM",
				"ID": 281653,
				"NAME": "憂緒",
				"ENG_NAME": "憂緒",
				"STRING": "「少なくとも昼間ほどの目撃者はいなさそうですね」",
				"ENG_STRING": "「少なくとも昼間ほどの目撃者はいなさそうですね」"
			},
			{
				"TYPE": "ZM",
				"ID": 281654,
				"NAME": "小太郎",
				"ENG_NAME": "小太郎",
				"STRING": "「けどさ、妖精が出たのは昨日、夜の世界になってからだったよね？」",
				"ENG_STRING": "「けどさ、妖精が出たのは昨日、夜の世界になってからだったよね？」"
			},
			{
				"TYPE": "ZM",
				"ID": 281655,
				"NAME": "満琉",
				"ENG_NAME": "満琉",
				"STRING": "「そうだな、てことは、遺品で妖精を操ってる生徒は……」",
				"ENG_STRING": "「そうだな、てことは、遺品で妖精を操ってる生徒は……」"
			},
			{
				"TYPE": "SELR",
				"ID": 0,
				"STRING": "昼の生徒",
				"ENG_STRING": "昼の生徒"
			},
			{
				"TYPE": "SELR",
				"ID": 1,
				"STRING": "夜の生徒",
				"ENG_STRING": "夜の生徒"
			}
		],
		"CHAPTER_SUBNAME": "S02_12_01　夜の世界"
	},
	"S02_12_02　昼の生徒": {
		"MESSAGES": [
			{
				"TYPE": "ZM",
				"ID": 281858,
				"NAME": "満琉",
				"ENG_NAME": "満琉",
				"STRING": "「やっぱ昼の生徒なのか」",
				"ENG_STRING": "「やっぱ昼の生徒なのか」"
			},
			{
				"TYPE": "ZM",
				"ID": 281859,
				"NAME": "憂緒",
				"ENG_NAME": "憂緒",
				"STRING": "「どうしてそうなるんです」",
				"ENG_STRING": "「どうしてそうなるんです」"
			},
			{
				"TYPE": "ZM",
				"ID": 281860,
				"NAME": "満琉",
				"ENG_NAME": "満琉",
				"STRING": "「へ？」",
				"ENG_STRING": "「へ？」"
			},
			{
				"TYPE": "ZM",
				"ID": 281861,
				"NAME": "憂緒",
				"ENG_NAME": "憂緒",
				"STRING": "「昨日の昼には、妖精もまだ出現していないでしょう」",
				"ENG_STRING": "「昨日の昼には、妖精もまだ出現していないでしょう」"
			},
			{
				"TYPE": "ZM",
				"ID": 281862,
				"NAME": "満琉",
				"ENG_NAME": "満琉",
				"STRING": "「え、でも吉田は礼拝堂の鍵なくしてるぞ？」",
				"ENG_STRING": "「え、でも吉田は礼拝堂の鍵なくしてるぞ？」"
			},
			{
				"TYPE": "ZM",
				"ID": 281863,
				"NAME": "憂緒",
				"ENG_NAME": "憂緒",
				"STRING": "「妖精が持ち去ったわけではないのでしょう？」",
				"ENG_STRING": "「妖精が持ち去ったわけではないのでしょう？」"
			},
			{
				"TYPE": "ZM",
				"ID": 281864,
				"NAME": "憂緒",
				"ENG_NAME": "憂緒",
				"STRING": "「彼女が言うとおり気づかないうちに落としたのでなければ、彼女の前にも妖精が現れているはずですよ」",
				"ENG_STRING": "「彼女が言うとおり気づかないうちに落としたのでなければ、彼女の前にも妖精が現れているはずですよ」"
			},
			{
				"TYPE": "ZM",
				"ID": 281865,
				"NAME": "満琉",
				"ENG_NAME": "満琉",
				"STRING": "「……あ、そうか。なら吉田が鍵をなくしたのは偶然で、妖精が現れたのは夜になってからか」",
				"ENG_STRING": "「……あ、そうか。なら吉田が鍵をなくしたのは偶然で、妖精が現れたのは夜になってからか」"
			},
			{
				"TYPE": "ZM",
				"ID": 281866,
				"NAME": "憂緒",
				"ENG_NAME": "憂緒",
				"STRING": "「その可能性の方が高いかと」",
				"ENG_STRING": "「その可能性の方が高いかと」"
			}
		],
		"CHAPTER_SUBNAME": "S02_12_02　昼の生徒"
	},
	"S02_12_03　夜の生徒": {
		"MESSAGES": [
			{
				"TYPE": "ZM",
				"ID": 282114,
				"NAME": "満琉",
				"ENG_NAME": "満琉",
				"STRING": "「夜の生徒なんだろうな。吉田は昨日の昼に礼拝堂の鍵をなくしたらしいが妖精は見てない」",
				"ENG_STRING": "「夜の生徒なんだろうな。吉田は昨日の昼に礼拝堂の鍵をなくしたらしいが妖精は見てない」"
			},
			{
				"TYPE": "ZM",
				"ID": 282115,
				"NAME": "憂緒",
				"ENG_NAME": "憂緒",
				"STRING": "「それは妖精の仕業ではなく、偶然の紛失であるということですね」",
				"ENG_STRING": "「それは妖精の仕業ではなく、偶然の紛失であるということですね」"
			},
			{
				"TYPE": "ZM",
				"ID": 282116,
				"NAME": "満琉",
				"ENG_NAME": "満琉",
				"STRING": "「ああ、本人の言う通りいつの間にか落としてたんじゃなければ、吉田の所にも妖精が現れてるはずだろ」",
				"ENG_STRING": "「ああ、本人の言う通りいつの間にか落としてたんじゃなければ、吉田の所にも妖精が現れてるはずだろ」"
			},
			{
				"TYPE": "ZM",
				"ID": 282117,
				"NAME": "小太郎",
				"ENG_NAME": "小太郎",
				"STRING": "「あの妖精、気づかれないようにこっそり盗むなんて気はなさそうだったもんね……」",
				"ENG_STRING": "「あの妖精、気づかれないようにこっそり盗むなんて気はなさそうだったもんね……」"
			},
			{
				"TYPE": "ZM",
				"ID": 282118,
				"NAME": "憂緒",
				"ENG_NAME": "憂緒",
				"STRING": "「……私も同意見です。遺品を使っているのは夜の生徒の可能性が高いでしょうね」",
				"ENG_STRING": "「……私も同意見です。遺品を使っているのは夜の生徒の可能性が高いでしょうね」"
			}
		],
		"CHAPTER_SUBNAME": "S02_12_03　夜の生徒"
	},
	"S02_12_04": {
		"MESSAGES": [
			{
				"TYPE": "ZM",
				"ID": 282370,
				"STRING": "話していると、射場さん達が戻って来た。",
				"ENG_STRING": "話していると、射場さん達が戻って来た。"
			},
			{
				"TYPE": "ZM",
				"ID": 282371,
				"NAME": "久美子",
				"ENG_NAME": "久美子",
				"STRING": "「聞いてみたけど、いつの間に鍵がなくなってたのか誰も知らないみたいだよ」",
				"ENG_STRING": "「聞いてみたけど、いつの間に鍵がなくなってたのか誰も知らないみたいだよ」"
			},
			{
				"TYPE": "ZM",
				"ID": 282372,
				"NAME": "憂緒",
				"ENG_NAME": "憂緒",
				"STRING": "「そうですか。昼の間に盗まれていたものが多いようですね」",
				"ENG_STRING": "「そうですか。昼の間に盗まれていたものが多いようですね」"
			},
			{
				"TYPE": "ZM",
				"ID": 282373,
				"NAME": "満琉",
				"ENG_NAME": "満琉",
				"STRING": "「あの教室の他にさ、最近鍵がなくなったとか捜してるって言ってる生徒いませんかね？」",
				"ENG_STRING": "「あの教室の他にさ、最近鍵がなくなったとか捜してるって言ってる生徒いませんかね？」"
			},
			{
				"TYPE": "ZM",
				"ID": 282374,
				"NAME": "久美子",
				"ENG_NAME": "久美子",
				"STRING": "「最近、というかしょっちゅう物をなくしてる子ならいるね」",
				"ENG_STRING": "「最近、というかしょっちゅう物をなくしてる子ならいるね」"
			},
			{
				"TYPE": "ZM",
				"ID": 282375,
				"NAME": "眠子",
				"ENG_NAME": "眠子",
				"STRING": "「あー、まゆみちゃんですね」",
				"ENG_STRING": "「あー、まゆみちゃんですね」"
			},
			{
				"TYPE": "ZM",
				"ID": 282376,
				"NAME": "憂緒",
				"ENG_NAME": "憂緒",
				"STRING": "「……もしかして春日真由美さんですか」",
				"ENG_STRING": "「……もしかして春日真由美さんですか」"
			},
			{
				"TYPE": "ZM",
				"ID": 282377,
				"NAME": "眠子",
				"ENG_NAME": "眠子",
				"STRING": "「ええ、そーです」",
				"ENG_STRING": "「ええ、そーです」"
			},
			{
				"TYPE": "ZM",
				"ID": 282378,
				"NAME": "雛",
				"ENG_NAME": "雛",
				"STRING": "「……そう言えば、見ていません」",
				"ENG_STRING": "「……そう言えば、見ていません」"
			},
			{
				"TYPE": "ZM",
				"ID": 282379,
				"NAME": "眠子",
				"ENG_NAME": "眠子",
				"STRING": "「あれ？　あれー？　ほんとだ、まゆみちゃんまだ来てないみたい」",
				"ENG_STRING": "「あれ？　あれー？　ほんとだ、まゆみちゃんまだ来てないみたい」"
			},
			{
				"TYPE": "ZM",
				"ID": 282380,
				"NAME": "満琉",
				"ENG_NAME": "満琉",
				"STRING": "「その、真由美ちゃんて言うのは？」",
				"ENG_STRING": "「その、真由美ちゃんて言うのは？」"
			},
			{
				"TYPE": "ZM",
				"ID": 282381,
				"NAME": "眠子",
				"ENG_NAME": "眠子",
				"STRING": "「春日真由美ちゃんて子です。わたしと同じ一年生ですよ」",
				"ENG_STRING": "「春日真由美ちゃんて子です。わたしと同じ一年生ですよ」"
			},
			{
				"TYPE": "ZM",
				"ID": 282382,
				"NAME": "久美子",
				"ENG_NAME": "久美子",
				"STRING": "「そそっかしい子でね。しょっちゅう物をなくしてあたふたしてるんだよ」",
				"ENG_STRING": "「そそっかしい子でね。しょっちゅう物をなくしてあたふたしてるんだよ」"
			},
			{
				"TYPE": "ZM",
				"ID": 282383,
				"NAME": "憂緒",
				"ENG_NAME": "憂緒",
				"STRING": "「そうですね。私も探し物を頼まれたことがあります」",
				"ENG_STRING": "「そうですね。私も探し物を頼まれたことがあります」"
			},
			{
				"TYPE": "ZM",
				"ID": 282384,
				"STRING": "モー子の声がわずかに低くなる。",
				"ENG_STRING": "モー子の声がわずかに低くなる。"
			},
			{
				"TYPE": "ZM",
				"ID": 282385,
				"STRING": "何を考えたかは察しがついた。",
				"ENG_STRING": "何を考えたかは察しがついた。"
			},
			{
				"TYPE": "ZM",
				"ID": 282386,
				"STRING": "遺品はそれを必要としている人間に引き寄せられる性質があるらしい、てことは……。",
				"ENG_STRING": "遺品はそれを必要としている人間に引き寄せられる性質があるらしい、てことは……。"
			},
			{
				"TYPE": "ZM",
				"ID": 282387,
				"NAME": "満琉",
				"ENG_NAME": "満琉",
				"STRING": "（そいつがたまたま鍵をなくしたタイミングで妖精が目の前に現れたとしたら……）",
				"ENG_STRING": "（そいつがたまたま鍵をなくしたタイミングで妖精が目の前に現れたとしたら……）"
			},
			{
				"TYPE": "ZM",
				"ID": 282388,
				"NAME": "雛",
				"ENG_NAME": "雛",
				"STRING": "「……始業」",
				"ENG_STRING": "「……始業」"
			},
			{
				"TYPE": "ZM",
				"ID": 282389,
				"NAME": "眠子",
				"ENG_NAME": "眠子",
				"STRING": "「あああっ！　すみません、もう行かなきゃ！」",
				"ENG_STRING": "「あああっ！　すみません、もう行かなきゃ！」"
			},
			{
				"TYPE": "ZM",
				"ID": 282390,
				"NAME": "憂緒",
				"ENG_NAME": "憂緒",
				"STRING": "「いえ、引き留めてすみませんでした」",
				"ENG_STRING": "「いえ、引き留めてすみませんでした」"
			},
			{
				"TYPE": "ZM",
				"ID": 282391,
				"NAME": "久美子",
				"ENG_NAME": "久美子",
				"STRING": "「少しは役に立ったのかな？　それじゃあ頑張ってね」",
				"ENG_STRING": "「少しは役に立ったのかな？　それじゃあ頑張ってね」"
			},
			{
				"TYPE": "ZM",
				"ID": 282392,
				"NAME": "雛",
				"ENG_NAME": "雛",
				"STRING": "「……気をつけてください」",
				"ENG_STRING": "「……気をつけてください」"
			},
			{
				"TYPE": "ZM",
				"ID": 282393,
				"NAME": "憂緒",
				"ENG_NAME": "憂緒",
				"STRING": "「ええ、ありがとうございます」",
				"ENG_STRING": "「ええ、ありがとうございます」"
			},
			{
				"TYPE": "ZM",
				"ID": 282394,
				"STRING": "風呂屋と先輩達を見送ると、モー子は表情を引き締めて言った。",
				"ENG_STRING": "風呂屋と先輩達を見送ると、モー子は表情を引き締めて言った。"
			},
			{
				"TYPE": "ZM",
				"ID": 282395,
				"NAME": "憂緒",
				"ENG_NAME": "憂緒",
				"STRING": "「行きましょう。春日真由美さんを捜してみるべきです」",
				"ENG_STRING": "「行きましょう。春日真由美さんを捜してみるべきです」"
			},
			{
				"TYPE": "ZM",
				"ID": 282396,
				"NAME": "満琉",
				"ENG_NAME": "満琉",
				"STRING": "「だな。今日、登校してきてないってのはなんか嫌な予感がする」",
				"ENG_STRING": "「だな。今日、登校してきてないってのはなんか嫌な予感がする」"
			},
			{
				"TYPE": "ZM",
				"ID": 282397,
				"NAME": "小太郎",
				"ENG_NAME": "小太郎",
				"STRING": "「その子が遺品使用者だとしたら代償で倒れてるかもしれない…？」",
				"ENG_STRING": "「その子が遺品使用者だとしたら代償で倒れてるかもしれない…？」"
			},
			{
				"TYPE": "ZM",
				"ID": 282398,
				"NAME": "憂緒",
				"ENG_NAME": "憂緒",
				"STRING": "「そうです」",
				"ENG_STRING": "「そうです」"
			},
			{
				"TYPE": "ZM",
				"ID": 282399,
				"NAME": "満琉",
				"ENG_NAME": "満琉",
				"STRING": "「よし、急ごうぜ」",
				"ENG_STRING": "「よし、急ごうぜ」"
			}
		],
		"CHAPTER_SUBNAME": "S02_12_04"
	},
	"S02_13_01　妖精発見": {
		"MESSAGES": [
			{
				"TYPE": "ZM",
				"ID": 282400,
				"STRING": "……とはいえ、春日真由美が一体どこにいるのかはまるで手がかりがない。",
				"ENG_STRING": "……とはいえ、春日真由美が一体どこにいるのかはまるで手がかりがない。"
			},
			{
				"TYPE": "ZM",
				"ID": 282401,
				"NAME": "満琉",
				"ENG_NAME": "満琉",
				"STRING": "「手分けした方がいいか？　俺とモー子はどうしようもないにしても……」",
				"ENG_STRING": "「手分けした方がいいか？　俺とモー子はどうしようもないにしても……」"
			},
			{
				"TYPE": "ZM",
				"ID": 282402,
				"NAME": "小太郎",
				"ENG_NAME": "小太郎",
				"STRING": "「おれ、壬生先輩達に応援頼みに行ってこようか？」",
				"ENG_STRING": "「おれ、壬生先輩達に応援頼みに行ってこようか？」"
			},
			{
				"TYPE": "ZM",
				"ID": 282403,
				"NAME": "憂緒",
				"ENG_NAME": "憂緒",
				"STRING": "「その方がいいかもしれませんね」",
				"ENG_STRING": "「その方がいいかもしれませんね」"
			},
			{
				"TYPE": "ZM",
				"ID": 282404,
				"NAME": "満琉",
				"ENG_NAME": "満琉",
				"STRING": "「風紀委員に頼んで人海戦術で行くのが一番かもしれねーな」",
				"ENG_STRING": "「風紀委員に頼んで人海戦術で行くのが一番かもしれねーな」"
			},
			{
				"TYPE": "ZM",
				"ID": 282405,
				"NAME": "？？？",
				"ENG_NAME": "？？？",
				"STRING": "「あったよ〜」",
				"ENG_STRING": "「あったよ〜」"
			},
			{
				"TYPE": "ZM",
				"ID": 282406,
				"NAME": "小太郎",
				"ENG_NAME": "小太郎",
				"STRING": "「ん？　なにが？」",
				"ENG_STRING": "「ん？　なにが？」"
			},
			{
				"TYPE": "ZM",
				"ID": 282407,
				"NAME": "？？？",
				"ENG_NAME": "？？？",
				"STRING": "「鍵だよ〜」",
				"ENG_STRING": "「鍵だよ〜」"
			},
			{
				"TYPE": "ZM",
				"ID": 282408,
				"NAME": "満琉",
				"ENG_NAME": "満琉",
				"STRING": "「いや捜してんのは鍵じゃなくて春日…………って、おい！」",
				"ENG_STRING": "「いや捜してんのは鍵じゃなくて春日…………って、おい！」"
			},
			{
				"TYPE": "ZM",
				"ID": 282409,
				"NAME": "小太郎",
				"ENG_NAME": "小太郎",
				"STRING": "「うわっ、い、いる！　いたー！」",
				"ENG_STRING": "「うわっ、い、いる！　いたー！」"
			},
			{
				"TYPE": "ZM",
				"ID": 282410,
				"STRING": "話している俺達の真横を、ふわふわと妖精が鍵を抱えて通り過ぎていった。",
				"ENG_STRING": "話している俺達の真横を、ふわふわと妖精が鍵を抱えて通り過ぎていった。"
			},
			{
				"TYPE": "ZM",
				"ID": 282411,
				"NAME": "憂緒",
				"ENG_NAME": "憂緒",
				"STRING": "「ま、待ちなさい！」@n",
				"ENG_STRING": "「ま、待ちなさい！」@n"
			},
			{
				"TYPE": "ZM",
				"ID": 282412,
				"NAME": "満琉",
				"ENG_NAME": "満琉",
				"STRING": "「見つけたぞ、このやろうっ！」",
				"ENG_STRING": "「見つけたぞ、このやろうっ！」"
			},
			{
				"TYPE": "ZM",
				"ID": 282413,
				"NAME": "妖精",
				"ENG_NAME": "妖精",
				"STRING": "「うん、見つけたよ〜鍵だよ〜」",
				"ENG_STRING": "「うん、見つけたよ〜鍵だよ〜」"
			},
			{
				"TYPE": "ZM",
				"ID": 282414,
				"NAME": "満琉",
				"ENG_NAME": "満琉",
				"STRING": "「鍵じゃねえっ！　お前だっ！！」",
				"ENG_STRING": "「鍵じゃねえっ！　お前だっ！！」"
			},
			{
				"TYPE": "ZM",
				"ID": 282415,
				"NAME": "憂緒",
				"ENG_NAME": "憂緒",
				"STRING": "「きゃあっ！？」@n",
				"ENG_STRING": "「きゃあっ！？」@n"
			},
			{
				"TYPE": "ZM",
				"ID": 282416,
				"NAME": "満琉",
				"ENG_NAME": "満琉",
				"STRING": "「うわ！？　モー子急げよ！」",
				"ENG_STRING": "「うわ！？　モー子急げよ！」"
			},
			{
				"TYPE": "ZM",
				"ID": 282417,
				"NAME": "憂緒",
				"ENG_NAME": "憂緒",
				"STRING": "「わ、わかってますっ……！」",
				"ENG_STRING": "「わ、わかってますっ……！」"
			},
			{
				"TYPE": "ZM",
				"ID": 282418,
				"NAME": "妖精",
				"ENG_NAME": "妖精",
				"STRING": "「見つけたよ〜」",
				"ENG_STRING": "「見つけたよ〜」"
			},
			{
				"TYPE": "ZM",
				"ID": 282419,
				"NAME": "小太郎",
				"ENG_NAME": "小太郎",
				"STRING": "「あああ、行っちゃうよー！」",
				"ENG_STRING": "「あああ、行っちゃうよー！」"
			},
			{
				"TYPE": "ZM",
				"ID": 282420,
				"NAME": "満琉",
				"ENG_NAME": "満琉",
				"STRING": "「くそっ、つかまってろモー子！！」",
				"ENG_STRING": "「くそっ、つかまってろモー子！！」"
			},
			{
				"TYPE": "ZM",
				"ID": 282421,
				"NAME": "憂緒",
				"ENG_NAME": "憂緒",
				"STRING": "「え……」",
				"ENG_STRING": "「え……」"
			},
			{
				"TYPE": "ZM",
				"ID": 282422,
				"STRING": "手錠で引っ張られて転びそうになっていたモー子を両手で抱え上げる。",
				"ENG_STRING": "手錠で引っ張られて転びそうになっていたモー子を両手で抱え上げる。"
			},
			{
				"TYPE": "ZM",
				"ID": 282423,
				"NAME": "憂緒",
				"ENG_NAME": "憂緒",
				"STRING": "「っ……！！　こ、ここ久我くん……っ！！」",
				"ENG_STRING": "「っ……！！　こ、ここ久我くん……っ！！」"
			},
			{
				"TYPE": "ZM",
				"ID": 282424,
				"NAME": "憂緒",
				"ENG_NAME": "憂緒",
				"STRING": "「こんな事、走った方が早っ……！」",
				"ENG_STRING": "「こんな事、走った方が早っ……！」"
			},
			{
				"TYPE": "ZM",
				"ID": 282425,
				"NAME": "満琉",
				"ENG_NAME": "満琉",
				"STRING": "「こっちのが絶対に早い！」",
				"ENG_STRING": "「こっちのが絶対に早い！」"
			},
			{
				"TYPE": "ZM",
				"ID": 282426,
				"NAME": "憂緒",
				"ENG_NAME": "憂緒",
				"STRING": "「そ、そんなわけ……きゃっ…！」",
				"ENG_STRING": "「そ、そんなわけ……きゃっ…！」"
			},
			{
				"TYPE": "ZM",
				"ID": 282427,
				"NAME": "満琉",
				"ENG_NAME": "満琉",
				"STRING": "「見失うよりマシだろ！！　ちゃんと掴まれ、落とすぞ！！」",
				"ENG_STRING": "「見失うよりマシだろ！！　ちゃんと掴まれ、落とすぞ！！」"
			},
			{
				"TYPE": "ZM",
				"ID": 282428,
				"NAME": "憂緒",
				"ENG_NAME": "憂緒",
				"STRING": "「……こっ、今回、だけ我慢、し、ますっ……！！」",
				"ENG_STRING": "「……こっ、今回、だけ我慢、し、ますっ……！！」"
			},
			{
				"TYPE": "ZM",
				"ID": 282429,
				"STRING": "なんか自分に言い聞かせてるような口調だが気にしてる余裕はない。",
				"ENG_STRING": "なんか自分に言い聞かせてるような口調だが気にしてる余裕はない。"
			},
			{
				"TYPE": "ZM",
				"ID": 282430,
				"NAME": "小太郎",
				"ENG_NAME": "小太郎",
				"STRING": "「はっ、早いー！　みっちー、待って……っ！！」",
				"ENG_STRING": "「はっ、早いー！　みっちー、待って……っ！！」"
			},
			{
				"TYPE": "ZM",
				"ID": 282431,
				"STRING": "……おまるの声がだいぶ後ろから聞こえるし。",
				"ENG_STRING": "……おまるの声がだいぶ後ろから聞こえるし。"
			},
			{
				"TYPE": "ZM",
				"ID": 282432,
				"STRING": "しかし待ってると妖精を見失いかねない。",
				"ENG_STRING": "しかし待ってると妖精を見失いかねない。"
			},
			{
				"TYPE": "ZM",
				"ID": 282433,
				"STRING": "俺はモー子を抱えたまま、ひたすらに廊下を走った。",
				"ENG_STRING": "俺はモー子を抱えたまま、ひたすらに廊下を走った。"
			}
		],
		"CHAPTER_SUBNAME": "S02_13_01　妖精発見"
	},
	"S02_14_01　真由美と鍵の山": {
		"MESSAGES": [
			{
				"TYPE": "ZM",
				"ID": 282434,
				"NAME": "満琉",
				"ENG_NAME": "満琉",
				"STRING": "「くっそ、どこまで行く気だ……！」",
				"ENG_STRING": "「くっそ、どこまで行く気だ……！」"
			},
			{
				"TYPE": "ZM",
				"ID": 282435,
				"STRING": "妖精は背後から追ってくる俺をまったく気にとめていないようで、ひらひらとマイペースに飛んでいく。",
				"ENG_STRING": "妖精は背後から追ってくる俺をまったく気にとめていないようで、ひらひらとマイペースに飛んでいく。"
			},
			{
				"TYPE": "ZM",
				"ID": 282436,
				"NAME": "憂緒",
				"ENG_NAME": "憂緒",
				"STRING": "「ま、まだ、ですかっ！！」",
				"ENG_STRING": "「ま、まだ、ですかっ！！」"
			},
			{
				"TYPE": "ZM",
				"ID": 282437,
				"NAME": "満琉",
				"ENG_NAME": "満琉",
				"STRING": "「アイツが止まらねーんだからしょーがないだろ！」",
				"ENG_STRING": "「アイツが止まらねーんだからしょーがないだろ！」"
			},
			{
				"TYPE": "ZM",
				"ID": 282438,
				"NAME": "妖精",
				"ENG_NAME": "妖精",
				"STRING": "「鍵だよ〜いっぱい見つけてきたよ〜ほらほら〜」",
				"ENG_STRING": "「鍵だよ〜いっぱい見つけてきたよ〜ほらほら〜」"
			},
			{
				"TYPE": "ZM",
				"ID": 282439,
				"NAME": "？？？",
				"ENG_NAME": "？？？",
				"STRING": "「えええ！？　ちょ、ちょっと待ってー！　こんなにいっぱい持ちきれ……」",
				"ENG_STRING": "「えええ！？　ちょ、ちょっと待ってー！　こんなにいっぱい持ちきれ……」"
			},
			{
				"TYPE": "ZM",
				"ID": 282440,
				"NAME": "満琉",
				"ENG_NAME": "満琉",
				"STRING": "「なんだ！？」",
				"ENG_STRING": "「なんだ！？」"
			},
			{
				"TYPE": "ZM",
				"ID": 282441,
				"NAME": "憂緒",
				"ENG_NAME": "憂緒",
				"STRING": "「礼拝堂の方です……！」",
				"ENG_STRING": "「礼拝堂の方です……！」"
			},
			{
				"TYPE": "ZM",
				"ID": 282442,
				"STRING": "音のした方へ急いで駆けつけると……",
				"ENG_STRING": "音のした方へ急いで駆けつけると……"
			},
			{
				"TYPE": "ZM",
				"ID": 282443,
				"NAME": "妖精",
				"ENG_NAME": "妖精",
				"STRING": "「鍵だよ〜真由美ちゃん！」",
				"ENG_STRING": "「鍵だよ〜真由美ちゃん！」"
			},
			{
				"TYPE": "ZM",
				"ID": 282444,
				"NAME": "真由美",
				"ENG_NAME": "真由美",
				"STRING": "「……う、うん……鍵、だね……」",
				"ENG_STRING": "「……う、うん……鍵、だね……」"
			},
			{
				"TYPE": "ZM",
				"ID": 282445,
				"STRING": "ぶちまけた大量の鍵の真ん中で、夜の学園制服を着た女生徒が呆然と立ち尽くしていた……。",
				"ENG_STRING": "ぶちまけた大量の鍵の真ん中で、夜の学園制服を着た女生徒が呆然と立ち尽くしていた……。"
			},
			{
				"TYPE": "ZM",
				"ID": 282446,
				"NAME": "満琉",
				"ENG_NAME": "満琉",
				"STRING": "「おい、あんた春日真由美ちゃんか？」",
				"ENG_STRING": "「おい、あんた春日真由美ちゃんか？」"
			},
			{
				"TYPE": "ZM",
				"ID": 282447,
				"NAME": "真由美",
				"ENG_NAME": "真由美",
				"STRING": "「へっ？　え、ええ、そ……」",
				"ENG_STRING": "「へっ？　え、ええ、そ……」"
			},
			{
				"TYPE": "ZM",
				"ID": 282448,
				"STRING": "俺達に気づいて首を縦に振ろうとしたが、何故か更に目を丸くする。",
				"ENG_STRING": "俺達に気づいて首を縦に振ろうとしたが、何故か更に目を丸くする。"
			},
			{
				"TYPE": "ZM",
				"ID": 282449,
				"NAME": "満琉",
				"ENG_NAME": "満琉",
				"STRING": "「え？」",
				"ENG_STRING": "「え？」"
			},
			{
				"TYPE": "ZM",
				"ID": 282450,
				"NAME": "憂緒",
				"ENG_NAME": "憂緒",
				"STRING": "「降ろして下さい。驚かれて当たり前です」",
				"ENG_STRING": "「降ろして下さい。驚かれて当たり前です」"
			},
			{
				"TYPE": "ZM",
				"ID": 282451,
				"NAME": "満琉",
				"ENG_NAME": "満琉",
				"STRING": "「あ」",
				"ENG_STRING": "「あ」"
			},
			{
				"TYPE": "ZM",
				"ID": 282452,
				"STRING": "モー子抱えたままだった……。",
				"ENG_STRING": "モー子抱えたままだった……。"
			},
			{
				"TYPE": "ZM",
				"ID": 282453,
				"STRING": "慌てて床に降ろす。",
				"ENG_STRING": "慌てて床に降ろす。"
			},
			{
				"TYPE": "ZM",
				"ID": 282454,
				"STRING": "ただ手錠はつながったままなので、春日真由美はまだ奇異な物を見る目で見ているが。",
				"ENG_STRING": "ただ手錠はつながったままなので、春日真由美はまだ奇異な物を見る目で見ているが。"
			},
			{
				"TYPE": "ZM",
				"ID": 282455,
				"NAME": "憂緒",
				"ENG_NAME": "憂緒",
				"STRING": "「私達の状況はお気になさらず。春日真由美さん」",
				"ENG_STRING": "「私達の状況はお気になさらず。春日真由美さん」"
			},
			{
				"TYPE": "ZM",
				"ID": 282456,
				"NAME": "真由美",
				"ENG_NAME": "真由美",
				"STRING": "「あ、あの、鹿ケ谷先輩…その…」",
				"ENG_STRING": "「あ、あの、鹿ケ谷先輩…その…」"
			},
			{
				"TYPE": "ZM",
				"ID": 282457,
				"NAME": "妖精",
				"ENG_NAME": "妖精",
				"STRING": "「真由美ちゃ〜ん、ねえねえ、これ？　捜してるの、この鍵？」",
				"ENG_STRING": "「真由美ちゃ〜ん、ねえねえ、これ？　捜してるの、この鍵？」"
			},
			{
				"TYPE": "ZM",
				"ID": 282458,
				"NAME": "真由美",
				"ENG_NAME": "真由美",
				"STRING": "「ち、違うと思うけど、あの…」",
				"ENG_STRING": "「ち、違うと思うけど、あの…」"
			},
			{
				"TYPE": "ZM",
				"ID": 282459,
				"NAME": "妖精",
				"ENG_NAME": "妖精",
				"STRING": "「そっかー、じゃあまた捜してくるねー」",
				"ENG_STRING": "「そっかー、じゃあまた捜してくるねー」"
			},
			{
				"TYPE": "ZM",
				"ID": 282460,
				"NAME": "憂緒",
				"ENG_NAME": "憂緒",
				"STRING": "「あっ！　待っ……！」@n",
				"ENG_STRING": "「あっ！　待っ……！」@n"
			},
			{
				"TYPE": "ZM",
				"ID": 282461,
				"STRING": "モー子が止めるより早く、違うと聞いた妖精はまた飛んで行ってしまった。",
				"ENG_STRING": "モー子が止めるより早く、違うと聞いた妖精はまた飛んで行ってしまった。"
			},
			{
				"TYPE": "ZM",
				"ID": 282462,
				"NAME": "真由美",
				"ENG_NAME": "真由美",
				"STRING": "「あああ、待ってー！　か、鍵、こんなに、あの……」",
				"ENG_STRING": "「あああ、待ってー！　か、鍵、こんなに、あの……」"
			},
			{
				"TYPE": "ZM",
				"ID": 282463,
				"NAME": "小太郎",
				"ENG_NAME": "小太郎",
				"STRING": "「うわあっ！？」@n",
				"ENG_STRING": "「うわあっ！？」@n"
			},
			{
				"TYPE": "ZM",
				"ID": 282464,
				"STRING": "ようやく追いついてきたおまるが、目の前に飛んできた妖精に驚いて尻餅をつく。",
				"ENG_STRING": "ようやく追いついてきたおまるが、目の前に飛んできた妖精に驚いて尻餅をつく。"
			},
			{
				"TYPE": "ZM",
				"ID": 282465,
				"NAME": "小太郎",
				"ENG_NAME": "小太郎",
				"STRING": "「よ、妖精……え、なにこれ？　鍵の山……？」",
				"ENG_STRING": "「よ、妖精……え、なにこれ？　鍵の山……？」"
			},
			{
				"TYPE": "ZM",
				"ID": 282466,
				"NAME": "憂緒",
				"ENG_NAME": "憂緒",
				"STRING": "「妖精はもう後でいいでしょう。それより彼女が先です」",
				"ENG_STRING": "「妖精はもう後でいいでしょう。それより彼女が先です」"
			},
			{
				"TYPE": "ZM",
				"ID": 282467,
				"NAME": "真由美",
				"ENG_NAME": "真由美",
				"STRING": "「え……、わ、わたし……？」",
				"ENG_STRING": "「え……、わ、わたし……？」"
			},
			{
				"TYPE": "ZM",
				"ID": 282468,
				"NAME": "満琉",
				"ENG_NAME": "満琉",
				"STRING": "「あの妖精に鍵集めさせてるのお前さんだろ？」",
				"ENG_STRING": "「あの妖精に鍵集めさせてるのお前さんだろ？」"
			},
			{
				"TYPE": "ZM",
				"ID": 282469,
				"NAME": "憂緒",
				"ENG_NAME": "憂緒",
				"STRING": "「どうしてこんなことに？」",
				"ENG_STRING": "「どうしてこんなことに？」"
			},
			{
				"TYPE": "ZM",
				"ID": 282470,
				"NAME": "真由美",
				"ENG_NAME": "真由美",
				"STRING": "「あ、あのっ、わ、わたしもわからないんです…！　鍵が見当たらなくって困ってたら、あの妖精さんが出てきて」",
				"ENG_STRING": "「あ、あのっ、わ、わたしもわからないんです…！　鍵が見当たらなくって困ってたら、あの妖精さんが出てきて」"
			},
			{
				"TYPE": "ZM",
				"ID": 282471,
				"NAME": "真由美",
				"ENG_NAME": "真由美",
				"STRING": "「……でもわたし、探してる鍵がどんなものか知らなくて、それで……」",
				"ENG_STRING": "「……でもわたし、探してる鍵がどんなものか知らなくて、それで……」"
			},
			{
				"TYPE": "ZM",
				"ID": 282472,
				"NAME": "憂緒",
				"ENG_NAME": "憂緒",
				"STRING": "「……その前に何か古い物を拾ったりしませんでしたか？」",
				"ENG_STRING": "「……その前に何か古い物を拾ったりしませんでしたか？」"
			},
			{
				"TYPE": "ZM",
				"ID": 282473,
				"NAME": "真由美",
				"ENG_NAME": "真由美",
				"STRING": "「古い物？」",
				"ENG_STRING": "「古い物？」"
			},
			{
				"TYPE": "ZM",
				"ID": 282474,
				"NAME": "憂緒",
				"ENG_NAME": "憂緒",
				"STRING": "「身に覚えがないものが突然周りに置いてあったということは？」",
				"ENG_STRING": "「身に覚えがないものが突然周りに置いてあったということは？」"
			},
			{
				"TYPE": "ZM",
				"ID": 282475,
				"NAME": "真由美",
				"ENG_NAME": "真由美",
				"STRING": "「……あっ！　あの、懐中時計？」@n",
				"ENG_STRING": "「……あっ！　あの、懐中時計？」@n"
			},
			{
				"TYPE": "ZM",
				"ID": 282476,
				"NAME": "満琉",
				"ENG_NAME": "満琉",
				"STRING": "「やっぱり懐中時計か！」",
				"ENG_STRING": "「やっぱり懐中時計か！」"
			},
			{
				"TYPE": "ZM",
				"ID": 282477,
				"NAME": "憂緒",
				"ENG_NAME": "憂緒",
				"STRING": "「どうやら遺品はリトさんの言ったハイタースプライトで正解のようですね」",
				"ENG_STRING": "「どうやら遺品はリトさんの言ったハイタースプライトで正解のようですね」"
			},
			{
				"TYPE": "ZM",
				"ID": 282478,
				"NAME": "真由美",
				"ENG_NAME": "真由美",
				"STRING": "「みすと？　はいたー？」",
				"ENG_STRING": "「みすと？　はいたー？」"
			},
			{
				"TYPE": "ZM",
				"ID": 282479,
				"NAME": "満琉",
				"ENG_NAME": "満琉",
				"STRING": "「で、その時計持ってる？」",
				"ENG_STRING": "「で、その時計持ってる？」"
			},
			{
				"TYPE": "ZM",
				"ID": 282480,
				"NAME": "真由美",
				"ENG_NAME": "真由美",
				"STRING": "「いえ、それが………」",
				"ENG_STRING": "「いえ、それが………」"
			},
			{
				"TYPE": "ZM",
				"ID": 282481,
				"NAME": "満琉",
				"ENG_NAME": "満琉",
				"STRING": "「ん？　どうした？」",
				"ENG_STRING": "「ん？　どうした？」"
			},
			{
				"TYPE": "ZM",
				"ID": 282482,
				"NAME": "真由美",
				"ENG_NAME": "真由美",
				"STRING": "「…………………」",
				"ENG_STRING": "「…………………」"
			},
			{
				"TYPE": "ZM",
				"ID": 282483,
				"NAME": "憂緒",
				"ENG_NAME": "憂緒",
				"STRING": "「春日さ……あっ！」",
				"ENG_STRING": "「春日さ……あっ！」"
			},
			{
				"TYPE": "ZM",
				"ID": 282484,
				"STRING": "唐突に、春日真由美は糸が切れたようにぱったりとその場に倒れた。",
				"ENG_STRING": "唐突に、春日真由美は糸が切れたようにぱったりとその場に倒れた。"
			},
			{
				"TYPE": "ZM",
				"ID": 282485,
				"NAME": "憂緒",
				"ENG_NAME": "憂緒",
				"STRING": "「春日さん！」",
				"ENG_STRING": "「春日さん！」"
			},
			{
				"TYPE": "ZM",
				"ID": 282486,
				"STRING": "駆け寄ったモー子が声を掛け、肩の辺りを叩いてみるが反応がない。",
				"ENG_STRING": "駆け寄ったモー子が声を掛け、肩の辺りを叩いてみるが反応がない。"
			},
			{
				"TYPE": "ZM",
				"ID": 282487,
				"STRING": "眠っているだけ、のようにも見えるが……",
				"ENG_STRING": "眠っているだけ、のようにも見えるが……"
			},
			{
				"TYPE": "ZM",
				"ID": 282488,
				"NAME": "小太郎",
				"ENG_NAME": "小太郎",
				"STRING": "「ど、どうしたの！？」",
				"ENG_STRING": "「ど、どうしたの！？」"
			},
			{
				"TYPE": "ZM",
				"ID": 282489,
				"NAME": "満琉",
				"ENG_NAME": "満琉",
				"STRING": "「まさか、これ……」",
				"ENG_STRING": "「まさか、これ……」"
			},
			{
				"TYPE": "ZM",
				"ID": 282490,
				"NAME": "憂緒",
				"ENG_NAME": "憂緒",
				"STRING": "「……代償でしょう」",
				"ENG_STRING": "「……代償でしょう」"
			},
			{
				"TYPE": "ZM",
				"ID": 282491,
				"NAME": "小太郎",
				"ENG_NAME": "小太郎",
				"STRING": "「えぇっ！？　い、生きてる、よね？」@n",
				"ENG_STRING": "「えぇっ！？　い、生きてる、よね？」@n"
			},
			{
				"TYPE": "ZM",
				"ID": 282492,
				"NAME": "憂緒",
				"ENG_NAME": "憂緒",
				"STRING": "「呼吸はしています。ですが急いで遺品本体を見つけて動きを止めなければ」@n",
				"ENG_STRING": "「呼吸はしています。ですが急いで遺品本体を見つけて動きを止めなければ」@n"
			},
			{
				"TYPE": "ZM",
				"ID": 282493,
				"NAME": "憂緒",
				"ENG_NAME": "憂緒",
				"STRING": "「ひとまず彼女をリトさんのところへ運んで容態を見てもらいましょう」",
				"ENG_STRING": "「ひとまず彼女をリトさんのところへ運んで容態を見てもらいましょう」"
			},
			{
				"TYPE": "ZM",
				"ID": 282494,
				"NAME": "満琉",
				"ENG_NAME": "満琉",
				"STRING": "「ああ、じゃあ俺が担いで……って難しいな、おい」",
				"ENG_STRING": "「ああ、じゃあ俺が担いで……って難しいな、おい」"
			},
			{
				"TYPE": "ZM",
				"ID": 282495,
				"NAME": "小太郎",
				"ENG_NAME": "小太郎",
				"STRING": "「手錠の鍵ないかな？　これ全部、妖精が持ってった鍵だよね？」",
				"ENG_STRING": "「手錠の鍵ないかな？　これ全部、妖精が持ってった鍵だよね？」"
			},
			{
				"TYPE": "ZM",
				"ID": 282496,
				"NAME": "満琉",
				"ENG_NAME": "満琉",
				"STRING": "「それだ！　捜せ！」",
				"ENG_STRING": "「それだ！　捜せ！」"
			},
			{
				"TYPE": "ZM",
				"ID": 282497,
				"NAME": "憂緒",
				"ENG_NAME": "憂緒",
				"STRING": "「……これでは？」",
				"ENG_STRING": "「……これでは？」"
			},
			{
				"TYPE": "ZM",
				"ID": 282498,
				"NAME": "小太郎",
				"ENG_NAME": "小太郎",
				"STRING": "「あ、多分それだ！」",
				"ENG_STRING": "「あ、多分それだ！」"
			},
			{
				"TYPE": "ZM",
				"ID": 282499,
				"STRING": "部屋の鍵などより小さいサイズなので、すぐ目について見つかった。",
				"ENG_STRING": "部屋の鍵などより小さいサイズなので、すぐ目について見つかった。"
			},
			{
				"TYPE": "ZM",
				"ID": 282500,
				"NAME": "満琉",
				"ENG_NAME": "満琉",
				"STRING": "「はー、助かった……」",
				"ENG_STRING": "「はー、助かった……」"
			},
			{
				"TYPE": "ZM",
				"ID": 282501,
				"NAME": "憂緒",
				"ENG_NAME": "憂緒",
				"STRING": "「それはこちらの台詞です」",
				"ENG_STRING": "「それはこちらの台詞です」"
			},
			{
				"TYPE": "ZM",
				"ID": 282502,
				"STRING": "解放された手首をさすりながら、モー子が横目でにらむ。",
				"ENG_STRING": "解放された手首をさすりながら、モー子が横目でにらむ。"
			},
			{
				"TYPE": "ZM",
				"ID": 282503,
				"NAME": "満琉",
				"ENG_NAME": "満琉",
				"STRING": "「わかったわかった悪かった。文句は後にしてくれ」",
				"ENG_STRING": "「わかったわかった悪かった。文句は後にしてくれ」"
			},
			{
				"TYPE": "ZM",
				"ID": 282504,
				"NAME": "満琉",
				"ENG_NAME": "満琉",
				"STRING": "「俺はこの子運ぶから、お前らその鍵拾ってくれよ」",
				"ENG_STRING": "「俺はこの子運ぶから、お前らその鍵拾ってくれよ」"
			},
			{
				"TYPE": "ZM",
				"ID": 282505,
				"NAME": "小太郎",
				"ENG_NAME": "小太郎",
				"STRING": "「うん、わかった」",
				"ENG_STRING": "「うん、わかった」"
			},
			{
				"TYPE": "ZM",
				"ID": 282506,
				"NAME": "憂緒",
				"ENG_NAME": "憂緒",
				"STRING": "「お願いします」",
				"ENG_STRING": "「お願いします」"
			},
			{
				"TYPE": "ZM",
				"ID": 282507,
				"STRING": "大量の鍵を回収し、春日真由美を担いで図書館へと戻る……。",
				"ENG_STRING": "大量の鍵を回収し、春日真由美を担いで図書館へと戻る……。"
			}
		],
		"CHAPTER_SUBNAME": "S02_14_01　真由美と鍵の山"
	},
	"S02_15_01　図書館にて": {
		"MESSAGES": [
			{
				"TYPE": "ZM",
				"ID": 282508,
				"NAME": "憂緒",
				"ENG_NAME": "憂緒",
				"STRING": "「……どうです？」",
				"ENG_STRING": "「……どうです？」"
			},
			{
				"TYPE": "ZM",
				"ID": 282509,
				"NAME": "リト",
				"ENG_NAME": "リト",
				"STRING": "「間違いないわ、ハイタースプライトの代償のようね。魔力も尽きているみたいだし」",
				"ENG_STRING": "「間違いないわ、ハイタースプライトの代償のようね。魔力も尽きているみたいだし」"
			},
			{
				"TYPE": "ZM",
				"ID": 282510,
				"NAME": "憂緒",
				"ENG_NAME": "憂緒",
				"STRING": "「……ということは、このまま遺品を使い続ければ……」",
				"ENG_STRING": "「……ということは、このまま遺品を使い続ければ……」"
			},
			{
				"TYPE": "ZM",
				"ID": 282511,
				"NAME": "リト",
				"ENG_NAME": "リト",
				"STRING": "「ずっと目を覚まさないわよ」",
				"ENG_STRING": "「ずっと目を覚まさないわよ」"
			},
			{
				"TYPE": "ZM",
				"ID": 282512,
				"NAME": "小太郎",
				"ENG_NAME": "小太郎",
				"STRING": "「ええっ！？　ね、眠ったまま……ってことですか？」@n",
				"ENG_STRING": "「ええっ！？　ね、眠ったまま……ってことですか？」@n"
			},
			{
				"TYPE": "ZM",
				"ID": 282513,
				"NAME": "憂緒",
				"ENG_NAME": "憂緒",
				"STRING": "「命に関わるのですか」",
				"ENG_STRING": "「命に関わるのですか」"
			},
			{
				"TYPE": "ZM",
				"ID": 282514,
				"NAME": "リト",
				"ENG_NAME": "リト",
				"STRING": "「あまりに長い間このままだと、そういうこともあるわね」",
				"ENG_STRING": "「あまりに長い間このままだと、そういうこともあるわね」"
			},
			{
				"TYPE": "ZM",
				"ID": 282515,
				"NAME": "小太郎",
				"ENG_NAME": "小太郎",
				"STRING": "「あるんだ……」",
				"ENG_STRING": "「あるんだ……」"
			},
			{
				"TYPE": "ZM",
				"ID": 282516,
				"NAME": "リト",
				"ENG_NAME": "リト",
				"STRING": "「今はまだ眠りから覚めないだけだから、即座に命を落とすことはないけれど」",
				"ENG_STRING": "「今はまだ眠りから覚めないだけだから、即座に命を落とすことはないけれど」"
			},
			{
				"TYPE": "ZM",
				"ID": 282517,
				"NAME": "満琉",
				"ENG_NAME": "満琉",
				"STRING": "「とっとと遺品を捜さないといずれはヤバいってことかよ。急がねえと！」",
				"ENG_STRING": "「とっとと遺品を捜さないといずれはヤバいってことかよ。急がねえと！」"
			},
			{
				"TYPE": "ZM",
				"ID": 282518,
				"NAME": "憂緒",
				"ENG_NAME": "憂緒",
				"STRING": "「っ、久我くん！　だからいきなり勝手に動かないでください！」@n",
				"ENG_STRING": "「っ、久我くん！　だからいきなり勝手に動かないでください！」@n"
			},
			{
				"TYPE": "ZM",
				"ID": 282519,
				"NAME": "満琉",
				"ENG_NAME": "満琉",
				"STRING": "「っと、悪い……って、別にいいだろ、もう手錠はついてねーんだし」",
				"ENG_STRING": "「っと、悪い……って、別にいいだろ、もう手錠はついてねーんだし」"
			},
			{
				"TYPE": "ZM",
				"ID": 282520,
				"NAME": "憂緒",
				"ENG_NAME": "憂緒",
				"STRING": "「…………」",
				"ENG_STRING": "「…………」"
			},
			{
				"TYPE": "ZM",
				"ID": 282521,
				"STRING": "一瞬、モー子はあっという顔をする。",
				"ENG_STRING": "一瞬、モー子はあっという顔をする。"
			},
			{
				"TYPE": "ZM",
				"ID": 282522,
				"STRING": "どうやらまだ手錠で繋がっていたときの感覚が残っていたらしい。",
				"ENG_STRING": "どうやらまだ手錠で繋がっていたときの感覚が残っていたらしい。"
			},
			{
				"TYPE": "ZM",
				"ID": 282523,
				"NAME": "憂緒",
				"ENG_NAME": "憂緒",
				"STRING": "「……それはともかく、きみはどこに行くつもりだったのですか？」@n",
				"ENG_STRING": "「……それはともかく、きみはどこに行くつもりだったのですか？」@n"
			},
			{
				"TYPE": "ZM",
				"ID": 282524,
				"NAME": "満琉",
				"ENG_NAME": "満琉",
				"STRING": "「だから遺品を捜しに行くんだろ？」",
				"ENG_STRING": "「だから遺品を捜しに行くんだろ？」"
			},
			{
				"TYPE": "ZM",
				"ID": 282525,
				"NAME": "憂緒",
				"ENG_NAME": "憂緒",
				"STRING": "「闇雲に探し回る前にすべきことがあると思いますが」",
				"ENG_STRING": "「闇雲に探し回る前にすべきことがあると思いますが」"
			},
			{
				"TYPE": "ZM",
				"ID": 282526,
				"NAME": "満琉",
				"ENG_NAME": "満琉",
				"STRING": "「命に関わるかもしれないって話なのに、悠長に何をするって？」",
				"ENG_STRING": "「命に関わるかもしれないって話なのに、悠長に何をするって？」"
			},
			{
				"TYPE": "ZM",
				"ID": 282527,
				"NAME": "憂緒",
				"ENG_NAME": "憂緒",
				"STRING": "「ではきみは何の方針も持たないまま、ただ学園中を走り回ればいいと？　無策にも程があります」",
				"ENG_STRING": "「ではきみは何の方針も持たないまま、ただ学園中を走り回ればいいと？　無策にも程があります」"
			},
			{
				"TYPE": "ZM",
				"ID": 282528,
				"NAME": "小太郎",
				"ENG_NAME": "小太郎",
				"STRING": "「ちょっと二人とも……」",
				"ENG_STRING": "「ちょっと二人とも……」"
			},
			{
				"TYPE": "ZM",
				"ID": 282529,
				"NAME": "満琉",
				"ENG_NAME": "満琉",
				"STRING": "「何か策があるんなら今すぐ話せよ！　それこそ時間の無駄だ」",
				"ENG_STRING": "「何か策があるんなら今すぐ話せよ！　それこそ時間の無駄だ」"
			},
			{
				"TYPE": "ZM",
				"ID": 282530,
				"NAME": "憂緒",
				"ENG_NAME": "憂緒",
				"STRING": "「その前に一旦頭を冷やすべきですね。水でも浴びてくればどうですか？」",
				"ENG_STRING": "「その前に一旦頭を冷やすべきですね。水でも浴びてくればどうですか？」"
			},
			{
				"TYPE": "ZM",
				"ID": 282531,
				"NAME": "満琉",
				"ENG_NAME": "満琉",
				"STRING": "「っ……ホントにああいえばこういう…！　結局教える気はねーのかよ！」",
				"ENG_STRING": "「っ……ホントにああいえばこういう…！　結局教える気はねーのかよ！」"
			},
			{
				"TYPE": "ZM",
				"ID": 282532,
				"NAME": "憂緒",
				"ENG_NAME": "憂緒",
				"STRING": "「私からすれば、きみの軽率な行動が――」",
				"ENG_STRING": "「私からすれば、きみの軽率な行動が――」"
			},
			{
				"TYPE": "ZM",
				"ID": 282533,
				"NAME": "小太郎",
				"ENG_NAME": "小太郎",
				"STRING": "@w4@h4「ああぁーもうー！　いい加減にしなさぁぁーい！」@w0@h0",
				"ENG_STRING": "@w4@h4「ああぁーもうー！　いい加減にしなさぁぁーい！」@w0@h0"
			},
			{
				"TYPE": "ZM",
				"ID": 282534,
				"STRING": "おまるが叫んで、俺もモー子も目を丸くして黙り込んだ。",
				"ENG_STRING": "おまるが叫んで、俺もモー子も目を丸くして黙り込んだ。"
			},
			{
				"TYPE": "ZM",
				"ID": 282535,
				"NAME": "小太郎",
				"ENG_NAME": "小太郎",
				"STRING": "「ケンカしてる場合じゃないでしょー！　違う？　違わないよね！？」@n",
				"ENG_STRING": "「ケンカしてる場合じゃないでしょー！　違う？　違わないよね！？」@n"
			},
			{
				"TYPE": "ZM",
				"ID": 282536,
				"NAME": "満琉",
				"ENG_NAME": "満琉",
				"STRING": "「……違わない。場合じゃない」",
				"ENG_STRING": "「……違わない。場合じゃない」"
			},
			{
				"TYPE": "ZM",
				"ID": 282537,
				"NAME": "憂緒",
				"ENG_NAME": "憂緒",
				"STRING": "「……そう…ですね」",
				"ENG_STRING": "「……そう…ですね」"
			},
			{
				"TYPE": "ZM",
				"ID": 282538,
				"NAME": "小太郎",
				"ENG_NAME": "小太郎",
				"STRING": "「じゃあちゃんとしましょうよ。みんなで協力しましょうよ！　わかった？」",
				"ENG_STRING": "「じゃあちゃんとしましょうよ。みんなで協力しましょうよ！　わかった？」"
			},
			{
				"TYPE": "ZM",
				"ID": 282539,
				"NAME": "満琉",
				"ENG_NAME": "満琉",
				"STRING": "「は、はい……」",
				"ENG_STRING": "「は、はい……」"
			},
			{
				"TYPE": "ZM",
				"ID": 282540,
				"NAME": "憂緒",
				"ENG_NAME": "憂緒",
				"STRING": "「……とにかく…久我くんは少し、落ち着いてください。真由美さんは今すぐ危ない、というわけではないのです」",
				"ENG_STRING": "「……とにかく…久我くんは少し、落ち着いてください。真由美さんは今すぐ危ない、というわけではないのです」"
			},
			{
				"TYPE": "ZM",
				"ID": 282541,
				"NAME": "憂緒",
				"ENG_NAME": "憂緒",
				"STRING": "「リトさん、具体的にはどれくらい放置すると危険ですか？」",
				"ENG_STRING": "「リトさん、具体的にはどれくらい放置すると危険ですか？」"
			},
			{
				"TYPE": "ZM",
				"ID": 282542,
				"NAME": "リト",
				"ENG_NAME": "リト",
				"STRING": "「三日間くらいならこのままでも大丈夫だと思うわ。それ以降は本人の体力次第ね」",
				"ENG_STRING": "「三日間くらいならこのままでも大丈夫だと思うわ。それ以降は本人の体力次第ね」"
			},
			{
				"TYPE": "ZM",
				"ID": 282543,
				"NAME": "憂緒",
				"ENG_NAME": "憂緒",
				"STRING": "「タイムリミットは把握できましたか。焦らないで下さい。こういう時に慌ててもいいことはありません」",
				"ENG_STRING": "「タイムリミットは把握できましたか。焦らないで下さい。こういう時に慌ててもいいことはありません」"
			},
			{
				"TYPE": "ZM",
				"ID": 282544,
				"NAME": "満琉",
				"ENG_NAME": "満琉",
				"STRING": "「……わかったよ……」",
				"ENG_STRING": "「……わかったよ……」"
			},
			{
				"TYPE": "ZM",
				"ID": 282545,
				"STRING": "俺達は春日真由美をひとまずリトに預け、対策を練るため分室へ戻った。",
				"ENG_STRING": "俺達は春日真由美をひとまずリトに預け、対策を練るため分室へ戻った。"
			},
			{
				"TYPE": "ZM",
				"ID": 282546,
				"NAME": "憂緒",
				"ENG_NAME": "憂緒",
				"STRING": "「どうやら……」",
				"ENG_STRING": "「どうやら……」"
			},
			{
				"TYPE": "ZM",
				"ID": 282547,
				"STRING": "分室の椅子に腰を下ろしたモー子が口を開く。",
				"ENG_STRING": "分室の椅子に腰を下ろしたモー子が口を開く。"
			},
			{
				"TYPE": "ZM",
				"ID": 282548,
				"NAME": "憂緒",
				"ENG_NAME": "憂緒",
				"STRING": "「春日真由美さんの口ぶりからして遺品の本体は手元にないようですね」",
				"ENG_STRING": "「春日真由美さんの口ぶりからして遺品の本体は手元にないようですね」"
			},
			{
				"TYPE": "ZM",
				"ID": 282549,
				"NAME": "満琉",
				"ENG_NAME": "満琉",
				"STRING": "「本人が持ってる可能性はないのか？」",
				"ENG_STRING": "「本人が持ってる可能性はないのか？」"
			},
			{
				"TYPE": "ZM",
				"ID": 282550,
				"NAME": "憂緒",
				"ENG_NAME": "憂緒",
				"STRING": "「念のため倒れたときに制服のポケットは探らせて貰いましたがありませんでした」",
				"ENG_STRING": "「念のため倒れたときに制服のポケットは探らせて貰いましたがありませんでした」"
			},
			{
				"TYPE": "ZM",
				"ID": 282551,
				"NAME": "満琉",
				"ENG_NAME": "満琉",
				"STRING": "「まあ、倒れる直前本人も持ってるかって聞いたら『それが……』とか言ったよな」",
				"ENG_STRING": "「まあ、倒れる直前本人も持ってるかって聞いたら『それが……』とか言ったよな」"
			},
			{
				"TYPE": "ZM",
				"ID": 282552,
				"STRING": "やっかいな事になったな。",
				"ENG_STRING": "やっかいな事になったな。"
			},
			{
				"TYPE": "ZM",
				"ID": 282553,
				"STRING": "せっかく使用者まで見つけたってのに。",
				"ENG_STRING": "せっかく使用者まで見つけたってのに。"
			},
			{
				"TYPE": "ZM",
				"ID": 282554,
				"NAME": "小太郎",
				"ENG_NAME": "小太郎",
				"STRING": "「どこにあるんだろ、時計。なんで持ってなかったのかな？」",
				"ENG_STRING": "「どこにあるんだろ、時計。なんで持ってなかったのかな？」"
			},
			{
				"TYPE": "ZM",
				"ID": 282555,
				"NAME": "憂緒",
				"ENG_NAME": "憂緒",
				"STRING": "「それについては一つ考えがあります」",
				"ENG_STRING": "「それについては一つ考えがあります」"
			},
			{
				"TYPE": "ZM",
				"ID": 282556,
				"NAME": "満琉",
				"ENG_NAME": "満琉",
				"STRING": "「どんな考えだ？」",
				"ENG_STRING": "「どんな考えだ？」"
			},
			{
				"TYPE": "ZM",
				"ID": 282557,
				"NAME": "憂緒",
				"ENG_NAME": "憂緒",
				"STRING": "「それを説明する前に、まずはきみたちの意見を聞きたいのですが。どうしてだと思いますか？」",
				"ENG_STRING": "「それを説明する前に、まずはきみたちの意見を聞きたいのですが。どうしてだと思いますか？」"
			},
			{
				"TYPE": "ZM",
				"ID": 282558,
				"STRING": "いかにも自分はわかっている、という表情でモー子は俺を見る。",
				"ENG_STRING": "いかにも自分はわかっている、という表情でモー子は俺を見る。"
			},
			{
				"TYPE": "ZM",
				"ID": 282559,
				"STRING": "俺たちがどれだけ『使える』のか、試してるのだとでも言いたそうだ。",
				"ENG_STRING": "俺たちがどれだけ『使える』のか、試してるのだとでも言いたそうだ。"
			},
			{
				"TYPE": "ZM",
				"ID": 282560,
				"NAME": "憂緒",
				"ENG_NAME": "憂緒",
				"STRING": "「烏丸くんの意見は？」",
				"ENG_STRING": "「烏丸くんの意見は？」"
			},
			{
				"TYPE": "ZM",
				"ID": 282561,
				"NAME": "小太郎",
				"ENG_NAME": "小太郎",
				"STRING": "「えっおれ！？　えっとちょっと……考えさせて……」@n",
				"ENG_STRING": "「えっおれ！？　えっとちょっと……考えさせて……」@n"
			},
			{
				"TYPE": "ZM",
				"ID": 282562,
				"NAME": "憂緒",
				"ENG_NAME": "憂緒",
				"STRING": "「では久我くん」",
				"ENG_STRING": "「では久我くん」"
			},
			{
				"TYPE": "ZM",
				"ID": 282563,
				"NAME": "満琉",
				"ENG_NAME": "満琉",
				"STRING": "「んー、そうだなぁ……」",
				"ENG_STRING": "「んー、そうだなぁ……」"
			},
			{
				"TYPE": "SELR",
				"ID": 0,
				"STRING": "時計は自分の部屋に忘れてきた",
				"ENG_STRING": "時計は自分の部屋に忘れてきた"
			},
			{
				"TYPE": "SELR",
				"ID": 1,
				"STRING": "時計はどこか鍵の掛かる部屋の中",
				"ENG_STRING": "時計はどこか鍵の掛かる部屋の中"
			},
			{
				"TYPE": "SELR",
				"ID": 2,
				"STRING": "時計の方もなくしてしまっている",
				"ENG_STRING": "時計の方もなくしてしまっている"
			}
		],
		"CHAPTER_SUBNAME": "S02_15_01　図書館にて"
	},
	"S02_15_02　自分の部屋に置いてきた": {
		"MESSAGES": [
			{
				"TYPE": "ZM",
				"ID": 282626,
				"NAME": "満琉",
				"ENG_NAME": "満琉",
				"STRING": "「自分の部屋に置いてきたのかな。寮の部屋にさ」",
				"ENG_STRING": "「自分の部屋に置いてきたのかな。寮の部屋にさ」"
			},
			{
				"TYPE": "ZM",
				"ID": 282627,
				"NAME": "憂緒",
				"ENG_NAME": "憂緒",
				"STRING": "「違うと思います」",
				"ENG_STRING": "「違うと思います」"
			},
			{
				"TYPE": "ZM",
				"ID": 282628,
				"NAME": "満琉",
				"ENG_NAME": "満琉",
				"STRING": "「なんで？」",
				"ENG_STRING": "「なんで？」"
			},
			{
				"TYPE": "ZM",
				"ID": 282629,
				"NAME": "憂緒",
				"ENG_NAME": "憂緒",
				"STRING": "「それなら持ってるかと聞かれたとき、部屋にあると普通に答えると思いませんか」",
				"ENG_STRING": "「それなら持ってるかと聞かれたとき、部屋にあると普通に答えると思いませんか」"
			},
			{
				"TYPE": "ZM",
				"ID": 282630,
				"NAME": "満琉",
				"ENG_NAME": "満琉",
				"STRING": "「……それもそうか」",
				"ENG_STRING": "「……それもそうか」"
			},
			{
				"TYPE": "ZM",
				"ID": 282631,
				"STRING": "なんか一瞬口ごもってたもんな。",
				"ENG_STRING": "なんか一瞬口ごもってたもんな。"
			},
			{
				"TYPE": "ZM",
				"ID": 282632,
				"STRING": "てことは……",
				"ENG_STRING": "てことは……"
			},
			{
				"TYPE": "ZM",
				"ID": 282633,
				"NAME": "憂緒",
				"ENG_NAME": "憂緒",
				"STRING": "「妖精が捜していたのは鍵です。ということは遺品はどこか鍵の掛かる部屋の中なのでは？」",
				"ENG_STRING": "「妖精が捜していたのは鍵です。ということは遺品はどこか鍵の掛かる部屋の中なのでは？」"
			},
			{
				"TYPE": "ZM",
				"ID": 282634,
				"NAME": "小太郎",
				"ENG_NAME": "小太郎",
				"STRING": "「その鍵をなくしちゃって、遺品が動きっぱなしになってるってこと？」",
				"ENG_STRING": "「その鍵をなくしちゃって、遺品が動きっぱなしになってるってこと？」"
			},
			{
				"TYPE": "ZM",
				"ID": 282635,
				"NAME": "満琉",
				"ENG_NAME": "満琉",
				"STRING": "「……なるほどな」",
				"ENG_STRING": "「……なるほどな」"
			}
		],
		"CHAPTER_SUBNAME": "S02_15_02　自分の部屋に置いてきた"
	},
	"S02_15_03　どこか鍵の掛かる部屋": {
		"MESSAGES": [
			{
				"TYPE": "ZM",
				"ID": 282882,
				"NAME": "満琉",
				"ENG_NAME": "満琉",
				"STRING": "「どこか鍵の掛かる部屋の中かな」",
				"ENG_STRING": "「どこか鍵の掛かる部屋の中かな」"
			},
			{
				"TYPE": "ZM",
				"ID": 282883,
				"NAME": "小太郎",
				"ENG_NAME": "小太郎",
				"STRING": "「鍵の掛かる部屋？」",
				"ENG_STRING": "「鍵の掛かる部屋？」"
			},
			{
				"TYPE": "ZM",
				"ID": 282884,
				"NAME": "満琉",
				"ENG_NAME": "満琉",
				"STRING": "「だから妖精は鍵を捜してたんじゃないか？」",
				"ENG_STRING": "「だから妖精は鍵を捜してたんじゃないか？」"
			},
			{
				"TYPE": "ZM",
				"ID": 282885,
				"NAME": "満琉",
				"ENG_NAME": "満琉",
				"STRING": "「彼女は遺品の時計を何らかの理由でその部屋に置いてきてしまって、入れなくなってたんだ」",
				"ENG_STRING": "「彼女は遺品の時計を何らかの理由でその部屋に置いてきてしまって、入れなくなってたんだ」"
			},
			{
				"TYPE": "ZM",
				"ID": 282886,
				"NAME": "憂緒",
				"ENG_NAME": "憂緒",
				"STRING": "「私もそう思います」",
				"ENG_STRING": "「私もそう思います」"
			}
		],
		"CHAPTER_SUBNAME": "S02_15_03　どこか鍵の掛かる部屋"
	},
	"S02_15_04　時計もなくしてる": {
		"MESSAGES": [
			{
				"TYPE": "ZM",
				"ID": 283138,
				"NAME": "満琉",
				"ENG_NAME": "満琉",
				"STRING": "「時計の方もなくしてるのか？」",
				"ENG_STRING": "「時計の方もなくしてるのか？」"
			},
			{
				"TYPE": "ZM",
				"ID": 283139,
				"NAME": "憂緒",
				"ENG_NAME": "憂緒",
				"STRING": "「それなら妖精が捜して回るのは鍵ではなくて時計になると思いませんか」",
				"ENG_STRING": "「それなら妖精が捜して回るのは鍵ではなくて時計になると思いませんか」"
			},
			{
				"TYPE": "ZM",
				"ID": 283140,
				"NAME": "満琉",
				"ENG_NAME": "満琉",
				"STRING": "「あ……そうか」",
				"ENG_STRING": "「あ……そうか」"
			},
			{
				"TYPE": "ZM",
				"ID": 283141,
				"NAME": "憂緒",
				"ENG_NAME": "憂緒",
				"STRING": "「妖精が捜していたのは鍵です。そして彼女は時計を持っていなかった」",
				"ENG_STRING": "「妖精が捜していたのは鍵です。そして彼女は時計を持っていなかった」"
			},
			{
				"TYPE": "ZM",
				"ID": 283142,
				"NAME": "憂緒",
				"ENG_NAME": "憂緒",
				"STRING": "「おそらく時計は鍵の掛かる部屋の中にあり、彼女はその部屋の鍵を捜していたのでは？」",
				"ENG_STRING": "「おそらく時計は鍵の掛かる部屋の中にあり、彼女はその部屋の鍵を捜していたのでは？」"
			},
			{
				"TYPE": "ZM",
				"ID": 283143,
				"NAME": "満琉",
				"ENG_NAME": "満琉",
				"STRING": "「……なるほどな」",
				"ENG_STRING": "「……なるほどな」"
			}
		],
		"CHAPTER_SUBNAME": "S02_15_04　時計もなくしてる"
	},
	"S02_15_05": {
		"MESSAGES": [
			{
				"TYPE": "ZM",
				"ID": 283394,
				"NAME": "小太郎",
				"ENG_NAME": "小太郎",
				"STRING": "「けど、その部屋ってどこ？　鍵がなくなってる部屋はたくさんあるみたいだけど」",
				"ENG_STRING": "「けど、その部屋ってどこ？　鍵がなくなってる部屋はたくさんあるみたいだけど」"
			},
			{
				"TYPE": "ZM",
				"ID": 283395,
				"NAME": "満琉",
				"ENG_NAME": "満琉",
				"STRING": "「そうだなあ……」",
				"ENG_STRING": "「そうだなあ……」"
			},
			{
				"TYPE": "ZM",
				"ID": 283396,
				"STRING": "顎に手を当てて考えていると、モー子が小首を傾げて聞いてきた。",
				"ENG_STRING": "顎に手を当てて考えていると、モー子が小首を傾げて聞いてきた。"
			},
			{
				"TYPE": "ZM",
				"ID": 283397,
				"NAME": "憂緒",
				"ENG_NAME": "憂緒",
				"STRING": "「きみは、どの部屋か見当がつきますか？」",
				"ENG_STRING": "「きみは、どの部屋か見当がつきますか？」"
			},
			{
				"TYPE": "ZM",
				"ID": 283398,
				"STRING": "また来た。",
				"ENG_STRING": "また来た。"
			},
			{
				"TYPE": "ZM",
				"ID": 283399,
				"STRING": "俺の考えを確かめるような事を聞いて来る。",
				"ENG_STRING": "俺の考えを確かめるような事を聞いて来る。"
			},
			{
				"TYPE": "ZM",
				"ID": 283400,
				"NAME": "満琉",
				"ENG_NAME": "満琉",
				"STRING": "「俺は……」",
				"ENG_STRING": "「俺は……」"
			},
			{
				"TYPE": "SELR",
				"ID": 0,
				"STRING": "女子トイレ",
				"ENG_STRING": "女子トイレ"
			},
			{
				"TYPE": "SELR",
				"ID": 1,
				"STRING": "風紀委員室",
				"ENG_STRING": "風紀委員室"
			},
			{
				"TYPE": "SELR",
				"ID": 2,
				"STRING": "礼拝堂",
				"ENG_STRING": "礼拝堂"
			}
		],
		"CHAPTER_SUBNAME": "S02_15_05"
	},
	"S02_15_06　女子トイレ": {
		"MESSAGES": [
			{
				"TYPE": "ZM",
				"ID": 283650,
				"NAME": "満琉",
				"ENG_NAME": "満琉",
				"STRING": "「女子トイレとか？」",
				"ENG_STRING": "「女子トイレとか？」"
			},
			{
				"TYPE": "ZM",
				"ID": 283651,
				"NAME": "憂緒",
				"ENG_NAME": "憂緒",
				"STRING": "「…………………」",
				"ENG_STRING": "「…………………」"
			},
			{
				"TYPE": "ZM",
				"ID": 283652,
				"STRING": "うかつなことを口走ったと、モー子の視線の冷たさで悟る。",
				"ENG_STRING": "うかつなことを口走ったと、モー子の視線の冷たさで悟る。"
			},
			{
				"TYPE": "ZM",
				"ID": 283653,
				"NAME": "満琉",
				"ENG_NAME": "満琉",
				"STRING": "「いや、だって村雲が鍵なくなってるって言ってただろ！」",
				"ENG_STRING": "「いや、だって村雲が鍵なくなってるって言ってただろ！」"
			},
			{
				"TYPE": "ZM",
				"ID": 283654,
				"NAME": "憂緒",
				"ENG_NAME": "憂緒",
				"STRING": "「他にも鍵のなくなった部屋はいくらでもあるでしょうになぜよりにもよってそこですか」",
				"ENG_STRING": "「他にも鍵のなくなった部屋はいくらでもあるでしょうになぜよりにもよってそこですか」"
			},
			{
				"TYPE": "ZM",
				"ID": 283655,
				"NAME": "満琉",
				"ENG_NAME": "満琉",
				"STRING": "「……な、なんとなく」",
				"ENG_STRING": "「……な、なんとなく」"
			},
			{
				"TYPE": "ZM",
				"ID": 283656,
				"NAME": "小太郎",
				"ENG_NAME": "小太郎",
				"STRING": "「インパクト強かったから？」",
				"ENG_STRING": "「インパクト強かったから？」"
			},
			{
				"TYPE": "ZM",
				"ID": 283657,
				"NAME": "満琉",
				"ENG_NAME": "満琉",
				"STRING": "「そ、そうそうそう！」",
				"ENG_STRING": "「そ、そうそうそう！」"
			},
			{
				"TYPE": "ZM",
				"ID": 283658,
				"NAME": "憂緒",
				"ENG_NAME": "憂緒",
				"STRING": "「礼拝堂でしょう」",
				"ENG_STRING": "「礼拝堂でしょう」"
			},
			{
				"TYPE": "ZM",
				"ID": 283659,
				"NAME": "満琉",
				"ENG_NAME": "満琉",
				"STRING": "「へ？」",
				"ENG_STRING": "「へ？」"
			},
			{
				"TYPE": "ZM",
				"ID": 283660,
				"STRING": "フォローのようなことを口にしたおまるとそれに乗ろうとした俺をまとめて無視してモー子は言った。",
				"ENG_STRING": "フォローのようなことを口にしたおまるとそれに乗ろうとした俺をまとめて無視してモー子は言った。"
			},
			{
				"TYPE": "ZM",
				"ID": 283661,
				"NAME": "憂緒",
				"ENG_NAME": "憂緒",
				"STRING": "「礼拝堂の鍵は妖精の仕業ではなく昨日の昼間偶然に紛失した可能性が高い、でしょう？」",
				"ENG_STRING": "「礼拝堂の鍵は妖精の仕業ではなく昨日の昼間偶然に紛失した可能性が高い、でしょう？」"
			},
			{
				"TYPE": "ZM",
				"ID": 283662,
				"NAME": "満琉",
				"ENG_NAME": "満琉",
				"STRING": "「あっ、そーか！　吉田が落としたんだったか」",
				"ENG_STRING": "「あっ、そーか！　吉田が落としたんだったか」"
			},
			{
				"TYPE": "ZM",
				"ID": 283663,
				"NAME": "憂緒",
				"ENG_NAME": "憂緒",
				"STRING": "「春日真由美さんが捜しているのはその鍵ではないかと」",
				"ENG_STRING": "「春日真由美さんが捜しているのはその鍵ではないかと」"
			},
			{
				"TYPE": "ZM",
				"ID": 283664,
				"NAME": "憂緒",
				"ENG_NAME": "憂緒",
				"STRING": "「昼の生徒である吉田さんが鍵をなくしたのならば、春日さんが気づいたときには礼拝堂の鍵はなかったはず…」",
				"ENG_STRING": "「昼の生徒である吉田さんが鍵をなくしたのならば、春日さんが気づいたときには礼拝堂の鍵はなかったはず…」"
			},
			{
				"TYPE": "ZM",
				"ID": 283665,
				"NAME": "憂緒",
				"ENG_NAME": "憂緒",
				"STRING": "「それならば春日さんが鍵の形状を把握していないのにも納得がいきます」",
				"ENG_STRING": "「それならば春日さんが鍵の形状を把握していないのにも納得がいきます」"
			}
		],
		"CHAPTER_SUBNAME": "S02_15_06　女子トイレ"
	},
	"S02_15_07　風紀委員室": {
		"MESSAGES": [
			{
				"TYPE": "ZM",
				"ID": 283906,
				"NAME": "満琉",
				"ENG_NAME": "満琉",
				"STRING": "「うーん、風紀委員室とか？」",
				"ENG_STRING": "「うーん、風紀委員室とか？」"
			},
			{
				"TYPE": "ZM",
				"ID": 283907,
				"NAME": "憂緒",
				"ENG_NAME": "憂緒",
				"STRING": "「そんなはずないでしょう」",
				"ENG_STRING": "「そんなはずないでしょう」"
			},
			{
				"TYPE": "ZM",
				"ID": 283908,
				"NAME": "満琉",
				"ENG_NAME": "満琉",
				"STRING": "「なんで？」",
				"ENG_STRING": "「なんで？」"
			},
			{
				"TYPE": "ZM",
				"ID": 283909,
				"NAME": "憂緒",
				"ENG_NAME": "憂緒",
				"STRING": "「忘れたのですか？　壬生さんから、風紀委員室の鍵は妖精に取られたと聞いたはずです」",
				"ENG_STRING": "「忘れたのですか？　壬生さんから、風紀委員室の鍵は妖精に取られたと聞いたはずです」"
			},
			{
				"TYPE": "ZM",
				"ID": 283910,
				"NAME": "満琉",
				"ENG_NAME": "満琉",
				"STRING": "「あ……」",
				"ENG_STRING": "「あ……」"
			},
			{
				"TYPE": "ZM",
				"ID": 283911,
				"NAME": "憂緒",
				"ENG_NAME": "憂緒",
				"STRING": "「捜しているのが風紀委員室の鍵なら彼女はとっくに手に入れています」",
				"ENG_STRING": "「捜しているのが風紀委員室の鍵なら彼女はとっくに手に入れています」"
			},
			{
				"TYPE": "ZM",
				"ID": 283912,
				"NAME": "小太郎",
				"ENG_NAME": "小太郎",
				"STRING": "「そっか、じゃあどこの鍵を捜してるんだろう？」",
				"ENG_STRING": "「そっか、じゃあどこの鍵を捜してるんだろう？」"
			},
			{
				"TYPE": "ZM",
				"ID": 283913,
				"NAME": "憂緒",
				"ENG_NAME": "憂緒",
				"STRING": "「礼拝堂だと思います」",
				"ENG_STRING": "「礼拝堂だと思います」"
			},
			{
				"TYPE": "ZM",
				"ID": 283914,
				"NAME": "満琉",
				"ENG_NAME": "満琉",
				"STRING": "「礼拝堂？　……あっ、吉田がなくした……」",
				"ENG_STRING": "「礼拝堂？　……あっ、吉田がなくした……」"
			},
			{
				"TYPE": "ZM",
				"ID": 283915,
				"NAME": "憂緒",
				"ENG_NAME": "憂緒",
				"STRING": "「礼拝堂の鍵は妖精の仕業ではなく昨日の昼間偶然に紛失した可能性が高い、でしょう？」",
				"ENG_STRING": "「礼拝堂の鍵は妖精の仕業ではなく昨日の昼間偶然に紛失した可能性が高い、でしょう？」"
			},
			{
				"TYPE": "ZM",
				"ID": 283916,
				"NAME": "小太郎",
				"ENG_NAME": "小太郎",
				"STRING": "「そっか、それで春日さんは礼拝堂の鍵を捜してるのか」",
				"ENG_STRING": "「そっか、それで春日さんは礼拝堂の鍵を捜してるのか」"
			},
			{
				"TYPE": "ZM",
				"ID": 283917,
				"NAME": "憂緒",
				"ENG_NAME": "憂緒",
				"STRING": "「昼の生徒である吉田さんが鍵をなくしたのならば、春日さんが気づいたときには礼拝堂の鍵はなかったはず…」",
				"ENG_STRING": "「昼の生徒である吉田さんが鍵をなくしたのならば、春日さんが気づいたときには礼拝堂の鍵はなかったはず…」"
			},
			{
				"TYPE": "ZM",
				"ID": 283918,
				"NAME": "憂緒",
				"ENG_NAME": "憂緒",
				"STRING": "「それならば春日さんが鍵の形状を把握していないのにも納得がいきます」",
				"ENG_STRING": "「それならば春日さんが鍵の形状を把握していないのにも納得がいきます」"
			}
		],
		"CHAPTER_SUBNAME": "S02_15_07　風紀委員室"
	},
	"S02_15_08　礼拝堂": {
		"MESSAGES": [
			{
				"TYPE": "ZM",
				"ID": 284162,
				"NAME": "満琉",
				"ENG_NAME": "満琉",
				"STRING": "「礼拝堂じゃねーか？」",
				"ENG_STRING": "「礼拝堂じゃねーか？」"
			},
			{
				"TYPE": "ZM",
				"ID": 284163,
				"NAME": "小太郎",
				"ENG_NAME": "小太郎",
				"STRING": "「礼拝堂？」",
				"ENG_STRING": "「礼拝堂？」"
			},
			{
				"TYPE": "ZM",
				"ID": 284164,
				"NAME": "満琉",
				"ENG_NAME": "満琉",
				"STRING": "「あそこの鍵はどうやら吉田が落としたらしいからな」",
				"ENG_STRING": "「あそこの鍵はどうやら吉田が落としたらしいからな」"
			},
			{
				"TYPE": "ZM",
				"ID": 284165,
				"NAME": "小太郎",
				"ENG_NAME": "小太郎",
				"STRING": "「あ、そーか！　彼女は妖精見てないって言ってたよね」",
				"ENG_STRING": "「あ、そーか！　彼女は妖精見てないって言ってたよね」"
			},
			{
				"TYPE": "ZM",
				"ID": 284166,
				"NAME": "憂緒",
				"ENG_NAME": "憂緒",
				"STRING": "「そうですね、礼拝堂の鍵はやはり偶然に紛失したのでしょう」",
				"ENG_STRING": "「そうですね、礼拝堂の鍵はやはり偶然に紛失したのでしょう」"
			},
			{
				"TYPE": "ZM",
				"ID": 284167,
				"NAME": "憂緒",
				"ENG_NAME": "憂緒",
				"STRING": "「昼の生徒である吉田さんが鍵をなくしたのならば、春日さんが気づいたときには礼拝堂の鍵はなかったはず…」",
				"ENG_STRING": "「昼の生徒である吉田さんが鍵をなくしたのならば、春日さんが気づいたときには礼拝堂の鍵はなかったはず…」"
			},
			{
				"TYPE": "ZM",
				"ID": 284168,
				"NAME": "憂緒",
				"ENG_NAME": "憂緒",
				"STRING": "「それならば春日さんが鍵の形状を把握していないのにも納得がいきます」",
				"ENG_STRING": "「それならば春日さんが鍵の形状を把握していないのにも納得がいきます」"
			},
			{
				"TYPE": "ZM",
				"ID": 284169,
				"NAME": "憂緒",
				"ENG_NAME": "憂緒",
				"STRING": "「妖精が捜しているのは礼拝堂の鍵……そして、遺品はそこにありそうです」",
				"ENG_STRING": "「妖精が捜しているのは礼拝堂の鍵……そして、遺品はそこにありそうです」"
			}
		],
		"CHAPTER_SUBNAME": "S02_15_08　礼拝堂"
	},
	"S02_15_09": {
		"MESSAGES": [
			{
				"TYPE": "ZM",
				"ID": 284674,
				"NAME": "憂緒",
				"ENG_NAME": "憂緒",
				"STRING": "「なかなか論理的ですね久我くん」@n",
				"ENG_STRING": "「なかなか論理的ですね久我くん」@n"
			},
			{
				"TYPE": "ZM",
				"ID": 284675,
				"NAME": "満琉",
				"ENG_NAME": "満琉",
				"STRING": "「……お前、試しただろ」",
				"ENG_STRING": "「……お前、試しただろ」"
			},
			{
				"TYPE": "ZM",
				"ID": 284676,
				"NAME": "憂緒",
				"ENG_NAME": "憂緒",
				"STRING": "「能力を把握したかっただけです」",
				"ENG_STRING": "「能力を把握したかっただけです」"
			},
			{
				"TYPE": "ZM",
				"ID": 284677,
				"NAME": "満琉",
				"ENG_NAME": "満琉",
				"STRING": "「使えるかどうかってか？」",
				"ENG_STRING": "「使えるかどうかってか？」"
			},
			{
				"TYPE": "ZM",
				"ID": 284678,
				"NAME": "憂緒",
				"ENG_NAME": "憂緒",
				"STRING": "「誉め言葉ですよ？」",
				"ENG_STRING": "「誉め言葉ですよ？」"
			},
			{
				"TYPE": "ZM",
				"ID": 284679,
				"NAME": "満琉",
				"ENG_NAME": "満琉",
				"STRING": "「どこがだよ……」",
				"ENG_STRING": "「どこがだよ……」"
			},
			{
				"TYPE": "ZM",
				"ID": 284680,
				"NAME": "憂緒",
				"ENG_NAME": "憂緒",
				"STRING": "「…………」",
				"ENG_STRING": "「…………」"
			},
			{
				"TYPE": "ZM",
				"ID": 284681,
				"STRING": "モー子は腑に落ちないような顔をして黙り込んだ。",
				"ENG_STRING": "モー子は腑に落ちないような顔をして黙り込んだ。"
			},
			{
				"TYPE": "ZM",
				"ID": 284682,
				"STRING": "――もしかして本当に誉めてたのか？",
				"ENG_STRING": "――もしかして本当に誉めてたのか？"
			}
		],
		"CHAPTER_SUBNAME": "S02_15_09"
	},
	"S02_15_10": {
		"MESSAGES": [
			{
				"TYPE": "ZM",
				"ID": 284930,
				"NAME": "憂緒",
				"ENG_NAME": "憂緒",
				"STRING": "「半分は正解、半分は不正解ですか」@n",
				"ENG_STRING": "「半分は正解、半分は不正解ですか」@n"
			},
			{
				"TYPE": "ZM",
				"ID": 284931,
				"NAME": "小太郎",
				"ENG_NAME": "小太郎",
				"STRING": "「充分すごいと思うけどなあ」",
				"ENG_STRING": "「充分すごいと思うけどなあ」"
			},
			{
				"TYPE": "ZM",
				"ID": 284932,
				"NAME": "満琉",
				"ENG_NAME": "満琉",
				"STRING": "「半分しかあってないのに？」",
				"ENG_STRING": "「半分しかあってないのに？」"
			},
			{
				"TYPE": "ZM",
				"ID": 284933,
				"NAME": "憂緒",
				"ENG_NAME": "憂緒",
				"STRING": "「そうですね。詰めの甘さは命取りになりますよ、久我くん」",
				"ENG_STRING": "「そうですね。詰めの甘さは命取りになりますよ、久我くん」"
			},
			{
				"TYPE": "ZM",
				"ID": 284934,
				"NAME": "満琉",
				"ENG_NAME": "満琉",
				"STRING": "「へーい……」",
				"ENG_STRING": "「へーい……」"
			},
			{
				"TYPE": "ZM",
				"ID": 285186,
				"NAME": "憂緒",
				"ENG_NAME": "憂緒",
				"STRING": "「……久我くん、本当に真面目に考えていますか？」@n",
				"ENG_STRING": "「……久我くん、本当に真面目に考えていますか？」@n"
			},
			{
				"TYPE": "ZM",
				"ID": 285187,
				"NAME": "満琉",
				"ENG_NAME": "満琉",
				"STRING": "「か、考えてるよ！」",
				"ENG_STRING": "「か、考えてるよ！」"
			},
			{
				"TYPE": "ZM",
				"ID": 285188,
				"NAME": "憂緒",
				"ENG_NAME": "憂緒",
				"STRING": "「先が思いやられますね」",
				"ENG_STRING": "「先が思いやられますね」"
			},
			{
				"TYPE": "ZM",
				"ID": 285189,
				"STRING": "冷たいな、おい……。",
				"ENG_STRING": "冷たいな、おい……。"
			},
			{
				"TYPE": "ZM",
				"ID": 285190,
				"STRING": "まあ、まるっきり見当はずれてたから言い返せないけどさ。",
				"ENG_STRING": "まあ、まるっきり見当はずれてたから言い返せないけどさ。"
			}
		],
		"CHAPTER_SUBNAME": "S02_15_10"
	}
}