{
	"S02_09_01　鍵がない！": {
		"MESSAGES": [
			{
				"TYPE": "ZM",
				"ID": 274690,
				"NAME": "女子生徒Ａ",
				"ENG_NAME": "女子生徒Ａ",
				"STRING": "「やっぱないよー！　教員室にもないってー！」",
				"ENG_STRING": "「やっぱないよー！　教員室にもないってー！」"
			},
			{
				"TYPE": "ZM",
				"ID": 274691,
				"NAME": "女子生徒Ｂ",
				"ENG_NAME": "女子生徒Ｂ",
				"STRING": "「ええー？　じゃあロッカーどうすんの！？」",
				"ENG_STRING": "「ええー？　じゃあロッカーどうすんの！？」"
			},
			{
				"TYPE": "ZM",
				"ID": 274692,
				"NAME": "教師",
				"ENG_NAME": "教師",
				"STRING": "「誰か、視聴覚室の鍵知らないかー？」",
				"ENG_STRING": "「誰か、視聴覚室の鍵知らないかー？」"
			},
			{
				"TYPE": "ZM",
				"ID": 274693,
				"NAME": "男子生徒Ａ",
				"ENG_NAME": "男子生徒Ａ",
				"STRING": "「俺の貯金箱の鍵がー！　どこ行ったんだああぁ……！！」",
				"ENG_STRING": "「俺の貯金箱の鍵がー！　どこ行ったんだああぁ……！！」"
			},
			{
				"TYPE": "ZM",
				"ID": 274694,
				"STRING": "……大騒ぎだった。",
				"ENG_STRING": "……大騒ぎだった。"
			},
			{
				"TYPE": "ZM",
				"ID": 274695,
				"STRING": "朝、校舎に来てみた途端、学園中がこの状態だ。",
				"ENG_STRING": "朝、校舎に来てみた途端、学園中がこの状態だ。"
			},
			{
				"TYPE": "ZM",
				"ID": 274696,
				"NAME": "満琉",
				"ENG_NAME": "満琉",
				"STRING": "「やっぱ鍵ならなんでもよかったみたいだな」",
				"ENG_STRING": "「やっぱ鍵ならなんでもよかったみたいだな」"
			},
			{
				"TYPE": "ZM",
				"ID": 274697,
				"NAME": "憂緒",
				"ENG_NAME": "憂緒",
				"STRING": "「ですね……」",
				"ENG_STRING": "「ですね……」"
			},
			{
				"TYPE": "ZM",
				"ID": 274698,
				"STRING": "それにしても、一晩でこの被害とはあの妖精どんだけ飛び回ったんだ。",
				"ENG_STRING": "それにしても、一晩でこの被害とはあの妖精どんだけ飛び回ったんだ。"
			},
			{
				"TYPE": "ZM",
				"ID": 274699,
				"NAME": "満琉",
				"ENG_NAME": "満琉",
				"STRING": "「機動力はんぱねーな……」",
				"ENG_STRING": "「機動力はんぱねーな……」"
			},
			{
				"TYPE": "ZM",
				"ID": 274700,
				"NAME": "憂緒",
				"ENG_NAME": "憂緒",
				"STRING": "「……とりあえず行きましょう。授業に遅れます」",
				"ENG_STRING": "「……とりあえず行きましょう。授業に遅れます」"
			},
			{
				"TYPE": "ZM",
				"ID": 274701,
				"NAME": "満琉",
				"ENG_NAME": "満琉",
				"STRING": "「ああ……って、どっち？」",
				"ENG_STRING": "「ああ……って、どっち？」"
			},
			{
				"TYPE": "ZM",
				"ID": 274702,
				"NAME": "憂緒",
				"ENG_NAME": "憂緒",
				"STRING": "「何がです」",
				"ENG_STRING": "「何がです」"
			},
			{
				"TYPE": "ZM",
				"ID": 274703,
				"NAME": "満琉",
				"ENG_NAME": "満琉",
				"STRING": "「いや、この状態だとどっちかの教室にしか行けないだろ」",
				"ENG_STRING": "「いや、この状態だとどっちかの教室にしか行けないだろ」"
			},
			{
				"TYPE": "ZM",
				"ID": 274704,
				"NAME": "憂緒",
				"ENG_NAME": "憂緒",
				"STRING": "「一年のきみが二年の私の教室に来ても授業の意味がわからないでしょう」",
				"ENG_STRING": "「一年のきみが二年の私の教室に来ても授業の意味がわからないでしょう」"
			},
			{
				"TYPE": "ZM",
				"ID": 274705,
				"NAME": "満琉",
				"ENG_NAME": "満琉",
				"STRING": "「…………ま、まあな」",
				"ENG_STRING": "「…………ま、まあな」"
			},
			{
				"TYPE": "ZM",
				"ID": 274706,
				"NAME": "憂緒",
				"ENG_NAME": "憂緒",
				"STRING": "「不本意ですが、そちらに行きます。私は後で誰かにノートを借りますから」",
				"ENG_STRING": "「不本意ですが、そちらに行きます。私は後で誰かにノートを借りますから」"
			},
			{
				"TYPE": "ZM",
				"ID": 274707,
				"NAME": "満琉",
				"ENG_NAME": "満琉",
				"STRING": "「す、すまんね」",
				"ENG_STRING": "「す、すまんね」"
			},
			{
				"TYPE": "ZM",
				"ID": 274708,
				"NAME": "憂緒",
				"ENG_NAME": "憂緒",
				"STRING": "「仕方ありません。不本意ですが」",
				"ENG_STRING": "「仕方ありません。不本意ですが」"
			},
			{
				"TYPE": "ZM",
				"ID": 274709,
				"STRING": "心底不本意らしく、二回言われた。",
				"ENG_STRING": "心底不本意らしく、二回言われた。"
			},
			{
				"TYPE": "ZM",
				"ID": 274710,
				"STRING": "まあ……無理もないけどな……。",
				"ENG_STRING": "まあ……無理もないけどな……。"
			}
		],
		"CHAPTER_SUBNAME": "S02_09_01　鍵がない！"
	},
	"S02_10_01　礼拝堂の鍵": {
		"MESSAGES": [
			{
				"TYPE": "ZM",
				"ID": 274711,
				"NAME": "そあら",
				"ENG_NAME": "そあら",
				"STRING": "「うわー、やっぱりないよ〜！」",
				"ENG_STRING": "「うわー、やっぱりないよ〜！」"
			},
			{
				"TYPE": "ZM",
				"ID": 274712,
				"NAME": "真弥",
				"ENG_NAME": "真弥",
				"STRING": "「ポケットも全部見たの？」",
				"ENG_STRING": "「ポケットも全部見たの？」"
			},
			{
				"TYPE": "ZM",
				"ID": 274713,
				"NAME": "そあら",
				"ENG_NAME": "そあら",
				"STRING": "「見たけどないよ……」",
				"ENG_STRING": "「見たけどないよ……」"
			},
			{
				"TYPE": "ZM",
				"ID": 274714,
				"STRING": "教室に入ると、吉田も何やら騒いでいた。",
				"ENG_STRING": "教室に入ると、吉田も何やら騒いでいた。"
			},
			{
				"TYPE": "ZM",
				"ID": 274715,
				"NAME": "満琉",
				"ENG_NAME": "満琉",
				"STRING": "「よお、何かなくしたのか？」@n",
				"ENG_STRING": "「よお、何かなくしたのか？」@n"
			},
			{
				"TYPE": "ZM",
				"ID": 274716,
				"NAME": "そあら",
				"ENG_NAME": "そあら",
				"STRING": "「あ、うん……礼拝堂の……」",
				"ENG_STRING": "「あ、うん……礼拝堂の……」"
			},
			{
				"TYPE": "ZM",
				"ID": 274717,
				"NAME": "真弥",
				"ENG_NAME": "真弥",
				"STRING": "「うっわーなになになに！？　それどーゆープレイ！？」",
				"ENG_STRING": "「うっわーなになになに！？　それどーゆープレイ！？」"
			},
			{
				"TYPE": "ZM",
				"ID": 274718,
				"STRING": "吉田の返事を遮って、黒谷が俺とモー子の間にある手錠を指さして叫んだ。",
				"ENG_STRING": "吉田の返事を遮って、黒谷が俺とモー子の間にある手錠を指さして叫んだ。"
			},
			{
				"TYPE": "ZM",
				"ID": 274719,
				"NAME": "そあら",
				"ENG_NAME": "そあら",
				"STRING": "「ぷ、ぷれいなの？」",
				"ENG_STRING": "「ぷ、ぷれいなの？」"
			},
			{
				"TYPE": "ZM",
				"ID": 274720,
				"NAME": "満琉",
				"ENG_NAME": "満琉",
				"STRING": "「プレイじゃねーから！！」",
				"ENG_STRING": "「プレイじゃねーから！！」"
			},
			{
				"TYPE": "ZM",
				"ID": 274721,
				"NAME": "憂緒",
				"ENG_NAME": "憂緒",
				"STRING": "「事故です」",
				"ENG_STRING": "「事故です」"
			},
			{
				"TYPE": "ZM",
				"ID": 274722,
				"NAME": "真弥",
				"ENG_NAME": "真弥",
				"STRING": "「どう見ても手錠プレイじゃん！　ひゅー！」",
				"ENG_STRING": "「どう見ても手錠プレイじゃん！　ひゅー！」"
			},
			{
				"TYPE": "ZM",
				"ID": 274723,
				"NAME": "満琉",
				"ENG_NAME": "満琉",
				"STRING": "「違うってのに！！」",
				"ENG_STRING": "「違うってのに！！」"
			},
			{
				"TYPE": "ZM",
				"ID": 274724,
				"NAME": "真弥",
				"ENG_NAME": "真弥",
				"STRING": "「じゃあ何？　罰ゲーム？」",
				"ENG_STRING": "「じゃあ何？　罰ゲーム？」"
			},
			{
				"TYPE": "ZM",
				"ID": 274725,
				"NAME": "憂緒",
				"ENG_NAME": "憂緒",
				"STRING": "「事故です」",
				"ENG_STRING": "「事故です」"
			},
			{
				"TYPE": "ZM",
				"ID": 274726,
				"NAME": "満琉",
				"ENG_NAME": "満琉",
				"STRING": "「そうそう、事故事故。それより礼拝堂がどうしたって？」",
				"ENG_STRING": "「そうそう、事故事故。それより礼拝堂がどうしたって？」"
			},
			{
				"TYPE": "ZM",
				"ID": 274727,
				"STRING": "黒谷を押さえつつ、強引に話を元に戻す。",
				"ENG_STRING": "黒谷を押さえつつ、強引に話を元に戻す。"
			},
			{
				"TYPE": "ZM",
				"ID": 274728,
				"NAME": "そあら",
				"ENG_NAME": "そあら",
				"STRING": "「それが、鍵なくしちゃったみたいなの」",
				"ENG_STRING": "「それが、鍵なくしちゃったみたいなの」"
			},
			{
				"TYPE": "ZM",
				"ID": 274729,
				"NAME": "満琉",
				"ENG_NAME": "満琉",
				"STRING": "「そう言えば昨日、当番だったな」",
				"ENG_STRING": "「そう言えば昨日、当番だったな」"
			},
			{
				"TYPE": "ZM",
				"ID": 274730,
				"NAME": "そあら",
				"ENG_NAME": "そあら",
				"STRING": "「うん、それで鍵しめた後、返すの忘れちゃってて……」",
				"ENG_STRING": "「うん、それで鍵しめた後、返すの忘れちゃってて……」"
			},
			{
				"TYPE": "ZM",
				"ID": 274731,
				"STRING": "こいつも、やっぱり鍵か。",
				"ENG_STRING": "こいつも、やっぱり鍵か。"
			},
			{
				"TYPE": "ZM",
				"ID": 274732,
				"STRING": "つん、と腰の後ろをモー子につつかれる。",
				"ENG_STRING": "つん、と腰の後ろをモー子につつかれる。"
			},
			{
				"TYPE": "ZM",
				"ID": 274733,
				"NAME": "満琉",
				"ENG_NAME": "満琉",
				"STRING": "（ん？　ああ、聞き込めってことね）",
				"ENG_STRING": "（ん？　ああ、聞き込めってことね）"
			},
			{
				"TYPE": "ZM",
				"ID": 274734,
				"NAME": "満琉",
				"ENG_NAME": "満琉",
				"STRING": "「なあ、吉田？」",
				"ENG_STRING": "「なあ、吉田？」"
			},
			{
				"TYPE": "ZM",
				"ID": 274735,
				"NAME": "そあら",
				"ENG_NAME": "そあら",
				"STRING": "「え？　なに？」",
				"ENG_STRING": "「え？　なに？」"
			},
			{
				"TYPE": "SELR",
				"ID": 0,
				"STRING": "鍵を最後に見たのはいつ？",
				"ENG_STRING": "鍵を最後に見たのはいつ？"
			},
			{
				"TYPE": "SELR",
				"ID": 1,
				"STRING": "鍵を無くしたことに気付いたのはいつ？",
				"ENG_STRING": "鍵を無くしたことに気付いたのはいつ？"
			},
			{
				"TYPE": "SELR",
				"ID": 2,
				"STRING": "妖精が来なかったか？",
				"ENG_STRING": "妖精が来なかったか？"
			}
		],
		"CHAPTER_SUBNAME": "S02_10_01　礼拝堂の鍵"
	},
	"S02_10_03　鍵を見たのは": {
		"MESSAGES": [
			{
				"TYPE": "ZM",
				"ID": 275457,
				"STRING": "最後に鍵を見たのは、昨日礼拝堂に鍵を掛けた時らしい。",
				"ENG_STRING": "最後に鍵を見たのは、昨日礼拝堂に鍵を掛けた時らしい。"
			}
		],
		"CHAPTER_SUBNAME": "S02_10_03　鍵を見たのは"
	},
	"S02_10_02　鍵を見たのは": {
		"MESSAGES": [
			{
				"TYPE": "ZM",
				"ID": 275713,
				"NAME": "満琉",
				"ENG_NAME": "満琉",
				"STRING": "「その礼拝堂の鍵って、最後に見たのいつだ？」",
				"ENG_STRING": "「その礼拝堂の鍵って、最後に見たのいつだ？」"
			},
			{
				"TYPE": "ZM",
				"ID": 275714,
				"NAME": "そあら",
				"ENG_NAME": "そあら",
				"STRING": "「昨日の授業の後だよ。鍵掛けた時、ポケットに入れたの」",
				"ENG_STRING": "「昨日の授業の後だよ。鍵掛けた時、ポケットに入れたの」"
			},
			{
				"TYPE": "ZM",
				"ID": 275715,
				"NAME": "満琉",
				"ENG_NAME": "満琉",
				"STRING": "「あれが最後か」",
				"ENG_STRING": "「あれが最後か」"
			},
			{
				"TYPE": "ZM",
				"ID": 275716,
				"NAME": "そあら",
				"ENG_NAME": "そあら",
				"STRING": "「うん……。その後、すっかり忘れちゃってて」",
				"ENG_STRING": "「うん……。その後、すっかり忘れちゃってて」"
			},
			{
				"TYPE": "ZM",
				"ID": 275717,
				"STRING": "普通、教員室へ返しに行かなければならないものを、持ったままだったということらしい。",
				"ENG_STRING": "普通、教員室へ返しに行かなければならないものを、持ったままだったということらしい。"
			}
		],
		"CHAPTER_SUBNAME": "S02_10_02　鍵を見たのは"
	},
	"S02_10_05　無いのに気づいた": {
		"MESSAGES": [
			{
				"TYPE": "ZM",
				"ID": 276225,
				"STRING": "鍵をなくしたと気づいたのは放課後、寮へ帰る前らしい。",
				"ENG_STRING": "鍵をなくしたと気づいたのは放課後、寮へ帰る前らしい。"
			},
			{
				"TYPE": "ZM",
				"ID": 276226,
				"STRING": "学園のどこで落としたのかも、はっきりわからないようだ。",
				"ENG_STRING": "学園のどこで落としたのかも、はっきりわからないようだ。"
			}
		],
		"CHAPTER_SUBNAME": "S02_10_05　無いのに気づいた"
	},
	"S02_10_04　無いのに気づいた": {
		"MESSAGES": [
			{
				"TYPE": "ZM",
				"ID": 276481,
				"NAME": "満琉",
				"ENG_NAME": "満琉",
				"STRING": "「鍵がないのに気づいたのっていつのことだ？」",
				"ENG_STRING": "「鍵がないのに気づいたのっていつのことだ？」"
			},
			{
				"TYPE": "ZM",
				"ID": 276482,
				"NAME": "そあら",
				"ENG_NAME": "そあら",
				"STRING": "「放課後、戻すの忘れたと思ってポケット探ったらなかったの。どっかに落としたのかも……」@n",
				"ENG_STRING": "「放課後、戻すの忘れたと思ってポケット探ったらなかったの。どっかに落としたのかも……」@n"
			},
			{
				"TYPE": "ZM",
				"ID": 276483,
				"NAME": "満琉",
				"ENG_NAME": "満琉",
				"STRING": "「んじゃ、寮に帰ってからどっかに置き忘れたとかじゃないのか」",
				"ENG_STRING": "「んじゃ、寮に帰ってからどっかに置き忘れたとかじゃないのか」"
			},
			{
				"TYPE": "ZM",
				"ID": 276484,
				"NAME": "そあら",
				"ENG_NAME": "そあら",
				"STRING": "「うん、寮に帰る前にはもうなくなってたから」",
				"ENG_STRING": "「うん、寮に帰る前にはもうなくなってたから」"
			},
			{
				"TYPE": "ZM",
				"ID": 276485,
				"NAME": "満琉",
				"ENG_NAME": "満琉",
				"STRING": "「昨日、教室と礼拝堂以外に行った場所とかは？」",
				"ENG_STRING": "「昨日、教室と礼拝堂以外に行った場所とかは？」"
			},
			{
				"TYPE": "ZM",
				"ID": 276486,
				"NAME": "そあら",
				"ENG_NAME": "そあら",
				"STRING": "「食堂とか、屋上とか」",
				"ENG_STRING": "「食堂とか、屋上とか」"
			},
			{
				"TYPE": "ZM",
				"ID": 276487,
				"NAME": "真弥",
				"ENG_NAME": "真弥",
				"STRING": "「中庭にも行ったよ」",
				"ENG_STRING": "「中庭にも行ったよ」"
			},
			{
				"TYPE": "ZM",
				"ID": 276488,
				"NAME": "そあら",
				"ENG_NAME": "そあら",
				"STRING": "「そっか、お散歩したもんね」",
				"ENG_STRING": "「そっか、お散歩したもんね」"
			},
			{
				"TYPE": "ZM",
				"ID": 276489,
				"STRING": "それはもう、学園のどこで落としたかさっぱりってことだな……。",
				"ENG_STRING": "それはもう、学園のどこで落としたかさっぱりってことだな……。"
			}
		],
		"CHAPTER_SUBNAME": "S02_10_04　無いのに気づいた"
	},
	"S02_10_07　妖精来なかった": {
		"MESSAGES": [
			{
				"TYPE": "ZM",
				"ID": 276993,
				"STRING": "吉田は妖精を見ていないようだ。",
				"ENG_STRING": "吉田は妖精を見ていないようだ。"
			}
		],
		"CHAPTER_SUBNAME": "S02_10_07　妖精来なかった"
	},
	"S02_10_06　妖精来なかった": {
		"MESSAGES": [
			{
				"TYPE": "ZM",
				"ID": 277249,
				"NAME": "満琉",
				"ENG_NAME": "満琉",
				"STRING": "「変なこと聞くけど、妖精みたいなもん来なかったか？」",
				"ENG_STRING": "「変なこと聞くけど、妖精みたいなもん来なかったか？」"
			},
			{
				"TYPE": "ZM",
				"ID": 277250,
				"NAME": "そあら",
				"ENG_NAME": "そあら",
				"STRING": "「妖精？　なにそれ？」",
				"ENG_STRING": "「妖精？　なにそれ？」"
			},
			{
				"TYPE": "ZM",
				"ID": 277251,
				"STRING": "きょとんとした顔をされてしまった。",
				"ENG_STRING": "きょとんとした顔をされてしまった。"
			},
			{
				"TYPE": "ZM",
				"ID": 277252,
				"STRING": "吉田は、あの妖精から鍵を巻き上げられたわけじゃないのか。",
				"ENG_STRING": "吉田は、あの妖精から鍵を巻き上げられたわけじゃないのか。"
			},
			{
				"TYPE": "ZM",
				"ID": 277253,
				"NAME": "満琉",
				"ENG_NAME": "満琉",
				"STRING": "（気づかないうちにポケットから抜き出された……？）",
				"ENG_STRING": "（気づかないうちにポケットから抜き出された……？）"
			},
			{
				"TYPE": "ZM",
				"ID": 277254,
				"STRING": "しかし、あの騒々しいのが近づいて来て気づかないってのは変か。",
				"ENG_STRING": "しかし、あの騒々しいのが近づいて来て気づかないってのは変か。"
			}
		],
		"CHAPTER_SUBNAME": "S02_10_06　妖精来なかった"
	},
	"S02_10_09": {
		"MESSAGES": [
			{
				"TYPE": "ZM",
				"ID": 277761,
				"STRING": "他に聞きたいことは……",
				"ENG_STRING": "他に聞きたいことは……"
			}
		],
		"CHAPTER_SUBNAME": "S02_10_09"
	},
	"S02_10_08": {
		"MESSAGES": [
			{
				"TYPE": "ZM",
				"ID": 278018,
				"NAME": "真弥",
				"ENG_NAME": "真弥",
				"STRING": "「ねえねえ、どうしたの？　妖精ってなに？」@n",
				"ENG_STRING": "「ねえねえ、どうしたの？　妖精ってなに？」@n"
			},
			{
				"TYPE": "ZM",
				"ID": 278019,
				"NAME": "満琉",
				"ENG_NAME": "満琉",
				"STRING": "「あー、いや大したことじゃねえよ」",
				"ENG_STRING": "「あー、いや大したことじゃねえよ」"
			},
			{
				"TYPE": "ZM",
				"ID": 278020,
				"STRING": "鍵を盗んで回ってる妖精がいるなんてこいつに話したらあっという間に学園中に広まりそうだ。",
				"ENG_STRING": "鍵を盗んで回ってる妖精がいるなんてこいつに話したらあっという間に学園中に広まりそうだ。"
			},
			{
				"TYPE": "ZM",
				"ID": 278021,
				"STRING": "はぐらかしつつ、ついでに黒谷にも聞いてみる。",
				"ENG_STRING": "はぐらかしつつ、ついでに黒谷にも聞いてみる。"
			},
			{
				"TYPE": "ZM",
				"ID": 278022,
				"NAME": "満琉",
				"ENG_NAME": "満琉",
				"STRING": "「ちなみに黒谷は鍵も何もなくしてないんだよな？」",
				"ENG_STRING": "「ちなみに黒谷は鍵も何もなくしてないんだよな？」"
			},
			{
				"TYPE": "ZM",
				"ID": 278023,
				"NAME": "真弥",
				"ENG_NAME": "真弥",
				"STRING": "「うん、私は平気」",
				"ENG_STRING": "「うん、私は平気」"
			},
			{
				"TYPE": "ZM",
				"ID": 278024,
				"NAME": "そあら",
				"ENG_NAME": "そあら",
				"STRING": "「けど、そこら中でみんな鍵がないって騒いでるよね。何が起きてるの？」",
				"ENG_STRING": "「けど、そこら中でみんな鍵がないって騒いでるよね。何が起きてるの？」"
			},
			{
				"TYPE": "ZM",
				"ID": 278025,
				"NAME": "満琉",
				"ENG_NAME": "満琉",
				"STRING": "「ま、まあ鍵を勝手に持って行ってる奴がいるのは確かみたいだけど……」",
				"ENG_STRING": "「ま、まあ鍵を勝手に持って行ってる奴がいるのは確かみたいだけど……」"
			},
			{
				"TYPE": "ZM",
				"ID": 278026,
				"NAME": "真弥",
				"ENG_NAME": "真弥",
				"STRING": "「………わかった！」@n",
				"ENG_STRING": "「………わかった！」@n"
			},
			{
				"TYPE": "ZM",
				"ID": 278027,
				"NAME": "満琉",
				"ENG_NAME": "満琉",
				"STRING": "「へ？」",
				"ENG_STRING": "「へ？」"
			},
			{
				"TYPE": "ZM",
				"ID": 278028,
				"NAME": "真弥",
				"ENG_NAME": "真弥",
				"STRING": "「木を隠すのは森の中って言うから、犯人は本当に欲しい鍵を誤魔化すために大量に盗んだんだよ！」",
				"ENG_STRING": "「木を隠すのは森の中って言うから、犯人は本当に欲しい鍵を誤魔化すために大量に盗んだんだよ！」"
			},
			{
				"TYPE": "ZM",
				"ID": 278029,
				"NAME": "満琉",
				"ENG_NAME": "満琉",
				"STRING": "「……誤魔化すため、ねえ」",
				"ENG_STRING": "「……誤魔化すため、ねえ」"
			},
			{
				"TYPE": "ZM",
				"ID": 278030,
				"NAME": "真弥",
				"ENG_NAME": "真弥",
				"STRING": "「うん！　どうこの推理！」",
				"ENG_STRING": "「うん！　どうこの推理！」"
			},
			{
				"TYPE": "ZM",
				"ID": 278031,
				"NAME": "憂緒",
				"ENG_NAME": "憂緒",
				"STRING": "「誤魔化しているようには見えませんでしたね…」",
				"ENG_STRING": "「誤魔化しているようには見えませんでしたね…」"
			},
			{
				"TYPE": "ZM",
				"ID": 278032,
				"STRING": "黒谷に聞こえないように、ぽつりとモー子が言う。",
				"ENG_STRING": "黒谷に聞こえないように、ぽつりとモー子が言う。"
			},
			{
				"TYPE": "ZM",
				"ID": 278033,
				"STRING": "うん、俺もそう思う。",
				"ENG_STRING": "うん、俺もそう思う。"
			},
			{
				"TYPE": "ZM",
				"ID": 278034,
				"NAME": "そあら",
				"ENG_NAME": "そあら",
				"STRING": "「……あの、ところでさあ」",
				"ENG_STRING": "「……あの、ところでさあ」"
			},
			{
				"TYPE": "ZM",
				"ID": 278035,
				"NAME": "満琉",
				"ENG_NAME": "満琉",
				"STRING": "「ん？」",
				"ENG_STRING": "「ん？」"
			},
			{
				"TYPE": "ZM",
				"ID": 278036,
				"NAME": "そあら",
				"ENG_NAME": "そあら",
				"STRING": "「その……手錠、なんで……？」",
				"ENG_STRING": "「その……手錠、なんで……？」"
			},
			{
				"TYPE": "ZM",
				"ID": 278037,
				"NAME": "満琉",
				"ENG_NAME": "満琉",
				"STRING": "「あー……えーとな……」",
				"ENG_STRING": "「あー……えーとな……」"
			},
			{
				"TYPE": "ZM",
				"ID": 278038,
				"NAME": "憂緒",
				"ENG_NAME": "憂緒",
				"STRING": "「事故です」",
				"ENG_STRING": "「事故です」"
			},
			{
				"TYPE": "ZM",
				"ID": 278039,
				"STRING": "俺が返答に詰まっていると、モー子が眉間にしわを寄せながら一言ですませようとする。",
				"ENG_STRING": "俺が返答に詰まっていると、モー子が眉間にしわを寄せながら一言ですませようとする。"
			},
			{
				"TYPE": "ZM",
				"ID": 278040,
				"NAME": "真弥",
				"ENG_NAME": "真弥",
				"STRING": "「だからその事故って何？」",
				"ENG_STRING": "「だからその事故って何？」"
			},
			{
				"TYPE": "ZM",
				"ID": 278041,
				"NAME": "満琉",
				"ENG_NAME": "満琉",
				"STRING": "「あの、あれだ、俺らも手錠で遊んでたら鍵が突然なくなっちまってな？」",
				"ENG_STRING": "「あの、あれだ、俺らも手錠で遊んでたら鍵が突然なくなっちまってな？」"
			},
			{
				"TYPE": "ZM",
				"ID": 278042,
				"NAME": "そあら",
				"ENG_NAME": "そあら",
				"STRING": "「そ、そうなんだ……」",
				"ENG_STRING": "「そ、そうなんだ……」"
			},
			{
				"TYPE": "ZM",
				"ID": 278043,
				"NAME": "真弥",
				"ENG_NAME": "真弥",
				"STRING": "「よりにもよって、ねえ……」",
				"ENG_STRING": "「よりにもよって、ねえ……」"
			},
			{
				"TYPE": "ZM",
				"ID": 278044,
				"NAME": "そあら",
				"ENG_NAME": "そあら",
				"STRING": "「大変だね……」",
				"ENG_STRING": "「大変だね……」"
			},
			{
				"TYPE": "ZM",
				"ID": 278045,
				"STRING": "ものすごく同情されてしまった。",
				"ENG_STRING": "ものすごく同情されてしまった。"
			},
			{
				"TYPE": "ZM",
				"ID": 278046,
				"STRING": "そりゃそうか。",
				"ENG_STRING": "そりゃそうか。"
			},
			{
				"TYPE": "ZM",
				"ID": 278047,
				"NAME": "そあら",
				"ENG_NAME": "そあら",
				"STRING": "「あ、授業始まる」@n",
				"ENG_STRING": "「あ、授業始まる」@n"
			},
			{
				"TYPE": "ZM",
				"ID": 278048,
				"NAME": "真弥",
				"ENG_NAME": "真弥",
				"STRING": "「……あの、後ろの方に確かパイプ椅子ならありますけど」",
				"ENG_STRING": "「……あの、後ろの方に確かパイプ椅子ならありますけど」"
			},
			{
				"TYPE": "ZM",
				"ID": 278049,
				"NAME": "憂緒",
				"ENG_NAME": "憂緒",
				"STRING": "「お借りします」",
				"ENG_STRING": "「お借りします」"
			},
			{
				"TYPE": "ZM",
				"ID": 278050,
				"STRING": "そう言えば、俺の椅子に二人で無理矢理座るってのはあんまりだな。",
				"ENG_STRING": "そう言えば、俺の椅子に二人で無理矢理座るってのはあんまりだな。"
			},
			{
				"TYPE": "ZM",
				"ID": 278051,
				"NAME": "満琉",
				"ENG_NAME": "満琉",
				"STRING": "「じゃあ取って来……おわっ！？」",
				"ENG_STRING": "「じゃあ取って来……おわっ！？」"
			},
			{
				"TYPE": "ZM",
				"ID": 278052,
				"NAME": "憂緒",
				"ENG_NAME": "憂緒",
				"STRING": "「あっさり忘れて動かないで下さいっ！」",
				"ENG_STRING": "「あっさり忘れて動かないで下さいっ！」"
			},
			{
				"TYPE": "ZM",
				"ID": 278053,
				"NAME": "満琉",
				"ENG_NAME": "満琉",
				"STRING": "「す、すまん、つい」",
				"ENG_STRING": "「す、すまん、つい」"
			},
			{
				"TYPE": "ZM",
				"ID": 278054,
				"NAME": "そあら",
				"ENG_NAME": "そあら",
				"STRING": "「あああ、取ってきます！　椅子くらい取ってきますからー！」@n",
				"ENG_STRING": "「あああ、取ってきます！　椅子くらい取ってきますからー！」@n"
			},
			{
				"TYPE": "ZM",
				"ID": 278055,
				"STRING": "吉田が持って来てくれたパイプ椅子を俺の席の横に並べてモー子が座る。",
				"ENG_STRING": "吉田が持って来てくれたパイプ椅子を俺の席の横に並べてモー子が座る。"
			},
			{
				"TYPE": "ZM",
				"ID": 278056,
				"STRING": "当然ながら教室中から注目の的だったが、黒谷が『鍵取られたんだって』と触れ回ってくれたおかげで誰も突っ込んでこなかった。",
				"ENG_STRING": "当然ながら教室中から注目の的だったが、黒谷が『鍵取られたんだって』と触れ回ってくれたおかげで誰も突っ込んでこなかった。"
			},
			{
				"TYPE": "ZM",
				"ID": 278057,
				"STRING": "……生徒は。",
				"ENG_STRING": "……生徒は。"
			},
			{
				"TYPE": "ZM",
				"ID": 278058,
				"NAME": "教師",
				"ENG_NAME": "教師",
				"STRING": "「おはよ……………う？」",
				"ENG_STRING": "「おはよ……………う？」"
			},
			{
				"TYPE": "ZM",
				"ID": 278059,
				"STRING": "入って来た途端に、絶句する先生。",
				"ENG_STRING": "入って来た途端に、絶句する先生。"
			},
			{
				"TYPE": "ZM",
				"ID": 278060,
				"NAME": "教師",
				"ENG_NAME": "教師",
				"STRING": "「…………鹿ケ谷？」",
				"ENG_STRING": "「…………鹿ケ谷？」"
			},
			{
				"TYPE": "ZM",
				"ID": 278061,
				"NAME": "憂緒",
				"ENG_NAME": "憂緒",
				"STRING": "「はい」",
				"ENG_STRING": "「はい」"
			},
			{
				"TYPE": "ZM",
				"ID": 278062,
				"NAME": "教師",
				"ENG_NAME": "教師",
				"STRING": "「何やってんだ、お前ら……」",
				"ENG_STRING": "「何やってんだ、お前ら……」"
			},
			{
				"TYPE": "ZM",
				"ID": 278063,
				"NAME": "満琉",
				"ENG_NAME": "満琉",
				"STRING": "「み、見ての通り手錠が外せなくなりまして……」",
				"ENG_STRING": "「み、見ての通り手錠が外せなくなりまして……」"
			},
			{
				"TYPE": "ZM",
				"ID": 278064,
				"NAME": "教師",
				"ENG_NAME": "教師",
				"STRING": "「……………………」",
				"ENG_STRING": "「……………………」"
			},
			{
				"TYPE": "ZM",
				"ID": 278065,
				"NAME": "満琉",
				"ENG_NAME": "満琉",
				"STRING": "「いや、あの、なんか学園中で鍵がなくなってるじゃないですか？　俺らも遊んでたら、その、鍵が……」",
				"ENG_STRING": "「いや、あの、なんか学園中で鍵がなくなってるじゃないですか？　俺らも遊んでたら、その、鍵が……」"
			},
			{
				"TYPE": "ZM",
				"ID": 278066,
				"NAME": "教師",
				"ENG_NAME": "教師",
				"STRING": "「……………そうか」",
				"ENG_STRING": "「……………そうか」"
			},
			{
				"TYPE": "ZM",
				"ID": 278067,
				"NAME": "満琉",
				"ENG_NAME": "満琉",
				"STRING": "「え、ええ」",
				"ENG_STRING": "「え、ええ」"
			},
			{
				"TYPE": "ZM",
				"ID": 278068,
				"NAME": "憂緒",
				"ENG_NAME": "憂緒",
				"STRING": "「そう言うわけですので、不本意ながら同席させて下さい」",
				"ENG_STRING": "「そう言うわけですので、不本意ながら同席させて下さい」"
			},
			{
				"TYPE": "ZM",
				"ID": 278069,
				"NAME": "教師",
				"ENG_NAME": "教師",
				"STRING": "「……し、仕方ないな。えー、じゃあ出席取るぞー」",
				"ENG_STRING": "「……し、仕方ないな。えー、じゃあ出席取るぞー」"
			},
			{
				"TYPE": "ZM",
				"ID": 278070,
				"STRING": "見なかったことにする、とでも言いたげに先生は目線を逸らした。",
				"ENG_STRING": "見なかったことにする、とでも言いたげに先生は目線を逸らした。"
			},
			{
				"TYPE": "ZM",
				"ID": 278071,
				"NAME": "憂緒",
				"ENG_NAME": "憂緒",
				"STRING": "「……早く……」",
				"ENG_STRING": "「……早く……」"
			},
			{
				"TYPE": "ZM",
				"ID": 278072,
				"NAME": "満琉",
				"ENG_NAME": "満琉",
				"STRING": "「え？」",
				"ENG_STRING": "「え？」"
			},
			{
				"TYPE": "ZM",
				"ID": 278073,
				"STRING": "押し殺した声でモー子が言った。",
				"ENG_STRING": "押し殺した声でモー子が言った。"
			},
			{
				"TYPE": "ZM",
				"ID": 278074,
				"NAME": "憂緒",
				"ENG_NAME": "憂緒",
				"STRING": "「一刻も早く、妖精を見つけ出さないとっ……！」",
				"ENG_STRING": "「一刻も早く、妖精を見つけ出さないとっ……！」"
			},
			{
				"TYPE": "ZM",
				"ID": 278075,
				"NAME": "満琉",
				"ENG_NAME": "満琉",
				"STRING": "「……そ、そうだな」",
				"ENG_STRING": "「……そ、そうだな」"
			},
			{
				"TYPE": "ZM",
				"ID": 278076,
				"STRING": "視線こそ集まってこないが、周り中から興味と好奇に満ちあふれた気配を感じる。",
				"ENG_STRING": "視線こそ集まってこないが、周り中から興味と好奇に満ちあふれた気配を感じる。"
			},
			{
				"TYPE": "ZM",
				"ID": 278077,
				"NAME": "満琉",
				"ENG_NAME": "満琉",
				"STRING": "（なんだこの羞恥プレイ……）",
				"ENG_STRING": "（なんだこの羞恥プレイ……）"
			},
			{
				"TYPE": "ZM",
				"ID": 278078,
				"STRING": "あいにく、それがご褒美な趣味はないのでただの苦行だった……。",
				"ENG_STRING": "あいにく、それがご褒美な趣味はないのでただの苦行だった……。"
			}
		],
		"CHAPTER_SUBNAME": "S02_10_08"
	},
	"S02_11_01　聞き込みタイム": {
		"MESSAGES": [
			{
				"TYPE": "ZM",
				"ID": 278079,
				"STRING": "地味に辛い授業が終わり、ようやく教室から解放された。",
				"ENG_STRING": "地味に辛い授業が終わり、ようやく教室から解放された。"
			},
			{
				"TYPE": "ZM",
				"ID": 278080,
				"NAME": "小太郎",
				"ENG_NAME": "小太郎",
				"STRING": "「……お、お疲れさま」@n",
				"ENG_STRING": "「……お、お疲れさま」@n"
			},
			{
				"TYPE": "ZM",
				"ID": 278081,
				"STRING": "廊下で落ち合ったおまるが、顔を見るなり引きつった声で言う。",
				"ENG_STRING": "廊下で落ち合ったおまるが、顔を見るなり引きつった声で言う。"
			},
			{
				"TYPE": "ZM",
				"ID": 278082,
				"NAME": "満琉",
				"ENG_NAME": "満琉",
				"STRING": "「おう疲れたとも」",
				"ENG_STRING": "「おう疲れたとも」"
			},
			{
				"TYPE": "ZM",
				"ID": 278083,
				"NAME": "小太郎",
				"ENG_NAME": "小太郎",
				"STRING": "「うん、顔に出てるよ」",
				"ENG_STRING": "「うん、顔に出てるよ」"
			},
			{
				"TYPE": "ZM",
				"ID": 278084,
				"NAME": "憂緒",
				"ENG_NAME": "憂緒",
				"STRING": "「ですが疲れている場合ではありません」",
				"ENG_STRING": "「ですが疲れている場合ではありません」"
			},
			{
				"TYPE": "ZM",
				"ID": 278085,
				"NAME": "満琉",
				"ENG_NAME": "満琉",
				"STRING": "「まあな。で、どうする？」",
				"ENG_STRING": "「まあな。で、どうする？」"
			},
			{
				"TYPE": "ZM",
				"ID": 278086,
				"NAME": "憂緒",
				"ENG_NAME": "憂緒",
				"STRING": "「……情報を集めましょう。やみくもに妖精を捜し回っても捕まえられるとは思えません」",
				"ENG_STRING": "「……情報を集めましょう。やみくもに妖精を捜し回っても捕まえられるとは思えません」"
			},
			{
				"TYPE": "ZM",
				"ID": 278087,
				"NAME": "満琉",
				"ENG_NAME": "満琉",
				"STRING": "「やたらすばしっこかったからなぁ…」",
				"ENG_STRING": "「やたらすばしっこかったからなぁ…」"
			},
			{
				"TYPE": "ZM",
				"ID": 278088,
				"NAME": "小太郎",
				"ENG_NAME": "小太郎",
				"STRING": "「じゃあ、どこに行くの？」",
				"ENG_STRING": "「じゃあ、どこに行くの？」"
			},
			{
				"TYPE": "ZM",
				"ID": 278089,
				"NAME": "憂緒",
				"ENG_NAME": "憂緒",
				"STRING": "「まず、リトさんに遺品について詳しく聞いておく必要がありますね」",
				"ENG_STRING": "「まず、リトさんに遺品について詳しく聞いておく必要がありますね」"
			},
			{
				"TYPE": "ZM",
				"ID": 278090,
				"NAME": "満琉",
				"ENG_NAME": "満琉",
				"STRING": "「あの人、そんなに遺品に詳しいのか？」",
				"ENG_STRING": "「あの人、そんなに遺品に詳しいのか？」"
			},
			{
				"TYPE": "ZM",
				"ID": 278091,
				"NAME": "憂緒",
				"ENG_NAME": "憂緒",
				"STRING": "「学園長のお墨付きですよ。遺品について知りたいときは、彼女に聞けばほぼ何でも答えてくれます」",
				"ENG_STRING": "「学園長のお墨付きですよ。遺品について知りたいときは、彼女に聞けばほぼ何でも答えてくれます」"
			},
			{
				"TYPE": "ZM",
				"ID": 278092,
				"NAME": "憂緒",
				"ENG_NAME": "憂緒",
				"STRING": "「もっとも、こちらが適切な質問をできるかどうかにもよりますが」",
				"ENG_STRING": "「もっとも、こちらが適切な質問をできるかどうかにもよりますが」"
			},
			{
				"TYPE": "ZM",
				"ID": 278093,
				"NAME": "満琉",
				"ENG_NAME": "満琉",
				"STRING": "「あとは……一応、風紀委員も捕まえてみるか？　手錠の鍵持って行かれたし」",
				"ENG_STRING": "「あとは……一応、風紀委員も捕まえてみるか？　手錠の鍵持って行かれたし」"
			},
			{
				"TYPE": "ZM",
				"ID": 278094,
				"NAME": "憂緒",
				"ENG_NAME": "憂緒",
				"STRING": "「……謝罪はすべきですね」",
				"ENG_STRING": "「……謝罪はすべきですね」"
			},
			{
				"TYPE": "ZM",
				"ID": 278095,
				"NAME": "満琉",
				"ENG_NAME": "満琉",
				"STRING": "「それじゃあ、誰の所から行くんだ？」",
				"ENG_STRING": "「それじゃあ、誰の所から行くんだ？」"
			},
			{
				"TYPE": "ZM",
				"ID": 278096,
				"NAME": "憂緒",
				"ENG_NAME": "憂緒",
				"STRING": "「ご自由にどうぞ」",
				"ENG_STRING": "「ご自由にどうぞ」"
			},
			{
				"TYPE": "ZM",
				"ID": 278097,
				"NAME": "満琉",
				"ENG_NAME": "満琉",
				"STRING": "「俺が決めていいのか？」",
				"ENG_STRING": "「俺が決めていいのか？」"
			},
			{
				"TYPE": "ZM",
				"ID": 278098,
				"NAME": "憂緒",
				"ENG_NAME": "憂緒",
				"STRING": "「この状態では、きみの行くべきところと、私の行くべきところが違ってもどうにもなりませんので」",
				"ENG_STRING": "「この状態では、きみの行くべきところと、私の行くべきところが違ってもどうにもなりませんので」"
			},
			{
				"TYPE": "ZM",
				"ID": 278099,
				"NAME": "満琉",
				"ENG_NAME": "満琉",
				"STRING": "「……」",
				"ENG_STRING": "「……」"
			},
			{
				"TYPE": "ZM",
				"ID": 278100,
				"STRING": "またうっかり言い返してしまいそうになったが、何とか言葉を飲み込む。",
				"ENG_STRING": "またうっかり言い返してしまいそうになったが、何とか言葉を飲み込む。"
			},
			{
				"TYPE": "ZM",
				"ID": 278101,
				"STRING": "今は情報を集めることが先決、だよな。",
				"ENG_STRING": "今は情報を集めることが先決、だよな。"
			},
			{
				"TYPE": "ZM",
				"ID": 278102,
				"STRING": "さて、誰の所から行くかな。",
				"ENG_STRING": "さて、誰の所から行くかな。"
			},
			{
				"TYPE": "SELR",
				"ID": 0,
				"STRING": "静春",
				"ENG_STRING": "静春"
			},
			{
				"TYPE": "SELR",
				"ID": 1,
				"STRING": "鍔姫",
				"ENG_STRING": "鍔姫"
			},
			{
				"TYPE": "SELR",
				"ID": 2,
				"STRING": "リト",
				"ENG_STRING": "リト"
			}
		],
		"CHAPTER_SUBNAME": "S02_11_01　聞き込みタイム"
	},
	"S02_11_03　静春": {
		"MESSAGES": [
			{
				"TYPE": "ZM",
				"ID": 278785,
				"STRING": "盗まれた鍵に規則性はないようだ。",
				"ENG_STRING": "盗まれた鍵に規則性はないようだ。"
			},
			{
				"TYPE": "ZM",
				"ID": 278786,
				"STRING": "女子トイレの掃除道具入れの鍵までなくなっているらしい……。",
				"ENG_STRING": "女子トイレの掃除道具入れの鍵までなくなっているらしい……。"
			}
		],
		"CHAPTER_SUBNAME": "S02_11_03　静春"
	},
	"S02_11_02　静春": {
		"MESSAGES": [
			{
				"TYPE": "ZM",
				"ID": 279041,
				"NAME": "満琉",
				"ENG_NAME": "満琉",
				"STRING": "「あー、いたいた！　静春ちゃーん」",
				"ENG_STRING": "「あー、いたいた！　静春ちゃーん」"
			},
			{
				"TYPE": "ZM",
				"ID": 279042,
				"NAME": "静春",
				"ENG_NAME": "静春",
				"STRING": "「誰が静春ちゃんだっ！？」@n",
				"ENG_STRING": "「誰が静春ちゃんだっ！？」@n"
			},
			{
				"TYPE": "ZM",
				"ID": 279043,
				"STRING": "廊下にいた村雲を見つけて声を掛けるとすごい形相で飛んできた。",
				"ENG_STRING": "廊下にいた村雲を見つけて声を掛けるとすごい形相で飛んできた。"
			},
			{
				"TYPE": "ZM",
				"ID": 279044,
				"NAME": "静春",
				"ENG_NAME": "静春",
				"STRING": "「てめー、先輩に向かってでかい声でそういう……」",
				"ENG_STRING": "「てめー、先輩に向かってでかい声でそういう……」"
			},
			{
				"TYPE": "ZM",
				"ID": 279045,
				"NAME": "満琉",
				"ENG_NAME": "満琉",
				"STRING": "「なあ、これお前のだよな」",
				"ENG_STRING": "「なあ、これお前のだよな」"
			},
			{
				"TYPE": "ZM",
				"ID": 279046,
				"NAME": "静春",
				"ENG_NAME": "静春",
				"STRING": "「ん？　え？　あーっ！？　ないと思ったら！　なんでお前らが持ってんだ！？」@n",
				"ENG_STRING": "「ん？　え？　あーっ！？　ないと思ったら！　なんでお前らが持ってんだ！？」@n"
			},
			{
				"TYPE": "ZM",
				"ID": 279047,
				"NAME": "憂緒",
				"ENG_NAME": "憂緒",
				"STRING": "「昨日、分室へ来られたときに落として行かれたのですが」",
				"ENG_STRING": "「昨日、分室へ来られたときに落として行かれたのですが」"
			},
			{
				"TYPE": "ZM",
				"ID": 279048,
				"NAME": "静春",
				"ENG_NAME": "静春",
				"STRING": "「そ、そうか、すまん……いやふざけてないで返せよ」@n",
				"ENG_STRING": "「そ、そうか、すまん……いやふざけてないで返せよ」@n"
			},
			{
				"TYPE": "ZM",
				"ID": 279049,
				"NAME": "満琉",
				"ENG_NAME": "満琉",
				"STRING": "「全力でそうしたいんだが、鍵がないんだ」",
				"ENG_STRING": "「全力でそうしたいんだが、鍵がないんだ」"
			},
			{
				"TYPE": "ZM",
				"ID": 279050,
				"NAME": "静春",
				"ENG_NAME": "静春",
				"STRING": "「鍵？　ま、まさかそれって……」@n",
				"ENG_STRING": "「鍵？　ま、まさかそれって……」@n"
			},
			{
				"TYPE": "ZM",
				"ID": 279051,
				"NAME": "憂緒",
				"ENG_NAME": "憂緒",
				"STRING": "「お察しの通り例の騒ぎです。大変申し訳ありません」",
				"ENG_STRING": "「お察しの通り例の騒ぎです。大変申し訳ありません」"
			},
			{
				"TYPE": "ZM",
				"ID": 279052,
				"NAME": "静春",
				"ENG_NAME": "静春",
				"STRING": "「何やってんだよ！？　よりにもよってオレの手錠で！」",
				"ENG_STRING": "「何やってんだよ！？　よりにもよってオレの手錠で！」"
			},
			{
				"TYPE": "ZM",
				"ID": 279053,
				"NAME": "満琉",
				"ENG_NAME": "満琉",
				"STRING": "「いや、マジでこれに関しては反省してるんだ、すまん」",
				"ENG_STRING": "「いや、マジでこれに関しては反省してるんだ、すまん」"
			},
			{
				"TYPE": "ZM",
				"ID": 279054,
				"NAME": "小太郎",
				"ENG_NAME": "小太郎",
				"STRING": "「ごめんなさいっ！」",
				"ENG_STRING": "「ごめんなさいっ！」"
			},
			{
				"TYPE": "ZM",
				"ID": 279055,
				"NAME": "静春",
				"ENG_NAME": "静春",
				"STRING": "「な……なんだよ気持ち悪ぃ。やけに殊勝だな……」",
				"ENG_STRING": "「な……なんだよ気持ち悪ぃ。やけに殊勝だな……」"
			},
			{
				"TYPE": "ZM",
				"ID": 279056,
				"NAME": "満琉",
				"ENG_NAME": "満琉",
				"STRING": "「このまま授業受けてみたら悔い改めたくなるぞ」",
				"ENG_STRING": "「このまま授業受けてみたら悔い改めたくなるぞ」"
			},
			{
				"TYPE": "ZM",
				"ID": 279057,
				"NAME": "静春",
				"ENG_NAME": "静春",
				"STRING": "「…………………」",
				"ENG_STRING": "「…………………」"
			},
			{
				"TYPE": "ZM",
				"ID": 279058,
				"STRING": "だいたい想像がついたらしく、村雲にしては気の毒そうな顔になった。",
				"ENG_STRING": "だいたい想像がついたらしく、村雲にしては気の毒そうな顔になった。"
			},
			{
				"TYPE": "ZM",
				"ID": 279059,
				"NAME": "満琉",
				"ENG_NAME": "満琉",
				"STRING": "「なんなら試してみるか？　おまる貸してやるぞ」@n",
				"ENG_STRING": "「なんなら試してみるか？　おまる貸してやるぞ」@n"
			},
			{
				"TYPE": "ZM",
				"ID": 279060,
				"NAME": "小太郎",
				"ENG_NAME": "小太郎",
				"STRING": "「なんでおれなのっ！？」@n",
				"ENG_STRING": "「なんでおれなのっ！？」@n"
			},
			{
				"TYPE": "ZM",
				"ID": 279061,
				"NAME": "静春",
				"ENG_NAME": "静春",
				"STRING": "「冗談じゃねえっ！！」",
				"ENG_STRING": "「冗談じゃねえっ！！」"
			},
			{
				"TYPE": "ZM",
				"ID": 279062,
				"NAME": "憂緒",
				"ENG_NAME": "憂緒",
				"STRING": "「これ以上被害者を増やそうとしないで下さい。それより妖精です」@n",
				"ENG_STRING": "「これ以上被害者を増やそうとしないで下さい。それより妖精です」@n"
			},
			{
				"TYPE": "ZM",
				"ID": 279063,
				"NAME": "満琉",
				"ENG_NAME": "満琉",
				"STRING": "「あー、そうそう。鍵盗んでいった妖精捜してんだけどさ」",
				"ENG_STRING": "「あー、そうそう。鍵盗んでいった妖精捜してんだけどさ」"
			},
			{
				"TYPE": "ZM",
				"ID": 279064,
				"NAME": "静春",
				"ENG_NAME": "静春",
				"STRING": "「妖精？　お前ら見たのか？」",
				"ENG_STRING": "「妖精？　お前ら見たのか？」"
			},
			{
				"TYPE": "ZM",
				"ID": 279065,
				"NAME": "満琉",
				"ENG_NAME": "満琉",
				"STRING": "「ああ、逃げられたけどな」",
				"ENG_STRING": "「ああ、逃げられたけどな」"
			},
			{
				"TYPE": "ZM",
				"ID": 279066,
				"NAME": "静春",
				"ENG_NAME": "静春",
				"STRING": "「ふうん……他の生徒達も、妖精みたいなのに取られたって言うし全部同じ奴の仕業か」",
				"ENG_STRING": "「ふうん……他の生徒達も、妖精みたいなのに取られたって言うし全部同じ奴の仕業か」"
			},
			{
				"TYPE": "ZM",
				"ID": 279067,
				"NAME": "満琉",
				"ENG_NAME": "満琉",
				"STRING": "「取られてる鍵ってバラバラなんだよな？　部屋のとか、自転車のとか」",
				"ENG_STRING": "「取られてる鍵ってバラバラなんだよな？　部屋のとか、自転車のとか」"
			},
			{
				"TYPE": "ZM",
				"ID": 279068,
				"NAME": "静春",
				"ENG_NAME": "静春",
				"STRING": "「規則性はまったくねーな。女子トイレの掃除用具入れの鍵とかわけのわからん物までなくなってる」",
				"ENG_STRING": "「規則性はまったくねーな。女子トイレの掃除用具入れの鍵とかわけのわからん物までなくなってる」"
			},
			{
				"TYPE": "ZM",
				"ID": 279069,
				"NAME": "満琉",
				"ENG_NAME": "満琉",
				"STRING": "「そんな所に鍵なんかついてたのか」",
				"ENG_STRING": "「そんな所に鍵なんかついてたのか」"
			},
			{
				"TYPE": "ZM",
				"ID": 279070,
				"NAME": "静春",
				"ENG_NAME": "静春",
				"STRING": "「昔、馬鹿が隠れてたことがあったらしくてな……」",
				"ENG_STRING": "「昔、馬鹿が隠れてたことがあったらしくてな……」"
			},
			{
				"TYPE": "ZM",
				"ID": 279071,
				"NAME": "小太郎",
				"ENG_NAME": "小太郎",
				"STRING": "「そんなとこ隠れてどうするんですか？」",
				"ENG_STRING": "「そんなとこ隠れてどうするんですか？」"
			},
			{
				"TYPE": "ZM",
				"ID": 279072,
				"NAME": "静春",
				"ENG_NAME": "静春",
				"STRING": "「音でも聞きたかったんじゃねーの？」",
				"ENG_STRING": "「音でも聞きたかったんじゃねーの？」"
			},
			{
				"TYPE": "ZM",
				"ID": 279073,
				"NAME": "小太郎",
				"ENG_NAME": "小太郎",
				"STRING": "「変態じゃないですかっ！？」@n",
				"ENG_STRING": "「変態じゃないですかっ！？」@n"
			},
			{
				"TYPE": "ZM",
				"ID": 279074,
				"NAME": "静春",
				"ENG_NAME": "静春",
				"STRING": "「だから鍵がついたんだろ」",
				"ENG_STRING": "「だから鍵がついたんだろ」"
			},
			{
				"TYPE": "ZM",
				"ID": 279075,
				"NAME": "満琉",
				"ENG_NAME": "満琉",
				"STRING": "「詳しいな、お前」",
				"ENG_STRING": "「詳しいな、お前」"
			},
			{
				"TYPE": "ZM",
				"ID": 279076,
				"NAME": "静春",
				"ENG_NAME": "静春",
				"STRING": "「変な言い方すんじゃねえっ！？　風紀委員の取り締まり記録に残ってただけだっ！！」",
				"ENG_STRING": "「変な言い方すんじゃねえっ！？　風紀委員の取り締まり記録に残ってただけだっ！！」"
			},
			{
				"TYPE": "ZM",
				"ID": 279077,
				"NAME": "満琉",
				"ENG_NAME": "満琉",
				"STRING": "「いや、音って発想は俺にはなかったから。普通に上からのぞくのかと」",
				"ENG_STRING": "「いや、音って発想は俺にはなかったから。普通に上からのぞくのかと」"
			},
			{
				"TYPE": "ZM",
				"ID": 279078,
				"NAME": "小太郎",
				"ENG_NAME": "小太郎",
				"STRING": "「それ普通なの……？」",
				"ENG_STRING": "「それ普通なの……？」"
			},
			{
				"TYPE": "ZM",
				"ID": 279079,
				"NAME": "静春",
				"ENG_NAME": "静春",
				"STRING": "「普通じゃねーよ！」",
				"ENG_STRING": "「普通じゃねーよ！」"
			},
			{
				"TYPE": "ZM",
				"ID": 279080,
				"NAME": "満琉",
				"ENG_NAME": "満琉",
				"STRING": "「音よりマシじゃないか？　相当マニアックだぞ、それは」",
				"ENG_STRING": "「音よりマシじゃないか？　相当マニアックだぞ、それは」"
			},
			{
				"TYPE": "ZM",
				"ID": 279081,
				"NAME": "静春",
				"ENG_NAME": "静春",
				"STRING": "「オレが変態寄りみたいに言うんじゃねえっ！！」",
				"ENG_STRING": "「オレが変態寄りみたいに言うんじゃねえっ！！」"
			},
			{
				"TYPE": "ZM",
				"ID": 279082,
				"NAME": "憂緒",
				"ENG_NAME": "憂緒",
				"STRING": "「……盛り上がっているところ申し訳ないのですが」",
				"ENG_STRING": "「……盛り上がっているところ申し訳ないのですが」"
			},
			{
				"TYPE": "ZM",
				"ID": 279083,
				"NAME": "静春",
				"ENG_NAME": "静春",
				"STRING": "「盛り上がってねーよ！！」",
				"ENG_STRING": "「盛り上がってねーよ！！」"
			},
			{
				"TYPE": "ZM",
				"ID": 279084,
				"NAME": "憂緒",
				"ENG_NAME": "憂緒",
				"STRING": "「その変態は今回の事件には関係ないと思われます」",
				"ENG_STRING": "「その変態は今回の事件には関係ないと思われます」"
			},
			{
				"TYPE": "ZM",
				"ID": 279085,
				"NAME": "満琉",
				"ENG_NAME": "満琉",
				"STRING": "「あったら嫌だな」",
				"ENG_STRING": "「あったら嫌だな」"
			},
			{
				"TYPE": "ZM",
				"ID": 279086,
				"NAME": "静春",
				"ENG_NAME": "静春",
				"STRING": "「絶対ねーから忘れろ！！」",
				"ENG_STRING": "「絶対ねーから忘れろ！！」"
			},
			{
				"TYPE": "ZM",
				"ID": 279087,
				"NAME": "憂緒",
				"ENG_NAME": "憂緒",
				"STRING": "「無関係な議論で時間を潰している余裕はないのですが」",
				"ENG_STRING": "「無関係な議論で時間を潰している余裕はないのですが」"
			},
			{
				"TYPE": "ZM",
				"ID": 279088,
				"NAME": "満琉",
				"ENG_NAME": "満琉",
				"STRING": "「あっ……そうだった。妖精捜さないと」",
				"ENG_STRING": "「あっ……そうだった。妖精捜さないと」"
			},
			{
				"TYPE": "ZM",
				"ID": 279089,
				"NAME": "憂緒",
				"ENG_NAME": "憂緒",
				"STRING": "「思い出していただけて幸いです」",
				"ENG_STRING": "「思い出していただけて幸いです」"
			},
			{
				"TYPE": "ZM",
				"ID": 279090,
				"NAME": "静春",
				"ENG_NAME": "静春",
				"STRING": "「行け、とっとと行け。てめえらと喋ってると調子狂う……」@n",
				"ENG_STRING": "「行け、とっとと行け。てめえらと喋ってると調子狂う……」@n"
			},
			{
				"TYPE": "ZM",
				"ID": 279091,
				"NAME": "満琉",
				"ENG_NAME": "満琉",
				"STRING": "「妖精見かけたら教えてくれよ？」",
				"ENG_STRING": "「妖精見かけたら教えてくれよ？」"
			},
			{
				"TYPE": "ZM",
				"ID": 279092,
				"NAME": "静春",
				"ENG_NAME": "静春",
				"STRING": "「わかったからとっとと行け！」",
				"ENG_STRING": "「わかったからとっとと行け！」"
			},
			{
				"TYPE": "ZM",
				"ID": 279093,
				"STRING": "追い払われたので、村雲を置いてその場を離れた。",
				"ENG_STRING": "追い払われたので、村雲を置いてその場を離れた。"
			},
			{
				"TYPE": "ZM",
				"ID": 279094,
				"NAME": "小太郎",
				"ENG_NAME": "小太郎",
				"STRING": "「なんでみっちーは村雲先輩にだけああいう態度なの？」@n",
				"ENG_STRING": "「なんでみっちーは村雲先輩にだけああいう態度なの？」@n"
			},
			{
				"TYPE": "ZM",
				"ID": 279095,
				"NAME": "満琉",
				"ENG_NAME": "満琉",
				"STRING": "「なんか波長が合わないんだよアイツだけは」",
				"ENG_STRING": "「なんか波長が合わないんだよアイツだけは」"
			},
			{
				"TYPE": "ZM",
				"ID": 279096,
				"NAME": "憂緒",
				"ENG_NAME": "憂緒",
				"STRING": "「……合いすぎるの間違いでは？」",
				"ENG_STRING": "「……合いすぎるの間違いでは？」"
			},
			{
				"TYPE": "ZM",
				"ID": 279097,
				"NAME": "満琉",
				"ENG_NAME": "満琉",
				"STRING": "「どういう意味だよ？」",
				"ENG_STRING": "「どういう意味だよ？」"
			},
			{
				"TYPE": "ZM",
				"ID": 279098,
				"NAME": "小太郎",
				"ENG_NAME": "小太郎",
				"STRING": "「そのまんまの意味だと思うよ……」",
				"ENG_STRING": "「そのまんまの意味だと思うよ……」"
			},
			{
				"TYPE": "ZM",
				"ID": 279099,
				"STRING": "……納得いかん。",
				"ENG_STRING": "……納得いかん。"
			}
		],
		"CHAPTER_SUBNAME": "S02_11_02　静春"
	},
	"S02_11_05　鍔姫": {
		"MESSAGES": [
			{
				"TYPE": "ZM",
				"ID": 279553,
				"STRING": "風紀委員にも鍵紛失の報告は多数来ているようだ。",
				"ENG_STRING": "風紀委員にも鍵紛失の報告は多数来ているようだ。"
			},
			{
				"TYPE": "ZM",
				"ID": 279554,
				"STRING": "妖精を見たという証言も多いという。",
				"ENG_STRING": "妖精を見たという証言も多いという。"
			}
		],
		"CHAPTER_SUBNAME": "S02_11_05　鍔姫"
	},
	"S02_11_04　鍔姫": {
		"MESSAGES": [
			{
				"TYPE": "ZM",
				"ID": 279809,
				"NAME": "小太郎",
				"ENG_NAME": "小太郎",
				"STRING": "「あ、壬生先輩いたよ」",
				"ENG_STRING": "「あ、壬生先輩いたよ」"
			},
			{
				"TYPE": "ZM",
				"ID": 279810,
				"STRING": "廊下を見回っている壬生さんを発見したので声を掛けてみる。",
				"ENG_STRING": "廊下を見回っている壬生さんを発見したので声を掛けてみる。"
			},
			{
				"TYPE": "ZM",
				"ID": 279811,
				"NAME": "鍔姫",
				"ENG_NAME": "鍔姫",
				"STRING": "「やあ、君達………何をしてる？」@n",
				"ENG_STRING": "「やあ、君達………何をしてる？」@n"
			},
			{
				"TYPE": "ZM",
				"ID": 279812,
				"STRING": "俺とモー子の状態を見て怪訝な顔をする。",
				"ENG_STRING": "俺とモー子の状態を見て怪訝な顔をする。"
			},
			{
				"TYPE": "ZM",
				"ID": 279813,
				"STRING": "なんか、もう慣れてきた……。",
				"ENG_STRING": "なんか、もう慣れてきた……。"
			},
			{
				"TYPE": "ZM",
				"ID": 279814,
				"NAME": "満琉",
				"ENG_NAME": "満琉",
				"STRING": "「いや、実は……」",
				"ENG_STRING": "「いや、実は……」"
			},
			{
				"TYPE": "ZM",
				"ID": 279815,
				"STRING": "これまでの事を手っ取り早く説明し、妖精のことも話す。",
				"ENG_STRING": "これまでの事を手っ取り早く説明し、妖精のことも話す。"
			},
			{
				"TYPE": "ZM",
				"ID": 279816,
				"STRING": "壬生さんは眉根を寄せて、合点がいったという風に深く頷いた。",
				"ENG_STRING": "壬生さんは眉根を寄せて、合点がいったという風に深く頷いた。"
			},
			{
				"TYPE": "ZM",
				"ID": 279817,
				"NAME": "鍔姫",
				"ENG_NAME": "鍔姫",
				"STRING": "「そうか、やはり遺品がらみか」",
				"ENG_STRING": "「そうか、やはり遺品がらみか」"
			},
			{
				"TYPE": "ZM",
				"ID": 279818,
				"NAME": "憂緒",
				"ENG_NAME": "憂緒",
				"STRING": "「やはり、ですか」",
				"ENG_STRING": "「やはり、ですか」"
			},
			{
				"TYPE": "ZM",
				"ID": 279819,
				"NAME": "鍔姫",
				"ENG_NAME": "鍔姫",
				"STRING": "「こちらにも、いろいろな所から鍵がなくなった盗まれたと報告が上がってきているんだが……」",
				"ENG_STRING": "「こちらにも、いろいろな所から鍵がなくなった盗まれたと報告が上がってきているんだが……」"
			},
			{
				"TYPE": "ZM",
				"ID": 279820,
				"NAME": "鍔姫",
				"ENG_NAME": "鍔姫",
				"STRING": "「……羽の生えた小さな女の子が『みつけた』と言って抱えていったという証言も多数あるんだ」",
				"ENG_STRING": "「……羽の生えた小さな女の子が『みつけた』と言って抱えていったという証言も多数あるんだ」"
			},
			{
				"TYPE": "ZM",
				"ID": 279821,
				"NAME": "満琉",
				"ENG_NAME": "満琉",
				"STRING": "「あー、やっぱり」",
				"ENG_STRING": "「あー、やっぱり」"
			},
			{
				"TYPE": "ZM",
				"ID": 279822,
				"NAME": "鍔姫",
				"ENG_NAME": "鍔姫",
				"STRING": "「なにしろ風紀委員室の鍵もだからな」",
				"ENG_STRING": "「なにしろ風紀委員室の鍵もだからな」"
			},
			{
				"TYPE": "ZM",
				"ID": 279823,
				"NAME": "小太郎",
				"ENG_NAME": "小太郎",
				"STRING": "「へ？　取られたんですか？」",
				"ENG_STRING": "「へ？　取られたんですか？」"
			},
			{
				"TYPE": "ZM",
				"ID": 279824,
				"NAME": "鍔姫",
				"ENG_NAME": "鍔姫",
				"STRING": "「ああ、扉を開けようとした当番が、羽の生えた少女に持って行かれたと言ってる」",
				"ENG_STRING": "「ああ、扉を開けようとした当番が、羽の生えた少女に持って行かれたと言ってる」"
			},
			{
				"TYPE": "ZM",
				"ID": 279825,
				"NAME": "満琉",
				"ENG_NAME": "満琉",
				"STRING": "「その妖精、どっちに飛んでいったとかそういう話はないですかね？」",
				"ENG_STRING": "「その妖精、どっちに飛んでいったとかそういう話はないですかね？」"
			},
			{
				"TYPE": "ZM",
				"ID": 279826,
				"NAME": "鍔姫",
				"ENG_NAME": "鍔姫",
				"STRING": "「残念ながらそこまで特定出来る情報はないな」",
				"ENG_STRING": "「残念ながらそこまで特定出来る情報はないな」"
			},
			{
				"TYPE": "ZM",
				"ID": 279827,
				"NAME": "満琉",
				"ENG_NAME": "満琉",
				"STRING": "「そうですか……」",
				"ENG_STRING": "「そうですか……」"
			},
			{
				"TYPE": "ZM",
				"ID": 279828,
				"NAME": "鍔姫",
				"ENG_NAME": "鍔姫",
				"STRING": "「風紀でも、委員長の指揮で学園中くまなく捜索しているんだがな…」",
				"ENG_STRING": "「風紀でも、委員長の指揮で学園中くまなく捜索しているんだがな…」"
			},
			{
				"TYPE": "ZM",
				"ID": 279829,
				"NAME": "鍔姫",
				"ENG_NAME": "鍔姫",
				"STRING": "「目撃証言を元に、その妖精らしいのを追っても人が通れない通気口や何かを通る事もあるようで、なかなか追い切れないんだ」",
				"ENG_STRING": "「目撃証言を元に、その妖精らしいのを追っても人が通れない通気口や何かを通る事もあるようで、なかなか追い切れないんだ」"
			},
			{
				"TYPE": "ZM",
				"ID": 279830,
				"NAME": "満琉",
				"ENG_NAME": "満琉",
				"STRING": "「はー、なるほど…」",
				"ENG_STRING": "「はー、なるほど…」"
			},
			{
				"TYPE": "ZM",
				"ID": 279831,
				"NAME": "憂緒",
				"ENG_NAME": "憂緒",
				"STRING": "「委員長自らの指揮でその状態では、相手の機動力は相当なものですね…」",
				"ENG_STRING": "「委員長自らの指揮でその状態では、相手の機動力は相当なものですね…」"
			},
			{
				"TYPE": "ZM",
				"ID": 279832,
				"NAME": "小太郎",
				"ENG_NAME": "小太郎",
				"STRING": "「へえぇ、風紀委員長って出来る人なんですか？」",
				"ENG_STRING": "「へえぇ、風紀委員長って出来る人なんですか？」"
			},
			{
				"TYPE": "ZM",
				"ID": 279833,
				"NAME": "鍔姫",
				"ENG_NAME": "鍔姫",
				"STRING": "「ああ、もちろんさ。あれほど正確な采配を振るう人はそうはいないと思うよ」",
				"ENG_STRING": "「ああ、もちろんさ。あれほど正確な采配を振るう人はそうはいないと思うよ」"
			},
			{
				"TYPE": "ZM",
				"ID": 279834,
				"STRING": "どうやら、かなり信頼を置かれている有能な人物らしい。",
				"ENG_STRING": "どうやら、かなり信頼を置かれている有能な人物らしい。"
			},
			{
				"TYPE": "ZM",
				"ID": 279835,
				"STRING": "そんな人が風紀委員たちを総動員して尻尾もつかませないとか、かなり絶望的な気分になるな……。",
				"ENG_STRING": "そんな人が風紀委員たちを総動員して尻尾もつかませないとか、かなり絶望的な気分になるな……。"
			},
			{
				"TYPE": "ZM",
				"ID": 279836,
				"NAME": "鍔姫",
				"ENG_NAME": "鍔姫",
				"STRING": "「私もその妖精とやらを見かけたらすぐ君達に知らせるようにしよう」",
				"ENG_STRING": "「私もその妖精とやらを見かけたらすぐ君達に知らせるようにしよう」"
			},
			{
				"TYPE": "ZM",
				"ID": 279837,
				"NAME": "憂緒",
				"ENG_NAME": "憂緒",
				"STRING": "「助かります」",
				"ENG_STRING": "「助かります」"
			},
			{
				"TYPE": "ZM",
				"ID": 279838,
				"NAME": "鍔姫",
				"ENG_NAME": "鍔姫",
				"STRING": "「ああ、それじゃあ」",
				"ENG_STRING": "「ああ、それじゃあ」"
			}
		],
		"CHAPTER_SUBNAME": "S02_11_04　鍔姫"
	},
	"S02_11_07　リト": {
		"MESSAGES": [
			{
				"TYPE": "ZM",
				"ID": 280321,
				"STRING": "妖精は遺品に間違いないらしい。",
				"ENG_STRING": "妖精は遺品に間違いないらしい。"
			},
			{
				"TYPE": "ZM",
				"ID": 280322,
				"STRING": "しかし、アバウトすぎる使い方からして遺品と知らず使っている可能性が高い。",
				"ENG_STRING": "しかし、アバウトすぎる使い方からして遺品と知らず使っている可能性が高い。"
			},
			{
				"TYPE": "ZM",
				"ID": 280323,
				"STRING": "そして、このまま使い続けると使用者の命に関わる……。",
				"ENG_STRING": "そして、このまま使い続けると使用者の命に関わる……。"
			}
		],
		"CHAPTER_SUBNAME": "S02_11_07　リト"
	},
	"S02_11_06　リト": {
		"MESSAGES": [
			{
				"TYPE": "ZM",
				"ID": 280577,
				"STRING": "図書館へやってくると、リトはいつも通り巨大な本棚の前にいた。",
				"ENG_STRING": "図書館へやってくると、リトはいつも通り巨大な本棚の前にいた。"
			},
			{
				"TYPE": "ZM",
				"ID": 280578,
				"NAME": "リト",
				"ENG_NAME": "リト",
				"STRING": "「いらっしゃい。何か起きたみたいね」",
				"ENG_STRING": "「いらっしゃい。何か起きたみたいね」"
			},
			{
				"TYPE": "ZM",
				"ID": 280579,
				"NAME": "憂緒",
				"ENG_NAME": "憂緒",
				"STRING": "「ええ……」",
				"ENG_STRING": "「ええ……」"
			},
			{
				"TYPE": "ZM",
				"ID": 280580,
				"STRING": "リトの目線がちらりと手錠につながれた腕に注がれる。",
				"ENG_STRING": "リトの目線がちらりと手錠につながれた腕に注がれる。"
			},
			{
				"TYPE": "ZM",
				"ID": 280581,
				"NAME": "憂緒",
				"ENG_NAME": "憂緒",
				"STRING": "「学園中で鍵を持ち去られる騒ぎが起きています」",
				"ENG_STRING": "「学園中で鍵を持ち去られる騒ぎが起きています」"
			},
			{
				"TYPE": "ZM",
				"ID": 280582,
				"NAME": "憂緒",
				"ENG_NAME": "憂緒",
				"STRING": "「小さな妖精の姿をしていて、鍵を見ると『見つけた』といって抱えて持って行ってしまうんです」",
				"ENG_STRING": "「小さな妖精の姿をしていて、鍵を見ると『見つけた』といって抱えて持って行ってしまうんです」"
			},
			{
				"TYPE": "ZM",
				"ID": 280583,
				"NAME": "リト",
				"ENG_NAME": "リト",
				"STRING": "「それで、外せなくなったの？　その輪っか」",
				"ENG_STRING": "「それで、外せなくなったの？　その輪っか」"
			},
			{
				"TYPE": "ZM",
				"ID": 280584,
				"NAME": "憂緒",
				"ENG_NAME": "憂緒",
				"STRING": "「……その通りです」",
				"ENG_STRING": "「……その通りです」"
			},
			{
				"TYPE": "ZM",
				"ID": 280585,
				"NAME": "憂緒",
				"ENG_NAME": "憂緒",
				"STRING": "「お話したような現象の起こる遺品に、心当たりはありませんか？」",
				"ENG_STRING": "「お話したような現象の起こる遺品に、心当たりはありませんか？」"
			},
			{
				"TYPE": "ZM",
				"ID": 280586,
				"NAME": "リト",
				"ENG_NAME": "リト",
				"STRING": "「そうね……小さな妖精……『見つけた』……抱えて持って行く……」@n",
				"ENG_STRING": "「そうね……小さな妖精……『見つけた』……抱えて持って行く……」@n"
			},
			{
				"TYPE": "ZM",
				"ID": 280587,
				"NAME": "リト",
				"ENG_NAME": "リト",
				"STRING": "「おそらくハイタースプライトではないかしら。探し物をしてくれる妖精の遺品よ」",
				"ENG_STRING": "「おそらくハイタースプライトではないかしら。探し物をしてくれる妖精の遺品よ」"
			},
			{
				"TYPE": "ZM",
				"ID": 280588,
				"NAME": "憂緒",
				"ENG_NAME": "憂緒",
				"STRING": "「妖精自体が遺品の本体ですか？」",
				"ENG_STRING": "「妖精自体が遺品の本体ですか？」"
			},
			{
				"TYPE": "ZM",
				"ID": 280589,
				"NAME": "リト",
				"ENG_NAME": "リト",
				"STRING": "「いいえ、遺品の本体は小さな懐中時計の形状をしているわ」",
				"ENG_STRING": "「いいえ、遺品の本体は小さな懐中時計の形状をしているわ」"
			},
			{
				"TYPE": "ZM",
				"ID": 280590,
				"NAME": "リト",
				"ENG_NAME": "リト",
				"STRING": "「蓋を開けた状態で何かを探すと妖精が現れ、蓋を閉じると妖精は役目を終えて消えるの」",
				"ENG_STRING": "「蓋を開けた状態で何かを探すと妖精が現れ、蓋を閉じると妖精は役目を終えて消えるの」"
			},
			{
				"TYPE": "ZM",
				"ID": 280591,
				"NAME": "満琉",
				"ENG_NAME": "満琉",
				"STRING": "「探し物をしてくれるってことは、鍵だけ持っていく遺品ではないんだな？」",
				"ENG_STRING": "「探し物をしてくれるってことは、鍵だけ持っていく遺品ではないんだな？」"
			},
			{
				"TYPE": "ZM",
				"ID": 280592,
				"NAME": "リト",
				"ENG_NAME": "リト",
				"STRING": "「ええ、使用者の望む物を探してくれる遺品よ」",
				"ENG_STRING": "「ええ、使用者の望む物を探してくれる遺品よ」"
			},
			{
				"TYPE": "ZM",
				"ID": 280593,
				"NAME": "憂緒",
				"ENG_NAME": "憂緒",
				"STRING": "「ということは、遺品の使用者が鍵を望んでいる――」",
				"ENG_STRING": "「ということは、遺品の使用者が鍵を望んでいる――」"
			},
			{
				"TYPE": "ZM",
				"ID": 280594,
				"NAME": "満琉",
				"ENG_NAME": "満琉",
				"STRING": "「遺品使って妖精に鍵を盗ませてる奴は何がしたいんだ、一体？」",
				"ENG_STRING": "「遺品使って妖精に鍵を盗ませてる奴は何がしたいんだ、一体？」"
			},
			{
				"TYPE": "ZM",
				"ID": 280595,
				"NAME": "満琉",
				"ENG_NAME": "満琉",
				"STRING": "「どれか特定の鍵を狙ってるわけでもなさそうだし……それが普通なのか？」",
				"ENG_STRING": "「どれか特定の鍵を狙ってるわけでもなさそうだし……それが普通なのか？」"
			},
			{
				"TYPE": "ZM",
				"ID": 280596,
				"NAME": "リト",
				"ENG_NAME": "リト",
				"STRING": "「いいえ。おそらく遺品を発動させた人が、曖昧な指示しか出していないのではないかしら」",
				"ENG_STRING": "「いいえ。おそらく遺品を発動させた人が、曖昧な指示しか出していないのではないかしら」"
			},
			{
				"TYPE": "ZM",
				"ID": 280597,
				"NAME": "満琉",
				"ENG_NAME": "満琉",
				"STRING": "「どこのどんな鍵を持ってこいって細かく言わなかったってことか？」",
				"ENG_STRING": "「どこのどんな鍵を持ってこいって細かく言わなかったってことか？」"
			},
			{
				"TYPE": "ZM",
				"ID": 280598,
				"NAME": "リト",
				"ENG_NAME": "リト",
				"STRING": "「そう。ただ鍵を持ってこいとだけ言われたらこうなると思うわ」",
				"ENG_STRING": "「そう。ただ鍵を持ってこいとだけ言われたらこうなると思うわ」"
			},
			{
				"TYPE": "ZM",
				"ID": 280599,
				"NAME": "満琉",
				"ENG_NAME": "満琉",
				"STRING": "「アバウトすぎるだろ……」",
				"ENG_STRING": "「アバウトすぎるだろ……」"
			},
			{
				"TYPE": "ZM",
				"ID": 280600,
				"NAME": "小太郎",
				"ENG_NAME": "小太郎",
				"STRING": "「違うの大量に持って来た時点で、指示出し直せないんですか？」",
				"ENG_STRING": "「違うの大量に持って来た時点で、指示出し直せないんですか？」"
			},
			{
				"TYPE": "ZM",
				"ID": 280601,
				"NAME": "リト",
				"ENG_NAME": "リト",
				"STRING": "「もちろんいつでも指示は出し直せるわよ」",
				"ENG_STRING": "「もちろんいつでも指示は出し直せるわよ」"
			},
			{
				"TYPE": "ZM",
				"ID": 280602,
				"NAME": "憂緒",
				"ENG_NAME": "憂緒",
				"STRING": "「では、指示を出したくとも出せない状況……もしくは、遺品と知らず発動させて制御ができていない」",
				"ENG_STRING": "「では、指示を出したくとも出せない状況……もしくは、遺品と知らず発動させて制御ができていない」"
			},
			{
				"TYPE": "ZM",
				"ID": 280603,
				"NAME": "満琉",
				"ENG_NAME": "満琉",
				"STRING": "「あ……！　そうか、普通の生徒は遺品がどうとか知らないのか」",
				"ENG_STRING": "「あ……！　そうか、普通の生徒は遺品がどうとか知らないのか」"
			},
			{
				"TYPE": "ZM",
				"ID": 280604,
				"NAME": "小太郎",
				"ENG_NAME": "小太郎",
				"STRING": "「危険なの？」",
				"ENG_STRING": "「危険なの？」"
			},
			{
				"TYPE": "ZM",
				"ID": 280605,
				"NAME": "憂緒",
				"ENG_NAME": "憂緒",
				"STRING": "「危険な状態ですね」",
				"ENG_STRING": "「危険な状態ですね」"
			},
			{
				"TYPE": "ZM",
				"ID": 280606,
				"NAME": "憂緒",
				"ENG_NAME": "憂緒",
				"STRING": "「鍵の紛失の数からして、妖精は出現してからずっと活動し続けていると思われます」",
				"ENG_STRING": "「鍵の紛失の数からして、妖精は出現してからずっと活動し続けていると思われます」"
			},
			{
				"TYPE": "ZM",
				"ID": 280607,
				"NAME": "憂緒",
				"ENG_NAME": "憂緒",
				"STRING": "「そして遺品を使うには代償が必要です」",
				"ENG_STRING": "「そして遺品を使うには代償が必要です」"
			},
			{
				"TYPE": "ZM",
				"ID": 280608,
				"NAME": "満琉",
				"ENG_NAME": "満琉",
				"STRING": "「代償……って、魔力だよな？」",
				"ENG_STRING": "「代償……って、魔力だよな？」"
			},
			{
				"TYPE": "ZM",
				"ID": 280609,
				"NAME": "憂緒",
				"ENG_NAME": "憂緒",
				"STRING": "「ええ、ですがその魔力が尽きてしまったら……」",
				"ENG_STRING": "「ええ、ですがその魔力が尽きてしまったら……」"
			},
			{
				"TYPE": "ZM",
				"ID": 280610,
				"NAME": "小太郎",
				"ENG_NAME": "小太郎",
				"STRING": "「ど、どうなるの！？」",
				"ENG_STRING": "「ど、どうなるの！？」"
			},
			{
				"TYPE": "ZM",
				"ID": 280611,
				"NAME": "リト",
				"ENG_NAME": "リト",
				"STRING": "「別の代償に何を失うかは、使っている遺品によるわ」",
				"ENG_STRING": "「別の代償に何を失うかは、使っている遺品によるわ」"
			},
			{
				"TYPE": "ZM",
				"ID": 280612,
				"NAME": "憂緒",
				"ENG_NAME": "憂緒",
				"STRING": "「ハイタースプライトの魔力の代償は何ですか？」",
				"ENG_STRING": "「ハイタースプライトの魔力の代償は何ですか？」"
			},
			{
				"TYPE": "ZM",
				"ID": 280613,
				"NAME": "リト",
				"ENG_NAME": "リト",
				"STRING": "「使用者の体力よ。莫大な代償を要求する遺品ではないけれど、最終的に命が削られて力尽きてしまう恐れもあるわね」",
				"ENG_STRING": "「使用者の体力よ。莫大な代償を要求する遺品ではないけれど、最終的に命が削られて力尽きてしまう恐れもあるわね」"
			},
			{
				"TYPE": "ZM",
				"ID": 280614,
				"NAME": "満琉",
				"ENG_NAME": "満琉",
				"STRING": "「大事じゃねーか！！」",
				"ENG_STRING": "「大事じゃねーか！！」"
			},
			{
				"TYPE": "ZM",
				"ID": 280615,
				"NAME": "憂緒",
				"ENG_NAME": "憂緒",
				"STRING": "「……急ぎましょう。遺品を使っている人が倒れてしまう前に」@n",
				"ENG_STRING": "「……急ぎましょう。遺品を使っている人が倒れてしまう前に」@n"
			},
			{
				"TYPE": "ZM",
				"ID": 280616,
				"STRING": "リトに礼を言い、俺達は図書館から駆けだした。",
				"ENG_STRING": "リトに礼を言い、俺達は図書館から駆けだした。"
			}
		],
		"CHAPTER_SUBNAME": "S02_11_06　リト"
	},
	"S02_11_09": {
		"MESSAGES": [
			{
				"TYPE": "ZM",
				"ID": 281089,
				"STRING": "さて、他に話を聞いておくべき人は……",
				"ENG_STRING": "さて、他に話を聞いておくべき人は……"
			}
		],
		"CHAPTER_SUBNAME": "S02_11_09"
	},
	"S02_11_08": {
		"MESSAGES": [
			{
				"TYPE": "ZM",
				"ID": 281346,
				"NAME": "満琉",
				"ENG_NAME": "満琉",
				"STRING": "「しかし、参ったな。遺品使ってる奴がヤバイってことはわかったけどさ」",
				"ENG_STRING": "「しかし、参ったな。遺品使ってる奴がヤバイってことはわかったけどさ」"
			},
			{
				"TYPE": "ZM",
				"ID": 281347,
				"NAME": "小太郎",
				"ENG_NAME": "小太郎",
				"STRING": "「どこの誰なのかわからないし手がかりはないよね……」",
				"ENG_STRING": "「どこの誰なのかわからないし手がかりはないよね……」"
			},
			{
				"TYPE": "ZM",
				"ID": 281348,
				"STRING": "話し合いながら廊下を歩く。",
				"ENG_STRING": "話し合いながら廊下を歩く。"
			},
			{
				"TYPE": "ZM",
				"ID": 281349,
				"STRING": "はっとした表情でモー子が足を止めた。",
				"ENG_STRING": "はっとした表情でモー子が足を止めた。"
			},
			{
				"TYPE": "ZM",
				"ID": 281350,
				"NAME": "満琉",
				"ENG_NAME": "満琉",
				"STRING": "「どうした？」",
				"ENG_STRING": "「どうした？」"
			},
			{
				"TYPE": "ZM",
				"ID": 281351,
				"NAME": "憂緒",
				"ENG_NAME": "憂緒",
				"STRING": "「……夜が……」",
				"ENG_STRING": "「……夜が……」"
			},
			{
				"TYPE": "ZM",
				"ID": 281352,
				"NAME": "満琉",
				"ENG_NAME": "満琉",
				"STRING": "「げ、もうそんな時間か！」",
				"ENG_STRING": "「げ、もうそんな時間か！」"
			},
			{
				"TYPE": "ZM",
				"ID": 281353,
				"STRING": "いつものチャイムとは違う、荘厳な鐘の音が響き渡る。",
				"ENG_STRING": "いつものチャイムとは違う、荘厳な鐘の音が響き渡る。"
			},
			{
				"TYPE": "ZM",
				"ID": 281354,
				"STRING": "見る間に世界が一変していく――",
				"ENG_STRING": "見る間に世界が一変していく――"
			},
			{
				"TYPE": "ZM",
				"ID": 281355,
				"NAME": "小太郎",
				"ENG_NAME": "小太郎",
				"STRING": "「はあ……何度見てもすごいね」",
				"ENG_STRING": "「はあ……何度見てもすごいね」"
			},
			{
				"TYPE": "ZM",
				"ID": 281356,
				"NAME": "満琉",
				"ENG_NAME": "満琉",
				"STRING": "「あー、もう夜の生徒が来たな」",
				"ENG_STRING": "「あー、もう夜の生徒が来たな」"
			},
			{
				"TYPE": "ZM",
				"ID": 281357,
				"NAME": "憂緒",
				"ENG_NAME": "憂緒",
				"STRING": "「夜の生徒達にも、妖精を見かけてないか聞き込んでみましょう」",
				"ENG_STRING": "「夜の生徒達にも、妖精を見かけてないか聞き込んでみましょう」"
			},
			{
				"TYPE": "ZM",
				"ID": 281358,
				"NAME": "満琉",
				"ENG_NAME": "満琉",
				"STRING": "「そう言えば、最初に妖精が出たの夜だったな」",
				"ENG_STRING": "「そう言えば、最初に妖精が出たの夜だったな」"
			}
		],
		"CHAPTER_SUBNAME": "S02_11_08"
	}
}