{
	"S04_01_01　プロローグ": {
		"MESSAGES": [
			{
				"TYPE": "ZM",
				"ID": 310274,
				"NAME": "鍔姫",
				"ENG_NAME": "鍔姫",
				"STRING": "「はっ、はっ、はっ……」",
				"ENG_STRING": "「はっ、はっ、はっ……」"
			},
			{
				"TYPE": "ZM",
				"ID": 310275,
				"NAME": "鍔姫",
				"ENG_NAME": "鍔姫",
				"STRING": "「……よし、今朝はここまでにしておくか。昨日は雨で出来なかったが、やはり走るのは気持ちがいい」",
				"ENG_STRING": "「……よし、今朝はここまでにしておくか。昨日は雨で出来なかったが、やはり走るのは気持ちがいい」"
			},
			{
				"TYPE": "ZM",
				"ID": 310276,
				"NAME": "鍔姫",
				"ENG_NAME": "鍔姫",
				"STRING": "「クールダウンのストレッチを……うーーーん……」@n",
				"ENG_STRING": "「クールダウンのストレッチを……うーーーん……」@n"
			},
			{
				"TYPE": "ZM",
				"ID": 310277,
				"NAME": "女子生徒Ａ",
				"ENG_NAME": "女子生徒Ａ",
				"STRING": "「あー朝風呂、気持ちよかったね〜」",
				"ENG_STRING": "「あー朝風呂、気持ちよかったね〜」"
			},
			{
				"TYPE": "ZM",
				"ID": 310278,
				"NAME": "女子生徒Ｂ",
				"ENG_NAME": "女子生徒Ｂ",
				"STRING": "「ねえ、ボディシャンプー変えたでしょ。いい匂い！　あれ、どこの？」",
				"ENG_STRING": "「ねえ、ボディシャンプー変えたでしょ。いい匂い！　あれ、どこの？」"
			},
			{
				"TYPE": "ZM",
				"ID": 310279,
				"NAME": "女子生徒Ａ",
				"ENG_NAME": "女子生徒Ａ",
				"STRING": "「あれはねえ……」",
				"ENG_STRING": "「あれはねえ……」"
			},
			{
				"TYPE": "ZM",
				"ID": 310280,
				"NAME": "鍔姫",
				"ENG_NAME": "鍔姫",
				"STRING": "「…………」",
				"ENG_STRING": "「…………」"
			},
			{
				"TYPE": "ZM",
				"ID": 310281,
				"NAME": "女子生徒Ａ",
				"ENG_NAME": "女子生徒Ａ",
				"STRING": "「あっ、先輩……」",
				"ENG_STRING": "「あっ、先輩……」"
			},
			{
				"TYPE": "ZM",
				"ID": 310282,
				"NAME": "女子生徒Ｂ",
				"ENG_NAME": "女子生徒Ｂ",
				"STRING": "「おはようございます！」",
				"ENG_STRING": "「おはようございます！」"
			},
			{
				"TYPE": "ZM",
				"ID": 310283,
				"NAME": "鍔姫",
				"ENG_NAME": "鍔姫",
				"STRING": "「あ、ああ、おはよう」@n",
				"ENG_STRING": "「あ、ああ、おはよう」@n"
			},
			{
				"TYPE": "ZM",
				"ID": 310284,
				"NAME": "女子生徒Ａ",
				"ENG_NAME": "女子生徒Ａ",
				"STRING": "「失礼します〜」",
				"ENG_STRING": "「失礼します〜」"
			},
			{
				"TYPE": "ZM",
				"ID": 310285,
				"NAME": "女子生徒Ｂ",
				"ENG_NAME": "女子生徒Ｂ",
				"STRING": "「ねえ、今のって風紀の先輩だよね」",
				"ENG_STRING": "「ねえ、今のって風紀の先輩だよね」"
			},
			{
				"TYPE": "ZM",
				"ID": 310286,
				"NAME": "女子生徒Ａ",
				"ENG_NAME": "女子生徒Ａ",
				"STRING": "「うん、初めて直接喋っちゃったかも〜」",
				"ENG_STRING": "「うん、初めて直接喋っちゃったかも〜」"
			},
			{
				"TYPE": "ZM",
				"ID": 310287,
				"NAME": "女子生徒Ｂ",
				"ENG_NAME": "女子生徒Ｂ",
				"STRING": "「なんかカッコいいよね……」",
				"ENG_STRING": "「なんかカッコいいよね……」"
			},
			{
				"TYPE": "ZM",
				"ID": 310288,
				"NAME": "女子生徒Ａ",
				"ENG_NAME": "女子生徒Ａ",
				"STRING": "「やっぱり！？　私も入学の頃からそう思ってた。クールだよね」",
				"ENG_STRING": "「やっぱり！？　私も入学の頃からそう思ってた。クールだよね」"
			},
			{
				"TYPE": "ZM",
				"ID": 310289,
				"NAME": "鍔姫",
				"ENG_NAME": "鍔姫",
				"STRING": "「……クールか…………ふう……」@n",
				"ENG_STRING": "「……クールか…………ふう……」@n"
			},
			{
				"TYPE": "ZM",
				"ID": 310290,
				"NAME": "鍔姫",
				"ENG_NAME": "鍔姫",
				"STRING": "「さぁ、早く終わらせて着替えなくては」",
				"ENG_STRING": "「さぁ、早く終わらせて着替えなくては」"
			},
			{
				"TYPE": "ZM",
				"ID": 310291,
				"NAME": "鍔姫",
				"ENG_NAME": "鍔姫",
				"STRING": "「……ん？」",
				"ENG_STRING": "「……ん？」"
			},
			{
				"TYPE": "ZM",
				"ID": 310292,
				"NAME": "鍔姫",
				"ENG_NAME": "鍔姫",
				"STRING": "「……人形？　誰か落としたのか？　随分年代もののようだが……」",
				"ENG_STRING": "「……人形？　誰か落としたのか？　随分年代もののようだが……」"
			},
			{
				"TYPE": "ZM",
				"ID": 310293,
				"NAME": "鍔姫",
				"ENG_NAME": "鍔姫",
				"STRING": "「あれ。目が取れている……ああ、このパーツが目なのかな」",
				"ENG_STRING": "「あれ。目が取れている……ああ、このパーツが目なのかな」"
			},
			{
				"TYPE": "ZM",
				"ID": 310294,
				"NAME": "鍔姫",
				"ENG_NAME": "鍔姫",
				"STRING": "「よし、私が君をなおしてあげよう」",
				"ENG_STRING": "「よし、私が君をなおしてあげよう」"
			},
			{
				"TYPE": "ZM",
				"ID": 310295,
				"NAME": "鍔姫",
				"ENG_NAME": "鍔姫",
				"STRING": "「ただいま」",
				"ENG_STRING": "「ただいま」"
			},
			{
				"TYPE": "ZM",
				"ID": 310296,
				"NAME": "鍔姫",
				"ENG_NAME": "鍔姫",
				"STRING": "「はは、驚いたか？　君の仲間でいっぱいで」",
				"ENG_STRING": "「はは、驚いたか？　君の仲間でいっぱいで」"
			},
			{
				"TYPE": "ZM",
				"ID": 310297,
				"NAME": "鍔姫",
				"ENG_NAME": "鍔姫",
				"STRING": "「誰も知らないことだから、君も秘密にしておいてくれ。……さあ、目をつけてあげる」",
				"ENG_STRING": "「誰も知らないことだから、君も秘密にしておいてくれ。……さあ、目をつけてあげる」"
			},
			{
				"TYPE": "ZM",
				"ID": 310298,
				"NAME": "鍔姫",
				"ENG_NAME": "鍔姫",
				"STRING": "「あと、服も少し汚れているし……あ、ここは少しほつれているな……」",
				"ENG_STRING": "「あと、服も少し汚れているし……あ、ここは少しほつれているな……」"
			},
			{
				"TYPE": "ZM",
				"ID": 310299,
				"NAME": "鍔姫",
				"ENG_NAME": "鍔姫",
				"STRING": "「うん、これは一度洗って繕い直したほうがいいな」",
				"ENG_STRING": "「うん、これは一度洗って繕い直したほうがいいな」"
			},
			{
				"TYPE": "ZM",
				"ID": 310300,
				"NAME": "鍔姫",
				"ENG_NAME": "鍔姫",
				"STRING": "「……いけない、もうこんな時間か。授業が始まってしまう」",
				"ENG_STRING": "「……いけない、もうこんな時間か。授業が始まってしまう」"
			},
			{
				"TYPE": "ZM",
				"ID": 310301,
				"NAME": "鍔姫",
				"ENG_NAME": "鍔姫",
				"STRING": "「……帰ってきたら服が乾いてるだろうから、そうしたら縫い直して……目はこれで大丈夫か？」",
				"ENG_STRING": "「……帰ってきたら服が乾いてるだろうから、そうしたら縫い直して……目はこれで大丈夫か？」"
			},
			{
				"TYPE": "ZM",
				"ID": 310302,
				"NAME": "鍔姫",
				"ENG_NAME": "鍔姫",
				"STRING": "「……大丈夫そうだな。うん、かわいい」",
				"ENG_STRING": "「……大丈夫そうだな。うん、かわいい」"
			},
			{
				"TYPE": "ZM",
				"ID": 310303,
				"NAME": "鍔姫",
				"ENG_NAME": "鍔姫",
				"STRING": "「持ち主は心配しているだろうな。少なくとも私が君の持ち主ならそうだから」",
				"ENG_STRING": "「持ち主は心配しているだろうな。少なくとも私が君の持ち主ならそうだから」"
			},
			{
				"TYPE": "ZM",
				"ID": 310304,
				"NAME": "鍔姫",
				"ENG_NAME": "鍔姫",
				"STRING": "「……………」",
				"ENG_STRING": "「……………」"
			},
			{
				"TYPE": "ZM",
				"ID": 310305,
				"NAME": "鍔姫",
				"ENG_NAME": "鍔姫",
				"STRING": "「……でも、私が持ち主なら名乗りでるのを、躊躇ってしまうかもしれない……」",
				"ENG_STRING": "「……でも、私が持ち主なら名乗りでるのを、躊躇ってしまうかもしれない……」"
			},
			{
				"TYPE": "ZM",
				"ID": 310306,
				"NAME": "鍔姫",
				"ENG_NAME": "鍔姫",
				"STRING": "「しっかりものの風紀委員と思われているのに、実はこんなに少女趣味だと皆が知ったらがっかりされるだろう？」",
				"ENG_STRING": "「しっかりものの風紀委員と思われているのに、実はこんなに少女趣味だと皆が知ったらがっかりされるだろう？」"
			},
			{
				"TYPE": "ZM",
				"ID": 310307,
				"NAME": "鍔姫",
				"ENG_NAME": "鍔姫",
				"STRING": "「ああ、大丈夫。君の持ち主はもちろん探してあげるよ。きっと心配しているだろうから」@n",
				"ENG_STRING": "「ああ、大丈夫。君の持ち主はもちろん探してあげるよ。きっと心配しているだろうから」@n"
			},
			{
				"TYPE": "ZM",
				"ID": 310308,
				"NAME": "鍔姫",
				"ENG_NAME": "鍔姫",
				"STRING": "「早く見つかるといいな」",
				"ENG_STRING": "「早く見つかるといいな」"
			}
		],
		"CHAPTER_SUBNAME": "S04_01_01　プロローグ"
	},
	"S04_02_01　依頼いっぱい": {
		"MESSAGES": [
			{
				"TYPE": "ZM",
				"ID": 310309,
				"NAME": "男子生徒Ａ",
				"ENG_NAME": "男子生徒Ａ",
				"STRING": "「んじゃ、お願いするッス」",
				"ENG_STRING": "「んじゃ、お願いするッス」"
			},
			{
				"TYPE": "ZM",
				"ID": 310310,
				"NAME": "憂緒",
				"ENG_NAME": "憂緒",
				"STRING": "「はい、お疲れさまでした」",
				"ENG_STRING": "「はい、お疲れさまでした」"
			},
			{
				"TYPE": "ZM",
				"ID": 310311,
				"STRING": "放課後の特査分室は慌ただしかった。",
				"ENG_STRING": "放課後の特査分室は慌ただしかった。"
			},
			{
				"TYPE": "ZM",
				"ID": 310312,
				"STRING": "あの不思議な空間から無事に戻ってきて、しばらくは平穏な日々が続いていたが、また何かが起きたようだ。",
				"ENG_STRING": "あの不思議な空間から無事に戻ってきて、しばらくは平穏な日々が続いていたが、また何かが起きたようだ。"
			},
			{
				"TYPE": "ZM",
				"ID": 310313,
				"STRING": "ちなみにモー子は、あの時に見せた顔が嘘のように、翌日からいつも通りに戻ってしまった。",
				"ENG_STRING": "ちなみにモー子は、あの時に見せた顔が嘘のように、翌日からいつも通りに戻ってしまった。"
			},
			{
				"TYPE": "ZM",
				"ID": 310314,
				"STRING": "しばらく俺の証言をもとにあの妙な世界について調べていたようだが、結局手がかりは掴めなかったらしい。",
				"ENG_STRING": "しばらく俺の証言をもとにあの妙な世界について調べていたようだが、結局手がかりは掴めなかったらしい。"
			},
			{
				"TYPE": "ZM",
				"ID": 310315,
				"NAME": "小太郎",
				"ENG_NAME": "小太郎",
				"STRING": "「うーん、ここ数日、なんでこんなにお客さんが多いんだろ？」",
				"ENG_STRING": "「うーん、ここ数日、なんでこんなにお客さんが多いんだろ？」"
			},
			{
				"TYPE": "ZM",
				"ID": 310316,
				"NAME": "満琉",
				"ENG_NAME": "満琉",
				"STRING": "「ほんとだな、しかも……」",
				"ENG_STRING": "「ほんとだな、しかも……」"
			},
			{
				"TYPE": "ZM",
				"ID": 310317,
				"NAME": "小太郎",
				"ENG_NAME": "小太郎",
				"STRING": "「また！？」",
				"ENG_STRING": "「また！？」"
			},
			{
				"TYPE": "ZM",
				"ID": 310318,
				"NAME": "憂緒",
				"ENG_NAME": "憂緒",
				"STRING": "「どうぞ」",
				"ENG_STRING": "「どうぞ」"
			},
			{
				"TYPE": "ZM",
				"ID": 310319,
				"NAME": "女子生徒Ａ",
				"ENG_NAME": "女子生徒Ａ",
				"STRING": "「あのぉ〜すみません、ちょっと相談に乗ってほしいんですけどぉ」",
				"ENG_STRING": "「あのぉ〜すみません、ちょっと相談に乗ってほしいんですけどぉ」"
			},
			{
				"TYPE": "ZM",
				"ID": 310320,
				"NAME": "満琉",
				"ENG_NAME": "満琉",
				"STRING": "「それは身近な小物がなくなったとか、かなあ……」",
				"ENG_STRING": "「それは身近な小物がなくなったとか、かなあ……」"
			},
			{
				"TYPE": "ZM",
				"ID": 310321,
				"NAME": "女子生徒Ａ",
				"ENG_NAME": "女子生徒Ａ",
				"STRING": "「え！　なんで判ったんですか！」",
				"ENG_STRING": "「え！　なんで判ったんですか！」"
			},
			{
				"TYPE": "ZM",
				"ID": 310322,
				"NAME": "小太郎",
				"ENG_NAME": "小太郎",
				"STRING": "「まただよー！」",
				"ENG_STRING": "「まただよー！」"
			},
			{
				"TYPE": "ZM",
				"ID": 310323,
				"NAME": "憂緒",
				"ENG_NAME": "憂緒",
				"STRING": "「詳しい話を聞かせてください」",
				"ENG_STRING": "「詳しい話を聞かせてください」"
			},
			{
				"TYPE": "ZM",
				"ID": 310324,
				"STRING": "ようやく訪れる生徒の波が途切れた。",
				"ENG_STRING": "ようやく訪れる生徒の波が途切れた。"
			},
			{
				"TYPE": "ZM",
				"ID": 310325,
				"NAME": "満琉",
				"ENG_NAME": "満琉",
				"STRING": "「で、全部で何人だっけ」",
				"ENG_STRING": "「で、全部で何人だっけ」"
			},
			{
				"TYPE": "ZM",
				"ID": 310326,
				"NAME": "小太郎",
				"ENG_NAME": "小太郎",
				"STRING": "「七人……」",
				"ENG_STRING": "「七人……」"
			},
			{
				"TYPE": "ZM",
				"ID": 310327,
				"NAME": "憂緒",
				"ENG_NAME": "憂緒",
				"STRING": "「しかも、全員が似たような依頼でした」",
				"ENG_STRING": "「しかも、全員が似たような依頼でした」"
			},
			{
				"TYPE": "ZM",
				"ID": 310328,
				"STRING": "どうしたことか三日前ほどから特査分室が大賑わい。",
				"ENG_STRING": "どうしたことか三日前ほどから特査分室が大賑わい。"
			},
			{
				"TYPE": "ZM",
				"ID": 310329,
				"STRING": "しかも、その相談内容がほぼ似通っているとなれば……。",
				"ENG_STRING": "しかも、その相談内容がほぼ似通っているとなれば……。"
			},
			{
				"TYPE": "ZM",
				"ID": 310330,
				"NAME": "憂緒",
				"ENG_NAME": "憂緒",
				"STRING": "「まとめました」",
				"ENG_STRING": "「まとめました」"
			},
			{
				"TYPE": "ZM",
				"ID": 310331,
				"STRING": "モー子がレポート用紙を片手にそれを読み上げる。",
				"ENG_STRING": "モー子がレポート用紙を片手にそれを読み上げる。"
			},
			{
				"TYPE": "ZM",
				"ID": 310332,
				"NAME": "憂緒",
				"ENG_NAME": "憂緒",
				"STRING": "「依頼人の学年、性別はばらばら。一定の規則性は認められません。一点だけ共通しているのが『持ち物がなくなった』」",
				"ENG_STRING": "「依頼人の学年、性別はばらばら。一定の規則性は認められません。一点だけ共通しているのが『持ち物がなくなった』」"
			},
			{
				"TYPE": "ZM",
				"ID": 310333,
				"NAME": "憂緒",
				"ENG_NAME": "憂緒",
				"STRING": "「無くなったものもいわゆる『キャラクターもの』という事だけが共通点です。ストラップ、鞄に下げてあったマスコット、人形などです」",
				"ENG_STRING": "「無くなったものもいわゆる『キャラクターもの』という事だけが共通点です。ストラップ、鞄に下げてあったマスコット、人形などです」"
			},
			{
				"TYPE": "ZM",
				"ID": 310334,
				"NAME": "憂緒",
				"ENG_NAME": "憂緒",
				"STRING": "「無くした場所、というか紛失していることに気がついた場所や時間帯もばらばらです」",
				"ENG_STRING": "「無くした場所、というか紛失していることに気がついた場所や時間帯もばらばらです」"
			},
			{
				"TYPE": "ZM",
				"ID": 310335,
				"NAME": "憂緒",
				"ENG_NAME": "憂緒",
				"STRING": "「敢えて共通することを挙げるとしたら『気がついたらなかった』ということです」",
				"ENG_STRING": "「敢えて共通することを挙げるとしたら『気がついたらなかった』ということです」"
			},
			{
				"TYPE": "ZM",
				"ID": 310336,
				"NAME": "満琉",
				"ENG_NAME": "満琉",
				"STRING": "「まあ、鞄にぶら下げてたりするものなら、知らないうちに落としていてもおかしくはねーか」",
				"ENG_STRING": "「まあ、鞄にぶら下げてたりするものなら、知らないうちに落としていてもおかしくはねーか」"
			},
			{
				"TYPE": "ZM",
				"ID": 310337,
				"NAME": "小太郎",
				"ENG_NAME": "小太郎",
				"STRING": "「でも、こんなに同時期に無くす人が多いのはおかしいよね？」",
				"ENG_STRING": "「でも、こんなに同時期に無くす人が多いのはおかしいよね？」"
			},
			{
				"TYPE": "ZM",
				"ID": 310338,
				"NAME": "満琉",
				"ENG_NAME": "満琉",
				"STRING": "「そうだよな」",
				"ENG_STRING": "「そうだよな」"
			},
			{
				"TYPE": "ZM",
				"ID": 310339,
				"STRING": "通常ならありえない話だろう。",
				"ENG_STRING": "通常ならありえない話だろう。"
			},
			{
				"TYPE": "ZM",
				"ID": 310340,
				"STRING": "もし、現実的に考えるとしたら窃盗犯がいる、ということになりそうだが……。",
				"ENG_STRING": "もし、現実的に考えるとしたら窃盗犯がいる、ということになりそうだが……。"
			},
			{
				"TYPE": "ZM",
				"ID": 310341,
				"STRING": "なによりこの、妙な現象や不思議魔法いっぱいの学園だ。",
				"ENG_STRING": "なによりこの、妙な現象や不思議魔法いっぱいの学園だ。"
			},
			{
				"TYPE": "ZM",
				"ID": 310342,
				"STRING": "俺は、不本意ながらもこの場では先輩であるモー子に、水を向けた。",
				"ENG_STRING": "俺は、不本意ながらもこの場では先輩であるモー子に、水を向けた。"
			},
			{
				"TYPE": "ZM",
				"ID": 310343,
				"NAME": "満琉",
				"ENG_NAME": "満琉",
				"STRING": "「……モー子はどう思う？」",
				"ENG_STRING": "「……モー子はどう思う？」"
			},
			{
				"TYPE": "ZM",
				"ID": 310344,
				"NAME": "憂緒",
				"ENG_NAME": "憂緒",
				"STRING": "「……私は」",
				"ENG_STRING": "「……私は」"
			},
			{
				"TYPE": "ZM",
				"ID": 310529,
				"NAME": "小太郎",
				"ENG_NAME": "小太郎",
				"STRING": "「うわ、また！？」",
				"ENG_STRING": "「うわ、また！？」"
			},
			{
				"TYPE": "ZM",
				"ID": 310530,
				"NAME": "憂緒",
				"ENG_NAME": "憂緒",
				"STRING": "「どうぞ。開いています」",
				"ENG_STRING": "「どうぞ。開いています」"
			},
			{
				"TYPE": "ZM",
				"ID": 310531,
				"NAME": "静春",
				"ENG_NAME": "静春",
				"STRING": "「はいるぞ」",
				"ENG_STRING": "「はいるぞ」"
			},
			{
				"TYPE": "ZM",
				"ID": 310532,
				"NAME": "満琉",
				"ENG_NAME": "満琉",
				"STRING": "「えっ……」",
				"ENG_STRING": "「えっ……」"
			},
			{
				"TYPE": "ZM",
				"ID": 310533,
				"STRING": "はいってきたのは意外な人物。",
				"ENG_STRING": "はいってきたのは意外な人物。"
			},
			{
				"TYPE": "ZM",
				"ID": 310534,
				"STRING": "風紀委員会の村雲だった。",
				"ENG_STRING": "風紀委員会の村雲だった。"
			},
			{
				"TYPE": "ZM",
				"ID": 310535,
				"STRING": "いかにも不本意そうに、来客用のソファに腰をおろす。",
				"ENG_STRING": "いかにも不本意そうに、来客用のソファに腰をおろす。"
			},
			{
				"TYPE": "ZM",
				"ID": 310536,
				"NAME": "小太郎",
				"ENG_NAME": "小太郎",
				"STRING": "「村雲先輩まで！？」",
				"ENG_STRING": "「村雲先輩まで！？」"
			},
			{
				"TYPE": "ZM",
				"ID": 310537,
				"NAME": "静春",
				"ENG_NAME": "静春",
				"STRING": "「なにがだ」",
				"ENG_STRING": "「なにがだ」"
			},
			{
				"TYPE": "ZM",
				"ID": 310538,
				"NAME": "満琉",
				"ENG_NAME": "満琉",
				"STRING": "「小物がなくなったのか？」",
				"ENG_STRING": "「小物がなくなったのか？」"
			},
			{
				"TYPE": "ZM",
				"ID": 310539,
				"NAME": "静春",
				"ENG_NAME": "静春",
				"STRING": "「小物？　何の話だ。っつーか、ヤローには用はねーんだよ」",
				"ENG_STRING": "「小物？　何の話だ。っつーか、ヤローには用はねーんだよ」"
			},
			{
				"TYPE": "ZM",
				"ID": 310540,
				"NAME": "憂緒",
				"ENG_NAME": "憂緒",
				"STRING": "「では、私に何か？」",
				"ENG_STRING": "「では、私に何か？」"
			},
			{
				"TYPE": "ZM",
				"ID": 310541,
				"NAME": "静春",
				"ENG_NAME": "静春",
				"STRING": "「あー。んー……なんつーか…」",
				"ENG_STRING": "「あー。んー……なんつーか…」"
			},
			{
				"TYPE": "ZM",
				"ID": 310542,
				"NAME": "満琉",
				"ENG_NAME": "満琉",
				"STRING": "「早く言えよ」",
				"ENG_STRING": "「早く言えよ」"
			},
			{
				"TYPE": "ZM",
				"ID": 310543,
				"NAME": "静春",
				"ENG_NAME": "静春",
				"STRING": "「うるっせえな！　てめーに相談しに来たわけじゃねーぞクソ久我！」",
				"ENG_STRING": "「うるっせえな！　てめーに相談しに来たわけじゃねーぞクソ久我！」"
			},
			{
				"TYPE": "ZM",
				"ID": 310544,
				"NAME": "憂緒",
				"ENG_NAME": "憂緒",
				"STRING": "「久我くん。話が進みません。黙っていてもらえますか」",
				"ENG_STRING": "「久我くん。話が進みません。黙っていてもらえますか」"
			},
			{
				"TYPE": "ZM",
				"ID": 310545,
				"STRING": "モー子が冷たい目で睨んでくるので、憮然としながらも頷く。",
				"ENG_STRING": "モー子が冷たい目で睨んでくるので、憮然としながらも頷く。"
			},
			{
				"TYPE": "ZM",
				"ID": 310546,
				"STRING": "別に喧嘩を売ったわけじゃないんだが。",
				"ENG_STRING": "別に喧嘩を売ったわけじゃないんだが。"
			},
			{
				"TYPE": "ZM",
				"ID": 310547,
				"NAME": "憂緒",
				"ENG_NAME": "憂緒",
				"STRING": "「どうぞ」",
				"ENG_STRING": "「どうぞ」"
			},
			{
				"TYPE": "ZM",
				"ID": 310548,
				"NAME": "静春",
				"ENG_NAME": "静春",
				"STRING": "「……。その、壬生さんのことなんだけどよ」",
				"ENG_STRING": "「……。その、壬生さんのことなんだけどよ」"
			},
			{
				"TYPE": "ZM",
				"ID": 310549,
				"NAME": "憂緒",
				"ENG_NAME": "憂緒",
				"STRING": "「壬生さんが何か」",
				"ENG_STRING": "「壬生さんが何か」"
			},
			{
				"TYPE": "ZM",
				"ID": 310550,
				"NAME": "静春",
				"ENG_NAME": "静春",
				"STRING": "「んー……」",
				"ENG_STRING": "「んー……」"
			},
			{
				"TYPE": "ZM",
				"ID": 310551,
				"STRING": "村雲は少し考えてから。",
				"ENG_STRING": "村雲は少し考えてから。"
			},
			{
				"TYPE": "ZM",
				"ID": 310552,
				"NAME": "静春",
				"ENG_NAME": "静春",
				"STRING": "「なんつーか、最近様子がおかしいんだ」",
				"ENG_STRING": "「なんつーか、最近様子がおかしいんだ」"
			},
			{
				"TYPE": "ZM",
				"ID": 310553,
				"NAME": "憂緒",
				"ENG_NAME": "憂緒",
				"STRING": "「どのように」",
				"ENG_STRING": "「どのように」"
			},
			{
				"TYPE": "ZM",
				"ID": 310554,
				"NAME": "静春",
				"ENG_NAME": "静春",
				"STRING": "「うまく説明できねえんだけど、なんかこうふわっふわしてるって言うか……」",
				"ENG_STRING": "「うまく説明できねえんだけど、なんかこうふわっふわしてるって言うか……」"
			},
			{
				"TYPE": "ZM",
				"ID": 310555,
				"STRING": "なんだかよく判らない説明だ。",
				"ENG_STRING": "なんだかよく判らない説明だ。"
			},
			{
				"TYPE": "ZM",
				"ID": 310556,
				"STRING": "おまるもそう思ったのだろう。",
				"ENG_STRING": "おまるもそう思ったのだろう。"
			},
			{
				"TYPE": "ZM",
				"ID": 310557,
				"NAME": "小太郎",
				"ENG_NAME": "小太郎",
				"STRING": "「ふわっふわ！？」",
				"ENG_STRING": "「ふわっふわ！？」"
			},
			{
				"TYPE": "ZM",
				"ID": 310558,
				"NAME": "満琉",
				"ENG_NAME": "満琉",
				"STRING": "「壬生さんにはなんと似合わない形容詞……」",
				"ENG_STRING": "「壬生さんにはなんと似合わない形容詞……」"
			},
			{
				"TYPE": "ZM",
				"ID": 310559,
				"NAME": "静春",
				"ENG_NAME": "静春",
				"STRING": "「お前らは黙ってろ！　とにかく、らしくないんだよ」@n",
				"ENG_STRING": "「お前らは黙ってろ！　とにかく、らしくないんだよ」@n"
			},
			{
				"TYPE": "ZM",
				"ID": 310560,
				"NAME": "憂緒",
				"ENG_NAME": "憂緒",
				"STRING": "「そうだったのですか」",
				"ENG_STRING": "「そうだったのですか」"
			},
			{
				"TYPE": "ZM",
				"ID": 310561,
				"NAME": "静春",
				"ENG_NAME": "静春",
				"STRING": "「一応、何かあったかと聞いてみたけど、答えてくれなくてよ。オレには話しにくい何かがあるのかもしれねえだろ」",
				"ENG_STRING": "「一応、何かあったかと聞いてみたけど、答えてくれなくてよ。オレには話しにくい何かがあるのかもしれねえだろ」"
			},
			{
				"TYPE": "ZM",
				"ID": 310562,
				"NAME": "憂緒",
				"ENG_NAME": "憂緒",
				"STRING": "「それで私に、壬生さんから話を聞いてほしいと？」",
				"ENG_STRING": "「それで私に、壬生さんから話を聞いてほしいと？」"
			},
			{
				"TYPE": "ZM",
				"ID": 310563,
				"NAME": "静春",
				"ENG_NAME": "静春",
				"STRING": "「そっちの男二人はなんか頼りねーからな」",
				"ENG_STRING": "「そっちの男二人はなんか頼りねーからな」"
			},
			{
				"TYPE": "ZM",
				"ID": 310564,
				"STRING": "嫌味っぽく、村雲はそう言った。",
				"ENG_STRING": "嫌味っぽく、村雲はそう言った。"
			},
			{
				"TYPE": "ZM",
				"ID": 310565,
				"STRING": "何だそれは。",
				"ENG_STRING": "何だそれは。"
			},
			{
				"TYPE": "ZM",
				"ID": 310566,
				"STRING": "あてつけか、それとも嫌がらせか？",
				"ENG_STRING": "あてつけか、それとも嫌がらせか？"
			},
			{
				"TYPE": "ZM",
				"ID": 310567,
				"NAME": "小太郎",
				"ENG_NAME": "小太郎",
				"STRING": "「まあ、おれたち、新入りだもんね……」",
				"ENG_STRING": "「まあ、おれたち、新入りだもんね……」"
			},
			{
				"TYPE": "ZM",
				"ID": 310568,
				"STRING": "おい、おまる。",
				"ENG_STRING": "おい、おまる。"
			},
			{
				"TYPE": "ZM",
				"ID": 310569,
				"STRING": "そのまま納得してる場合か！",
				"ENG_STRING": "そのまま納得してる場合か！"
			},
			{
				"TYPE": "ZM",
				"ID": 310570,
				"NAME": "静春",
				"ENG_NAME": "静春",
				"STRING": "「ただの悩みなら別にそれでいいんだけどよ、この『学園』だろ？　何があったっておかしくねえ。もし何かに巻き込まれていたら――」",
				"ENG_STRING": "「ただの悩みなら別にそれでいいんだけどよ、この『学園』だろ？　何があったっておかしくねえ。もし何かに巻き込まれていたら――」"
			},
			{
				"TYPE": "ZM",
				"ID": 310571,
				"NAME": "静春",
				"ENG_NAME": "静春",
				"STRING": "「別に何もねぇんだったら、それはそれでいいんだ。とにかく調べてもらえねーかな」",
				"ENG_STRING": "「別に何もねぇんだったら、それはそれでいいんだ。とにかく調べてもらえねーかな」"
			},
			{
				"TYPE": "ZM",
				"ID": 310572,
				"STRING": "おまるが俺に耳打ちした。",
				"ENG_STRING": "おまるが俺に耳打ちした。"
			},
			{
				"TYPE": "ZM",
				"ID": 310573,
				"NAME": "小太郎",
				"ENG_NAME": "小太郎",
				"STRING": "「やっぱ、村雲先輩って壬生先輩を……なのかな？」",
				"ENG_STRING": "「やっぱ、村雲先輩って壬生先輩を……なのかな？」"
			},
			{
				"TYPE": "ZM",
				"ID": 310574,
				"NAME": "満琉",
				"ENG_NAME": "満琉",
				"STRING": "「ん？　なんだ？」",
				"ENG_STRING": "「ん？　なんだ？」"
			},
			{
				"TYPE": "ZM",
				"ID": 310575,
				"NAME": "小太郎",
				"ENG_NAME": "小太郎",
				"STRING": "「あっ、いや……気づかない？」",
				"ENG_STRING": "「あっ、いや……気づかない？」"
			},
			{
				"TYPE": "ZM",
				"ID": 310576,
				"NAME": "満琉",
				"ENG_NAME": "満琉",
				"STRING": "「何が？」",
				"ENG_STRING": "「何が？」"
			},
			{
				"TYPE": "ZM",
				"ID": 310577,
				"NAME": "小太郎",
				"ENG_NAME": "小太郎",
				"STRING": "「……あ、いや、いい。なんでもない」",
				"ENG_STRING": "「……あ、いや、いい。なんでもない」"
			},
			{
				"TYPE": "ZM",
				"ID": 310578,
				"NAME": "満琉",
				"ENG_NAME": "満琉",
				"STRING": "「なんだよ」",
				"ENG_STRING": "「なんだよ」"
			},
			{
				"TYPE": "ZM",
				"ID": 310579,
				"STRING": "なんだ、おまるのやつ。",
				"ENG_STRING": "なんだ、おまるのやつ。"
			},
			{
				"TYPE": "ZM",
				"ID": 310580,
				"STRING": "歯切れの悪い。",
				"ENG_STRING": "歯切れの悪い。"
			},
			{
				"TYPE": "ZM",
				"ID": 310581,
				"STRING": "そんな俺たちの様子を気にすることもなく、モー子は言った。",
				"ENG_STRING": "そんな俺たちの様子を気にすることもなく、モー子は言った。"
			},
			{
				"TYPE": "ZM",
				"ID": 310582,
				"NAME": "憂緒",
				"ENG_NAME": "憂緒",
				"STRING": "「お話は判りました」",
				"ENG_STRING": "「お話は判りました」"
			},
			{
				"TYPE": "ZM",
				"ID": 310583,
				"NAME": "静春",
				"ENG_NAME": "静春",
				"STRING": "「じゃあ、頼むわ。オレ、これから見回りがあるから。頼んだぜ鹿ケ谷」",
				"ENG_STRING": "「じゃあ、頼むわ。オレ、これから見回りがあるから。頼んだぜ鹿ケ谷」"
			},
			{
				"TYPE": "ZM",
				"ID": 310584,
				"STRING": "村雲は、俺とおまるの存在は無視して、そのまま特査分室から出て行った。",
				"ENG_STRING": "村雲は、俺とおまるの存在は無視して、そのまま特査分室から出て行った。"
			},
			{
				"TYPE": "ZM",
				"ID": 310585,
				"NAME": "小太郎",
				"ENG_NAME": "小太郎",
				"STRING": "「壬生先輩の様子が変……。いつも落ち着いているし、なんだか想像できないね」",
				"ENG_STRING": "「壬生先輩の様子が変……。いつも落ち着いているし、なんだか想像できないね」"
			},
			{
				"TYPE": "ZM",
				"ID": 310586,
				"NAME": "満琉",
				"ENG_NAME": "満琉",
				"STRING": "「そうだな……とりあえず、モー子は壬生さんと話してきたらどうだ？」",
				"ENG_STRING": "「そうだな……とりあえず、モー子は壬生さんと話してきたらどうだ？」"
			},
			{
				"TYPE": "ZM",
				"ID": 310587,
				"NAME": "憂緒",
				"ENG_NAME": "憂緒",
				"STRING": "「私は生徒の持ち物が無くなった件を調べます。現状そちらの方が緊急性が高いと判断しますので」",
				"ENG_STRING": "「私は生徒の持ち物が無くなった件を調べます。現状そちらの方が緊急性が高いと判断しますので」"
			},
			{
				"TYPE": "ZM",
				"ID": 310588,
				"NAME": "満琉",
				"ENG_NAME": "満琉",
				"STRING": "「え！？　じゃあ、壬生さんのことは？」",
				"ENG_STRING": "「え！？　じゃあ、壬生さんのことは？」"
			},
			{
				"TYPE": "ZM",
				"ID": 310589,
				"NAME": "憂緒",
				"ENG_NAME": "憂緒",
				"STRING": "「久我くんと烏丸くんに、まずお願いします」",
				"ENG_STRING": "「久我くんと烏丸くんに、まずお願いします」"
			},
			{
				"TYPE": "ZM",
				"ID": 310590,
				"NAME": "満琉",
				"ENG_NAME": "満琉",
				"STRING": "「ちょ、ちょっと待ておい。一応モー子ご指名だったのにいいのか？」",
				"ENG_STRING": "「ちょ、ちょっと待ておい。一応モー子ご指名だったのにいいのか？」"
			},
			{
				"TYPE": "ZM",
				"ID": 310591,
				"NAME": "憂緒",
				"ENG_NAME": "憂緒",
				"STRING": "「話を聞くだけなら、誰にでも出来る簡単な役割だと思いますが。それとも――」",
				"ENG_STRING": "「話を聞くだけなら、誰にでも出来る簡単な役割だと思いますが。それとも――」"
			},
			{
				"TYPE": "ZM",
				"ID": 310592,
				"NAME": "憂緒",
				"ENG_NAME": "憂緒",
				"STRING": "「私がいなければ自信がありませんか？」",
				"ENG_STRING": "「私がいなければ自信がありませんか？」"
			},
			{
				"TYPE": "ZM",
				"ID": 310593,
				"STRING": "相変わらずの冷たい物言い。",
				"ENG_STRING": "相変わらずの冷たい物言い。"
			},
			{
				"TYPE": "ZM",
				"ID": 310594,
				"NAME": "満琉",
				"ENG_NAME": "満琉",
				"STRING": "「いや……俺が言いたいのはそういうことじゃなくてさ」",
				"ENG_STRING": "「いや……俺が言いたいのはそういうことじゃなくてさ」"
			},
			{
				"TYPE": "ZM",
				"ID": 310595,
				"NAME": "憂緒",
				"ENG_NAME": "憂緒",
				"STRING": "「何か問題が？　特査は忙しいのです。分担するほうが合理的でしょう」",
				"ENG_STRING": "「何か問題が？　特査は忙しいのです。分担するほうが合理的でしょう」"
			},
			{
				"TYPE": "ZM",
				"ID": 310596,
				"STRING": "まるで、俺たちが何もできないかのような雰囲気を出していた。",
				"ENG_STRING": "まるで、俺たちが何もできないかのような雰囲気を出していた。"
			},
			{
				"TYPE": "ZM",
				"ID": 310597,
				"STRING": "そりゃ村雲だって、モー子を頼りにしてきたのは確かだが。",
				"ENG_STRING": "そりゃ村雲だって、モー子を頼りにしてきたのは確かだが。"
			},
			{
				"TYPE": "ZM",
				"ID": 310598,
				"NAME": "満琉",
				"ENG_NAME": "満琉",
				"STRING": "「あー…、あのな―――……」",
				"ENG_STRING": "「あー…、あのな―――……」"
			},
			{
				"TYPE": "ZM",
				"ID": 310599,
				"STRING": "俺は反論しかけたが、すぐに諦めた。",
				"ENG_STRING": "俺は反論しかけたが、すぐに諦めた。"
			},
			{
				"TYPE": "ZM",
				"ID": 310600,
				"STRING": "ここで議論しているほうが時間の無駄だろう。",
				"ENG_STRING": "ここで議論しているほうが時間の無駄だろう。"
			},
			{
				"TYPE": "ZM",
				"ID": 310601,
				"NAME": "満琉",
				"ENG_NAME": "満琉",
				"STRING": "「……わかった、俺が壬生さんのところに行ってくる。いくぞ、おまる！」",
				"ENG_STRING": "「……わかった、俺が壬生さんのところに行ってくる。いくぞ、おまる！」"
			},
			{
				"TYPE": "ZM",
				"ID": 310602,
				"NAME": "小太郎",
				"ENG_NAME": "小太郎",
				"STRING": "「えっ、ああ……なんでこーなるの？　えっととりあえず行ってきます！」@n",
				"ENG_STRING": "「えっ、ああ……なんでこーなるの？　えっととりあえず行ってきます！」@n"
			},
			{
				"TYPE": "ZM",
				"ID": 310603,
				"NAME": "憂緒",
				"ENG_NAME": "憂緒",
				"STRING": "「はい、お願いします」",
				"ENG_STRING": "「はい、お願いします」"
			}
		],
		"CHAPTER_SUBNAME": "S04_02_01　依頼いっぱい"
	},
	"S04_03_01　鍔姫の様子": {
		"MESSAGES": [
			{
				"TYPE": "ZM",
				"ID": 310604,
				"STRING": "まったく、モー子はいつものことながら、愛想がないっていうか、言い方っつーもんがあるだろうが。",
				"ENG_STRING": "まったく、モー子はいつものことながら、愛想がないっていうか、言い方っつーもんがあるだろうが。"
			},
			{
				"TYPE": "ZM",
				"ID": 310605,
				"NAME": "小太郎",
				"ENG_NAME": "小太郎",
				"STRING": "「みっちー……」",
				"ENG_STRING": "「みっちー……」"
			},
			{
				"TYPE": "ZM",
				"ID": 310606,
				"NAME": "満琉",
				"ENG_NAME": "満琉",
				"STRING": "「なんだよ？」",
				"ENG_STRING": "「なんだよ？」"
			},
			{
				"TYPE": "ZM",
				"ID": 310607,
				"NAME": "小太郎",
				"ENG_NAME": "小太郎",
				"STRING": "「あんまり怒らないでよ」",
				"ENG_STRING": "「あんまり怒らないでよ」"
			},
			{
				"TYPE": "ZM",
				"ID": 310608,
				"NAME": "満琉",
				"ENG_NAME": "満琉",
				"STRING": "「いーや、むしろやる気がでた」",
				"ENG_STRING": "「いーや、むしろやる気がでた」"
			},
			{
				"TYPE": "ZM",
				"ID": 310609,
				"NAME": "小太郎",
				"ENG_NAME": "小太郎",
				"STRING": "「えっ？」",
				"ENG_STRING": "「えっ？」"
			},
			{
				"TYPE": "ZM",
				"ID": 310610,
				"NAME": "満琉",
				"ENG_NAME": "満琉",
				"STRING": "「お望みどおり、俺たちで<・>壬|<・>生|<・>先|<・>輩|の謎をといてみようじゃないか」",
				"ENG_STRING": "「お望みどおり、俺たちで<・>壬|<・>生|<・>先|<・>輩|の謎をといてみようじゃないか」"
			},
			{
				"TYPE": "ZM",
				"ID": 310611,
				"NAME": "小太郎",
				"ENG_NAME": "小太郎",
				"STRING": "「ぷっ」",
				"ENG_STRING": "「ぷっ」"
			},
			{
				"TYPE": "ZM",
				"ID": 310612,
				"STRING": "おまるが笑いだした。",
				"ENG_STRING": "おまるが笑いだした。"
			},
			{
				"TYPE": "ZM",
				"ID": 310613,
				"NAME": "満琉",
				"ENG_NAME": "満琉",
				"STRING": "「なんだよ？」",
				"ENG_STRING": "「なんだよ？」"
			},
			{
				"TYPE": "ZM",
				"ID": 310614,
				"NAME": "小太郎",
				"ENG_NAME": "小太郎",
				"STRING": "「あ、いや、なんかみっちーにも子供っぽいところがあるんだなって」",
				"ENG_STRING": "「あ、いや、なんかみっちーにも子供っぽいところがあるんだなって」"
			},
			{
				"TYPE": "ZM",
				"ID": 310615,
				"NAME": "満琉",
				"ENG_NAME": "満琉",
				"STRING": "「え、えっ？　そう…か？」",
				"ENG_STRING": "「え、えっ？　そう…か？」"
			},
			{
				"TYPE": "ZM",
				"ID": 310616,
				"NAME": "小太郎",
				"ENG_NAME": "小太郎",
				"STRING": "「いやいや」",
				"ENG_STRING": "「いやいや」"
			},
			{
				"TYPE": "ZM",
				"ID": 310617,
				"NAME": "満琉",
				"ENG_NAME": "満琉",
				"STRING": "「あ」",
				"ENG_STRING": "「あ」"
			},
			{
				"TYPE": "ZM",
				"ID": 310618,
				"STRING": "おまると話しながら歩く廊下の向こうに、丁度、壬生さんの姿が見えた。",
				"ENG_STRING": "おまると話しながら歩く廊下の向こうに、丁度、壬生さんの姿が見えた。"
			},
			{
				"TYPE": "ZM",
				"ID": 310619,
				"NAME": "満琉",
				"ENG_NAME": "満琉",
				"STRING": "「壬生さんだ」",
				"ENG_STRING": "「壬生さんだ」"
			},
			{
				"TYPE": "ZM",
				"ID": 310620,
				"NAME": "小太郎",
				"ENG_NAME": "小太郎",
				"STRING": "「わ、噂をすれば」",
				"ENG_STRING": "「わ、噂をすれば」"
			},
			{
				"TYPE": "ZM",
				"ID": 310621,
				"STRING": "村雲の姿は見えないから、今日は珍しく一人なんだろう。",
				"ENG_STRING": "村雲の姿は見えないから、今日は珍しく一人なんだろう。"
			},
			{
				"TYPE": "ZM",
				"ID": 310622,
				"STRING": "風紀委員は見回りの時間だ。",
				"ENG_STRING": "風紀委員は見回りの時間だ。"
			},
			{
				"TYPE": "ZM",
				"ID": 310623,
				"STRING": "彼女もきっと、いつものように見回りで……。",
				"ENG_STRING": "彼女もきっと、いつものように見回りで……。"
			},
			{
				"TYPE": "ZM",
				"ID": 310624,
				"NAME": "鍔姫",
				"ENG_NAME": "鍔姫",
				"STRING": "「…………」",
				"ENG_STRING": "「…………」"
			},
			{
				"TYPE": "ZM",
				"ID": 310625,
				"STRING": "ん、なんか様子が違う。",
				"ENG_STRING": "ん、なんか様子が違う。"
			},
			{
				"TYPE": "ZM",
				"ID": 310626,
				"NAME": "男子生徒Ａ",
				"ENG_NAME": "男子生徒Ａ",
				"STRING": "「でっさーー英語の時間に……」",
				"ENG_STRING": "「でっさーー英語の時間に……」"
			},
			{
				"TYPE": "ZM",
				"ID": 310627,
				"STRING": "その時、教室の角をまがって、男子生徒の二人連れが賑やかに話しながらやってきた。",
				"ENG_STRING": "その時、教室の角をまがって、男子生徒の二人連れが賑やかに話しながらやってきた。"
			},
			{
				"TYPE": "ZM",
				"ID": 310628,
				"STRING": "もう生徒たちはほとんど下校しているはずの時間だが……。",
				"ENG_STRING": "もう生徒たちはほとんど下校しているはずの時間だが……。"
			},
			{
				"TYPE": "ZM",
				"ID": 310629,
				"NAME": "鍔姫",
				"ENG_NAME": "鍔姫",
				"STRING": "「……」",
				"ENG_STRING": "「……」"
			},
			{
				"TYPE": "ZM",
				"ID": 310630,
				"NAME": "男子生徒Ｂ",
				"ENG_NAME": "男子生徒Ｂ",
				"STRING": "「あ！」",
				"ENG_STRING": "「あ！」"
			},
			{
				"TYPE": "ZM",
				"ID": 310631,
				"NAME": "鍔姫",
				"ENG_NAME": "鍔姫",
				"STRING": "「……」",
				"ENG_STRING": "「……」"
			},
			{
				"TYPE": "ZM",
				"ID": 310632,
				"NAME": "男子生徒Ｂ",
				"ENG_NAME": "男子生徒Ｂ",
				"STRING": "「やっべ、風紀委員……」",
				"ENG_STRING": "「やっべ、風紀委員……」"
			},
			{
				"TYPE": "ZM",
				"ID": 310633,
				"NAME": "男子生徒Ａ",
				"ENG_NAME": "男子生徒Ａ",
				"STRING": "「うわ。早く行こうぜ」",
				"ENG_STRING": "「うわ。早く行こうぜ」"
			},
			{
				"TYPE": "ZM",
				"ID": 310634,
				"STRING": "いつもならこの辺りで、ありがたい指導がはいるところだが。",
				"ENG_STRING": "いつもならこの辺りで、ありがたい指導がはいるところだが。"
			},
			{
				"TYPE": "ZM",
				"ID": 310635,
				"STRING": "が。",
				"ENG_STRING": "が。"
			},
			{
				"TYPE": "ZM",
				"ID": 310636,
				"NAME": "鍔姫",
				"ENG_NAME": "鍔姫",
				"STRING": "「あ」",
				"ENG_STRING": "「あ」"
			},
			{
				"TYPE": "ZM",
				"ID": 310637,
				"NAME": "男子生徒Ａ",
				"ENG_NAME": "男子生徒Ａ",
				"STRING": "「ああああ、い、今帰ります！」",
				"ENG_STRING": "「ああああ、い、今帰ります！」"
			},
			{
				"TYPE": "ZM",
				"ID": 310638,
				"NAME": "鍔姫",
				"ENG_NAME": "鍔姫",
				"STRING": "「ああ」",
				"ENG_STRING": "「ああ」"
			},
			{
				"TYPE": "ZM",
				"ID": 310639,
				"NAME": "鍔姫",
				"ENG_NAME": "鍔姫",
				"STRING": "「気をつけて帰宅するように」",
				"ENG_STRING": "「気をつけて帰宅するように」"
			},
			{
				"TYPE": "ZM",
				"ID": 310640,
				"NAME": "男子生徒Ｂ",
				"ENG_NAME": "男子生徒Ｂ",
				"STRING": "「失礼しまーす」",
				"ENG_STRING": "「失礼しまーす」"
			},
			{
				"TYPE": "ZM",
				"ID": 310641,
				"NAME": "満琉",
				"ENG_NAME": "満琉",
				"STRING": "「ん、なんだか様子が……」",
				"ENG_STRING": "「ん、なんだか様子が……」"
			},
			{
				"TYPE": "ZM",
				"ID": 310642,
				"NAME": "小太郎",
				"ENG_NAME": "小太郎",
				"STRING": "「今の場合、いつもの壬生先輩なら、もっとビシッと注意するところだよね？」",
				"ENG_STRING": "「今の場合、いつもの壬生先輩なら、もっとビシッと注意するところだよね？」"
			},
			{
				"TYPE": "ZM",
				"ID": 310643,
				"STRING": "いつもならそうだ。",
				"ENG_STRING": "いつもならそうだ。"
			},
			{
				"TYPE": "ZM",
				"ID": 310644,
				"STRING": "しかし、今の壬生さんはなんだか覇気がないというか、確かに村雲が言うとおり、様子が違うようだ。",
				"ENG_STRING": "しかし、今の壬生さんはなんだか覇気がないというか、確かに村雲が言うとおり、様子が違うようだ。"
			},
			{
				"TYPE": "ZM",
				"ID": 310645,
				"STRING": "とにかく話を聞いてみないことには。",
				"ENG_STRING": "とにかく話を聞いてみないことには。"
			},
			{
				"TYPE": "ZM",
				"ID": 310646,
				"STRING": "俺たちは、壬生さんに声をかけた。",
				"ENG_STRING": "俺たちは、壬生さんに声をかけた。"
			},
			{
				"TYPE": "ZM",
				"ID": 310647,
				"NAME": "満琉",
				"ENG_NAME": "満琉",
				"STRING": "「壬生さん」",
				"ENG_STRING": "「壬生さん」"
			},
			{
				"TYPE": "ZM",
				"ID": 310648,
				"NAME": "鍔姫",
				"ENG_NAME": "鍔姫",
				"STRING": "「ああ、久我くんに烏丸くん。どうした？　今日も調査か」",
				"ENG_STRING": "「ああ、久我くんに烏丸くん。どうした？　今日も調査か」"
			},
			{
				"TYPE": "ZM",
				"ID": 310649,
				"NAME": "満琉",
				"ENG_NAME": "満琉",
				"STRING": "「あ、いや、調査っていえば調査なんですが。えーと、最近変わったことはないですか？」",
				"ENG_STRING": "「あ、いや、調査っていえば調査なんですが。えーと、最近変わったことはないですか？」"
			},
			{
				"TYPE": "ZM",
				"ID": 310650,
				"NAME": "鍔姫",
				"ENG_NAME": "鍔姫",
				"STRING": "「この学園で変わったことは多々起きるが、特に改めて報告するようなことはないが」",
				"ENG_STRING": "「この学園で変わったことは多々起きるが、特に改めて報告するようなことはないが」"
			},
			{
				"TYPE": "ZM",
				"ID": 310651,
				"NAME": "小太郎",
				"ENG_NAME": "小太郎",
				"STRING": "「えーと……」",
				"ENG_STRING": "「えーと……」"
			},
			{
				"TYPE": "ZM",
				"ID": 310652,
				"NAME": "満琉",
				"ENG_NAME": "満琉",
				"STRING": "「いやいや、壬生さん自身のことで」",
				"ENG_STRING": "「いやいや、壬生さん自身のことで」"
			},
			{
				"TYPE": "ZM",
				"ID": 310653,
				"NAME": "鍔姫",
				"ENG_NAME": "鍔姫",
				"STRING": "「え！？」",
				"ENG_STRING": "「え！？」"
			},
			{
				"TYPE": "ZM",
				"ID": 310654,
				"STRING": "俺の問いに、彼女はすこし驚いた様子だった。",
				"ENG_STRING": "俺の問いに、彼女はすこし驚いた様子だった。"
			},
			{
				"TYPE": "ZM",
				"ID": 310655,
				"NAME": "鍔姫",
				"ENG_NAME": "鍔姫",
				"STRING": "「そんなことを聞いてどうする」",
				"ENG_STRING": "「そんなことを聞いてどうする」"
			},
			{
				"TYPE": "ZM",
				"ID": 310656,
				"NAME": "小太郎",
				"ENG_NAME": "小太郎",
				"STRING": "@w5@h5「ひっ、怒らないで！」@w0@h0",
				"ENG_STRING": "@w5@h5「ひっ、怒らないで！」@w0@h0"
			},
			{
				"TYPE": "ZM",
				"ID": 310657,
				"NAME": "鍔姫",
				"ENG_NAME": "鍔姫",
				"STRING": "「怒ってはいないが……変わったこと、か……」",
				"ENG_STRING": "「怒ってはいないが……変わったこと、か……」"
			},
			{
				"TYPE": "ZM",
				"ID": 310658,
				"NAME": "満琉",
				"ENG_NAME": "満琉",
				"STRING": "「あ、やっぱ何かあるんだ？」",
				"ENG_STRING": "「あ、やっぱ何かあるんだ？」"
			},
			{
				"TYPE": "ZM",
				"ID": 310659,
				"NAME": "鍔姫",
				"ENG_NAME": "鍔姫",
				"STRING": "「え…？　私は何も言っていないが」",
				"ENG_STRING": "「え…？　私は何も言っていないが」"
			},
			{
				"TYPE": "ZM",
				"ID": 310660,
				"NAME": "満琉",
				"ENG_NAME": "満琉",
				"STRING": "「えーと、いや、はっきり『ない』って否定しないからですよ」",
				"ENG_STRING": "「えーと、いや、はっきり『ない』って否定しないからですよ」"
			},
			{
				"TYPE": "ZM",
				"ID": 310661,
				"NAME": "鍔姫",
				"ENG_NAME": "鍔姫",
				"STRING": "@w5@h5「…………！」@w0@h0",
				"ENG_STRING": "@w5@h5「…………！」@w0@h0"
			},
			{
				"TYPE": "ZM",
				"ID": 310662,
				"NAME": "鍔姫",
				"ENG_NAME": "鍔姫",
				"STRING": "「ない」",
				"ENG_STRING": "「ない」"
			},
			{
				"TYPE": "ZM",
				"ID": 310663,
				"STRING": "やっぱり様子がおかしい。",
				"ENG_STRING": "やっぱり様子がおかしい。"
			},
			{
				"TYPE": "ZM",
				"ID": 310664,
				"STRING": "なんというか、いつものキレがない。",
				"ENG_STRING": "なんというか、いつものキレがない。"
			},
			{
				"TYPE": "ZM",
				"ID": 310665,
				"STRING": "一番身近にいる村雲が言うことはやっぱり正しいのかもしれない。",
				"ENG_STRING": "一番身近にいる村雲が言うことはやっぱり正しいのかもしれない。"
			},
			{
				"TYPE": "SELR",
				"ID": 0,
				"STRING": "何か隠してないですか？",
				"ENG_STRING": "何か隠してないですか？"
			},
			{
				"TYPE": "SELR",
				"ID": 1,
				"STRING": "体調でも悪いんじゃないですか？",
				"ENG_STRING": "体調でも悪いんじゃないですか？"
			}
		],
		"CHAPTER_SUBNAME": "S04_03_01　鍔姫の様子"
	},
	"S04_03_02　何か隠してないですか？": {
		"MESSAGES": [
			{
				"TYPE": "ZM",
				"ID": 310786,
				"NAME": "満琉",
				"ENG_NAME": "満琉",
				"STRING": "「何か隠してないですか？」",
				"ENG_STRING": "「何か隠してないですか？」"
			},
			{
				"TYPE": "ZM",
				"ID": 310787,
				"NAME": "鍔姫",
				"ENG_NAME": "鍔姫",
				"STRING": "「そんなことはない」",
				"ENG_STRING": "「そんなことはない」"
			},
			{
				"TYPE": "ZM",
				"ID": 310788,
				"STRING": "口ではそう言うが、一瞬彼女がびくっと肩を震わせたような気がしたけど……。",
				"ENG_STRING": "口ではそう言うが、一瞬彼女がびくっと肩を震わせたような気がしたけど……。"
			}
		],
		"CHAPTER_SUBNAME": "S04_03_02　何か隠してないですか？"
	},
	"S04_03_03　体調でも悪いんじゃないですか？": {
		"MESSAGES": [
			{
				"TYPE": "ZM",
				"ID": 311042,
				"NAME": "満琉",
				"ENG_NAME": "満琉",
				"STRING": "「体調でも悪いんじゃないですか？」",
				"ENG_STRING": "「体調でも悪いんじゃないですか？」"
			},
			{
				"TYPE": "ZM",
				"ID": 311043,
				"NAME": "鍔姫",
				"ENG_NAME": "鍔姫",
				"STRING": "「私が？　いたって健康だ」",
				"ENG_STRING": "「私が？　いたって健康だ」"
			},
			{
				"TYPE": "ZM",
				"ID": 311044,
				"STRING": "確かに顔色もいいし、体調が悪いようには見えなかった。",
				"ENG_STRING": "確かに顔色もいいし、体調が悪いようには見えなかった。"
			}
		],
		"CHAPTER_SUBNAME": "S04_03_03　体調でも悪いんじゃないですか？"
	},
	"S04_03_04": {
		"MESSAGES": [
			{
				"TYPE": "ZM",
				"ID": 311298,
				"NAME": "鍔姫",
				"ENG_NAME": "鍔姫",
				"STRING": "「いったい突然何だ？　そんなことを聞いてくるとは」",
				"ENG_STRING": "「いったい突然何だ？　そんなことを聞いてくるとは」"
			},
			{
				"TYPE": "ZM",
				"ID": 311299,
				"NAME": "満琉",
				"ENG_NAME": "満琉",
				"STRING": "「ちょっと調査中でして」",
				"ENG_STRING": "「ちょっと調査中でして」"
			},
			{
				"TYPE": "ZM",
				"ID": 311300,
				"NAME": "鍔姫",
				"ENG_NAME": "鍔姫",
				"STRING": "「そうなのか。では、私は風紀委員室に戻る。見回り後の確認作業もあるからな。では」@n",
				"ENG_STRING": "「そうなのか。では、私は風紀委員室に戻る。見回り後の確認作業もあるからな。では」@n"
			},
			{
				"TYPE": "ZM",
				"ID": 311301,
				"NAME": "満琉",
				"ENG_NAME": "満琉",
				"STRING": "「あ、ああ、お疲れさまです」",
				"ENG_STRING": "「あ、ああ、お疲れさまです」"
			},
			{
				"TYPE": "ZM",
				"ID": 311302,
				"NAME": "小太郎",
				"ENG_NAME": "小太郎",
				"STRING": "「お疲れさまでーす」",
				"ENG_STRING": "「お疲れさまでーす」"
			},
			{
				"TYPE": "ZM",
				"ID": 311303,
				"STRING": "壬生さんの姿は廊下の角をまがり、見えなくなった。",
				"ENG_STRING": "壬生さんの姿は廊下の角をまがり、見えなくなった。"
			},
			{
				"TYPE": "ZM",
				"ID": 311304,
				"NAME": "小太郎",
				"ENG_NAME": "小太郎",
				"STRING": "「いっちゃったよ。何か判った？」",
				"ENG_STRING": "「いっちゃったよ。何か判った？」"
			},
			{
				"TYPE": "ZM",
				"ID": 311305,
				"NAME": "満琉",
				"ENG_NAME": "満琉",
				"STRING": "「お前は今のやりとりで何か判ったと思うか？」",
				"ENG_STRING": "「お前は今のやりとりで何か判ったと思うか？」"
			},
			{
				"TYPE": "ZM",
				"ID": 311306,
				"NAME": "小太郎",
				"ENG_NAME": "小太郎",
				"STRING": "「思わない」",
				"ENG_STRING": "「思わない」"
			},
			{
				"TYPE": "ZM",
				"ID": 311307,
				"NAME": "満琉",
				"ENG_NAME": "満琉",
				"STRING": "「だろ！？」",
				"ENG_STRING": "「だろ！？」"
			},
			{
				"TYPE": "ZM",
				"ID": 311308,
				"NAME": "小太郎",
				"ENG_NAME": "小太郎",
				"STRING": "「どうするの？」",
				"ENG_STRING": "「どうするの？」"
			},
			{
				"TYPE": "ZM",
				"ID": 311309,
				"STRING": "むむむ。",
				"ENG_STRING": "むむむ。"
			},
			{
				"TYPE": "ZM",
				"ID": 311310,
				"STRING": "これじゃモー子に言われたとおり、モー子なしでは俺たちが無能みたいじゃないか。",
				"ENG_STRING": "これじゃモー子に言われたとおり、モー子なしでは俺たちが無能みたいじゃないか。"
			},
			{
				"TYPE": "ZM",
				"ID": 311311,
				"NAME": "満琉",
				"ENG_NAME": "満琉",
				"STRING": "「でも今のことで一つ判ったことがある」",
				"ENG_STRING": "「でも今のことで一つ判ったことがある」"
			},
			{
				"TYPE": "ZM",
				"ID": 311312,
				"NAME": "小太郎",
				"ENG_NAME": "小太郎",
				"STRING": "「ほんと！？」",
				"ENG_STRING": "「ほんと！？」"
			},
			{
				"TYPE": "ZM",
				"ID": 311313,
				"NAME": "満琉",
				"ENG_NAME": "満琉",
				"STRING": "「本人に正攻法で聞いても無駄だってことだ」",
				"ENG_STRING": "「本人に正攻法で聞いても無駄だってことだ」"
			},
			{
				"TYPE": "ZM",
				"ID": 311314,
				"NAME": "小太郎",
				"ENG_NAME": "小太郎",
				"STRING": "「……確かにそうだったけど……。じゃあ、どうするの？」",
				"ENG_STRING": "「……確かにそうだったけど……。じゃあ、どうするの？」"
			},
			{
				"TYPE": "ZM",
				"ID": 311315,
				"STRING": "本人に聞いてだめなら……。",
				"ENG_STRING": "本人に聞いてだめなら……。"
			},
			{
				"TYPE": "ZM",
				"ID": 311316,
				"NAME": "満琉",
				"ENG_NAME": "満琉",
				"STRING": "「周りから固めていくしかねーな」",
				"ENG_STRING": "「周りから固めていくしかねーな」"
			},
			{
				"TYPE": "ZM",
				"ID": 311317,
				"NAME": "小太郎",
				"ENG_NAME": "小太郎",
				"STRING": "「外堀から埋めるってやつだね！」",
				"ENG_STRING": "「外堀から埋めるってやつだね！」"
			},
			{
				"TYPE": "ZM",
				"ID": 311318,
				"NAME": "満琉",
				"ENG_NAME": "満琉",
				"STRING": "「ああ」",
				"ENG_STRING": "「ああ」"
			},
			{
				"TYPE": "ZM",
				"ID": 311319,
				"STRING": "さて、どうするか……。",
				"ENG_STRING": "さて、どうするか……。"
			},
			{
				"TYPE": "SELR",
				"ID": 0,
				"STRING": "部屋を調べよう",
				"ENG_STRING": "部屋を調べよう"
			},
			{
				"TYPE": "SELR",
				"ID": 1,
				"STRING": "村雲に聞いてみるか",
				"ENG_STRING": "村雲に聞いてみるか"
			}
		],
		"CHAPTER_SUBNAME": "S04_03_04"
	},
	"S04_03_05　部屋を調べよう": {
		"MESSAGES": [
			{
				"TYPE": "ZM",
				"ID": 311554,
				"NAME": "満琉",
				"ENG_NAME": "満琉",
				"STRING": "「壬生さんの部屋を調べるか」",
				"ENG_STRING": "「壬生さんの部屋を調べるか」"
			},
			{
				"TYPE": "ZM",
				"ID": 311555,
				"STRING": "本人に聞いても意味がないなら、本人の身の周りを調べるのが一番だろう。",
				"ENG_STRING": "本人に聞いても意味がないなら、本人の身の周りを調べるのが一番だろう。"
			},
			{
				"TYPE": "ZM",
				"ID": 311556,
				"NAME": "小太郎",
				"ENG_NAME": "小太郎",
				"STRING": "@w5@h5「えええーーー！？」@w0@h0",
				"ENG_STRING": "@w5@h5「えええーーー！？」@w0@h0"
			},
			{
				"TYPE": "ZM",
				"ID": 311557,
				"NAME": "小太郎",
				"ENG_NAME": "小太郎",
				"STRING": "「女の子の部屋を調べるのはちょっと……もしバレたら、大変だよ！？」",
				"ENG_STRING": "「女の子の部屋を調べるのはちょっと……もしバレたら、大変だよ！？」"
			},
			{
				"TYPE": "ZM",
				"ID": 311558,
				"NAME": "満琉",
				"ENG_NAME": "満琉",
				"STRING": "「けど、他に手がかりがねーだろ」",
				"ENG_STRING": "「けど、他に手がかりがねーだろ」"
			},
			{
				"TYPE": "ZM",
				"ID": 311559,
				"NAME": "小太郎",
				"ENG_NAME": "小太郎",
				"STRING": "「そうだけど……」",
				"ENG_STRING": "「そうだけど……」"
			},
			{
				"TYPE": "ZM",
				"ID": 311560,
				"NAME": "満琉",
				"ENG_NAME": "満琉",
				"STRING": "「何も、その、タンスの中まで調べるわけじゃない」",
				"ENG_STRING": "「何も、その、タンスの中まで調べるわけじゃない」"
			},
			{
				"TYPE": "ZM",
				"ID": 311561,
				"NAME": "小太郎",
				"ENG_NAME": "小太郎",
				"STRING": "@w5@h5「あああああったりまえだよ！！」@w0@h0",
				"ENG_STRING": "@w5@h5「あああああったりまえだよ！！」@w0@h0"
			}
		],
		"CHAPTER_SUBNAME": "S04_03_05　部屋を調べよう"
	},
	"S04_03_06　村雲に聞いてみるか": {
		"MESSAGES": [
			{
				"TYPE": "ZM",
				"ID": 311810,
				"NAME": "満琉",
				"ENG_NAME": "満琉",
				"STRING": "「村雲に聞いてみるか」",
				"ENG_STRING": "「村雲に聞いてみるか」"
			},
			{
				"TYPE": "ZM",
				"ID": 311811,
				"NAME": "小太郎",
				"ENG_NAME": "小太郎",
				"STRING": "「何言ってるんだよ、みっちー！」",
				"ENG_STRING": "「何言ってるんだよ、みっちー！」"
			},
			{
				"TYPE": "ZM",
				"ID": 311812,
				"STRING": "おまるが目を丸くした。",
				"ENG_STRING": "おまるが目を丸くした。"
			},
			{
				"TYPE": "ZM",
				"ID": 311813,
				"NAME": "小太郎",
				"ENG_NAME": "小太郎",
				"STRING": "「村雲先輩は依頼人だよ。さっき、分室で話していった以上のことはわからないんじゃない？」",
				"ENG_STRING": "「村雲先輩は依頼人だよ。さっき、分室で話していった以上のことはわからないんじゃない？」"
			},
			{
				"TYPE": "ZM",
				"ID": 311814,
				"NAME": "満琉",
				"ENG_NAME": "満琉",
				"STRING": "「ああ、そうか……」",
				"ENG_STRING": "「ああ、そうか……」"
			},
			{
				"TYPE": "ZM",
				"ID": 311815,
				"NAME": "小太郎",
				"ENG_NAME": "小太郎",
				"STRING": "「いつも風紀委員の仕事を一緒にしている村雲先輩がおかしいって言って相談しにきたんだよ。やっぱり一筋縄ではいかないんじゃない？」",
				"ENG_STRING": "「いつも風紀委員の仕事を一緒にしている村雲先輩がおかしいって言って相談しにきたんだよ。やっぱり一筋縄ではいかないんじゃない？」"
			},
			{
				"TYPE": "ZM",
				"ID": 311816,
				"STRING": "そうだな……ここは手がかりが欲しいところだ。",
				"ENG_STRING": "そうだな……ここは手がかりが欲しいところだ。"
			},
			{
				"TYPE": "ZM",
				"ID": 311817,
				"STRING": "壬生さんの様子が変わった理由と思われるもの。",
				"ENG_STRING": "壬生さんの様子が変わった理由と思われるもの。"
			},
			{
				"TYPE": "ZM",
				"ID": 311818,
				"STRING": "それは身近なものじゃないだろうか。やっぱり。",
				"ENG_STRING": "それは身近なものじゃないだろうか。やっぱり。"
			},
			{
				"TYPE": "ZM",
				"ID": 311819,
				"NAME": "満琉",
				"ENG_NAME": "満琉",
				"STRING": "「部屋を調べてみるか……」",
				"ENG_STRING": "「部屋を調べてみるか……」"
			},
			{
				"TYPE": "ZM",
				"ID": 311820,
				"NAME": "小太郎",
				"ENG_NAME": "小太郎",
				"STRING": "「女の子の部屋を調べるのはちょっと……」",
				"ENG_STRING": "「女の子の部屋を調べるのはちょっと……」"
			}
		],
		"CHAPTER_SUBNAME": "S04_03_06　村雲に聞いてみるか"
	},
	"S04_03_07": {
		"MESSAGES": [
			{
				"TYPE": "ZM",
				"ID": 312066,
				"NAME": "満琉",
				"ENG_NAME": "満琉",
				"STRING": "「変わったことがないか、調べるだけだ」",
				"ENG_STRING": "「変わったことがないか、調べるだけだ」"
			},
			{
				"TYPE": "ZM",
				"ID": 312067,
				"NAME": "小太郎",
				"ENG_NAME": "小太郎",
				"STRING": "「うう、やっぱそれしかないのかなあ……でも調べるとして……どうやって部屋入るの？」@n",
				"ENG_STRING": "「うう、やっぱそれしかないのかなあ……でも調べるとして……どうやって部屋入るの？」@n"
			},
			{
				"TYPE": "ZM",
				"ID": 312068,
				"NAME": "満琉",
				"ENG_NAME": "満琉",
				"STRING": "「そうだよな……さてどうするか」",
				"ENG_STRING": "「そうだよな……さてどうするか」"
			},
			{
				"TYPE": "SELR",
				"ID": 0,
				"STRING": "おまる、女装しろ",
				"ENG_STRING": "おまる、女装しろ"
			},
			{
				"TYPE": "SELR",
				"ID": 1,
				"STRING": "合い鍵とか",
				"ENG_STRING": "合い鍵とか"
			},
			{
				"TYPE": "SELR",
				"ID": 2,
				"STRING": "ベランダから入れないか",
				"ENG_STRING": "ベランダから入れないか"
			}
		],
		"CHAPTER_SUBNAME": "S04_03_07"
	},
	"S04_03_08　おまる、女装しろ": {
		"MESSAGES": [
			{
				"TYPE": "ZM",
				"ID": 312322,
				"NAME": "満琉",
				"ENG_NAME": "満琉",
				"STRING": "「じゃあ、おまるが女装して潜入を……」",
				"ENG_STRING": "「じゃあ、おまるが女装して潜入を……」"
			},
			{
				"TYPE": "ZM",
				"ID": 312323,
				"NAME": "小太郎",
				"ENG_NAME": "小太郎",
				"STRING": "「なんで！！」",
				"ENG_STRING": "「なんで！！」"
			},
			{
				"TYPE": "ZM",
				"ID": 312324,
				"NAME": "満琉",
				"ENG_NAME": "満琉",
				"STRING": "「うっかり壬生さんに見つかっても、誤魔化しがきくかなと思って」",
				"ENG_STRING": "「うっかり壬生さんに見つかっても、誤魔化しがきくかなと思って」"
			},
			{
				"TYPE": "ZM",
				"ID": 312577,
				"NAME": "小太郎",
				"ENG_NAME": "小太郎",
				"STRING": "「無理無理無理！」",
				"ENG_STRING": "「無理無理無理！」"
			},
			{
				"TYPE": "ZM",
				"ID": 312578,
				"NAME": "満琉",
				"ENG_NAME": "満琉",
				"STRING": "「まあ、俺も無理だとは思った」",
				"ENG_STRING": "「まあ、俺も無理だとは思った」"
			},
			{
				"TYPE": "ZM",
				"ID": 312579,
				"NAME": "小太郎",
				"ENG_NAME": "小太郎",
				"STRING": "「真剣に考えてよー！」",
				"ENG_STRING": "「真剣に考えてよー！」"
			},
			{
				"TYPE": "ZM",
				"ID": 312580,
				"NAME": "満琉",
				"ENG_NAME": "満琉",
				"STRING": "「うーん……潜入するとしたら―――ベランダからしかないか」",
				"ENG_STRING": "「うーん……潜入するとしたら―――ベランダからしかないか」"
			}
		],
		"CHAPTER_SUBNAME": "S04_03_08　おまる、女装しろ"
	},
	"S04_03_09　合い鍵とか": {
		"MESSAGES": [
			{
				"TYPE": "ZM",
				"ID": 312834,
				"NAME": "満琉",
				"ENG_NAME": "満琉",
				"STRING": "「合い鍵とかねーのかな」",
				"ENG_STRING": "「合い鍵とかねーのかな」"
			},
			{
				"TYPE": "ZM",
				"ID": 312835,
				"NAME": "小太郎",
				"ENG_NAME": "小太郎",
				"STRING": "「寮の管理人室にはあるんじゃない？　でも、どうやって使わせてもらうの？」",
				"ENG_STRING": "「寮の管理人室にはあるんじゃない？　でも、どうやって使わせてもらうの？」"
			},
			{
				"TYPE": "ZM",
				"ID": 312836,
				"NAME": "満琉",
				"ENG_NAME": "満琉",
				"STRING": "「だよなあ。まだ特査の事件って決まったわけでもねーしな……」",
				"ENG_STRING": "「だよなあ。まだ特査の事件って決まったわけでもねーしな……」"
			},
			{
				"TYPE": "ZM",
				"ID": 312837,
				"NAME": "満琉",
				"ENG_NAME": "満琉",
				"STRING": "「ベランダから入るしかないか」",
				"ENG_STRING": "「ベランダから入るしかないか」"
			}
		],
		"CHAPTER_SUBNAME": "S04_03_09　合い鍵とか"
	},
	"S04_03_10　ベランダから入れないか": {
		"MESSAGES": [
			{
				"TYPE": "ZM",
				"ID": 313090,
				"NAME": "満琉",
				"ENG_NAME": "満琉",
				"STRING": "「ベランダから入れないか」",
				"ENG_STRING": "「ベランダから入れないか」"
			}
		],
		"CHAPTER_SUBNAME": "S04_03_10　ベランダから入れないか"
	},
	"S04_03_11": {
		"MESSAGES": [
			{
				"TYPE": "ZM",
				"ID": 313346,
				"STRING": "寮の各部屋にはベランダがあって、洗濯物が干せるくらいのスペースはあった。",
				"ENG_STRING": "寮の各部屋にはベランダがあって、洗濯物が干せるくらいのスペースはあった。"
			},
			{
				"TYPE": "ZM",
				"ID": 313347,
				"NAME": "小太郎",
				"ENG_NAME": "小太郎",
				"STRING": "「え！　確かにベランダは、みんな鍵をあまりかけてないみたいだけど」",
				"ENG_STRING": "「え！　確かにベランダは、みんな鍵をあまりかけてないみたいだけど」"
			},
			{
				"TYPE": "ZM",
				"ID": 313348,
				"NAME": "満琉",
				"ENG_NAME": "満琉",
				"STRING": "「そこしかないな」",
				"ENG_STRING": "「そこしかないな」"
			},
			{
				"TYPE": "ZM",
				"ID": 313349,
				"NAME": "小太郎",
				"ENG_NAME": "小太郎",
				"STRING": "「ちょっと待って。そのベランダ自体にはどうやって行くの？」",
				"ENG_STRING": "「ちょっと待って。そのベランダ自体にはどうやって行くの？」"
			},
			{
				"TYPE": "ZM",
				"ID": 313350,
				"NAME": "満琉",
				"ENG_NAME": "満琉",
				"STRING": "「上からだ」",
				"ENG_STRING": "「上からだ」"
			},
			{
				"TYPE": "ZM",
				"ID": 313351,
				"NAME": "小太郎",
				"ENG_NAME": "小太郎",
				"STRING": "「上からって？？」",
				"ENG_STRING": "「上からって？？」"
			},
			{
				"TYPE": "ZM",
				"ID": 313352,
				"NAME": "満琉",
				"ENG_NAME": "満琉",
				"STRING": "「屋上からロープで下ってベランダに降りるんだ。寮の構造的に出来るはずだ」",
				"ENG_STRING": "「屋上からロープで下ってベランダに降りるんだ。寮の構造的に出来るはずだ」"
			},
			{
				"TYPE": "ZM",
				"ID": 313353,
				"NAME": "小太郎",
				"ENG_NAME": "小太郎",
				"STRING": "「えーーーそんな忍者みたいなことするの！？」",
				"ENG_STRING": "「えーーーそんな忍者みたいなことするの！？」"
			},
			{
				"TYPE": "ZM",
				"ID": 313354,
				"NAME": "満琉",
				"ENG_NAME": "満琉",
				"STRING": "「それしかないだろう」",
				"ENG_STRING": "「それしかないだろう」"
			},
			{
				"TYPE": "ZM",
				"ID": 313355,
				"NAME": "小太郎",
				"ENG_NAME": "小太郎",
				"STRING": "「それはそうだけど…」",
				"ENG_STRING": "「それはそうだけど…」"
			},
			{
				"TYPE": "ZM",
				"ID": 313356,
				"NAME": "満琉",
				"ENG_NAME": "満琉",
				"STRING": "「モー子に馬鹿にされたままじゃ、引き下がれないからな」",
				"ENG_STRING": "「モー子に馬鹿にされたままじゃ、引き下がれないからな」"
			},
			{
				"TYPE": "ZM",
				"ID": 313357,
				"NAME": "小太郎",
				"ENG_NAME": "小太郎",
				"STRING": "「はいはい……」",
				"ENG_STRING": "「はいはい……」"
			},
			{
				"TYPE": "ZM",
				"ID": 313358,
				"STRING": "俺たちはロープを調達して、寮に向かうことにした。",
				"ENG_STRING": "俺たちはロープを調達して、寮に向かうことにした。"
			}
		],
		"CHAPTER_SUBNAME": "S04_03_11"
	}
}