{
	"Adelheid04": {
		"MESSAGES": [
			{
				"TYPE": "ZM",
				"ID": 515330,
				"STRING": "それから、また数日。",
				"ENG_STRING": "それから、また数日。"
			},
			{
				"TYPE": "ZM",
				"ID": 515331,
				"STRING": "あれ以降、ぽつぽつと小さな遺品のトラブルはあったものの、特に何も大きなことは起こっていない。",
				"ENG_STRING": "あれ以降、ぽつぽつと小さな遺品のトラブルはあったものの、特に何も大きなことは起こっていない。"
			},
			{
				"TYPE": "ZM",
				"ID": 515332,
				"STRING": "ハイジにはきちんとあの時のことは謝罪してもらったし、あれ以上何かあったってこともない。",
				"ENG_STRING": "ハイジにはきちんとあの時のことは謝罪してもらったし、あれ以上何かあったってこともない。"
			},
			{
				"TYPE": "ZM",
				"ID": 515333,
				"STRING": "何事もなかったように、ちゃんと今まで通りに戻っている。",
				"ENG_STRING": "何事もなかったように、ちゃんと今まで通りに戻っている。"
			},
			{
				"TYPE": "ZM",
				"ID": 515334,
				"STRING": "やはり何度も俺をじっと見つめていたように思えたのは、男の勘違いというか、つまりは気のせいだったようだ。",
				"ENG_STRING": "やはり何度も俺をじっと見つめていたように思えたのは、男の勘違いというか、つまりは気のせいだったようだ。"
			},
			{
				"TYPE": "ZM",
				"ID": 515335,
				"STRING": "諏訪もハイジと過ごして、随分元気になってきたようだ。",
				"ENG_STRING": "諏訪もハイジと過ごして、随分元気になってきたようだ。"
			},
			{
				"TYPE": "ZM",
				"ID": 515336,
				"STRING": "ああ、そういえば一つだけ問題が残ってた……おまるのおかげでマシになったとはいえ、モー子の冷たさが相変わらずだ。",
				"ENG_STRING": "ああ、そういえば一つだけ問題が残ってた……おまるのおかげでマシになったとはいえ、モー子の冷たさが相変わらずだ。"
			},
			{
				"TYPE": "ZM",
				"ID": 515337,
				"NAME": "三厳",
				"ENG_NAME": "三厳",
				"STRING": "「はあ……」@n",
				"ENG_STRING": "「はあ……」@n"
			},
			{
				"TYPE": "ZM",
				"ID": 515338,
				"NAME": "リト",
				"ENG_NAME": "リト",
				"STRING": "「どうかしたの？　久我満琉」",
				"ENG_STRING": "「どうかしたの？　久我満琉」"
			},
			{
				"TYPE": "ZM",
				"ID": 515339,
				"NAME": "三厳",
				"ENG_NAME": "三厳",
				"STRING": "「ああ、いや。なんでもない」",
				"ENG_STRING": "「ああ、いや。なんでもない」"
			},
			{
				"TYPE": "ZM",
				"ID": 515340,
				"NAME": "リト",
				"ENG_NAME": "リト",
				"STRING": "「そう？」",
				"ENG_STRING": "「そう？」"
			},
			{
				"TYPE": "ZM",
				"ID": 515341,
				"NAME": "三厳",
				"ENG_NAME": "三厳",
				"STRING": "「ああ、そうだよ」",
				"ENG_STRING": "「ああ、そうだよ」"
			},
			{
				"TYPE": "ZM",
				"ID": 515342,
				"STRING": "今日はリトと一緒に、回収した遺品を宝物庫まで返しに行くのだ。",
				"ENG_STRING": "今日はリトと一緒に、回収した遺品を宝物庫まで返しに行くのだ。"
			},
			{
				"TYPE": "ZM",
				"ID": 515343,
				"STRING": "別に俺が来なくても良かったんだが、モー子の視線の冷たさから逃げるために自分で行くと言い出したのだ。",
				"ENG_STRING": "別に俺が来なくても良かったんだが、モー子の視線の冷たさから逃げるために自分で行くと言い出したのだ。"
			},
			{
				"TYPE": "ZM",
				"ID": 515344,
				"STRING": "そしたら案の定、モー子はついて来なかった。",
				"ENG_STRING": "そしたら案の定、モー子はついて来なかった。"
			},
			{
				"TYPE": "ZM",
				"ID": 515345,
				"STRING": "向こうはおまるがなんとかしてくれてるみたいだし、今は任せておくのが良さそうだ。",
				"ENG_STRING": "向こうはおまるがなんとかしてくれてるみたいだし、今は任せておくのが良さそうだ。"
			},
			{
				"TYPE": "ZM",
				"ID": 515346,
				"NAME": "アーデルハイト",
				"ENG_NAME": "アーデルハイト",
				"STRING": "「あら……」",
				"ENG_STRING": "「あら……」"
			},
			{
				"TYPE": "ZM",
				"ID": 515347,
				"NAME": "三厳",
				"ENG_NAME": "三厳",
				"STRING": "「お……」",
				"ENG_STRING": "「お……」"
			},
			{
				"TYPE": "ZM",
				"ID": 515348,
				"NAME": "リト",
				"ENG_NAME": "リト",
				"STRING": "「あら、アーデルハイト・リッター・フォン・ヴァインベルガー」",
				"ENG_STRING": "「あら、アーデルハイト・リッター・フォン・ヴァインベルガー」"
			},
			{
				"TYPE": "ZM",
				"ID": 515349,
				"STRING": "宝物庫に向かって歩いていると、一人で本を物色していたらしいハイジに出会った。",
				"ENG_STRING": "宝物庫に向かって歩いていると、一人で本を物色していたらしいハイジに出会った。"
			},
			{
				"TYPE": "ZM",
				"ID": 515350,
				"STRING": "ハイジはリトが手にしている遺品に気付くと、表情を明るくした。",
				"ENG_STRING": "ハイジはリトが手にしている遺品に気付くと、表情を明るくした。"
			},
			{
				"TYPE": "ZM",
				"ID": 515351,
				"NAME": "アーデルハイト",
				"ENG_NAME": "アーデルハイト",
				"STRING": "「その手に持っているのは遺品かしら」",
				"ENG_STRING": "「その手に持っているのは遺品かしら」"
			},
			{
				"TYPE": "ZM",
				"ID": 515352,
				"NAME": "リト",
				"ENG_NAME": "リト",
				"STRING": "「ええ、そうよ。これから宝物庫に返しに行くの」",
				"ENG_STRING": "「ええ、そうよ。これから宝物庫に返しに行くの」"
			},
			{
				"TYPE": "ZM",
				"ID": 515353,
				"NAME": "アーデルハイト",
				"ENG_NAME": "アーデルハイト",
				"STRING": "「少し興味があるわ。私もついて行って構いません？」",
				"ENG_STRING": "「少し興味があるわ。私もついて行って構いません？」"
			},
			{
				"TYPE": "ZM",
				"ID": 515354,
				"NAME": "リト",
				"ENG_NAME": "リト",
				"STRING": "「構わないわよ。それじゃあ、一緒に行きましょう」",
				"ENG_STRING": "「構わないわよ。それじゃあ、一緒に行きましょう」"
			},
			{
				"TYPE": "ZM",
				"ID": 515355,
				"NAME": "アーデルハイト",
				"ENG_NAME": "アーデルハイト",
				"STRING": "「はい！」@n",
				"ENG_STRING": "「はい！」@n"
			},
			{
				"TYPE": "ZM",
				"ID": 515356,
				"STRING": "頷いたハイジは俺の隣に並ぶ。",
				"ENG_STRING": "頷いたハイジは俺の隣に並ぶ。"
			},
			{
				"TYPE": "ZM",
				"ID": 515357,
				"STRING": "その横顔をチラリと見下ろすが、また視線が合うと動きが止まってしまいそうな気がしてすぐにそらした。",
				"ENG_STRING": "その横顔をチラリと見下ろすが、また視線が合うと動きが止まってしまいそうな気がしてすぐにそらした。"
			},
			{
				"TYPE": "ZM",
				"ID": 515358,
				"STRING": "というか、もしかすると俺の方が止まってるんじゃないのだろうか。",
				"ENG_STRING": "というか、もしかすると俺の方が止まってるんじゃないのだろうか。"
			},
			{
				"TYPE": "ZM",
				"ID": 515359,
				"STRING": "……あんまり意識しすぎると、余計に気になりそうだから考えないようにした方がいいのかもしれない。",
				"ENG_STRING": "……あんまり意識しすぎると、余計に気になりそうだから考えないようにした方がいいのかもしれない。"
			},
			{
				"TYPE": "ZM",
				"ID": 515360,
				"NAME": "三厳",
				"ENG_NAME": "三厳",
				"STRING": "「宝物庫に興味があるのか？」",
				"ENG_STRING": "「宝物庫に興味があるのか？」"
			},
			{
				"TYPE": "ZM",
				"ID": 515361,
				"NAME": "アーデルハイト",
				"ENG_NAME": "アーデルハイト",
				"STRING": "「ええ、もちろん。その中にはきっと、ラ・グエスティア……お祖母さまの思い出の品もあるんだから」@n",
				"ENG_STRING": "「ええ、もちろん。その中にはきっと、ラ・グエスティア……お祖母さまの思い出の品もあるんだから」@n"
			},
			{
				"TYPE": "ZM",
				"ID": 515362,
				"NAME": "三厳",
				"ENG_NAME": "三厳",
				"STRING": "「ああ、そうだったな」",
				"ENG_STRING": "「ああ、そうだったな」"
			},
			{
				"TYPE": "ZM",
				"ID": 515363,
				"NAME": "アーデルハイト",
				"ENG_NAME": "アーデルハイト",
				"STRING": "「それに、どうやってその遺品を宝物庫に返すのかも気になるし、一度見ておきたいと思って」",
				"ENG_STRING": "「それに、どうやってその遺品を宝物庫に返すのかも気になるし、一度見ておきたいと思って」"
			},
			{
				"TYPE": "ZM",
				"ID": 515364,
				"NAME": "三厳",
				"ENG_NAME": "三厳",
				"STRING": "「なるほどね」",
				"ENG_STRING": "「なるほどね」"
			},
			{
				"TYPE": "ZM",
				"ID": 515365,
				"NAME": "アーデルハイト",
				"ENG_NAME": "アーデルハイト",
				"STRING": "「この学園は、今も様々な魔術が生き残っていて興味が尽きないわ」",
				"ENG_STRING": "「この学園は、今も様々な魔術が生き残っていて興味が尽きないわ」"
			},
			{
				"TYPE": "ZM",
				"ID": 515366,
				"STRING": "魔術師の家系なんだから、魔術の関わることに興味があって当然か。",
				"ENG_STRING": "魔術師の家系なんだから、魔術の関わることに興味があって当然か。"
			},
			{
				"TYPE": "ZM",
				"ID": 515367,
				"STRING": "宝物庫の前に来ると、ハイジは驚いたように目を丸くした。",
				"ENG_STRING": "宝物庫の前に来ると、ハイジは驚いたように目を丸くした。"
			},
			{
				"TYPE": "ZM",
				"ID": 515368,
				"STRING": "さすがに、壁にぽっかりと穴が空いただけの状態の場所が宝物庫だなんて思いもしなかっただろう。",
				"ENG_STRING": "さすがに、壁にぽっかりと穴が空いただけの状態の場所が宝物庫だなんて思いもしなかっただろう。"
			},
			{
				"TYPE": "ZM",
				"ID": 515369,
				"STRING": "しかも、中の様子はまったく見えないんだもんな。",
				"ENG_STRING": "しかも、中の様子はまったく見えないんだもんな。"
			},
			{
				"TYPE": "ZM",
				"ID": 515370,
				"NAME": "アーデルハイト",
				"ENG_NAME": "アーデルハイト",
				"STRING": "「これが宝物庫……確か人は入れないのよね、どうやってその遺品を返すの？」",
				"ENG_STRING": "「これが宝物庫……確か人は入れないのよね、どうやってその遺品を返すの？」"
			},
			{
				"TYPE": "ZM",
				"ID": 515371,
				"NAME": "リト",
				"ENG_NAME": "リト",
				"STRING": "「こうやって……」",
				"ENG_STRING": "「こうやって……」"
			},
			{
				"TYPE": "ZM",
				"ID": 515372,
				"STRING": "リトは少しだけ大穴に近付き、手にしていた遺品をそっと差し出した。",
				"ENG_STRING": "リトは少しだけ大穴に近付き、手にしていた遺品をそっと差し出した。"
			},
			{
				"TYPE": "ZM",
				"ID": 515373,
				"STRING": "すると、遺品がすうっと浮き上がる。",
				"ENG_STRING": "すると、遺品がすうっと浮き上がる。"
			},
			{
				"TYPE": "ZM",
				"ID": 515374,
				"NAME": "アーデルハイト",
				"ENG_NAME": "アーデルハイト",
				"STRING": "「……まあ」",
				"ENG_STRING": "「……まあ」"
			},
			{
				"TYPE": "ZM",
				"ID": 515375,
				"STRING": "浮き上がった遺品に向かって、中から光が伸びて来た。",
				"ENG_STRING": "浮き上がった遺品に向かって、中から光が伸びて来た。"
			},
			{
				"TYPE": "ZM",
				"ID": 515376,
				"STRING": "そして、その光が遺品を宝物庫の奥へと引き寄せるように持っていく。",
				"ENG_STRING": "そして、その光が遺品を宝物庫の奥へと引き寄せるように持っていく。"
			},
			{
				"TYPE": "ZM",
				"ID": 515377,
				"NAME": "リト",
				"ENG_NAME": "リト",
				"STRING": "「これでおしまいよ。遺品は宝物庫へ戻ったわ」",
				"ENG_STRING": "「これでおしまいよ。遺品は宝物庫へ戻ったわ」"
			},
			{
				"TYPE": "ZM",
				"ID": 515378,
				"NAME": "三厳",
				"ENG_NAME": "三厳",
				"STRING": "「前にも見てるけど不思議なもんだな」",
				"ENG_STRING": "「前にも見てるけど不思議なもんだな」"
			},
			{
				"TYPE": "ZM",
				"ID": 515379,
				"NAME": "アーデルハイト",
				"ENG_NAME": "アーデルハイト",
				"STRING": "「へえ……こうなっているのね。でも、普通に入れそうな感じですけど」",
				"ENG_STRING": "「へえ……こうなっているのね。でも、普通に入れそうな感じですけど」"
			},
			{
				"TYPE": "ZM",
				"ID": 515380,
				"NAME": "三厳",
				"ENG_NAME": "三厳",
				"STRING": "「あ、おいっ」",
				"ENG_STRING": "「あ、おいっ」"
			},
			{
				"TYPE": "ZM",
				"ID": 515381,
				"NAME": "アーデルハイト",
				"ENG_NAME": "アーデルハイト",
				"STRING": "@w3@h3「きゃっ！！」@w0@h0@n",
				"ENG_STRING": "@w3@h3「きゃっ！！」@w0@h0@n"
			},
			{
				"TYPE": "ZM",
				"ID": 515382,
				"STRING": "ハイジは興味深そうに宝物庫に近付いて行くが、すぐに宝物庫の結界に弾かれて飛ばされてしまい、そのままころんと転がった。",
				"ENG_STRING": "ハイジは興味深そうに宝物庫に近付いて行くが、すぐに宝物庫の結界に弾かれて飛ばされてしまい、そのままころんと転がった。"
			},
			{
				"TYPE": "ZM",
				"ID": 515383,
				"STRING": "慌ててその身体を助け起こそうとしたんだが……ふっと気が付いた。",
				"ENG_STRING": "慌ててその身体を助け起こそうとしたんだが……ふっと気が付いた。"
			},
			{
				"TYPE": "ZM",
				"ID": 515384,
				"STRING": "そういえば、不用意に触るのはまずいんだよな……多分。",
				"ENG_STRING": "そういえば、不用意に触るのはまずいんだよな……多分。"
			},
			{
				"TYPE": "ZM",
				"ID": 515385,
				"NAME": "三厳",
				"ENG_NAME": "三厳",
				"STRING": "「大丈夫か？」",
				"ENG_STRING": "「大丈夫か？」"
			},
			{
				"TYPE": "ZM",
				"ID": 515386,
				"STRING": "様子を窺いながら、そっと手のひらを差し出す。",
				"ENG_STRING": "様子を窺いながら、そっと手のひらを差し出す。"
			},
			{
				"TYPE": "ZM",
				"ID": 515387,
				"STRING": "これだけなら大丈夫なはずだ。",
				"ENG_STRING": "これだけなら大丈夫なはずだ。"
			},
			{
				"TYPE": "ZM",
				"ID": 515388,
				"STRING": "俺から触れるとまずいなら、ハイジが動くのを待てばいい。",
				"ENG_STRING": "俺から触れるとまずいなら、ハイジが動くのを待てばいい。"
			},
			{
				"TYPE": "ZM",
				"ID": 515389,
				"NAME": "アーデルハイト",
				"ENG_NAME": "アーデルハイト",
				"STRING": "「え、ええ……ありがとう」@n",
				"ENG_STRING": "「え、ええ……ありがとう」@n"
			},
			{
				"TYPE": "ZM",
				"ID": 515390,
				"STRING": "ハイジは戸惑っているようだったけど、差し出した手に掴まって立ち上がった。",
				"ENG_STRING": "ハイジは戸惑っているようだったけど、差し出した手に掴まって立ち上がった。"
			},
			{
				"TYPE": "ZM",
				"ID": 515391,
				"STRING": "普通に手を握って立ち上がった姿を見て、少し不思議に思う。",
				"ENG_STRING": "普通に手を握って立ち上がった姿を見て、少し不思議に思う。"
			},
			{
				"TYPE": "ZM",
				"ID": 515392,
				"STRING": "男に触れられるのが嫌だったんじゃないのか？　それとも、今のはわざわざ俺に気をつかっただけなんだろうか……？",
				"ENG_STRING": "男に触れられるのが嫌だったんじゃないのか？　それとも、今のはわざわざ俺に気をつかっただけなんだろうか……？"
			},
			{
				"TYPE": "ZM",
				"ID": 515393,
				"STRING": "まあでも、手を取ってくれたことに対しては素直に嬉しい。",
				"ENG_STRING": "まあでも、手を取ってくれたことに対しては素直に嬉しい。"
			},
			{
				"TYPE": "ZM",
				"ID": 515394,
				"NAME": "三厳",
				"ENG_NAME": "三厳",
				"STRING": "「……」",
				"ENG_STRING": "「……」"
			},
			{
				"TYPE": "ZM",
				"ID": 515395,
				"NAME": "アーデルハイト",
				"ENG_NAME": "アーデルハイト",
				"STRING": "「………」",
				"ENG_STRING": "「………」"
			},
			{
				"TYPE": "ZM",
				"ID": 515396,
				"STRING": "ふと視線を向けると、ハイジも俺に目を合わせた。",
				"ENG_STRING": "ふと視線を向けると、ハイジも俺に目を合わせた。"
			},
			{
				"TYPE": "ZM",
				"ID": 515397,
				"STRING": "――まただ。",
				"ENG_STRING": "――まただ。"
			},
			{
				"TYPE": "ZM",
				"ID": 515398,
				"STRING": "また、見つめられている。",
				"ENG_STRING": "また、見つめられている。"
			},
			{
				"TYPE": "ZM",
				"ID": 515399,
				"STRING": "ふいにざわりと、背筋を何かが走った気がした。",
				"ENG_STRING": "ふいにざわりと、背筋を何かが走った気がした。"
			},
			{
				"TYPE": "ZM",
				"ID": 515400,
				"NAME": "アーデルハイト",
				"ENG_NAME": "アーデルハイト",
				"STRING": "（ど、どうしたらいいのかしら。これは、どういうタイミングで手を離せば……！）",
				"ENG_STRING": "（ど、どうしたらいいのかしら。これは、どういうタイミングで手を離せば……！）"
			},
			{
				"TYPE": "ZM",
				"ID": 515401,
				"NAME": "アーデルハイト",
				"ENG_NAME": "アーデルハイト",
				"STRING": "（もしかして、さっき手を離すべきだったの！？　絶好の機会を逃がしてしまったのかしら！！）@n",
				"ENG_STRING": "（もしかして、さっき手を離すべきだったの！？　絶好の機会を逃がしてしまったのかしら！！）@n"
			},
			{
				"TYPE": "ZM",
				"ID": 515402,
				"STRING": "俺が差し出した手は、まだしっかりと握られたままだ。@n",
				"ENG_STRING": "俺が差し出した手は、まだしっかりと握られたままだ。@n"
			},
			{
				"TYPE": "ZM",
				"ID": 515403,
				"STRING": "ハイジが離さない以上、自分から手を引くのはどうもおかしな気がして、俺は手をそのままにしていた。",
				"ENG_STRING": "ハイジが離さない以上、自分から手を引くのはどうもおかしな気がして、俺は手をそのままにしていた。"
			},
			{
				"TYPE": "ZM",
				"ID": 515404,
				"STRING": "何故、手を離さない。",
				"ENG_STRING": "何故、手を離さない。"
			},
			{
				"TYPE": "ZM",
				"ID": 515405,
				"STRING": "もう立ち上がったんだから、手を離しても良さそうなものなのに。",
				"ENG_STRING": "もう立ち上がったんだから、手を離しても良さそうなものなのに。"
			},
			{
				"TYPE": "ZM",
				"ID": 515406,
				"STRING": "――というか、嫌なのかそうじゃないのかどっちなんだ？",
				"ENG_STRING": "――というか、嫌なのかそうじゃないのかどっちなんだ？"
			},
			{
				"TYPE": "ZM",
				"ID": 515407,
				"STRING": "もしかして、これは触っても大丈夫ってことを言いたいのか？　いや……早とちりはまずい……。",
				"ENG_STRING": "もしかして、これは触っても大丈夫ってことを言いたいのか？　いや……早とちりはまずい……。"
			},
			{
				"TYPE": "ZM",
				"ID": 515408,
				"STRING": "まさか……これが文化の違いってやつなのか？",
				"ENG_STRING": "まさか……これが文化の違いってやつなのか？"
			},
			{
				"TYPE": "ZM",
				"ID": 515409,
				"NAME": "リト",
				"ENG_NAME": "リト",
				"STRING": "「………」",
				"ENG_STRING": "「………」"
			},
			{
				"TYPE": "ZM",
				"ID": 515410,
				"NAME": "三厳",
				"ENG_NAME": "三厳",
				"STRING": "「……！」@n",
				"ENG_STRING": "「……！」@n"
			},
			{
				"TYPE": "ZM",
				"ID": 515411,
				"STRING": "日本とドイツの違いに真剣に思いを馳せていると、リトが黙って俺達を凝視していることに気が付いた。",
				"ENG_STRING": "日本とドイツの違いに真剣に思いを馳せていると、リトが黙って俺達を凝視していることに気が付いた。"
			},
			{
				"TYPE": "ZM",
				"ID": 515412,
				"NAME": "三厳",
				"ENG_NAME": "三厳",
				"STRING": "「な、なんだ？」",
				"ENG_STRING": "「な、なんだ？」"
			},
			{
				"TYPE": "ZM",
				"ID": 515413,
				"NAME": "リト",
				"ENG_NAME": "リト",
				"STRING": "「それは、一体何をしているの？」",
				"ENG_STRING": "「それは、一体何をしているの？」"
			},
			{
				"TYPE": "ZM",
				"ID": 515414,
				"NAME": "アーデルハイト",
				"ENG_NAME": "アーデルハイト",
				"STRING": "「！！！　な、な、なんでもありません！！」",
				"ENG_STRING": "「！！！　な、な、なんでもありません！！」"
			},
			{
				"TYPE": "ZM",
				"ID": 515415,
				"STRING": "不思議そうな顔をしたリトに言われ、ようやくハイジも我に返ったようだった。",
				"ENG_STRING": "不思議そうな顔をしたリトに言われ、ようやくハイジも我に返ったようだった。"
			},
			{
				"TYPE": "ZM",
				"ID": 515416,
				"STRING": "お互いに視線をそらして手を離し、思わずそっと距離を取る。",
				"ENG_STRING": "お互いに視線をそらして手を離し、思わずそっと距離を取る。"
			},
			{
				"TYPE": "ZM",
				"ID": 515417,
				"NAME": "リト",
				"ENG_NAME": "リト",
				"STRING": "「そう。それじゃあ、私はもう戻るわ」",
				"ENG_STRING": "「そう。それじゃあ、私はもう戻るわ」"
			},
			{
				"TYPE": "ZM",
				"ID": 515418,
				"NAME": "三厳",
				"ENG_NAME": "三厳",
				"STRING": "「あ、そ、そうか。ご苦労様」",
				"ENG_STRING": "「あ、そ、そうか。ご苦労様」"
			},
			{
				"TYPE": "ZM",
				"ID": 515419,
				"NAME": "リト",
				"ENG_NAME": "リト",
				"STRING": "「ええ。それじゃあ」",
				"ENG_STRING": "「ええ。それじゃあ」"
			},
			{
				"TYPE": "ZM",
				"ID": 515420,
				"STRING": "不思議そうにしていたリトだったが、俺達が手を離すと納得した様子で頷いた。",
				"ENG_STRING": "不思議そうにしていたリトだったが、俺達が手を離すと納得した様子で頷いた。"
			},
			{
				"TYPE": "ZM",
				"ID": 515421,
				"STRING": "そして、何事もなかったように去って行く。",
				"ENG_STRING": "そして、何事もなかったように去って行く。"
			},
			{
				"TYPE": "ZM",
				"ID": 515422,
				"NAME": "三厳",
				"ENG_NAME": "三厳",
				"STRING": "「………」",
				"ENG_STRING": "「………」"
			},
			{
				"TYPE": "ZM",
				"ID": 515423,
				"NAME": "アーデルハイト",
				"ENG_NAME": "アーデルハイト",
				"STRING": "「………」",
				"ENG_STRING": "「………」"
			},
			{
				"TYPE": "ZM",
				"ID": 515424,
				"STRING": "二人だけでこの場に残されてしまって、少しだけ気まずい気持ちになる。",
				"ENG_STRING": "二人だけでこの場に残されてしまって、少しだけ気まずい気持ちになる。"
			},
			{
				"TYPE": "ZM",
				"ID": 515425,
				"STRING": "黙ってるから余計そうなるんだから、何か話した方がいいよな……。",
				"ENG_STRING": "黙ってるから余計そうなるんだから、何か話した方がいいよな……。"
			},
			{
				"TYPE": "ZM",
				"ID": 515426,
				"NAME": "三厳",
				"ENG_NAME": "三厳",
				"STRING": "「こ、これで遺品が現れるまで手が出せないって言った意味、よくわかっただろ」",
				"ENG_STRING": "「こ、これで遺品が現れるまで手が出せないって言った意味、よくわかっただろ」"
			},
			{
				"TYPE": "ZM",
				"ID": 515427,
				"NAME": "アーデルハイト",
				"ENG_NAME": "アーデルハイト",
				"STRING": "「え、ええ。話にはきいていたけれど、本当に入れないのね」",
				"ENG_STRING": "「え、ええ。話にはきいていたけれど、本当に入れないのね」"
			},
			{
				"TYPE": "ZM",
				"ID": 515428,
				"STRING": "頷きながら答えたハイジを見ると、落ち着きを取り戻せた気がする。",
				"ENG_STRING": "頷きながら答えたハイジを見ると、落ち着きを取り戻せた気がする。"
			},
			{
				"TYPE": "ZM",
				"ID": 515429,
				"STRING": "別にあらためて落ち着く必要もないってのに、一体俺は何をしているんだか……。",
				"ENG_STRING": "別にあらためて落ち着く必要もないってのに、一体俺は何をしているんだか……。"
			},
			{
				"TYPE": "ZM",
				"ID": 515430,
				"STRING": "どうも黙っていると調子が狂う。",
				"ENG_STRING": "どうも黙っていると調子が狂う。"
			},
			{
				"TYPE": "ZM",
				"ID": 515431,
				"STRING": "何か他の話題はないだろうか。",
				"ENG_STRING": "何か他の話題はないだろうか。"
			},
			{
				"TYPE": "ZM",
				"ID": 515432,
				"NAME": "二人",
				"ENG_NAME": "二人",
				"STRING": "「アーデルハイトさんのお祖母様が、この学園の創立者であるクラール・ラズリットと懇意でね」",
				"ENG_STRING": "「アーデルハイトさんのお祖母様が、この学園の創立者であるクラール・ラズリットと懇意でね」"
			},
			{
				"TYPE": "ZM",
				"ID": 515433,
				"NAME": "二人",
				"ENG_NAME": "二人",
				"STRING": "「ところが、その遺品にお祖母様の思い出の品が挟み込まれたままになっているらしいのだよ。それを回収したいとのことでね」",
				"ENG_STRING": "「ところが、その遺品にお祖母様の思い出の品が挟み込まれたままになっているらしいのだよ。それを回収したいとのことでね」"
			},
			{
				"TYPE": "ZM",
				"ID": 515434,
				"NAME": "三厳",
				"ENG_NAME": "三厳",
				"STRING": "「あぁ、ええと……そういや、ハイジが捜してるモノってどんななんだ？　遺品に挟まってるっていう……」@n",
				"ENG_STRING": "「あぁ、ええと……そういや、ハイジが捜してるモノってどんななんだ？　遺品に挟まってるっていう……」@n"
			},
			{
				"TYPE": "ZM",
				"ID": 515435,
				"NAME": "アーデルハイト",
				"ENG_NAME": "アーデルハイト",
				"STRING": "「え？　あ、ああ、そうね、コガも知っていたのね。もしかして学園長から聞いたのかしら？」@n",
				"ENG_STRING": "「え？　あ、ああ、そうね、コガも知っていたのね。もしかして学園長から聞いたのかしら？」@n"
			},
			{
				"TYPE": "ZM",
				"ID": 515436,
				"NAME": "三厳",
				"ENG_NAME": "三厳",
				"STRING": "「リトにも聞いたぜ。確か……ラ…何だったっけ」",
				"ENG_STRING": "「リトにも聞いたぜ。確か……ラ…何だったっけ」"
			},
			{
				"TYPE": "ZM",
				"ID": 515437,
				"NAME": "アーデルハイト",
				"ENG_NAME": "アーデルハイト",
				"STRING": "「ラ・グエスティア。長い槍のような形をした巨大な音叉で、対魔女用の武器よ。その柄が取り外しできるようになっていて……」",
				"ENG_STRING": "「ラ・グエスティア。長い槍のような形をした巨大な音叉で、対魔女用の武器よ。その柄が取り外しできるようになっていて……」"
			},
			{
				"TYPE": "ZM",
				"ID": 515438,
				"NAME": "アーデルハイト",
				"ENG_NAME": "アーデルハイト",
				"STRING": "「その中に、お祖父様がお祖母様に贈るはずだったリボンが入っているそうなの」",
				"ENG_STRING": "「その中に、お祖父様がお祖母様に贈るはずだったリボンが入っているそうなの」"
			},
			{
				"TYPE": "ZM",
				"ID": 515439,
				"NAME": "三厳",
				"ENG_NAME": "三厳",
				"STRING": "「リボン？」",
				"ENG_STRING": "「リボン？」"
			},
			{
				"TYPE": "ZM",
				"ID": 515440,
				"STRING": "意外と少女趣味というか、可愛らしいものが入ってるんだな。魔女用の武器なのに。",
				"ENG_STRING": "意外と少女趣味というか、可愛らしいものが入ってるんだな。魔女用の武器なのに。"
			},
			{
				"TYPE": "ZM",
				"ID": 515441,
				"NAME": "アーデルハイト",
				"ENG_NAME": "アーデルハイト",
				"STRING": "「ええ。そのリボンを入れたのはお祖父様だったんだけど、それを知らずにお祖母様はラ・グエスティアをこの学園に預けてしまったのよ」",
				"ENG_STRING": "「ええ。そのリボンを入れたのはお祖父様だったんだけど、それを知らずにお祖母様はラ・グエスティアをこの学園に預けてしまったのよ」"
			},
			{
				"TYPE": "ZM",
				"ID": 515442,
				"NAME": "アーデルハイト",
				"ENG_NAME": "アーデルハイト",
				"STRING": "「先日、昔の手紙が出て来てね、初めてそのことを知ったお祖母様のために、大切なリボンを回収しに来たの」",
				"ENG_STRING": "「先日、昔の手紙が出て来てね、初めてそのことを知ったお祖母様のために、大切なリボンを回収しに来たの」"
			},
			{
				"TYPE": "ZM",
				"ID": 515443,
				"NAME": "アーデルハイト",
				"ENG_NAME": "アーデルハイト",
				"STRING": "「私、お祖母様にどうしてもそれを持って帰ってさしあげたいのよ」",
				"ENG_STRING": "「私、お祖母様にどうしてもそれを持って帰ってさしあげたいのよ」"
			},
			{
				"TYPE": "ZM",
				"ID": 515444,
				"STRING": "頷き答えるハイジはなんだか楽しそうだった。",
				"ENG_STRING": "頷き答えるハイジはなんだか楽しそうだった。"
			},
			{
				"TYPE": "ZM",
				"ID": 515445,
				"STRING": "きりっとした凛々しいものではなく、楽しそうなその表情は年相応という言葉がよく似合う。",
				"ENG_STRING": "きりっとした凛々しいものではなく、楽しそうなその表情は年相応という言葉がよく似合う。"
			},
			{
				"TYPE": "ZM",
				"ID": 515446,
				"NAME": "三厳",
				"ENG_NAME": "三厳",
				"STRING": "「ハイジのお祖母さんってどんな人なんだ？」",
				"ENG_STRING": "「ハイジのお祖母さんってどんな人なんだ？」"
			},
			{
				"TYPE": "ZM",
				"ID": 515447,
				"NAME": "アーデルハイト",
				"ENG_NAME": "アーデルハイト",
				"STRING": "「ドロテアお祖母様のこと？　とても厳しい人よ。でも、それだけじゃなくてとても優しい人でもあるの」",
				"ENG_STRING": "「ドロテアお祖母様のこと？　とても厳しい人よ。でも、それだけじゃなくてとても優しい人でもあるの」"
			},
			{
				"TYPE": "ZM",
				"ID": 515448,
				"NAME": "アーデルハイト",
				"ENG_NAME": "アーデルハイト",
				"STRING": "「人の想いをとても大事にするお祖母様だからこそ、お祖父様の贈ろうとしたリボンのことも、たとえ何十年も経っていても諦められないのよ」",
				"ENG_STRING": "「人の想いをとても大事にするお祖母様だからこそ、お祖父様の贈ろうとしたリボンのことも、たとえ何十年も経っていても諦められないのよ」"
			},
			{
				"TYPE": "ZM",
				"ID": 515449,
				"NAME": "アーデルハイト",
				"ENG_NAME": "アーデルハイト",
				"STRING": "「ただの古い布だと言ってしまえばそれまでなのだけれど、でも私はそんなお祖母様の気持ちを大事にしたいと思ったの」",
				"ENG_STRING": "「ただの古い布だと言ってしまえばそれまでなのだけれど、でも私はそんなお祖母様の気持ちを大事にしたいと思ったの」"
			},
			{
				"TYPE": "ZM",
				"ID": 515450,
				"STRING": "きっと、ハイジはその祖母のことが大好きなんだろう。",
				"ENG_STRING": "きっと、ハイジはその祖母のことが大好きなんだろう。"
			},
			{
				"TYPE": "ZM",
				"ID": 515451,
				"STRING": "そうでなければ、わざわざここまでそのリボンを返してもらいに来るわけはない。",
				"ENG_STRING": "そうでなければ、わざわざここまでそのリボンを返してもらいに来るわけはない。"
			},
			{
				"TYPE": "ZM",
				"ID": 515452,
				"NAME": "三厳",
				"ENG_NAME": "三厳",
				"STRING": "「いや、そういうの、凄いと思うけどな」",
				"ENG_STRING": "「いや、そういうの、凄いと思うけどな」"
			},
			{
				"TYPE": "ZM",
				"ID": 515453,
				"NAME": "アーデルハイト",
				"ENG_NAME": "アーデルハイト",
				"STRING": "「え？」",
				"ENG_STRING": "「え？」"
			},
			{
				"TYPE": "ZM",
				"ID": 515454,
				"NAME": "三厳",
				"ENG_NAME": "三厳",
				"STRING": "「何十年も前のプレゼントが欲しいって思えることも。それをわざわざこんな遠くの国にまで、お祖母さんのために取りにこれるお前も」",
				"ENG_STRING": "「何十年も前のプレゼントが欲しいって思えることも。それをわざわざこんな遠くの国にまで、お祖母さんのために取りにこれるお前も」"
			},
			{
				"TYPE": "ZM",
				"ID": 515455,
				"NAME": "アーデルハイト",
				"ENG_NAME": "アーデルハイト",
				"STRING": "「………」",
				"ENG_STRING": "「………」"
			},
			{
				"TYPE": "ZM",
				"ID": 515456,
				"STRING": "ハイジは一瞬だけ照れるように頬を染めたが、すぐにぷいっと顔をそらしてしまった。",
				"ENG_STRING": "ハイジは一瞬だけ照れるように頬を染めたが、すぐにぷいっと顔をそらしてしまった。"
			},
			{
				"TYPE": "ZM",
				"ID": 515457,
				"STRING": "そしてぽつぽつと呟くように話しはじめる。",
				"ENG_STRING": "そしてぽつぽつと呟くように話しはじめる。"
			},
			{
				"TYPE": "ZM",
				"ID": 515458,
				"NAME": "アーデルハイト",
				"ENG_NAME": "アーデルハイト",
				"STRING": "「私、幼い頃からたくさんの勉強をして来たの」@n",
				"ENG_STRING": "「私、幼い頃からたくさんの勉強をして来たの」@n"
			},
			{
				"TYPE": "ZM",
				"ID": 515459,
				"NAME": "三厳",
				"ENG_NAME": "三厳",
				"STRING": "「勉強？」",
				"ENG_STRING": "「勉強？」"
			},
			{
				"TYPE": "ZM",
				"ID": 515460,
				"NAME": "アーデルハイト",
				"ENG_NAME": "アーデルハイト",
				"STRING": "「普通の学校で習うような勉強と、魔術の勉強、それからヴァインベルガーのしきたりや教養とか……目が回りそうなくらい」@n",
				"ENG_STRING": "「普通の学校で習うような勉強と、魔術の勉強、それからヴァインベルガーのしきたりや教養とか……目が回りそうなくらい」@n"
			},
			{
				"TYPE": "ZM",
				"ID": 515461,
				"STRING": "それがどんなものなのか、俺にはあまり想像もつかない世界だったが……。",
				"ENG_STRING": "それがどんなものなのか、俺にはあまり想像もつかない世界だったが……。"
			},
			{
				"TYPE": "ZM",
				"ID": 515462,
				"STRING": "少なくとも、小さな子供には相当荷が重かったことくらいは理解できる。",
				"ENG_STRING": "少なくとも、小さな子供には相当荷が重かったことくらいは理解できる。"
			},
			{
				"TYPE": "ZM",
				"ID": 515463,
				"NAME": "アーデルハイト",
				"ENG_NAME": "アーデルハイト",
				"STRING": "「……だから、自由になる時間がほとんどないことは不満だったし、それ以上に不安も感じていたわ」",
				"ENG_STRING": "「……だから、自由になる時間がほとんどないことは不満だったし、それ以上に不安も感じていたわ」"
			},
			{
				"TYPE": "ZM",
				"ID": 515464,
				"NAME": "三厳",
				"ENG_NAME": "三厳",
				"STRING": "「不安って？」",
				"ENG_STRING": "「不安って？」"
			},
			{
				"TYPE": "ZM",
				"ID": 515465,
				"NAME": "アーデルハイト",
				"ENG_NAME": "アーデルハイト",
				"STRING": "「私は、皆が思ってるような当主になれるのかなっていうこと……」",
				"ENG_STRING": "「私は、皆が思ってるような当主になれるのかなっていうこと……」"
			},
			{
				"TYPE": "ZM",
				"ID": 515466,
				"NAME": "アーデルハイト",
				"ENG_NAME": "アーデルハイト",
				"STRING": "「私、特別成績がいいわけでも、物覚えがいいわけでもなかったの。一緒に教育を受けていたルイの方がよっぽど出来が良かったわ」",
				"ENG_STRING": "「私、特別成績がいいわけでも、物覚えがいいわけでもなかったの。一緒に教育を受けていたルイの方がよっぽど出来が良かったわ」"
			},
			{
				"TYPE": "ZM",
				"ID": 515467,
				"NAME": "三厳",
				"ENG_NAME": "三厳",
				"STRING": "「………」",
				"ENG_STRING": "「………」"
			},
			{
				"TYPE": "ZM",
				"ID": 515468,
				"NAME": "アーデルハイト",
				"ENG_NAME": "アーデルハイト",
				"STRING": "「毎日勉強をしてたくさんのことを学んでいたけれど、いつもいつも不安で仕方がなかった」",
				"ENG_STRING": "「毎日勉強をしてたくさんのことを学んでいたけれど、いつもいつも不安で仕方がなかった」"
			},
			{
				"TYPE": "ZM",
				"ID": 515469,
				"NAME": "アーデルハイト",
				"ENG_NAME": "アーデルハイト",
				"STRING": "「私がヴァインベルガーの名前を背負わなければいけないのだから、私の行動すべてが家名に関わることになる……本当に大丈夫なのかしらって」",
				"ENG_STRING": "「私がヴァインベルガーの名前を背負わなければいけないのだから、私の行動すべてが家名に関わることになる……本当に大丈夫なのかしらって」"
			},
			{
				"TYPE": "ZM",
				"ID": 515470,
				"NAME": "アーデルハイト",
				"ENG_NAME": "アーデルハイト",
				"STRING": "「でも、そんなことはお父様とお母様には言えなくて……だけど、お祖母様にだけは言えたのよ」@n",
				"ENG_STRING": "「でも、そんなことはお父様とお母様には言えなくて……だけど、お祖母様にだけは言えたのよ」@n"
			},
			{
				"TYPE": "ZM",
				"ID": 515471,
				"NAME": "アーデルハイト",
				"ENG_NAME": "アーデルハイト",
				"STRING": "「毎日まいにちお勉強ばっかり！　わたしもういや！」",
				"ENG_STRING": "「毎日まいにちお勉強ばっかり！　わたしもういや！」"
			},
			{
				"TYPE": "ZM",
				"ID": 515472,
				"NAME": "ドロテア",
				"ENG_NAME": "ドロテア",
				"STRING": "「アーデルハイト……あなたがそんなにいやなのは、本当にお勉強なのですか？」",
				"ENG_STRING": "「アーデルハイト……あなたがそんなにいやなのは、本当にお勉強なのですか？」"
			},
			{
				"TYPE": "ZM",
				"ID": 515473,
				"NAME": "アーデルハイト",
				"ENG_NAME": "アーデルハイト",
				"STRING": "「………おばあさま」",
				"ENG_STRING": "「………おばあさま」"
			},
			{
				"TYPE": "ZM",
				"ID": 515474,
				"NAME": "アーデルハイト",
				"ENG_NAME": "アーデルハイト",
				"STRING": "「本当はそんなにお勉強きらいじゃない。でも、ぜんぶルイに勝てないの。わたし、本当にヴァインベルガーをせおえる人になれるの？」",
				"ENG_STRING": "「本当はそんなにお勉強きらいじゃない。でも、ぜんぶルイに勝てないの。わたし、本当にヴァインベルガーをせおえる人になれるの？」"
			},
			{
				"TYPE": "ZM",
				"ID": 515475,
				"NAME": "ドロテア",
				"ENG_NAME": "ドロテア",
				"STRING": "「ルートヴィヒはあなたよりも年上だから、同じことを学んで差がつくのは当然のことですよ、アーデルハイト」",
				"ENG_STRING": "「ルートヴィヒはあなたよりも年上だから、同じことを学んで差がつくのは当然のことですよ、アーデルハイト」"
			},
			{
				"TYPE": "ZM",
				"ID": 515476,
				"NAME": "アーデルハイト",
				"ENG_NAME": "アーデルハイト",
				"STRING": "「でもきっと、ルイがお兄さんじゃなくっても、わたし、みんなをがっかりさせてる。それがいやなの、すごく、いや！」",
				"ENG_STRING": "「でもきっと、ルイがお兄さんじゃなくっても、わたし、みんなをがっかりさせてる。それがいやなの、すごく、いや！」"
			},
			{
				"TYPE": "ZM",
				"ID": 515477,
				"NAME": "アーデルハイト",
				"ENG_NAME": "アーデルハイト",
				"STRING": "「がんばってるのに、ぜんぜんうまくできないんだもの。わたし、本当にみんなを守れるの……？　おばあさまみたいになれるの…？」",
				"ENG_STRING": "「がんばってるのに、ぜんぜんうまくできないんだもの。わたし、本当にみんなを守れるの……？　おばあさまみたいになれるの…？」"
			},
			{
				"TYPE": "ZM",
				"ID": 515478,
				"NAME": "ドロテア",
				"ENG_NAME": "ドロテア",
				"STRING": "「アーデルハイト……」",
				"ENG_STRING": "「アーデルハイト……」"
			},
			{
				"TYPE": "ZM",
				"ID": 515479,
				"NAME": "アーデルハイト",
				"ENG_NAME": "アーデルハイト",
				"STRING": "「もし、なれなかったら、どうしようおばあさま！　どうしたらいいの、このままずっと……このままだったら……」",
				"ENG_STRING": "「もし、なれなかったら、どうしようおばあさま！　どうしたらいいの、このままずっと……このままだったら……」"
			},
			{
				"TYPE": "ZM",
				"ID": 515480,
				"NAME": "ドロテア",
				"ENG_NAME": "ドロテア",
				"STRING": "「アーデルハイト。あなたの役目は、とても大事なものなのですよ」",
				"ENG_STRING": "「アーデルハイト。あなたの役目は、とても大事なものなのですよ」"
			},
			{
				"TYPE": "ZM",
				"ID": 515481,
				"NAME": "ドロテア",
				"ENG_NAME": "ドロテア",
				"STRING": "「ヴァインベルガー家の誇りも、血も、力も、あなたはいずれすべてを守る立場になる」",
				"ENG_STRING": "「ヴァインベルガー家の誇りも、血も、力も、あなたはいずれすべてを守る立場になる」"
			},
			{
				"TYPE": "ZM",
				"ID": 515482,
				"NAME": "ドロテア",
				"ENG_NAME": "ドロテア",
				"STRING": "「今学んでいることは、その時に役に立つことばかりだということはわかっていますね」",
				"ENG_STRING": "「今学んでいることは、その時に役に立つことばかりだということはわかっていますね」"
			},
			{
				"TYPE": "ZM",
				"ID": 515483,
				"NAME": "アーデルハイト",
				"ENG_NAME": "アーデルハイト",
				"STRING": "「………はい」",
				"ENG_STRING": "「………はい」"
			},
			{
				"TYPE": "ZM",
				"ID": 515484,
				"NAME": "ドロテア",
				"ENG_NAME": "ドロテア",
				"STRING": "「でもね、お勉強よりも、成績よりも。一番大切なことは、あなたが心からヴァインベルガーを守りたいと思うことなのです」",
				"ENG_STRING": "「でもね、お勉強よりも、成績よりも。一番大切なことは、あなたが心からヴァインベルガーを守りたいと思うことなのです」"
			},
			{
				"TYPE": "ZM",
				"ID": 515485,
				"NAME": "ドロテア",
				"ENG_NAME": "ドロテア",
				"STRING": "「あなたは誰に言われなくても、もうそれが出来ている」",
				"ENG_STRING": "「あなたは誰に言われなくても、もうそれが出来ている」"
			},
			{
				"TYPE": "ZM",
				"ID": 515486,
				"NAME": "ドロテア",
				"ENG_NAME": "ドロテア",
				"STRING": "「だからアーデルハイト。何も不安がることはありません」",
				"ENG_STRING": "「だからアーデルハイト。何も不安がることはありません」"
			},
			{
				"TYPE": "ZM",
				"ID": 515487,
				"NAME": "アーデルハイト",
				"ENG_NAME": "アーデルハイト",
				"STRING": "「でも……」",
				"ENG_STRING": "「でも……」"
			},
			{
				"TYPE": "ZM",
				"ID": 515488,
				"NAME": "ドロテア",
				"ENG_NAME": "ドロテア",
				"STRING": "「みんながあなたに厳しくするのは、あなたがそれをやり通すことができる強い子だと知っているからです」",
				"ENG_STRING": "「みんながあなたに厳しくするのは、あなたがそれをやり通すことができる強い子だと知っているからです」"
			},
			{
				"TYPE": "ZM",
				"ID": 515489,
				"NAME": "ドロテア",
				"ENG_NAME": "ドロテア",
				"STRING": "「私のような普通の子にも出来たのだから、あなたのように素晴らしい子にそれができないわけがない」",
				"ENG_STRING": "「私のような普通の子にも出来たのだから、あなたのように素晴らしい子にそれができないわけがない」"
			},
			{
				"TYPE": "ZM",
				"ID": 515490,
				"NAME": "アーデルハイト",
				"ENG_NAME": "アーデルハイト",
				"STRING": "「わたしも、おばあさまみたいになれる？」",
				"ENG_STRING": "「わたしも、おばあさまみたいになれる？」"
			},
			{
				"TYPE": "ZM",
				"ID": 515491,
				"NAME": "ドロテア",
				"ENG_NAME": "ドロテア",
				"STRING": "「ええ、もちろん。あなたなら、私以上になれるに違いありません。だって、私も小さい頃は、家始まって以来の不出来な子供だったんですもの」",
				"ENG_STRING": "「ええ、もちろん。あなたなら、私以上になれるに違いありません。だって、私も小さい頃は、家始まって以来の不出来な子供だったんですもの」"
			},
			{
				"TYPE": "ZM",
				"ID": 515492,
				"NAME": "アーデルハイト",
				"ENG_NAME": "アーデルハイト",
				"STRING": "「ほ、ほんと？　おばあさまが？」",
				"ENG_STRING": "「ほ、ほんと？　おばあさまが？」"
			},
			{
				"TYPE": "ZM",
				"ID": 515493,
				"NAME": "ドロテア",
				"ENG_NAME": "ドロテア",
				"STRING": "「そうですよ。本当のところを言うとね、同じ頃の私に比べればあなたの方がよっぽど勝っていますよ、アーデルハイト」",
				"ENG_STRING": "「そうですよ。本当のところを言うとね、同じ頃の私に比べればあなたの方がよっぽど勝っていますよ、アーデルハイト」"
			},
			{
				"TYPE": "ZM",
				"ID": 515494,
				"NAME": "アーデルハイト",
				"ENG_NAME": "アーデルハイト",
				"STRING": "「優しくそう言ってくれたお祖母様は、とっても眩しく見えたわ……」",
				"ENG_STRING": "「優しくそう言ってくれたお祖母様は、とっても眩しく見えたわ……」"
			},
			{
				"TYPE": "ZM",
				"ID": 515495,
				"NAME": "アーデルハイト",
				"ENG_NAME": "アーデルハイト",
				"STRING": "「私もこの人のようになりたいって、何度も何度も思ったの」",
				"ENG_STRING": "「私もこの人のようになりたいって、何度も何度も思ったの」"
			},
			{
				"TYPE": "ZM",
				"ID": 515496,
				"STRING": "微笑みながら言うハイジの顔はとても穏やかだった。",
				"ENG_STRING": "微笑みながら言うハイジの顔はとても穏やかだった。"
			},
			{
				"TYPE": "ZM",
				"ID": 515497,
				"STRING": "おそらく、その祖母の存在が今のハイジに多大な影響を与えているのだろう。",
				"ENG_STRING": "おそらく、その祖母の存在が今のハイジに多大な影響を与えているのだろう。"
			},
			{
				"TYPE": "ZM",
				"ID": 515498,
				"STRING": "こんな話を聞いてしまうと、目的のリボンのことも早く何とかしてやりたいとは思うが……。",
				"ENG_STRING": "こんな話を聞いてしまうと、目的のリボンのことも早く何とかしてやりたいとは思うが……。"
			},
			{
				"TYPE": "ZM",
				"ID": 515499,
				"STRING": "そう思いながら、ちらりと宝物庫を見やる。",
				"ENG_STRING": "そう思いながら、ちらりと宝物庫を見やる。"
			},
			{
				"TYPE": "ZM",
				"ID": 515500,
				"NAME": "三厳",
				"ENG_NAME": "三厳",
				"STRING": "「でも、前にも言ったけどこの宝物庫に人は入れないシステムだし、目的の遺品がずっと出て来なかったらどうするんだ？」",
				"ENG_STRING": "「でも、前にも言ったけどこの宝物庫に人は入れないシステムだし、目的の遺品がずっと出て来なかったらどうするんだ？」"
			},
			{
				"TYPE": "ZM",
				"ID": 515501,
				"NAME": "三厳",
				"ENG_NAME": "三厳",
				"STRING": "「出て来るまでこの学園にずっといるってのも、現実的じゃないだろ」",
				"ENG_STRING": "「出て来るまでこの学園にずっといるってのも、現実的じゃないだろ」"
			},
			{
				"TYPE": "ZM",
				"ID": 515502,
				"NAME": "アーデルハイト",
				"ENG_NAME": "アーデルハイト",
				"STRING": "「もちろんよ。あまり長い間本国を留守にするわけにもいきませんし、そこは理解しているわ」",
				"ENG_STRING": "「もちろんよ。あまり長い間本国を留守にするわけにもいきませんし、そこは理解しているわ」"
			},
			{
				"TYPE": "ZM",
				"ID": 515503,
				"NAME": "アーデルハイト",
				"ENG_NAME": "アーデルハイト",
				"STRING": "「そうならなければいいけれど、その時はこの宝物庫に入る方法を探すだけね」",
				"ENG_STRING": "「そうならなければいいけれど、その時はこの宝物庫に入る方法を探すだけね」"
			},
			{
				"TYPE": "ZM",
				"ID": 515504,
				"NAME": "三厳",
				"ENG_NAME": "三厳",
				"STRING": "「探すってどうやって……」",
				"ENG_STRING": "「探すってどうやって……」"
			},
			{
				"TYPE": "ZM",
				"ID": 515505,
				"STRING": "少し呆れながら聞くと、ハイジは図書館の方に目を向けた。",
				"ENG_STRING": "少し呆れながら聞くと、ハイジは図書館の方に目を向けた。"
			},
			{
				"TYPE": "ZM",
				"ID": 515506,
				"STRING": "図書館には膨大な量の本がある。",
				"ENG_STRING": "図書館には膨大な量の本がある。"
			},
			{
				"TYPE": "ZM",
				"ID": 515507,
				"STRING": "それは、一生かかっても読み切れないほどの量かもしれない。",
				"ENG_STRING": "それは、一生かかっても読み切れないほどの量かもしれない。"
			},
			{
				"TYPE": "ZM",
				"ID": 515508,
				"NAME": "アーデルハイト",
				"ENG_NAME": "アーデルハイト",
				"STRING": "「今はあの図書館の書物を調べているの。まだ、取り出す方法は見付かっていないけれど……」",
				"ENG_STRING": "「今はあの図書館の書物を調べているの。まだ、取り出す方法は見付かっていないけれど……」"
			},
			{
				"TYPE": "ZM",
				"ID": 515509,
				"NAME": "アーデルハイト",
				"ENG_NAME": "アーデルハイト",
				"STRING": "「でも、あれだけの書物があるのですから、どこかにヒントくらいはあるかもしれないわ」",
				"ENG_STRING": "「でも、あれだけの書物があるのですから、どこかにヒントくらいはあるかもしれないわ」"
			},
			{
				"TYPE": "ZM",
				"ID": 515510,
				"NAME": "三厳",
				"ENG_NAME": "三厳",
				"STRING": "「あの図書館でも、遺品を取り出す方法が見付からなかった時は？」",
				"ENG_STRING": "「あの図書館でも、遺品を取り出す方法が見付からなかった時は？」"
			},
			{
				"TYPE": "ZM",
				"ID": 515511,
				"NAME": "アーデルハイト",
				"ENG_NAME": "アーデルハイト",
				"STRING": "「その時は、別の場所に何か手がかりがないか探すわ。もしくは、私の力で宝物庫の結界を破る方法を探すわね」",
				"ENG_STRING": "「その時は、別の場所に何か手がかりがないか探すわ。もしくは、私の力で宝物庫の結界を破る方法を探すわね」"
			},
			{
				"TYPE": "ZM",
				"ID": 515512,
				"NAME": "三厳",
				"ENG_NAME": "三厳",
				"STRING": "「へえ……」",
				"ENG_STRING": "「へえ……」"
			},
			{
				"TYPE": "ZM",
				"ID": 515513,
				"STRING": "俺の部屋で慌てふためいていた時とは、本当に別人のようだった。",
				"ENG_STRING": "俺の部屋で慌てふためいていた時とは、本当に別人のようだった。"
			},
			{
				"TYPE": "ZM",
				"ID": 515514,
				"STRING": "その凛とした姿が、少し眩しく思える。",
				"ENG_STRING": "その凛とした姿が、少し眩しく思える。"
			},
			{
				"TYPE": "ZM",
				"ID": 515515,
				"NAME": "三厳",
				"ENG_NAME": "三厳",
				"STRING": "「まあ、ハイジがおばあちゃん子なのはよくわかったよ。そんな大事な人のためなら、わざわざこんな<へんぴ>辺鄙|なとこまで来る気にもなるだろうな」",
				"ENG_STRING": "「まあ、ハイジがおばあちゃん子なのはよくわかったよ。そんな大事な人のためなら、わざわざこんな<へんぴ>辺鄙|なとこまで来る気にもなるだろうな」"
			},
			{
				"TYPE": "ZM",
				"ID": 515516,
				"NAME": "アーデルハイト",
				"ENG_NAME": "アーデルハイト",
				"STRING": "「あら、誤解しているわよ、コガ。確かに私はお祖母様のことを大切に思っているけれど……」",
				"ENG_STRING": "「あら、誤解しているわよ、コガ。確かに私はお祖母様のことを大切に思っているけれど……」"
			},
			{
				"TYPE": "ZM",
				"ID": 515517,
				"NAME": "三厳",
				"ENG_NAME": "三厳",
				"STRING": "「え？」",
				"ENG_STRING": "「え？」"
			},
			{
				"TYPE": "ZM",
				"ID": 515518,
				"NAME": "アーデルハイト",
				"ENG_NAME": "アーデルハイト",
				"STRING": "「たとえ捜している品が、お祖母様のものではなかったとしても、それがヴァインベルガーの家の誰かのものならば来たと思うわ」",
				"ENG_STRING": "「たとえ捜している品が、お祖母様のものではなかったとしても、それがヴァインベルガーの家の誰かのものならば来たと思うわ」"
			},
			{
				"TYPE": "ZM",
				"ID": 515519,
				"NAME": "アーデルハイト",
				"ENG_NAME": "アーデルハイト",
				"STRING": "「ヴァインベルガーの家のすべてを守り、導くのが私の役目ですから。誰だって家族は大切でしょう？」",
				"ENG_STRING": "「ヴァインベルガーの家のすべてを守り、導くのが私の役目ですから。誰だって家族は大切でしょう？」"
			},
			{
				"TYPE": "ZM",
				"ID": 515520,
				"NAME": "三厳",
				"ENG_NAME": "三厳",
				"STRING": "「……そう…だな」",
				"ENG_STRING": "「……そう…だな」"
			},
			{
				"TYPE": "ZM",
				"ID": 515521,
				"STRING": "一瞬、答えることができなかった。",
				"ENG_STRING": "一瞬、答えることができなかった。"
			},
			{
				"TYPE": "ZM",
				"ID": 515522,
				"STRING": "家族は大切……それは当たり前だ。",
				"ENG_STRING": "家族は大切……それは当たり前だ。"
			},
			{
				"TYPE": "ZM",
				"ID": 515523,
				"STRING": "けど、俺にとっての家族は……もう、満琉だけしかいない。",
				"ENG_STRING": "けど、俺にとっての家族は……もう、満琉だけしかいない。"
			},
			{
				"TYPE": "ZM",
				"ID": 515524,
				"STRING": "おそらくハイジの言っている家族とは、規模が違いすぎる。",
				"ENG_STRING": "おそらくハイジの言っている家族とは、規模が違いすぎる。"
			},
			{
				"TYPE": "ZM",
				"ID": 515525,
				"NAME": "三厳",
				"ENG_NAME": "三厳",
				"STRING": "「ヴァインベルガーの家のすべての人間って、やっぱり結構な人数がいるんだろ」",
				"ENG_STRING": "「ヴァインベルガーの家のすべての人間って、やっぱり結構な人数がいるんだろ」"
			},
			{
				"TYPE": "ZM",
				"ID": 515526,
				"NAME": "アーデルハイト",
				"ENG_NAME": "アーデルハイト",
				"STRING": "「そうね。分家も含めると確かに多くなるわ。でも、一族すべてを守るのは当主として当然のことよ」",
				"ENG_STRING": "「そうね。分家も含めると確かに多くなるわ。でも、一族すべてを守るのは当主として当然のことよ」"
			},
			{
				"TYPE": "ZM",
				"ID": 515527,
				"NAME": "アーデルハイト",
				"ENG_NAME": "アーデルハイト",
				"STRING": "「……もちろん、ヴァインベルガーにとって一番大切なものは本家の血筋ですから、それは最優先にしますけれど」",
				"ENG_STRING": "「……もちろん、ヴァインベルガーにとって一番大切なものは本家の血筋ですから、それは最優先にしますけれど」"
			},
			{
				"TYPE": "ZM",
				"ID": 515528,
				"STRING": "胸を張って伝えられる言葉がはっきりしているのは、ハイジの持つ自信や誇りの表れに違いない。",
				"ENG_STRING": "胸を張って伝えられる言葉がはっきりしているのは、ハイジの持つ自信や誇りの表れに違いない。"
			},
			{
				"TYPE": "ZM",
				"ID": 515529,
				"STRING": "きっと本当に大切で、本気で自分が一族すべてを守ると思っているんだろう。",
				"ENG_STRING": "きっと本当に大切で、本気で自分が一族すべてを守ると思っているんだろう。"
			},
			{
				"TYPE": "ZM",
				"ID": 515530,
				"STRING": "――俺は、満琉一人で手一杯になってるってのに。",
				"ENG_STRING": "――俺は、満琉一人で手一杯になってるってのに。"
			},
			{
				"TYPE": "ZM",
				"ID": 515531,
				"STRING": "そんな風に平然と言ってのけられるハイジは、俺には輝いて見えた。",
				"ENG_STRING": "そんな風に平然と言ってのけられるハイジは、俺には輝いて見えた。"
			},
			{
				"TYPE": "ZM",
				"ID": 515532,
				"NAME": "アーデルハイト",
				"ENG_NAME": "アーデルハイト",
				"STRING": "「………」",
				"ENG_STRING": "「………」"
			},
			{
				"TYPE": "ZM",
				"ID": 515533,
				"NAME": "三厳",
				"ENG_NAME": "三厳",
				"STRING": "「………」",
				"ENG_STRING": "「………」"
			},
			{
				"TYPE": "ZM",
				"ID": 515534,
				"NAME": "アーデルハイト",
				"ENG_NAME": "アーデルハイト",
				"STRING": "（な、何故、また見つめられているのかしら……私、何かおかしなことを言った？）",
				"ENG_STRING": "（な、何故、また見つめられているのかしら……私、何かおかしなことを言った？）"
			},
			{
				"TYPE": "ZM",
				"ID": 515535,
				"NAME": "アーデルハイト",
				"ENG_NAME": "アーデルハイト",
				"STRING": "（もしかして調子に乗ってしまって自分のことばかり話しすぎたのかもしれないわ。呆れられてたらどうしようどうしたら…！）@n",
				"ENG_STRING": "（もしかして調子に乗ってしまって自分のことばかり話しすぎたのかもしれないわ。呆れられてたらどうしようどうしたら…！）@n"
			},
			{
				"TYPE": "ZM",
				"ID": 515536,
				"STRING": "しばらく俺が何も言えないでいると、ハイジがまた何故かおろおろとし始めた。@n",
				"ENG_STRING": "しばらく俺が何も言えないでいると、ハイジがまた何故かおろおろとし始めた。@n"
			},
			{
				"TYPE": "ZM",
				"ID": 515537,
				"STRING": "そして、じりじりと宝物庫に後ずさって行こうとする。@n",
				"ENG_STRING": "そして、じりじりと宝物庫に後ずさって行こうとする。@n"
			},
			{
				"TYPE": "ZM",
				"ID": 515538,
				"NAME": "三厳",
				"ENG_NAME": "三厳",
				"STRING": "「おい、そっち！」",
				"ENG_STRING": "「おい、そっち！」"
			},
			{
				"TYPE": "ZM",
				"ID": 515539,
				"NAME": "アーデルハイト",
				"ENG_NAME": "アーデルハイト",
				"STRING": "@w4@h4「きゃんっ！！」@w0@h0@n",
				"ENG_STRING": "@w4@h4「きゃんっ！！」@w0@h0@n"
			},
			{
				"TYPE": "ZM",
				"ID": 515540,
				"STRING": "そしてまた、ハイジは結界に弾き飛ばされ、その場にしりもちをついてしまう。",
				"ENG_STRING": "そしてまた、ハイジは結界に弾き飛ばされ、その場にしりもちをついてしまう。"
			},
			{
				"TYPE": "ZM",
				"ID": 515541,
				"STRING": "さっきまでシャキっとしてたのに、急にどうしたんだ……。",
				"ENG_STRING": "さっきまでシャキっとしてたのに、急にどうしたんだ……。"
			},
			{
				"TYPE": "ZM",
				"ID": 515542,
				"NAME": "三厳",
				"ENG_NAME": "三厳",
				"STRING": "「ったく、大丈夫か？」",
				"ENG_STRING": "「ったく、大丈夫か？」"
			},
			{
				"TYPE": "ZM",
				"ID": 515543,
				"NAME": "アーデルハイト",
				"ENG_NAME": "アーデルハイト",
				"STRING": "「え、ええ……」",
				"ENG_STRING": "「え、ええ……」"
			},
			{
				"TYPE": "ZM",
				"ID": 515544,
				"STRING": "もう一度手を差し伸べると、ハイジは戸惑ったような顔をした。",
				"ENG_STRING": "もう一度手を差し伸べると、ハイジは戸惑ったような顔をした。"
			},
			{
				"TYPE": "ZM",
				"ID": 515545,
				"STRING": "けれど、そっと手を取って立ち上がる。@n",
				"ENG_STRING": "けれど、そっと手を取って立ち上がる。@n"
			},
			{
				"TYPE": "ZM",
				"ID": 515546,
				"STRING": "今度は手を握ったままにならないように、自分から離して様子を窺う。",
				"ENG_STRING": "今度は手を握ったままにならないように、自分から離して様子を窺う。"
			},
			{
				"TYPE": "ZM",
				"ID": 515547,
				"NAME": "三厳",
				"ENG_NAME": "三厳",
				"STRING": "「そのラ・グエスティアって遺品、早く出て来るといいな」",
				"ENG_STRING": "「そのラ・グエスティアって遺品、早く出て来るといいな」"
			},
			{
				"TYPE": "ZM",
				"ID": 515548,
				"NAME": "アーデルハイト",
				"ENG_NAME": "アーデルハイト",
				"STRING": "「そ……それはもちろん。一刻も早くお祖母様に届けて差し上げたいもの！」@n",
				"ENG_STRING": "「そ……それはもちろん。一刻も早くお祖母様に届けて差し上げたいもの！」@n"
			},
			{
				"TYPE": "ZM",
				"ID": 515549,
				"NAME": "三厳",
				"ENG_NAME": "三厳",
				"STRING": "「ああ」",
				"ENG_STRING": "「ああ」"
			},
			{
				"TYPE": "ZM",
				"ID": 515550,
				"NAME": "アーデルハイト",
				"ENG_NAME": "アーデルハイト",
				"STRING": "「…………」",
				"ENG_STRING": "「…………」"
			},
			{
				"TYPE": "ZM",
				"ID": 515551,
				"NAME": "三厳",
				"ENG_NAME": "三厳",
				"STRING": "「……ハイジ？」",
				"ENG_STRING": "「……ハイジ？」"
			},
			{
				"TYPE": "ZM",
				"ID": 515552,
				"STRING": "頷くと、ハイジは突然固まってしまった。",
				"ENG_STRING": "頷くと、ハイジは突然固まってしまった。"
			},
			{
				"TYPE": "ZM",
				"ID": 515553,
				"STRING": "また、目が合ったときのように思考が止まってしまっているのか？　一瞬そう考えたが……。",
				"ENG_STRING": "また、目が合ったときのように思考が止まってしまっているのか？　一瞬そう考えたが……。"
			},
			{
				"TYPE": "ZM",
				"ID": 515554,
				"NAME": "アーデルハイト",
				"ENG_NAME": "アーデルハイト",
				"STRING": "「………あ……わ、私……」",
				"ENG_STRING": "「………あ……わ、私……」"
			},
			{
				"TYPE": "ZM",
				"ID": 515555,
				"STRING": "そうじゃない。何かが違う。",
				"ENG_STRING": "そうじゃない。何かが違う。"
			},
			{
				"TYPE": "ZM",
				"ID": 515556,
				"STRING": "これまでの態度とは決定的に違う、その瞳には何らかの深刻な衝撃を受けている色がありありと浮かんでいる。",
				"ENG_STRING": "これまでの態度とは決定的に違う、その瞳には何らかの深刻な衝撃を受けている色がありありと浮かんでいる。"
			},
			{
				"TYPE": "ZM",
				"ID": 515557,
				"NAME": "三厳",
				"ENG_NAME": "三厳",
				"STRING": "「……どうした？」",
				"ENG_STRING": "「……どうした？」"
			},
			{
				"TYPE": "ZM",
				"ID": 515558,
				"STRING": "思わず問いかける声が低くなった。",
				"ENG_STRING": "思わず問いかける声が低くなった。"
			},
			{
				"TYPE": "ZM",
				"ID": 515559,
				"STRING": "原因にまったく心当たりはないが、まさか俺が何か言ったせいじゃないだろうな。",
				"ENG_STRING": "原因にまったく心当たりはないが、まさか俺が何か言ったせいじゃないだろうな。"
			},
			{
				"TYPE": "ZM",
				"ID": 515560,
				"NAME": "アーデルハイト",
				"ENG_NAME": "アーデルハイト",
				"STRING": "「……あ……あぁ……」@n",
				"ENG_STRING": "「……あ……あぁ……」@n"
			},
			{
				"TYPE": "ZM",
				"ID": 515561,
				"STRING": "ハイジは答えもせず、少し震えている。",
				"ENG_STRING": "ハイジは答えもせず、少し震えている。"
			},
			{
				"TYPE": "ZM",
				"ID": 515562,
				"STRING": "やはり様子がおかしい。",
				"ENG_STRING": "やはり様子がおかしい。"
			},
			{
				"TYPE": "ZM",
				"ID": 515563,
				"NAME": "三厳",
				"ENG_NAME": "三厳",
				"STRING": "「おい、どうしたんだ、ハイジ！」",
				"ENG_STRING": "「おい、どうしたんだ、ハイジ！」"
			},
			{
				"TYPE": "ZM",
				"ID": 515564,
				"NAME": "アーデルハイト",
				"ENG_NAME": "アーデルハイト",
				"STRING": "「………な、何がですか」@n",
				"ENG_STRING": "「………な、何がですか」@n"
			},
			{
				"TYPE": "ZM",
				"ID": 515565,
				"NAME": "三厳",
				"ENG_NAME": "三厳",
				"STRING": "「何がって、こっちが聞いてる。何かあったのか？」",
				"ENG_STRING": "「何がって、こっちが聞いてる。何かあったのか？」"
			},
			{
				"TYPE": "ZM",
				"ID": 515566,
				"NAME": "アーデルハイト",
				"ENG_NAME": "アーデルハイト",
				"STRING": "「………何でもありません」",
				"ENG_STRING": "「………何でもありません」"
			},
			{
				"TYPE": "ZM",
				"ID": 515567,
				"NAME": "三厳",
				"ENG_NAME": "三厳",
				"STRING": "「何でもって……そんなわけ」",
				"ENG_STRING": "「何でもって……そんなわけ」"
			},
			{
				"TYPE": "ZM",
				"ID": 515568,
				"NAME": "アーデルハイト",
				"ENG_NAME": "アーデルハイト",
				"STRING": "「私、失礼します」",
				"ENG_STRING": "「私、失礼します」"
			},
			{
				"TYPE": "ZM",
				"ID": 515569,
				"NAME": "三厳",
				"ENG_NAME": "三厳",
				"STRING": "「あ……」",
				"ENG_STRING": "「あ……」"
			},
			{
				"TYPE": "ZM",
				"ID": 515570,
				"STRING": "ハイジは何も言わないまま、走って行ってしまった。",
				"ENG_STRING": "ハイジは何も言わないまま、走って行ってしまった。"
			},
			{
				"TYPE": "ZM",
				"ID": 515571,
				"STRING": "明らかに急に様子がおかしくなっていたというのに、さっきの声色では俺には何も話す気はなさそうだった。",
				"ENG_STRING": "明らかに急に様子がおかしくなっていたというのに、さっきの声色では俺には何も話す気はなさそうだった。"
			},
			{
				"TYPE": "ZM",
				"ID": 515572,
				"STRING": "何でもないわけがない……はずなんだが。",
				"ENG_STRING": "何でもないわけがない……はずなんだが。"
			},
			{
				"TYPE": "ZM",
				"ID": 515573,
				"NAME": "三厳",
				"ENG_NAME": "三厳",
				"STRING": "「………」",
				"ENG_STRING": "「………」"
			},
			{
				"TYPE": "ZM",
				"ID": 515574,
				"STRING": "追いかけた方がいいだろうか。",
				"ENG_STRING": "追いかけた方がいいだろうか。"
			},
			{
				"TYPE": "ZM",
				"ID": 515575,
				"STRING": "けど、さっきの態度からすると俺が追いかけても、何も話してくれないだろう。",
				"ENG_STRING": "けど、さっきの態度からすると俺が追いかけても、何も話してくれないだろう。"
			},
			{
				"TYPE": "ZM",
				"ID": 515576,
				"STRING": "それほどハイジの声は頑なだった。",
				"ENG_STRING": "それほどハイジの声は頑なだった。"
			},
			{
				"TYPE": "ZM",
				"ID": 515577,
				"STRING": "これまでに、聞いたことがないくらい。",
				"ENG_STRING": "これまでに、聞いたことがないくらい。"
			},
			{
				"TYPE": "ZM",
				"ID": 515578,
				"NAME": "三厳",
				"ENG_NAME": "三厳",
				"STRING": "「………………」",
				"ENG_STRING": "「………………」"
			},
			{
				"TYPE": "ZM",
				"ID": 515579,
				"STRING": "少し悔しいような、複雑な気分だ。",
				"ENG_STRING": "少し悔しいような、複雑な気分だ。"
			},
			{
				"TYPE": "ZM",
				"ID": 515580,
				"STRING": "さっきまではあんなに自分のことを話していてくれたのに。",
				"ENG_STRING": "さっきまではあんなに自分のことを話していてくれたのに。"
			},
			{
				"TYPE": "ZM",
				"ID": 515581,
				"STRING": "結局、そんな俺に出来ることは一つしかないんだろう。",
				"ENG_STRING": "結局、そんな俺に出来ることは一つしかないんだろう。"
			},
			{
				"TYPE": "ZM",
				"ID": 515582,
				"STRING": "なんだか負けた気がして少し癪だが―――。",
				"ENG_STRING": "なんだか負けた気がして少し癪だが―――。"
			},
			{
				"TYPE": "ZM",
				"ID": 515583,
				"STRING": "深いため息をつきながら、俺は図書館へと戻ることにした。",
				"ENG_STRING": "深いため息をつきながら、俺は図書館へと戻ることにした。"
			},
			{
				"TYPE": "ZM",
				"ID": 515585,
				"STRING": "宝物庫を離れて図書館に戻ってくる。",
				"ENG_STRING": "宝物庫を離れて図書館に戻ってくる。"
			},
			{
				"TYPE": "ZM",
				"ID": 515586,
				"STRING": "もちろん、ハイジの姿はもうどこにも見えなかった。",
				"ENG_STRING": "もちろん、ハイジの姿はもうどこにも見えなかった。"
			},
			{
				"TYPE": "ZM",
				"ID": 515587,
				"STRING": "あれだけの勢いで走っていったんだから、仕方ないとは思いつつも、少しがっかりしてしまう。",
				"ENG_STRING": "あれだけの勢いで走っていったんだから、仕方ないとは思いつつも、少しがっかりしてしまう。"
			},
			{
				"TYPE": "ZM",
				"ID": 515588,
				"STRING": "いや、些細なことで妙に落ち込んでいる場合じゃない。",
				"ENG_STRING": "いや、些細なことで妙に落ち込んでいる場合じゃない。"
			},
			{
				"TYPE": "ZM",
				"ID": 515589,
				"STRING": "目的の姿を捜して書架を渡り歩く。",
				"ENG_STRING": "目的の姿を捜して書架を渡り歩く。"
			},
			{
				"TYPE": "ZM",
				"ID": 515590,
				"STRING": "―――と、ルイを見つけた。",
				"ENG_STRING": "―――と、ルイを見つけた。"
			},
			{
				"TYPE": "ZM",
				"ID": 515591,
				"STRING": "今日もまた、分厚い本を読んでいるようだ。",
				"ENG_STRING": "今日もまた、分厚い本を読んでいるようだ。"
			},
			{
				"TYPE": "ZM",
				"ID": 515592,
				"STRING": "そちらに近付くと、ルイは読んでいた本を閉じてこちらに視線を向ける。",
				"ENG_STRING": "そちらに近付くと、ルイは読んでいた本を閉じてこちらに視線を向ける。"
			},
			{
				"TYPE": "ZM",
				"ID": 515593,
				"NAME": "三厳",
				"ENG_NAME": "三厳",
				"STRING": "「こっちにハイジが来なかったか？」",
				"ENG_STRING": "「こっちにハイジが来なかったか？」"
			},
			{
				"TYPE": "ZM",
				"ID": 515594,
				"NAME": "ルイ",
				"ENG_NAME": "ルイ",
				"STRING": "「いいえ。フラウが何か？　またご迷惑をおかけしましたか」",
				"ENG_STRING": "「いいえ。フラウが何か？　またご迷惑をおかけしましたか」"
			},
			{
				"TYPE": "ZM",
				"ID": 515595,
				"NAME": "三厳",
				"ENG_NAME": "三厳",
				"STRING": "「いや、そうじゃない。さっきまで一緒にいて話をしてたんだけど、途中で様子がおかしくなったんだ」",
				"ENG_STRING": "「いや、そうじゃない。さっきまで一緒にいて話をしてたんだけど、途中で様子がおかしくなったんだ」"
			},
			{
				"TYPE": "ZM",
				"ID": 515596,
				"NAME": "ルイ",
				"ENG_NAME": "ルイ",
				"STRING": "「………」",
				"ENG_STRING": "「………」"
			},
			{
				"TYPE": "ZM",
				"ID": 515597,
				"NAME": "三厳",
				"ENG_NAME": "三厳",
				"STRING": "「だから、ちょっと気にしてやってくれないか」",
				"ENG_STRING": "「だから、ちょっと気にしてやってくれないか」"
			},
			{
				"TYPE": "ZM",
				"ID": 515598,
				"NAME": "ルイ",
				"ENG_NAME": "ルイ",
				"STRING": "「フラウがおかしいのは、何も今に始まったことではないでしょう」",
				"ENG_STRING": "「フラウがおかしいのは、何も今に始まったことではないでしょう」"
			},
			{
				"TYPE": "ZM",
				"ID": 515599,
				"STRING": "ほんの少し笑いながらルイが言うが、さっきまでの様子を知っている俺にとってあれは笑いごとじゃなかった。",
				"ENG_STRING": "ほんの少し笑いながらルイが言うが、さっきまでの様子を知っている俺にとってあれは笑いごとじゃなかった。"
			},
			{
				"TYPE": "ZM",
				"ID": 515600,
				"NAME": "三厳",
				"ENG_NAME": "三厳",
				"STRING": "「そうじゃない。いつもとは違う……ちょっと深刻そうだったから。でなきゃわざわざお前に言いにこねえよ」",
				"ENG_STRING": "「そうじゃない。いつもとは違う……ちょっと深刻そうだったから。でなきゃわざわざお前に言いにこねえよ」"
			},
			{
				"TYPE": "ZM",
				"ID": 515601,
				"NAME": "ルイ",
				"ENG_NAME": "ルイ",
				"STRING": "「ふむ……何故そんなことに？」",
				"ENG_STRING": "「ふむ……何故そんなことに？」"
			},
			{
				"TYPE": "ZM",
				"ID": 515602,
				"NAME": "三厳",
				"ENG_NAME": "三厳",
				"STRING": "「いや、原因はよくわからねえんだけど……話の途中で突然……」",
				"ENG_STRING": "「いや、原因はよくわからねえんだけど……話の途中で突然……」"
			},
			{
				"TYPE": "ZM",
				"ID": 515603,
				"STRING": "俺の答えを聞くと、ルイは笑うのをやめて真面目な顔をした。",
				"ENG_STRING": "俺の答えを聞くと、ルイは笑うのをやめて真面目な顔をした。"
			},
			{
				"TYPE": "ZM",
				"ID": 515604,
				"STRING": "そして、こちらをじっと見つめる。",
				"ENG_STRING": "そして、こちらをじっと見つめる。"
			},
			{
				"TYPE": "ZM",
				"ID": 515605,
				"NAME": "ルイ",
				"ENG_NAME": "ルイ",
				"STRING": "「話をしていたと言いましたが、何の話をしていました？」",
				"ENG_STRING": "「話をしていたと言いましたが、何の話をしていました？」"
			},
			{
				"TYPE": "ZM",
				"ID": 515606,
				"NAME": "三厳",
				"ENG_NAME": "三厳",
				"STRING": "「お前らが捜している遺品の詳しいことと、それからヴァインベルガーの家のことを聞いた」",
				"ENG_STRING": "「お前らが捜している遺品の詳しいことと、それからヴァインベルガーの家のことを聞いた」"
			},
			{
				"TYPE": "ZM",
				"ID": 515607,
				"NAME": "ルイ",
				"ENG_NAME": "ルイ",
				"STRING": "「具体的にはどんな話を？」",
				"ENG_STRING": "「具体的にはどんな話を？」"
			},
			{
				"TYPE": "ZM",
				"ID": 515608,
				"NAME": "三厳",
				"ENG_NAME": "三厳",
				"STRING": "「捜してる遺品の中にお祖母さんのリボンが入ってるって話。思い出の品っていうのは、そのリボンだって聞いた」",
				"ENG_STRING": "「捜してる遺品の中にお祖母さんのリボンが入ってるって話。思い出の品っていうのは、そのリボンだって聞いた」"
			},
			{
				"TYPE": "ZM",
				"ID": 515609,
				"NAME": "三厳",
				"ENG_NAME": "三厳",
				"STRING": "「それと、ハイジがどれだけお祖母さんとヴァインベルガー家を大切に思ってるかってのも」",
				"ENG_STRING": "「それと、ハイジがどれだけお祖母さんとヴァインベルガー家を大切に思ってるかってのも」"
			},
			{
				"TYPE": "ZM",
				"ID": 515610,
				"NAME": "ルイ",
				"ENG_NAME": "ルイ",
				"STRING": "「フラウの様子がおかしくなった前後は、どういう話題でしたか？」",
				"ENG_STRING": "「フラウの様子がおかしくなった前後は、どういう話題でしたか？」"
			},
			{
				"TYPE": "ZM",
				"ID": 515611,
				"NAME": "三厳",
				"ENG_NAME": "三厳",
				"STRING": "「ええと……ハイジが宝物庫の結界に弾かれて、しりもちをついて……」",
				"ENG_STRING": "「ええと……ハイジが宝物庫の結界に弾かれて、しりもちをついて……」"
			},
			{
				"TYPE": "ZM",
				"ID": 515612,
				"NAME": "三厳",
				"ENG_NAME": "三厳",
				"STRING": "「ああ、そうだ。ハイジはラ・グエスティアを一刻も早く、お祖母さんに届けたいって言ってた」",
				"ENG_STRING": "「ああ、そうだ。ハイジはラ・グエスティアを一刻も早く、お祖母さんに届けたいって言ってた」"
			},
			{
				"TYPE": "ZM",
				"ID": 515613,
				"NAME": "ルイ",
				"ENG_NAME": "ルイ",
				"STRING": "「それで？」",
				"ENG_STRING": "「それで？」"
			},
			{
				"TYPE": "ZM",
				"ID": 515614,
				"NAME": "三厳",
				"ENG_NAME": "三厳",
				"STRING": "「いやそれで、俺がああそうだなって言ったら、突然……」",
				"ENG_STRING": "「いやそれで、俺がああそうだなって言ったら、突然……」"
			},
			{
				"TYPE": "ZM",
				"ID": 515615,
				"STRING": "その後で、いきなり様子がおかしくなった。",
				"ENG_STRING": "その後で、いきなり様子がおかしくなった。"
			},
			{
				"TYPE": "ZM",
				"ID": 515616,
				"STRING": "これと言って変わった話をしたつもりはないから、本当にこれが原因なのかもわからない。",
				"ENG_STRING": "これと言って変わった話をしたつもりはないから、本当にこれが原因なのかもわからない。"
			},
			{
				"TYPE": "ZM",
				"ID": 515617,
				"STRING": "もしかすると、何か大事なことを突然思い出したのかもしれないしな。",
				"ENG_STRING": "もしかすると、何か大事なことを突然思い出したのかもしれないしな。"
			},
			{
				"TYPE": "ZM",
				"ID": 515618,
				"STRING": "だが、ルイは俺の話を聞くと何かを納得したように頷く。",
				"ENG_STRING": "だが、ルイは俺の話を聞くと何かを納得したように頷く。"
			},
			{
				"TYPE": "ZM",
				"ID": 515619,
				"NAME": "ルイ",
				"ENG_NAME": "ルイ",
				"STRING": "「なるほど……。では、今更になってようやく気付いたのか……」",
				"ENG_STRING": "「なるほど……。では、今更になってようやく気付いたのか……」"
			},
			{
				"TYPE": "ZM",
				"ID": 515620,
				"NAME": "三厳",
				"ENG_NAME": "三厳",
				"STRING": "「……何か心当たりがあるのか？」",
				"ENG_STRING": "「……何か心当たりがあるのか？」"
			},
			{
				"TYPE": "ZM",
				"ID": 515621,
				"NAME": "ルイ",
				"ENG_NAME": "ルイ",
				"STRING": "「わざわざお伝えいただきありがとうございました。フラウを捜して来ますので、失礼いたします」",
				"ENG_STRING": "「わざわざお伝えいただきありがとうございました。フラウを捜して来ますので、失礼いたします」"
			},
			{
				"TYPE": "ZM",
				"ID": 515622,
				"NAME": "三厳",
				"ENG_NAME": "三厳",
				"STRING": "「あ、ああ……」",
				"ENG_STRING": "「あ、ああ……」"
			},
			{
				"TYPE": "ZM",
				"ID": 515623,
				"STRING": "ルイは俺に頭を下げると手にしていた本を片付けて去って行ってしまった。@n",
				"ENG_STRING": "ルイは俺に頭を下げると手にしていた本を片付けて去って行ってしまった。@n"
			},
			{
				"TYPE": "ZM",
				"ID": 515624,
				"STRING": "さっきの話だけで何かわかったんだろうか……。",
				"ENG_STRING": "さっきの話だけで何かわかったんだろうか……。"
			},
			{
				"TYPE": "ZM",
				"ID": 515625,
				"STRING": "気にはなるが、ルイに任せておいた方がいいのかもしれないな……。",
				"ENG_STRING": "気にはなるが、ルイに任せておいた方がいいのかもしれないな……。"
			},
			{
				"TYPE": "ZM",
				"ID": 515626,
				"STRING": "本当は自分でどうにかしてやりたいとも思うけれど、多分俺には何も出来ないんだろう……。",
				"ENG_STRING": "本当は自分でどうにかしてやりたいとも思うけれど、多分俺には何も出来ないんだろう……。"
			},
			{
				"TYPE": "ZM",
				"ID": 515627,
				"STRING": "それが、少しもどかしかった。",
				"ENG_STRING": "それが、少しもどかしかった。"
			}
		]
	}
}