{
	"Fuhito08": {
		"MESSAGES": [
			{
				"TYPE": "ZM",
				"ID": 523010,
				"NAME": "三厳",
				"ENG_NAME": "三厳",
				"STRING": "「………」",
				"ENG_STRING": "「………」"
			},
			{
				"TYPE": "ZM",
				"ID": 523011,
				"STRING": "ぼんやりと目を覚ますと、湖のほとりだった。",
				"ENG_STRING": "ぼんやりと目を覚ますと、湖のほとりだった。"
			},
			{
				"TYPE": "ZM",
				"ID": 523012,
				"STRING": "今のは夢か――",
				"ENG_STRING": "今のは夢か――"
			},
			{
				"TYPE": "ZM",
				"ID": 523013,
				"STRING": "もしかして、あれが１０年前の出来事だったんだろうか……？",
				"ENG_STRING": "もしかして、あれが１０年前の出来事だったんだろうか……？"
			},
			{
				"TYPE": "ZM",
				"ID": 523014,
				"STRING": "ほとんど顔もわからなかったけど、ようやく片鱗だけでも思い出せたってことなのか……？",
				"ENG_STRING": "ほとんど顔もわからなかったけど、ようやく片鱗だけでも思い出せたってことなのか……？"
			},
			{
				"TYPE": "ZM",
				"ID": 523015,
				"STRING": "――やっぱり、俺は１０年前ふひとちゃんに会っていたんだな……。",
				"ENG_STRING": "――やっぱり、俺は１０年前ふひとちゃんに会っていたんだな……。"
			},
			{
				"TYPE": "ZM",
				"ID": 523016,
				"NAME": "三厳",
				"ENG_NAME": "三厳",
				"STRING": "「ん……？」",
				"ENG_STRING": "「ん……？」"
			},
			{
				"TYPE": "ZM",
				"ID": 523017,
				"STRING": "ぎゅっと、柔らかな何かが胸元に飛び込んできた。",
				"ENG_STRING": "ぎゅっと、柔らかな何かが胸元に飛び込んできた。"
			},
			{
				"TYPE": "ZM",
				"ID": 523018,
				"STRING": "ゆっくりと視線を落とすと――",
				"ENG_STRING": "ゆっくりと視線を落とすと――"
			},
			{
				"TYPE": "ZM",
				"ID": 523019,
				"NAME": "三厳",
				"ENG_NAME": "三厳",
				"STRING": "「ふ、ひと……ちゃん？」",
				"ENG_STRING": "「ふ、ひと……ちゃん？」"
			},
			{
				"TYPE": "ZM",
				"ID": 523020,
				"STRING": "ふひとちゃんが俺の胸元に顔をうずめ、抱きついていた。",
				"ENG_STRING": "ふひとちゃんが俺の胸元に顔をうずめ、抱きついていた。"
			},
			{
				"TYPE": "ZM",
				"ID": 523266,
				"NAME": "二人",
				"ENG_NAME": "二人",
				"STRING": "「君が悪い！！」@n",
				"ENG_STRING": "「君が悪い！！」@n"
			},
			{
				"TYPE": "ZM",
				"ID": 523267,
				"NAME": "三厳",
				"ENG_NAME": "三厳",
				"STRING": "「なっ！」",
				"ENG_STRING": "「なっ！」"
			},
			{
				"TYPE": "ZM",
				"ID": 523268,
				"STRING": "だが、ふひとちゃんの言葉は俺の想像していなかった言葉だった。",
				"ENG_STRING": "だが、ふひとちゃんの言葉は俺の想像していなかった言葉だった。"
			},
			{
				"TYPE": "ZM",
				"ID": 523269,
				"STRING": "何がどうなって、こうなってる状況で俺が悪いことになるんだ！",
				"ENG_STRING": "何がどうなって、こうなってる状況で俺が悪いことになるんだ！"
			},
			{
				"TYPE": "ZM",
				"ID": 523270,
				"STRING": "顔をあげたふひとちゃんは、予想外な言葉を投げかけてきた。",
				"ENG_STRING": "顔をあげたふひとちゃんは、予想外な言葉を投げかけてきた。"
			},
			{
				"TYPE": "ZM",
				"ID": 523271,
				"NAME": "二人",
				"ENG_NAME": "二人",
				"STRING": "「私の前で、あんなにかわいい寝顔を無防備に晒す君が悪いのだ！！」",
				"ENG_STRING": "「私の前で、あんなにかわいい寝顔を無防備に晒す君が悪いのだ！！」"
			},
			{
				"TYPE": "ZM",
				"ID": 523272,
				"NAME": "三厳",
				"ENG_NAME": "三厳",
				"STRING": "「それは普通、男のセリフだろ！」",
				"ENG_STRING": "「それは普通、男のセリフだろ！」"
			},
			{
				"TYPE": "ZM",
				"ID": 523273,
				"NAME": "二人",
				"ENG_NAME": "二人",
				"STRING": "「仕方がないだろう！　私は君のことが好きだとわかっているくせに！」@n",
				"ENG_STRING": "「仕方がないだろう！　私は君のことが好きだとわかっているくせに！」@n"
			},
			{
				"TYPE": "ZM",
				"ID": 523274,
				"NAME": "二人",
				"ENG_NAME": "二人",
				"STRING": "「頑張って寂しいの我慢したし、もういい加減我慢の限界なのだ！　欲望が爆発したのだ！」@n",
				"ENG_STRING": "「頑張って寂しいの我慢したし、もういい加減我慢の限界なのだ！　欲望が爆発したのだ！」@n"
			},
			{
				"TYPE": "ZM",
				"ID": 523275,
				"NAME": "三厳",
				"ENG_NAME": "三厳",
				"STRING": "「欲望が爆発って……」",
				"ENG_STRING": "「欲望が爆発って……」"
			},
			{
				"TYPE": "ZM",
				"ID": 523521,
				"NAME": "二人",
				"ENG_NAME": "二人",
				"STRING": "「だから大人しくしたまえーっ！」",
				"ENG_STRING": "「だから大人しくしたまえーっ！」"
			},
			{
				"TYPE": "ZM",
				"ID": 523522,
				"NAME": "三厳",
				"ENG_NAME": "三厳",
				"STRING": "「――っ！？」",
				"ENG_STRING": "「――っ！？」"
			},
			{
				"TYPE": "ZM",
				"ID": 523523,
				"STRING": "ふひとちゃんがジャンプし、思いっきり顔を近づけてくる。",
				"ENG_STRING": "ふひとちゃんがジャンプし、思いっきり顔を近づけてくる。"
			},
			{
				"TYPE": "ZM",
				"ID": 523524,
				"STRING": "そしてそのまま――",
				"ENG_STRING": "そしてそのまま――"
			},
			{
				"TYPE": "ZM",
				"ID": 523525,
				"NAME": "二人",
				"ENG_NAME": "二人",
				"STRING": "「ん、ちゅっ……」",
				"ENG_STRING": "「ん、ちゅっ……」"
			},
			{
				"TYPE": "ZM",
				"ID": 523526,
				"NAME": "三厳",
				"ENG_NAME": "三厳",
				"STRING": "（ま、まてまて、こういうのはもうちょっとさ――）",
				"ENG_STRING": "（ま、まてまて、こういうのはもうちょっとさ――）"
			},
			{
				"TYPE": "ZM",
				"ID": 523527,
				"NAME": "二人",
				"ENG_NAME": "二人",
				"STRING": "「ん……っ、ふ、好きだぞ、久我……く……」",
				"ENG_STRING": "「ん……っ、ふ、好きだぞ、久我……く……」"
			},
			{
				"TYPE": "ZM",
				"ID": 523528,
				"NAME": "三厳",
				"ENG_NAME": "三厳",
				"STRING": "（ちょ、ま、それはわかったけど……いや、ま！）",
				"ENG_STRING": "（ちょ、ま、それはわかったけど……いや、ま！）"
			},
			{
				"TYPE": "ZM",
				"ID": 523529,
				"STRING": "働け、俺の自制心――……！",
				"ENG_STRING": "働け、俺の自制心――……！"
			},
			{
				"TYPE": "ZM",
				"ID": 523530,
				"NAME": "三厳",
				"ENG_NAME": "三厳",
				"STRING": "「や、やめてくれ」",
				"ENG_STRING": "「や、やめてくれ」"
			},
			{
				"TYPE": "ZM",
				"ID": 523531,
				"NAME": "二人",
				"ENG_NAME": "二人",
				"STRING": "「何故？　今日は一日恋人同士なのだろう？」",
				"ENG_STRING": "「何故？　今日は一日恋人同士なのだろう？」"
			},
			{
				"TYPE": "ZM",
				"ID": 523532,
				"NAME": "三厳",
				"ENG_NAME": "三厳",
				"STRING": "「そ、それは……」",
				"ENG_STRING": "「そ、それは……」"
			},
			{
				"TYPE": "ZM",
				"ID": 523533,
				"NAME": "二人",
				"ENG_NAME": "二人",
				"STRING": "「では、おとなしくしていたまえ！」",
				"ENG_STRING": "「では、おとなしくしていたまえ！」"
			},
			{
				"TYPE": "ZM",
				"ID": 523534,
				"NAME": "三厳",
				"ENG_NAME": "三厳",
				"STRING": "「はあ……いや、それは……」",
				"ENG_STRING": "「はあ……いや、それは……」"
			},
			{
				"TYPE": "ZM",
				"ID": 523535,
				"STRING": "とろけたような、頬を染めたふひとちゃんの顔がすぐそばにある。",
				"ENG_STRING": "とろけたような、頬を染めたふひとちゃんの顔がすぐそばにある。"
			},
			{
				"TYPE": "ZM",
				"ID": 523536,
				"STRING": "俺の心拍数もどんどん上昇していってる。",
				"ENG_STRING": "俺の心拍数もどんどん上昇していってる。"
			},
			{
				"TYPE": "ZM",
				"ID": 523537,
				"NAME": "三厳",
				"ENG_NAME": "三厳",
				"STRING": "（恋人って……でもさ……）",
				"ENG_STRING": "（恋人って……でもさ……）"
			},
			{
				"TYPE": "ZM",
				"ID": 523538,
				"STRING": "でも、何故だか身体が動かなくなっていた。",
				"ENG_STRING": "でも、何故だか身体が動かなくなっていた。"
			},
			{
				"TYPE": "ZM",
				"ID": 523539,
				"STRING": "前みたいに無理やり抵抗することだってできるはず。",
				"ENG_STRING": "前みたいに無理やり抵抗することだってできるはず。"
			},
			{
				"TYPE": "ZM",
				"ID": 523540,
				"STRING": "本気出したら、ふひとちゃんみたいな小さな身体は簡単に払いのけられる。",
				"ENG_STRING": "本気出したら、ふひとちゃんみたいな小さな身体は簡単に払いのけられる。"
			},
			{
				"TYPE": "ZM",
				"ID": 523541,
				"STRING": "でも――なぜか身体が動かせない。",
				"ENG_STRING": "でも――なぜか身体が動かせない。"
			},
			{
				"TYPE": "ZM",
				"ID": 523542,
				"NAME": "二人",
				"ENG_NAME": "二人",
				"STRING": "「んふふっ♪　素直になってくれて嬉しいよ」",
				"ENG_STRING": "「んふふっ♪　素直になってくれて嬉しいよ」"
			},
			{
				"TYPE": "ZM",
				"ID": 523543,
				"STRING": "再びふひとちゃんの唇が、俺の唇に近づいてくる。",
				"ENG_STRING": "再びふひとちゃんの唇が、俺の唇に近づいてくる。"
			},
			{
				"TYPE": "ZM",
				"ID": 523544,
				"NAME": "二人",
				"ENG_NAME": "二人",
				"STRING": "「好き、久我君……」",
				"ENG_STRING": "「好き、久我君……」"
			},
			{
				"TYPE": "ZM",
				"ID": 523545,
				"NAME": "三厳",
				"ENG_NAME": "三厳",
				"STRING": "「…………」",
				"ENG_STRING": "「…………」"
			},
			{
				"TYPE": "ZM",
				"ID": 523546,
				"STRING": "俺の頬にそっと添えられたふひとちゃんの指先は熱かった。",
				"ENG_STRING": "俺の頬にそっと添えられたふひとちゃんの指先は熱かった。"
			},
			{
				"TYPE": "ZM",
				"ID": 523547,
				"STRING": "どんどんスピードをあげていく心拍数を感じながら、長いキスをする。",
				"ENG_STRING": "どんどんスピードをあげていく心拍数を感じながら、長いキスをする。"
			},
			{
				"TYPE": "ZM",
				"ID": 523548,
				"STRING": "俺も、ふひとちゃんもいつの間にか、柔らかで滑らかな感触に包まれながら――",
				"ENG_STRING": "俺も、ふひとちゃんもいつの間にか、柔らかで滑らかな感触に包まれながら――"
			},
			{
				"TYPE": "ZM",
				"ID": 523549,
				"STRING": "唇からとけあっていった。",
				"ENG_STRING": "唇からとけあっていった。"
			}
		]
	}
}