{
	"Fuhito03": {
		"MESSAGES": [
			{
				"TYPE": "ZM",
				"ID": 518402,
				"STRING": "あの日から数日、学園長の行動は嘘のように落ち着いた。",
				"ENG_STRING": "あの日から数日、学園長の行動は嘘のように落ち着いた。"
			},
			{
				"TYPE": "ZM",
				"ID": 518403,
				"STRING": "やはり正面から止めてくれと直接頼んだのが効いたらしい。",
				"ENG_STRING": "やはり正面から止めてくれと直接頼んだのが効いたらしい。"
			},
			{
				"TYPE": "ZM",
				"ID": 518404,
				"STRING": "時々顔を合わせても、強引に何かをしてくることは無くなった。",
				"ENG_STRING": "時々顔を合わせても、強引に何かをしてくることは無くなった。"
			},
			{
				"TYPE": "ZM",
				"ID": 518405,
				"STRING": "なんとか平穏な落ち着ける日常が戻って来たんだが……。",
				"ENG_STRING": "なんとか平穏な落ち着ける日常が戻って来たんだが……。"
			},
			{
				"TYPE": "ZM",
				"ID": 518406,
				"NAME": "三厳",
				"ENG_NAME": "三厳",
				"STRING": "「へっくしゅん！！！」",
				"ENG_STRING": "「へっくしゅん！！！」"
			},
			{
				"TYPE": "ZM",
				"ID": 518407,
				"NAME": "小太郎",
				"ENG_NAME": "小太郎",
				"STRING": "「大丈夫？　みっちー」",
				"ENG_STRING": "「大丈夫？　みっちー」"
			},
			{
				"TYPE": "ZM",
				"ID": 518408,
				"NAME": "三厳",
				"ENG_NAME": "三厳",
				"STRING": "「おお……多分……」",
				"ENG_STRING": "「おお……多分……」"
			},
			{
				"TYPE": "ZM",
				"ID": 518409,
				"STRING": "情けないことに、特査の活動中にひょんなことから水を被って風邪をひいてしまった。",
				"ENG_STRING": "情けないことに、特査の活動中にひょんなことから水を被って風邪をひいてしまった。"
			},
			{
				"TYPE": "ZM",
				"ID": 518410,
				"STRING": "これじゃあ、落ち着ける日常が戻って来ても意味がない。",
				"ENG_STRING": "これじゃあ、落ち着ける日常が戻って来ても意味がない。"
			},
			{
				"TYPE": "ZM",
				"ID": 518411,
				"STRING": "おまけに、そんな俺を心配したモー子とおまるに様子を見に来られて情けなさは倍増だ。",
				"ENG_STRING": "おまけに、そんな俺を心配したモー子とおまるに様子を見に来られて情けなさは倍増だ。"
			},
			{
				"TYPE": "ZM",
				"ID": 518412,
				"NAME": "憂緒",
				"ENG_NAME": "憂緒",
				"STRING": "「薬は飲みましたか？」",
				"ENG_STRING": "「薬は飲みましたか？」"
			},
			{
				"TYPE": "ZM",
				"ID": 518413,
				"NAME": "三厳",
				"ENG_NAME": "三厳",
				"STRING": "「あー…いや…」",
				"ENG_STRING": "「あー…いや…」"
			},
			{
				"TYPE": "ZM",
				"ID": 518414,
				"NAME": "憂緒",
				"ENG_NAME": "憂緒",
				"STRING": "「熱は……」",
				"ENG_STRING": "「熱は……」"
			},
			{
				"TYPE": "ZM",
				"ID": 518415,
				"NAME": "三厳",
				"ENG_NAME": "三厳",
				"STRING": "「あるんじゃねえかな……」",
				"ENG_STRING": "「あるんじゃねえかな……」"
			},
			{
				"TYPE": "ZM",
				"ID": 518416,
				"NAME": "小太郎",
				"ENG_NAME": "小太郎",
				"STRING": "「はかってないの？」",
				"ENG_STRING": "「はかってないの？」"
			},
			{
				"TYPE": "ZM",
				"ID": 518417,
				"NAME": "三厳",
				"ENG_NAME": "三厳",
				"STRING": "「んー。いや、体温計ない」",
				"ENG_STRING": "「んー。いや、体温計ない」"
			},
			{
				"TYPE": "ZM",
				"ID": 518418,
				"NAME": "小太郎",
				"ENG_NAME": "小太郎",
				"STRING": "「おれ、部屋の中を探してみるね」@n",
				"ENG_STRING": "「おれ、部屋の中を探してみるね」@n"
			},
			{
				"TYPE": "ZM",
				"ID": 518419,
				"NAME": "三厳",
				"ENG_NAME": "三厳",
				"STRING": "「あ、うん……悪い…」",
				"ENG_STRING": "「あ、うん……悪い…」"
			},
			{
				"TYPE": "ZM",
				"ID": 518420,
				"STRING": "おまるは、部屋にあるかもわからない体温計を探し始めた。",
				"ENG_STRING": "おまるは、部屋にあるかもわからない体温計を探し始めた。"
			},
			{
				"TYPE": "ZM",
				"ID": 518421,
				"STRING": "こんな時、普段風邪なんかひかない自分が恨めしい。",
				"ENG_STRING": "こんな時、普段風邪なんかひかない自分が恨めしい。"
			},
			{
				"TYPE": "ZM",
				"ID": 518422,
				"STRING": "多分、こんなことになるなんて思ってなかったから、何も用意していなかったと思う。",
				"ENG_STRING": "多分、こんなことになるなんて思ってなかったから、何も用意していなかったと思う。"
			},
			{
				"TYPE": "ZM",
				"ID": 518423,
				"NAME": "憂緒",
				"ENG_NAME": "憂緒",
				"STRING": "「久我くん、少し失礼します……」@n",
				"ENG_STRING": "「久我くん、少し失礼します……」@n"
			},
			{
				"TYPE": "ZM",
				"ID": 518424,
				"NAME": "三厳",
				"ENG_NAME": "三厳",
				"STRING": "「あ？　ん……」",
				"ENG_STRING": "「あ？　ん……」"
			},
			{
				"TYPE": "ZM",
				"ID": 518425,
				"STRING": "そっと、モー子が額に手を置いた。@n",
				"ENG_STRING": "そっと、モー子が額に手を置いた。@n"
			},
			{
				"TYPE": "ZM",
				"ID": 518426,
				"STRING": "その手の感触がひんやりしていて気持ち良かった。",
				"ENG_STRING": "その手の感触がひんやりしていて気持ち良かった。"
			},
			{
				"TYPE": "ZM",
				"ID": 518427,
				"NAME": "憂緒",
				"ENG_NAME": "憂緒",
				"STRING": "「すごい熱じゃないですか！」",
				"ENG_STRING": "「すごい熱じゃないですか！」"
			},
			{
				"TYPE": "ZM",
				"ID": 518428,
				"NAME": "三厳",
				"ENG_NAME": "三厳",
				"STRING": "「お前の手、気持ちいいな……そのまま、こうしててくれ」",
				"ENG_STRING": "「お前の手、気持ちいいな……そのまま、こうしててくれ」"
			},
			{
				"TYPE": "ZM",
				"ID": 518429,
				"NAME": "憂緒",
				"ENG_NAME": "憂緒",
				"STRING": "「え？　え、あ、は、はい」@n",
				"ENG_STRING": "「え？　え、あ、は、はい」@n"
			},
			{
				"TYPE": "ZM",
				"ID": 518430,
				"NAME": "三厳",
				"ENG_NAME": "三厳",
				"STRING": "「はあ……」",
				"ENG_STRING": "「はあ……」"
			},
			{
				"TYPE": "ZM",
				"ID": 518431,
				"STRING": "俺の言葉を聞き、モー子は素直に手のひらをそのままにしていてくれた。",
				"ENG_STRING": "俺の言葉を聞き、モー子は素直に手のひらをそのままにしていてくれた。"
			},
			{
				"TYPE": "ZM",
				"ID": 518432,
				"STRING": "触れられひんやりした感触が、やけに気持ちいい。",
				"ENG_STRING": "触れられひんやりした感触が、やけに気持ちいい。"
			},
			{
				"TYPE": "ZM",
				"ID": 518433,
				"STRING": "あまりこういう事に慣れてないのか、モー子がやけにおろおろしてるように見える。",
				"ENG_STRING": "あまりこういう事に慣れてないのか、モー子がやけにおろおろしてるように見える。"
			},
			{
				"TYPE": "ZM",
				"ID": 518434,
				"NAME": "小太郎",
				"ENG_NAME": "小太郎",
				"STRING": "「みっちー、体温計も薬もなかったよ……って、憂緒さん何してるの？」@n",
				"ENG_STRING": "「みっちー、体温計も薬もなかったよ……って、憂緒さん何してるの？」@n"
			},
			{
				"TYPE": "ZM",
				"ID": 518435,
				"NAME": "憂緒",
				"ENG_NAME": "憂緒",
				"STRING": "「あ、あの、久我くんがこうしててくれと言ったので」",
				"ENG_STRING": "「あ、あの、久我くんがこうしててくれと言ったので」"
			},
			{
				"TYPE": "ZM",
				"ID": 518436,
				"NAME": "三厳",
				"ENG_NAME": "三厳",
				"STRING": "「冷たくて気持ちいいんだ」",
				"ENG_STRING": "「冷たくて気持ちいいんだ」"
			},
			{
				"TYPE": "ZM",
				"ID": 518437,
				"NAME": "小太郎",
				"ENG_NAME": "小太郎",
				"STRING": "「熱があるからだよ、みっちー。待ってて、タオル冷やして持って来るから」@n",
				"ENG_STRING": "「熱があるからだよ、みっちー。待ってて、タオル冷やして持って来るから」@n"
			},
			{
				"TYPE": "ZM",
				"ID": 518438,
				"NAME": "三厳",
				"ENG_NAME": "三厳",
				"STRING": "「ん、悪い…モー子も手、離していいぞ」",
				"ENG_STRING": "「ん、悪い…モー子も手、離していいぞ」"
			},
			{
				"TYPE": "ZM",
				"ID": 518439,
				"STRING": "そっとモー子が手を離すと冷たい感触がなくなった。",
				"ENG_STRING": "そっとモー子が手を離すと冷たい感触がなくなった。"
			},
			{
				"TYPE": "ZM",
				"ID": 518440,
				"STRING": "途端に全身が熱くなった気がするのは気のせいなんだろうか。",
				"ENG_STRING": "途端に全身が熱くなった気がするのは気のせいなんだろうか。"
			},
			{
				"TYPE": "ZM",
				"ID": 518441,
				"STRING": "それにしても、頭がボーっとする。",
				"ENG_STRING": "それにしても、頭がボーっとする。"
			},
			{
				"TYPE": "ZM",
				"ID": 518442,
				"NAME": "憂緒",
				"ENG_NAME": "憂緒",
				"STRING": "「本当に大丈夫なんですか？」",
				"ENG_STRING": "「本当に大丈夫なんですか？」"
			},
			{
				"TYPE": "ZM",
				"ID": 518443,
				"NAME": "三厳",
				"ENG_NAME": "三厳",
				"STRING": "「寝てれば治るだろ」",
				"ENG_STRING": "「寝てれば治るだろ」"
			},
			{
				"TYPE": "ZM",
				"ID": 518444,
				"NAME": "憂緒",
				"ENG_NAME": "憂緒",
				"STRING": "「そうは言いますが……」",
				"ENG_STRING": "「そうは言いますが……」"
			},
			{
				"TYPE": "ZM",
				"ID": 518445,
				"NAME": "小太郎",
				"ENG_NAME": "小太郎",
				"STRING": "「みっちー、タオル冷やして来たよー」@n",
				"ENG_STRING": "「みっちー、タオル冷やして来たよー」@n"
			},
			{
				"TYPE": "ZM",
				"ID": 518446,
				"NAME": "三厳",
				"ENG_NAME": "三厳",
				"STRING": "「ああ、うん。悪いな……」",
				"ENG_STRING": "「ああ、うん。悪いな……」"
			},
			{
				"TYPE": "ZM",
				"ID": 518447,
				"STRING": "洗面器にタオルを入れて戻って来たおまるは、慣れた様子で俺の額に冷やしたタオルを乗せてくれた。@n",
				"ENG_STRING": "洗面器にタオルを入れて戻って来たおまるは、慣れた様子で俺の額に冷やしたタオルを乗せてくれた。@n"
			},
			{
				"TYPE": "ZM",
				"ID": 518448,
				"STRING": "ほんの少しのことだけど、冷えたタオルがあるだけで随分ラクになるような気がした。",
				"ENG_STRING": "ほんの少しのことだけど、冷えたタオルがあるだけで随分ラクになるような気がした。"
			},
			{
				"TYPE": "ZM",
				"ID": 518449,
				"NAME": "三厳",
				"ENG_NAME": "三厳",
				"STRING": "「はあ……」",
				"ENG_STRING": "「はあ……」"
			},
			{
				"TYPE": "ZM",
				"ID": 518450,
				"NAME": "小太郎",
				"ENG_NAME": "小太郎",
				"STRING": "「氷枕とかがあるといいんだけど、何もなくて……」",
				"ENG_STRING": "「氷枕とかがあるといいんだけど、何もなくて……」"
			},
			{
				"TYPE": "ZM",
				"ID": 518451,
				"NAME": "三厳",
				"ENG_NAME": "三厳",
				"STRING": "「あー。こうなった時のこととか全然考えてなかったからなあ」",
				"ENG_STRING": "「あー。こうなった時のこととか全然考えてなかったからなあ」"
			},
			{
				"TYPE": "ZM",
				"ID": 518452,
				"NAME": "憂緒",
				"ENG_NAME": "憂緒",
				"STRING": "「あの、何か用意した方が……」",
				"ENG_STRING": "「あの、何か用意した方が……」"
			},
			{
				"TYPE": "ZM",
				"ID": 518453,
				"NAME": "小太郎",
				"ENG_NAME": "小太郎",
				"STRING": "「そうですね。本当に何もないみたいだし、保健室に行って何か借りてこようかな」",
				"ENG_STRING": "「そうですね。本当に何もないみたいだし、保健室に行って何か借りてこようかな」"
			},
			{
				"TYPE": "ZM",
				"ID": 518454,
				"NAME": "二人",
				"ENG_NAME": "二人",
				"STRING": "「おーおー。本当に倒れているではないか」@n",
				"ENG_STRING": "「おーおー。本当に倒れているではないか」@n"
			},
			{
				"TYPE": "ZM",
				"ID": 518455,
				"STRING": "二人に心配されながら、ぼんやりとベッドで寝ていると部屋の扉が開いて学園長がやって来た。",
				"ENG_STRING": "二人に心配されながら、ぼんやりとベッドで寝ていると部屋の扉が開いて学園長がやって来た。"
			},
			{
				"TYPE": "ZM",
				"ID": 518456,
				"STRING": "学園長は俺の姿を見ると少しだけ驚いたような様子を見せる。",
				"ENG_STRING": "学園長は俺の姿を見ると少しだけ驚いたような様子を見せる。"
			},
			{
				"TYPE": "ZM",
				"ID": 518457,
				"NAME": "小太郎",
				"ENG_NAME": "小太郎",
				"STRING": "「学園長、どうしたんですか？」",
				"ENG_STRING": "「学園長、どうしたんですか？」"
			},
			{
				"TYPE": "ZM",
				"ID": 518458,
				"NAME": "二人",
				"ENG_NAME": "二人",
				"STRING": "「いや、特査分室に行くと村雲君しかいなかったのでね、何があったのか聞いてみたのだよ」",
				"ENG_STRING": "「いや、特査分室に行くと村雲君しかいなかったのでね、何があったのか聞いてみたのだよ」"
			},
			{
				"TYPE": "ZM",
				"ID": 518459,
				"NAME": "二人",
				"ENG_NAME": "二人",
				"STRING": "「そうしたら、久我君が風邪をひいたと言うではないか！　というわけで、様子を見に来たのだ。ふむ……」@n",
				"ENG_STRING": "「そうしたら、久我君が風邪をひいたと言うではないか！　というわけで、様子を見に来たのだ。ふむ……」@n"
			},
			{
				"TYPE": "ZM",
				"ID": 518460,
				"NAME": "三厳",
				"ENG_NAME": "三厳",
				"STRING": "「………」",
				"ENG_STRING": "「………」"
			},
			{
				"TYPE": "ZM",
				"ID": 518461,
				"STRING": "学園長はじっと俺を見下ろしてから、何事か悟ったようにうんうんと頷いた。",
				"ENG_STRING": "学園長はじっと俺を見下ろしてから、何事か悟ったようにうんうんと頷いた。"
			},
			{
				"TYPE": "ZM",
				"ID": 518462,
				"NAME": "二人",
				"ENG_NAME": "二人",
				"STRING": "「この様子だと、久我君の部屋には何もなかったのかね」",
				"ENG_STRING": "「この様子だと、久我君の部屋には何もなかったのかね」"
			},
			{
				"TYPE": "ZM",
				"ID": 518463,
				"NAME": "小太郎",
				"ENG_NAME": "小太郎",
				"STRING": "「はい、そうです。何か用意しに行った方がいいかなって、今話してたところなんです」",
				"ENG_STRING": "「はい、そうです。何か用意しに行った方がいいかなって、今話してたところなんです」"
			},
			{
				"TYPE": "ZM",
				"ID": 518464,
				"NAME": "二人",
				"ENG_NAME": "二人",
				"STRING": "「はっはっは！　安心したまえ。色々準備してから様子を見に来たのだよ」",
				"ENG_STRING": "「はっはっは！　安心したまえ。色々準備してから様子を見に来たのだよ」"
			},
			{
				"TYPE": "ZM",
				"ID": 518465,
				"STRING": "そう言いながら、学園長は手にしていた袋を二人に見せていた。",
				"ENG_STRING": "そう言いながら、学園長は手にしていた袋を二人に見せていた。"
			},
			{
				"TYPE": "ZM",
				"ID": 518466,
				"STRING": "その手際のよさに、モー子もおまるも感心する。",
				"ENG_STRING": "その手際のよさに、モー子もおまるも感心する。"
			},
			{
				"TYPE": "ZM",
				"ID": 518467,
				"NAME": "二人",
				"ENG_NAME": "二人",
				"STRING": "「というわけなので、二人は学園に戻りたまえ。私が久我君の看病をしていよう！」",
				"ENG_STRING": "「というわけなので、二人は学園に戻りたまえ。私が久我君の看病をしていよう！」"
			},
			{
				"TYPE": "ZM",
				"ID": 518468,
				"NAME": "憂緒",
				"ENG_NAME": "憂緒",
				"STRING": "「え？　でも、学園長にお願いしても良いのでしょうか」",
				"ENG_STRING": "「え？　でも、学園長にお願いしても良いのでしょうか」"
			},
			{
				"TYPE": "ZM",
				"ID": 518469,
				"NAME": "三厳",
				"ENG_NAME": "三厳",
				"STRING": "「あ、あの、それは……」",
				"ENG_STRING": "「あ、あの、それは……」"
			},
			{
				"TYPE": "ZM",
				"ID": 518470,
				"NAME": "二人",
				"ENG_NAME": "二人",
				"STRING": "「今日は特に忙しいということもないからね、何も問題はないよ」",
				"ENG_STRING": "「今日は特に忙しいということもないからね、何も問題はないよ」"
			},
			{
				"TYPE": "ZM",
				"ID": 518471,
				"NAME": "三厳",
				"ENG_NAME": "三厳",
				"STRING": "「いや、そうじゃなくて……」",
				"ENG_STRING": "「いや、そうじゃなくて……」"
			},
			{
				"TYPE": "ZM",
				"ID": 518472,
				"STRING": "今までの行動を思い出し、勘弁して欲しいと思うのだが強く言い出せない。",
				"ENG_STRING": "今までの行動を思い出し、勘弁して欲しいと思うのだが強く言い出せない。"
			},
			{
				"TYPE": "ZM",
				"ID": 518473,
				"STRING": "というか、ここで嫌がると何があったのか話さなければいけなくなるし、今はそんな元気もない。",
				"ENG_STRING": "というか、ここで嫌がると何があったのか話さなければいけなくなるし、今はそんな元気もない。"
			},
			{
				"TYPE": "ZM",
				"ID": 518474,
				"NAME": "小太郎",
				"ENG_NAME": "小太郎",
				"STRING": "「じゃあ、学園長にお願いしてもいいですか？」",
				"ENG_STRING": "「じゃあ、学園長にお願いしてもいいですか？」"
			},
			{
				"TYPE": "ZM",
				"ID": 518475,
				"NAME": "二人",
				"ENG_NAME": "二人",
				"STRING": "「任せたまえ！！」",
				"ENG_STRING": "「任せたまえ！！」"
			},
			{
				"TYPE": "ZM",
				"ID": 518476,
				"NAME": "憂緒",
				"ENG_NAME": "憂緒",
				"STRING": "「わざわざお手をわずらわせて申し訳ありません。それでは、久我くんをお願いいたします」",
				"ENG_STRING": "「わざわざお手をわずらわせて申し訳ありません。それでは、久我くんをお願いいたします」"
			},
			{
				"TYPE": "ZM",
				"ID": 518477,
				"NAME": "三厳",
				"ENG_NAME": "三厳",
				"STRING": "「いや、あの……二人とも……」",
				"ENG_STRING": "「いや、あの……二人とも……」"
			},
			{
				"TYPE": "ZM",
				"ID": 518478,
				"NAME": "憂緒",
				"ENG_NAME": "憂緒",
				"STRING": "「おとなしくしていてくださいね」",
				"ENG_STRING": "「おとなしくしていてくださいね」"
			},
			{
				"TYPE": "ZM",
				"ID": 518479,
				"NAME": "小太郎",
				"ENG_NAME": "小太郎",
				"STRING": "「良かったね、みっちー。これで元気になるよ」",
				"ENG_STRING": "「良かったね、みっちー。これで元気になるよ」"
			},
			{
				"TYPE": "ZM",
				"ID": 518480,
				"NAME": "三厳",
				"ENG_NAME": "三厳",
				"STRING": "「あ、あのな……」",
				"ENG_STRING": "「あ、あのな……」"
			},
			{
				"TYPE": "ZM",
				"ID": 518481,
				"STRING": "二人は心底安心したような表情を浮かべていた。",
				"ENG_STRING": "二人は心底安心したような表情を浮かべていた。"
			},
			{
				"TYPE": "ZM",
				"ID": 518482,
				"STRING": "これは、ここで学園長に帰ってもらって一人で寝ているという選択肢は選べそうになかった。",
				"ENG_STRING": "これは、ここで学園長に帰ってもらって一人で寝ているという選択肢は選べそうになかった。"
			},
			{
				"TYPE": "ZM",
				"ID": 518483,
				"NAME": "小太郎",
				"ENG_NAME": "小太郎",
				"STRING": "「じゃあみっちー、ちゃんと風邪治してね」",
				"ENG_STRING": "「じゃあみっちー、ちゃんと風邪治してね」"
			},
			{
				"TYPE": "ZM",
				"ID": 518484,
				"NAME": "憂緒",
				"ENG_NAME": "憂緒",
				"STRING": "「特査の活動はこちらに任せておいてください」",
				"ENG_STRING": "「特査の活動はこちらに任せておいてください」"
			},
			{
				"TYPE": "ZM",
				"ID": 518485,
				"NAME": "三厳",
				"ENG_NAME": "三厳",
				"STRING": "「あ……うん…」",
				"ENG_STRING": "「あ……うん…」"
			},
			{
				"TYPE": "ZM",
				"ID": 518486,
				"STRING": "そのまま、二人は俺と学園長を部屋に残して出て行ってしまった。",
				"ENG_STRING": "そのまま、二人は俺と学園長を部屋に残して出て行ってしまった。"
			},
			{
				"TYPE": "ZM",
				"ID": 518487,
				"STRING": "部屋に残された俺は、ちらっと学園長を盗み見る。",
				"ENG_STRING": "部屋に残された俺は、ちらっと学園長を盗み見る。"
			},
			{
				"TYPE": "ZM",
				"ID": 518488,
				"STRING": "だが、どうにも不安な気持ちにしかならない。",
				"ENG_STRING": "だが、どうにも不安な気持ちにしかならない。"
			},
			{
				"TYPE": "ZM",
				"ID": 518489,
				"NAME": "二人",
				"ENG_NAME": "二人",
				"STRING": "「ん？　どうしたのかね？」",
				"ENG_STRING": "「ん？　どうしたのかね？」"
			},
			{
				"TYPE": "ZM",
				"ID": 518490,
				"NAME": "三厳",
				"ENG_NAME": "三厳",
				"STRING": "「いや、なんでも……」",
				"ENG_STRING": "「いや、なんでも……」"
			},
			{
				"TYPE": "ZM",
				"ID": 518491,
				"NAME": "二人",
				"ENG_NAME": "二人",
				"STRING": "「ははは。安心したまえ、ちゃんと風邪の時に必要なものは用意して来たよ」",
				"ENG_STRING": "「ははは。安心したまえ、ちゃんと風邪の時に必要なものは用意して来たよ」"
			},
			{
				"TYPE": "ZM",
				"ID": 518492,
				"NAME": "三厳",
				"ENG_NAME": "三厳",
				"STRING": "「そりゃ、どうも……」",
				"ENG_STRING": "「そりゃ、どうも……」"
			},
			{
				"TYPE": "ZM",
				"ID": 518493,
				"NAME": "二人",
				"ENG_NAME": "二人",
				"STRING": "「薬を飲ませたいが、その前に食事だね。準備をするから少し待っていたまえ」@n",
				"ENG_STRING": "「薬を飲ませたいが、その前に食事だね。準備をするから少し待っていたまえ」@n"
			},
			{
				"TYPE": "ZM",
				"ID": 518494,
				"STRING": "自信たっぷりでそう答えた学園長は部屋から出て行くと、何やら色々準備を始めたようだった。",
				"ENG_STRING": "自信たっぷりでそう答えた学園長は部屋から出て行くと、何やら色々準備を始めたようだった。"
			},
			{
				"TYPE": "ZM",
				"ID": 518495,
				"STRING": "時折部屋の外から聞こえる音に不安を掻き立てられるのだが、とりあえず今はおとなしくしているしかできなかった。",
				"ENG_STRING": "時折部屋の外から聞こえる音に不安を掻き立てられるのだが、とりあえず今はおとなしくしているしかできなかった。"
			},
			{
				"TYPE": "ZM",
				"ID": 518496,
				"NAME": "二人",
				"ENG_NAME": "二人",
				"STRING": "「さて、おかゆなら食べられるかな？……ほら、起き上がれるかい」",
				"ENG_STRING": "「さて、おかゆなら食べられるかな？……ほら、起き上がれるかい」"
			},
			{
				"TYPE": "ZM",
				"ID": 518497,
				"NAME": "三厳",
				"ENG_NAME": "三厳",
				"STRING": "「あ、ああ……」",
				"ENG_STRING": "「あ、ああ……」"
			},
			{
				"TYPE": "ZM",
				"ID": 518498,
				"STRING": "戻って来た学園長はおかゆを用意してくれていた。",
				"ENG_STRING": "戻って来た学園長はおかゆを用意してくれていた。"
			},
			{
				"TYPE": "ZM",
				"ID": 518499,
				"STRING": "それに、おかゆの隣には可愛らしいウサギの形をしたリンゴも置いてあった。",
				"ENG_STRING": "それに、おかゆの隣には可愛らしいウサギの形をしたリンゴも置いてあった。"
			},
			{
				"TYPE": "ZM",
				"ID": 518500,
				"STRING": "身体を起き上がらせると、学園長はベッドサイドに座る。@n",
				"ENG_STRING": "身体を起き上がらせると、学園長はベッドサイドに座る。@n"
			},
			{
				"TYPE": "ZM",
				"ID": 518501,
				"NAME": "二人",
				"ENG_NAME": "二人",
				"STRING": "「熱いから気をつけないとね。ふーふー」",
				"ENG_STRING": "「熱いから気をつけないとね。ふーふー」"
			},
			{
				"TYPE": "ZM",
				"ID": 518502,
				"NAME": "三厳",
				"ENG_NAME": "三厳",
				"STRING": "「そこまでしてくれなくても……」",
				"ENG_STRING": "「そこまでしてくれなくても……」"
			},
			{
				"TYPE": "ZM",
				"ID": 518503,
				"NAME": "二人",
				"ENG_NAME": "二人",
				"STRING": "「ん……冷めたようだ。はい、あーん」",
				"ENG_STRING": "「ん……冷めたようだ。はい、あーん」"
			},
			{
				"TYPE": "ZM",
				"ID": 518504,
				"NAME": "三厳",
				"ENG_NAME": "三厳",
				"STRING": "「……はあ」",
				"ENG_STRING": "「……はあ」"
			},
			{
				"TYPE": "ZM",
				"ID": 518505,
				"NAME": "二人",
				"ENG_NAME": "二人",
				"STRING": "「どうしたんだい、食べないと薬が飲めないではないか」",
				"ENG_STRING": "「どうしたんだい、食べないと薬が飲めないではないか」"
			},
			{
				"TYPE": "ZM",
				"ID": 518506,
				"NAME": "三厳",
				"ENG_NAME": "三厳",
				"STRING": "「わかったよ……あーん…」",
				"ENG_STRING": "「わかったよ……あーん…」"
			},
			{
				"TYPE": "ZM",
				"ID": 518507,
				"STRING": "おそるおそる口を開けると、学園長がそっとおかゆを運んでくれた。",
				"ENG_STRING": "おそるおそる口を開けると、学園長がそっとおかゆを運んでくれた。"
			},
			{
				"TYPE": "ZM",
				"ID": 518508,
				"STRING": "警戒しながらそのおかゆを食べるが、特に怖れていた事は何もなかった。",
				"ENG_STRING": "警戒しながらそのおかゆを食べるが、特に怖れていた事は何もなかった。"
			},
			{
				"TYPE": "ZM",
				"ID": 518509,
				"STRING": "いたってごく普通のおかゆだ。味も薄い塩味で、柔らかさもちょうどいい。",
				"ENG_STRING": "いたってごく普通のおかゆだ。味も薄い塩味で、柔らかさもちょうどいい。"
			},
			{
				"TYPE": "ZM",
				"ID": 518510,
				"NAME": "二人",
				"ENG_NAME": "二人",
				"STRING": "「おいしいかね？」",
				"ENG_STRING": "「おいしいかね？」"
			},
			{
				"TYPE": "ZM",
				"ID": 518511,
				"NAME": "三厳",
				"ENG_NAME": "三厳",
				"STRING": "「……おいしい」",
				"ENG_STRING": "「……おいしい」"
			},
			{
				"TYPE": "ZM",
				"ID": 518512,
				"NAME": "二人",
				"ENG_NAME": "二人",
				"STRING": "「ははは。そうだろう、そうだろう。ほら、もっと食べるかい……あーん」",
				"ENG_STRING": "「ははは。そうだろう、そうだろう。ほら、もっと食べるかい……あーん」"
			},
			{
				"TYPE": "ZM",
				"ID": 518513,
				"NAME": "三厳",
				"ENG_NAME": "三厳",
				"STRING": "「あーん……」",
				"ENG_STRING": "「あーん……」"
			},
			{
				"TYPE": "ZM",
				"ID": 518514,
				"STRING": "素直に口を開けると、学園長はまたおかゆを運んでくれた。",
				"ENG_STRING": "素直に口を開けると、学園長はまたおかゆを運んでくれた。"
			},
			{
				"TYPE": "ZM",
				"ID": 518515,
				"STRING": "あまりにも普通の対応に拍子抜けしていると、それに気付いたのか学園長がくすくす笑った。",
				"ENG_STRING": "あまりにも普通の対応に拍子抜けしていると、それに気付いたのか学園長がくすくす笑った。"
			},
			{
				"TYPE": "ZM",
				"ID": 518516,
				"NAME": "二人",
				"ENG_NAME": "二人",
				"STRING": "「安心したまえ、何の変哲もないただのおかゆだよ。何か変なものが入っているとかでもない」",
				"ENG_STRING": "「安心したまえ、何の変哲もないただのおかゆだよ。何か変なものが入っているとかでもない」"
			},
			{
				"TYPE": "ZM",
				"ID": 518517,
				"NAME": "三厳",
				"ENG_NAME": "三厳",
				"STRING": "「ふひとちゃんが作ったのか？」",
				"ENG_STRING": "「ふひとちゃんが作ったのか？」"
			},
			{
				"TYPE": "ZM",
				"ID": 518518,
				"NAME": "二人",
				"ENG_NAME": "二人",
				"STRING": "「そうだよ。まあ、これくらいのこと、誰でもできるだろう？」",
				"ENG_STRING": "「そうだよ。まあ、これくらいのこと、誰でもできるだろう？」"
			},
			{
				"TYPE": "ZM",
				"ID": 518519,
				"NAME": "三厳",
				"ENG_NAME": "三厳",
				"STRING": "「そうでもないと思うけど……」",
				"ENG_STRING": "「そうでもないと思うけど……」"
			},
			{
				"TYPE": "ZM",
				"ID": 518520,
				"STRING": "何だかすごく意外な感じがした。",
				"ENG_STRING": "何だかすごく意外な感じがした。"
			},
			{
				"TYPE": "ZM",
				"ID": 518521,
				"STRING": "学園長がこういう庶民的なものを作るところが想像できない。",
				"ENG_STRING": "学園長がこういう庶民的なものを作るところが想像できない。"
			},
			{
				"TYPE": "ZM",
				"ID": 518522,
				"STRING": "普段あんなに無茶苦茶な感じだから、料理なんかしないのかと勝手に思っていた。",
				"ENG_STRING": "普段あんなに無茶苦茶な感じだから、料理なんかしないのかと勝手に思っていた。"
			},
			{
				"TYPE": "ZM",
				"ID": 518523,
				"NAME": "二人",
				"ENG_NAME": "二人",
				"STRING": "「そんなことより、ちゃんと食べないといけないよ。ほら、残りも食べて」",
				"ENG_STRING": "「そんなことより、ちゃんと食べないといけないよ。ほら、残りも食べて」"
			},
			{
				"TYPE": "ZM",
				"ID": 518524,
				"NAME": "三厳",
				"ENG_NAME": "三厳",
				"STRING": "「そうだな……」",
				"ENG_STRING": "「そうだな……」"
			},
			{
				"TYPE": "ZM",
				"ID": 518525,
				"STRING": "残っているおかゆも食べさせてもらい、ほんの少しだけおなかが満たされた。",
				"ENG_STRING": "残っているおかゆも食べさせてもらい、ほんの少しだけおなかが満たされた。"
			},
			{
				"TYPE": "ZM",
				"ID": 518526,
				"STRING": "とは言え、いつもの量に比べると全然少ないんだよな。",
				"ENG_STRING": "とは言え、いつもの量に比べると全然少ないんだよな。"
			},
			{
				"TYPE": "ZM",
				"ID": 518527,
				"NAME": "二人",
				"ENG_NAME": "二人",
				"STRING": "「リンゴは……どうだろうか？　食べられそうかい？」",
				"ENG_STRING": "「リンゴは……どうだろうか？　食べられそうかい？」"
			},
			{
				"TYPE": "ZM",
				"ID": 518528,
				"NAME": "三厳",
				"ENG_NAME": "三厳",
				"STRING": "「せっかくだから、食べる」",
				"ENG_STRING": "「せっかくだから、食べる」"
			},
			{
				"TYPE": "ZM",
				"ID": 518529,
				"NAME": "二人",
				"ENG_NAME": "二人",
				"STRING": "「ふふっ、皮を残してウサギさんの形にしてみたのだよ」",
				"ENG_STRING": "「ふふっ、皮を残してウサギさんの形にしてみたのだよ」"
			},
			{
				"TYPE": "ZM",
				"ID": 518530,
				"NAME": "三厳",
				"ENG_NAME": "三厳",
				"STRING": "「へえ。器用なんだな」",
				"ENG_STRING": "「へえ。器用なんだな」"
			},
			{
				"TYPE": "ZM",
				"ID": 518531,
				"NAME": "二人",
				"ENG_NAME": "二人",
				"STRING": "「コツさえ掴めばすぐにできるものだから、特別器用ではないと思うがね」",
				"ENG_STRING": "「コツさえ掴めばすぐにできるものだから、特別器用ではないと思うがね」"
			},
			{
				"TYPE": "ZM",
				"ID": 518532,
				"NAME": "三厳",
				"ENG_NAME": "三厳",
				"STRING": "「そっか」",
				"ENG_STRING": "「そっか」"
			},
			{
				"TYPE": "ZM",
				"ID": 518533,
				"NAME": "二人",
				"ENG_NAME": "二人",
				"STRING": "「ほら、アーン」",
				"ENG_STRING": "「ほら、アーン」"
			},
			{
				"TYPE": "ZM",
				"ID": 518534,
				"NAME": "三厳",
				"ENG_NAME": "三厳",
				"STRING": "「……ん」",
				"ENG_STRING": "「……ん」"
			},
			{
				"TYPE": "ZM",
				"ID": 518535,
				"STRING": "差し出されたリンゴを口に入れると、みずみずしい甘さでおいしかった。",
				"ENG_STRING": "差し出されたリンゴを口に入れると、みずみずしい甘さでおいしかった。"
			},
			{
				"TYPE": "ZM",
				"ID": 518536,
				"STRING": "思わず催促するようにもう一度口を開けると、学園長は嬉しそうにリンゴを食べさせてくれる。",
				"ENG_STRING": "思わず催促するようにもう一度口を開けると、学園長は嬉しそうにリンゴを食べさせてくれる。"
			},
			{
				"TYPE": "ZM",
				"ID": 518537,
				"NAME": "三厳",
				"ENG_NAME": "三厳",
				"STRING": "「うまいな、これ」",
				"ENG_STRING": "「うまいな、これ」"
			},
			{
				"TYPE": "ZM",
				"ID": 518538,
				"NAME": "二人",
				"ENG_NAME": "二人",
				"STRING": "「おお、それは良かった！！　もう少し食べておくかい？」",
				"ENG_STRING": "「おお、それは良かった！！　もう少し食べておくかい？」"
			},
			{
				"TYPE": "ZM",
				"ID": 518539,
				"NAME": "三厳",
				"ENG_NAME": "三厳",
				"STRING": "「ん、そうだな……んっ、げほ、げほっ！」",
				"ENG_STRING": "「ん、そうだな……んっ、げほ、げほっ！」"
			},
			{
				"TYPE": "ZM",
				"ID": 518540,
				"NAME": "二人",
				"ENG_NAME": "二人",
				"STRING": "「ああ……！」",
				"ENG_STRING": "「ああ……！」"
			},
			{
				"TYPE": "ZM",
				"ID": 518541,
				"STRING": "少し咳き込んでしまうと、学園長は慌てたように背中を撫でてくれた。",
				"ENG_STRING": "少し咳き込んでしまうと、学園長は慌てたように背中を撫でてくれた。"
			},
			{
				"TYPE": "ZM",
				"ID": 518542,
				"STRING": "小さな手で撫でられる感触は少しくすぐったいが、風邪で弱っているせいなのかやけに落ち着く気がした。",
				"ENG_STRING": "小さな手で撫でられる感触は少しくすぐったいが、風邪で弱っているせいなのかやけに落ち着く気がした。"
			},
			{
				"TYPE": "ZM",
				"ID": 518543,
				"NAME": "二人",
				"ENG_NAME": "二人",
				"STRING": "「大丈夫かね？」",
				"ENG_STRING": "「大丈夫かね？」"
			},
			{
				"TYPE": "ZM",
				"ID": 518544,
				"NAME": "三厳",
				"ENG_NAME": "三厳",
				"STRING": "「ああ、うん……」",
				"ENG_STRING": "「ああ、うん……」"
			},
			{
				"TYPE": "ZM",
				"ID": 518545,
				"NAME": "二人",
				"ENG_NAME": "二人",
				"STRING": "「無理に食べる必要はないのだからね」",
				"ENG_STRING": "「無理に食べる必要はないのだからね」"
			},
			{
				"TYPE": "ZM",
				"ID": 518546,
				"NAME": "三厳",
				"ENG_NAME": "三厳",
				"STRING": "「わかってる。……そういえば、ニノマエ君は？」",
				"ENG_STRING": "「わかってる。……そういえば、ニノマエ君は？」"
			},
			{
				"TYPE": "ZM",
				"ID": 518547,
				"NAME": "二人",
				"ENG_NAME": "二人",
				"STRING": "「ん？　風邪には悪そうなのでお留守番してもらっているよ」",
				"ENG_STRING": "「ん？　風邪には悪そうなのでお留守番してもらっているよ」"
			},
			{
				"TYPE": "ZM",
				"ID": 518548,
				"NAME": "三厳",
				"ENG_NAME": "三厳",
				"STRING": "「そっか……」",
				"ENG_STRING": "「そっか……」"
			},
			{
				"TYPE": "ZM",
				"ID": 518549,
				"STRING": "わざわざ俺を気にして置いて来てくれたのか。",
				"ENG_STRING": "わざわざ俺を気にして置いて来てくれたのか。"
			},
			{
				"TYPE": "ZM",
				"ID": 518550,
				"STRING": "いつも一緒にいるのに、なんだか悪い気がするな。",
				"ENG_STRING": "いつも一緒にいるのに、なんだか悪い気がするな。"
			},
			{
				"TYPE": "ZM",
				"ID": 518551,
				"STRING": "それにしても、何だろうこれは……普段と違いすぎて、なんかよくわからない……。",
				"ENG_STRING": "それにしても、何だろうこれは……普段と違いすぎて、なんかよくわからない……。"
			},
			{
				"TYPE": "ZM",
				"ID": 518552,
				"NAME": "二人",
				"ENG_NAME": "二人",
				"STRING": "「さて、そろそろ薬を飲んでも大丈夫そうかな。市販の風邪薬だが、大丈夫かね？」",
				"ENG_STRING": "「さて、そろそろ薬を飲んでも大丈夫そうかな。市販の風邪薬だが、大丈夫かね？」"
			},
			{
				"TYPE": "ZM",
				"ID": 518553,
				"NAME": "三厳",
				"ENG_NAME": "三厳",
				"STRING": "「ああ」",
				"ENG_STRING": "「ああ」"
			},
			{
				"TYPE": "ZM",
				"ID": 518554,
				"STRING": "頷くと学園長は薬と水を差し出してくれた。",
				"ENG_STRING": "頷くと学園長は薬と水を差し出してくれた。"
			},
			{
				"TYPE": "ZM",
				"ID": 518555,
				"STRING": "それを受け取り、素直に薬を飲んでもう一度ベッドに横になる。",
				"ENG_STRING": "それを受け取り、素直に薬を飲んでもう一度ベッドに横になる。"
			},
			{
				"TYPE": "ZM",
				"ID": 518556,
				"STRING": "食事をして薬を飲んだせいか、少しだけ気分がラクになった気がした。",
				"ENG_STRING": "食事をして薬を飲んだせいか、少しだけ気分がラクになった気がした。"
			},
			{
				"TYPE": "ZM",
				"ID": 518557,
				"STRING": "気の持ちようでここまで変わるものなのか……。",
				"ENG_STRING": "気の持ちようでここまで変わるものなのか……。"
			},
			{
				"TYPE": "ZM",
				"ID": 518558,
				"NAME": "二人",
				"ENG_NAME": "二人",
				"STRING": "「落ち着くまでそばで様子を見ているから、ゆっくり眠りたまえ」",
				"ENG_STRING": "「落ち着くまでそばで様子を見ているから、ゆっくり眠りたまえ」"
			},
			{
				"TYPE": "ZM",
				"ID": 518559,
				"NAME": "三厳",
				"ENG_NAME": "三厳",
				"STRING": "「ああ、ありがとう」",
				"ENG_STRING": "「ああ、ありがとう」"
			},
			{
				"TYPE": "ZM",
				"ID": 518560,
				"STRING": "学園長の言葉に素直に頷き目を閉じると、そのまますぐに眠ってしまえそうだった。",
				"ENG_STRING": "学園長の言葉に素直に頷き目を閉じると、そのまますぐに眠ってしまえそうだった。"
			},
			{
				"TYPE": "ZM",
				"ID": 518561,
				"NAME": "三厳",
				"ENG_NAME": "三厳",
				"STRING": "「………」",
				"ENG_STRING": "「………」"
			},
			{
				"TYPE": "ZM",
				"ID": 518562,
				"STRING": "ゆっくりと目を覚ますと、部屋の中が暗くなっていた。",
				"ENG_STRING": "ゆっくりと目を覚ますと、部屋の中が暗くなっていた。"
			},
			{
				"TYPE": "ZM",
				"ID": 518563,
				"STRING": "どうやら、いつの間にか夜になっていたらしい。",
				"ENG_STRING": "どうやら、いつの間にか夜になっていたらしい。"
			},
			{
				"TYPE": "ZM",
				"ID": 518564,
				"STRING": "随分長い時間眠っていたみたいだ。",
				"ENG_STRING": "随分長い時間眠っていたみたいだ。"
			},
			{
				"TYPE": "ZM",
				"ID": 518565,
				"STRING": "眠っていたからか薬のおかげか身体はだいぶ楽になっていたし、熱もある程度下がっているようだった。",
				"ENG_STRING": "眠っていたからか薬のおかげか身体はだいぶ楽になっていたし、熱もある程度下がっているようだった。"
			},
			{
				"TYPE": "ZM",
				"ID": 518566,
				"NAME": "二人",
				"ENG_NAME": "二人",
				"STRING": "「おや、目が覚めたのかね」",
				"ENG_STRING": "「おや、目が覚めたのかね」"
			},
			{
				"TYPE": "ZM",
				"ID": 518567,
				"NAME": "三厳",
				"ENG_NAME": "三厳",
				"STRING": "「あ……」",
				"ENG_STRING": "「あ……」"
			},
			{
				"TYPE": "ZM",
				"ID": 518568,
				"STRING": "ぼんやりしていると、控えめに声をかけられた。",
				"ENG_STRING": "ぼんやりしていると、控えめに声をかけられた。"
			},
			{
				"TYPE": "ZM",
				"ID": 518569,
				"STRING": "視線を移動させるとベッドの側に学園長が座っていた。",
				"ENG_STRING": "視線を移動させるとベッドの側に学園長が座っていた。"
			},
			{
				"TYPE": "ZM",
				"ID": 518570,
				"STRING": "どうやら、本当にずっと様子を見ていてくれたらしい。",
				"ENG_STRING": "どうやら、本当にずっと様子を見ていてくれたらしい。"
			},
			{
				"TYPE": "ZM",
				"ID": 518571,
				"NAME": "二人",
				"ENG_NAME": "二人",
				"STRING": "「様子はどうだい？」",
				"ENG_STRING": "「様子はどうだい？」"
			},
			{
				"TYPE": "ZM",
				"ID": 518572,
				"NAME": "三厳",
				"ENG_NAME": "三厳",
				"STRING": "「もう、だいぶ楽だよ」",
				"ENG_STRING": "「もう、だいぶ楽だよ」"
			},
			{
				"TYPE": "ZM",
				"ID": 518573,
				"NAME": "二人",
				"ENG_NAME": "二人",
				"STRING": "「そうか……」",
				"ENG_STRING": "「そうか……」"
			},
			{
				"TYPE": "ZM",
				"ID": 518574,
				"STRING": "答えながら学園長がそっと手を伸ばす。",
				"ENG_STRING": "答えながら学園長がそっと手を伸ばす。"
			},
			{
				"TYPE": "ZM",
				"ID": 518575,
				"STRING": "そっと額を触りながら、学園長はじっとしていた。",
				"ENG_STRING": "そっと額を触りながら、学園長はじっとしていた。"
			},
			{
				"TYPE": "ZM",
				"ID": 518576,
				"STRING": "その手のひらの感触は、昼間にモー子に触られた時のような冷たさを感じない。",
				"ENG_STRING": "その手のひらの感触は、昼間にモー子に触られた時のような冷たさを感じない。"
			},
			{
				"TYPE": "ZM",
				"ID": 518577,
				"NAME": "二人",
				"ENG_NAME": "二人",
				"STRING": "「熱もだいぶ下がっているね。良かった」@n",
				"ENG_STRING": "「熱もだいぶ下がっているね。良かった」@n"
			},
			{
				"TYPE": "ZM",
				"ID": 518578,
				"STRING": "安心したように言った学園長は、微笑みを浮かべていた。",
				"ENG_STRING": "安心したように言った学園長は、微笑みを浮かべていた。"
			},
			{
				"TYPE": "ZM",
				"ID": 518579,
				"STRING": "どうやら、かなり心配させてしまったらしい。",
				"ENG_STRING": "どうやら、かなり心配させてしまったらしい。"
			},
			{
				"TYPE": "ZM",
				"ID": 518580,
				"NAME": "三厳",
				"ENG_NAME": "三厳",
				"STRING": "「あの、ずっとついててくれたのか？」",
				"ENG_STRING": "「あの、ずっとついててくれたのか？」"
			},
			{
				"TYPE": "ZM",
				"ID": 518581,
				"NAME": "二人",
				"ENG_NAME": "二人",
				"STRING": "「ああ、もちろん」",
				"ENG_STRING": "「ああ、もちろん」"
			},
			{
				"TYPE": "ZM",
				"ID": 518582,
				"NAME": "三厳",
				"ENG_NAME": "三厳",
				"STRING": "「……帰っても良かったのに」",
				"ENG_STRING": "「……帰っても良かったのに」"
			},
			{
				"TYPE": "ZM",
				"ID": 518583,
				"NAME": "二人",
				"ENG_NAME": "二人",
				"STRING": "「病人の君を放っておけるわけがないだろう」",
				"ENG_STRING": "「病人の君を放っておけるわけがないだろう」"
			},
			{
				"TYPE": "ZM",
				"ID": 518584,
				"NAME": "三厳",
				"ENG_NAME": "三厳",
				"STRING": "「そっか。あの、ありがとう。随分、世話かけたみたいだな……助かったよ」",
				"ENG_STRING": "「そっか。あの、ありがとう。随分、世話かけたみたいだな……助かったよ」"
			},
			{
				"TYPE": "ZM",
				"ID": 518585,
				"NAME": "二人",
				"ENG_NAME": "二人",
				"STRING": "「ふふ……そんな風に言われてしまうと、喜んでしまうじゃないか」",
				"ENG_STRING": "「ふふ……そんな風に言われてしまうと、喜んでしまうじゃないか」"
			},
			{
				"TYPE": "ZM",
				"ID": 518586,
				"STRING": "答えながら学園長は照れたように、にっこりと微笑みを浮かべていた。",
				"ENG_STRING": "答えながら学園長は照れたように、にっこりと微笑みを浮かべていた。"
			},
			{
				"TYPE": "ZM",
				"ID": 518587,
				"STRING": "それは本当に嬉しそうな微笑みで、見ていると複雑な気持ちになる。",
				"ENG_STRING": "それは本当に嬉しそうな微笑みで、見ていると複雑な気持ちになる。"
			},
			{
				"TYPE": "ZM",
				"ID": 518588,
				"NAME": "二人",
				"ENG_NAME": "二人",
				"STRING": "「そういえば、最近の久我君は慌ててるか怒ってるかばかりだったね……別に慌ててるのも嫌いじゃないけどね」@n",
				"ENG_STRING": "「そういえば、最近の久我君は慌ててるか怒ってるかばかりだったね……別に慌ててるのも嫌いじゃないけどね」@n"
			},
			{
				"TYPE": "ZM",
				"ID": 518589,
				"NAME": "二人",
				"ENG_NAME": "二人",
				"STRING": "「でも、やっぱり今の方が嬉しいものだ」",
				"ENG_STRING": "「でも、やっぱり今の方が嬉しいものだ」"
			},
			{
				"TYPE": "ZM",
				"ID": 518590,
				"NAME": "三厳",
				"ENG_NAME": "三厳",
				"STRING": "「ふひとちゃんのせいじゃないか……」",
				"ENG_STRING": "「ふひとちゃんのせいじゃないか……」"
			},
			{
				"TYPE": "ZM",
				"ID": 518591,
				"NAME": "二人",
				"ENG_NAME": "二人",
				"STRING": "「ん……？」",
				"ENG_STRING": "「ん……？」"
			},
			{
				"TYPE": "ZM",
				"ID": 518592,
				"NAME": "三厳",
				"ENG_NAME": "三厳",
				"STRING": "「あんたが強引に色々して来るから、慌てたり怒ったりしてたんだろ。俺に昔のことを思い出して欲しいのはわかるけど、色々やり過ぎだって話だ」",
				"ENG_STRING": "「あんたが強引に色々して来るから、慌てたり怒ったりしてたんだろ。俺に昔のことを思い出して欲しいのはわかるけど、色々やり過ぎだって話だ」"
			},
			{
				"TYPE": "ZM",
				"ID": 518593,
				"NAME": "二人",
				"ENG_NAME": "二人",
				"STRING": "「あ……ああ、そうか。そうだったのか……」",
				"ENG_STRING": "「あ……ああ、そうか。そうだったのか……」"
			},
			{
				"TYPE": "ZM",
				"ID": 518594,
				"STRING": "俺に言われて学園長はポンと手を打った。",
				"ENG_STRING": "俺に言われて学園長はポンと手を打った。"
			},
			{
				"TYPE": "ZM",
				"ID": 518595,
				"STRING": "そして、何かに気付いたような表情でうんうんと頷いていた。",
				"ENG_STRING": "そして、何かに気付いたような表情でうんうんと頷いていた。"
			},
			{
				"TYPE": "ZM",
				"ID": 518596,
				"NAME": "二人",
				"ENG_NAME": "二人",
				"STRING": "「ふむ……私のやり方が間違っていたんだね」",
				"ENG_STRING": "「ふむ……私のやり方が間違っていたんだね」"
			},
			{
				"TYPE": "ZM",
				"ID": 518597,
				"NAME": "二人",
				"ENG_NAME": "二人",
				"STRING": "「最初からこんな風にすれば良かったのかな……なにしろ夢中で……私も、こういうのは初めてだからよくわからなかったんだよ、すまなかった」@n",
				"ENG_STRING": "「最初からこんな風にすれば良かったのかな……なにしろ夢中で……私も、こういうのは初めてだからよくわからなかったんだよ、すまなかった」@n"
			},
			{
				"TYPE": "ZM",
				"ID": 518598,
				"NAME": "三厳",
				"ENG_NAME": "三厳",
				"STRING": "「………」",
				"ENG_STRING": "「………」"
			},
			{
				"TYPE": "ZM",
				"ID": 518599,
				"NAME": "二人",
				"ENG_NAME": "二人",
				"STRING": "「ん？　どうしたんだね、久我君」",
				"ENG_STRING": "「ん？　どうしたんだね、久我君」"
			},
			{
				"TYPE": "ZM",
				"ID": 518600,
				"NAME": "三厳",
				"ENG_NAME": "三厳",
				"STRING": "「いや……あんたは、一体何をどうしたいんだよ」",
				"ENG_STRING": "「いや……あんたは、一体何をどうしたいんだよ」"
			},
			{
				"TYPE": "ZM",
				"ID": 518601,
				"NAME": "二人",
				"ENG_NAME": "二人",
				"STRING": "「………？」",
				"ENG_STRING": "「………？」"
			},
			{
				"TYPE": "ZM",
				"ID": 518602,
				"STRING": "俺が聞くと学園長は不思議そうに首を傾げた。",
				"ENG_STRING": "俺が聞くと学園長は不思議そうに首を傾げた。"
			},
			{
				"TYPE": "ZM",
				"ID": 518603,
				"STRING": "俺が学園長の考えがわからないように、学園長も俺の考えがわからないらしい。",
				"ENG_STRING": "俺が学園長の考えがわからないように、学園長も俺の考えがわからないらしい。"
			},
			{
				"TYPE": "ZM",
				"ID": 518604,
				"NAME": "二人",
				"ENG_NAME": "二人",
				"STRING": "「んー。言ってなかったっけ？」",
				"ENG_STRING": "「んー。言ってなかったっけ？」"
			},
			{
				"TYPE": "ZM",
				"ID": 518605,
				"NAME": "三厳",
				"ENG_NAME": "三厳",
				"STRING": "「多分聞いてない」",
				"ENG_STRING": "「多分聞いてない」"
			},
			{
				"TYPE": "ZM",
				"ID": 518606,
				"NAME": "二人",
				"ENG_NAME": "二人",
				"STRING": "「私が君に求めているのはただ一つだよ」",
				"ENG_STRING": "「私が君に求めているのはただ一つだよ」"
			},
			{
				"TYPE": "ZM",
				"ID": 518607,
				"NAME": "三厳",
				"ENG_NAME": "三厳",
				"STRING": "「ただ一つって、一体なんだ？」",
				"ENG_STRING": "「ただ一つって、一体なんだ？」"
			},
			{
				"TYPE": "ZM",
				"ID": 518608,
				"NAME": "二人",
				"ENG_NAME": "二人",
				"STRING": "「それはすなわち、愛だ！！」",
				"ENG_STRING": "「それはすなわち、愛だ！！」"
			},
			{
				"TYPE": "ZM",
				"ID": 518609,
				"NAME": "三厳",
				"ENG_NAME": "三厳",
				"STRING": "「………」",
				"ENG_STRING": "「………」"
			},
			{
				"TYPE": "ZM",
				"ID": 518610,
				"STRING": "あまりにも突然に思えたその言葉に、呆然と絶句するしかなかった。",
				"ENG_STRING": "あまりにも突然に思えたその言葉に、呆然と絶句するしかなかった。"
			},
			{
				"TYPE": "ZM",
				"ID": 518611,
				"STRING": "この人、今なんて言った？　さっきのは俺の聞き間違えか？",
				"ENG_STRING": "この人、今なんて言った？　さっきのは俺の聞き間違えか？"
			},
			{
				"TYPE": "ZM",
				"ID": 518612,
				"STRING": "いや……まあ……意味はわからなくもないのだが………ただ……。",
				"ENG_STRING": "いや……まあ……意味はわからなくもないのだが………ただ……。"
			},
			{
				"TYPE": "ZM",
				"ID": 518613,
				"NAME": "三厳",
				"ENG_NAME": "三厳",
				"STRING": "「悪い、まだふひとちゃんの意図がよく読めないんだが……」",
				"ENG_STRING": "「悪い、まだふひとちゃんの意図がよく読めないんだが……」"
			},
			{
				"TYPE": "ZM",
				"ID": 518614,
				"NAME": "三厳",
				"ENG_NAME": "三厳",
				"STRING": "「俺で新手の暇つぶしでもしてるとか、反応が面白いから遊んでいるとかじゃなくて、本気で言ってる？」",
				"ENG_STRING": "「俺で新手の暇つぶしでもしてるとか、反応が面白いから遊んでいるとかじゃなくて、本気で言ってる？」"
			},
			{
				"TYPE": "ZM",
				"ID": 518615,
				"NAME": "二人",
				"ENG_NAME": "二人",
				"STRING": "「失礼な！！　もちろん私は本気だとも！！」",
				"ENG_STRING": "「失礼な！！　もちろん私は本気だとも！！」"
			},
			{
				"TYPE": "ZM",
				"ID": 518616,
				"NAME": "三厳",
				"ENG_NAME": "三厳",
				"STRING": "「………」",
				"ENG_STRING": "「………」"
			},
			{
				"TYPE": "ZM",
				"ID": 518617,
				"STRING": "本気だという答えに戸惑い、どう反応すればいいのかわからない。",
				"ENG_STRING": "本気だという答えに戸惑い、どう反応すればいいのかわからない。"
			},
			{
				"TYPE": "ZM",
				"ID": 518618,
				"STRING": "まだ、冗談だ、面白がっていただけだと言われた方が対処のしようもある。",
				"ENG_STRING": "まだ、冗談だ、面白がっていただけだと言われた方が対処のしようもある。"
			},
			{
				"TYPE": "ZM",
				"ID": 518619,
				"NAME": "三厳",
				"ENG_NAME": "三厳",
				"STRING": "「なんで、その相手にわざわざ俺を選んだんだ」",
				"ENG_STRING": "「なんで、その相手にわざわざ俺を選んだんだ」"
			},
			{
				"TYPE": "ZM",
				"ID": 518620,
				"NAME": "二人",
				"ENG_NAME": "二人",
				"STRING": "「それは……その…」",
				"ENG_STRING": "「それは……その…」"
			},
			{
				"TYPE": "ZM",
				"ID": 518621,
				"STRING": "じっと俺を見ていた学園長だったが、恥ずかしそうに視線をそらして話し始める。",
				"ENG_STRING": "じっと俺を見ていた学園長だったが、恥ずかしそうに視線をそらして話し始める。"
			},
			{
				"TYPE": "ZM",
				"ID": 518622,
				"NAME": "二人",
				"ENG_NAME": "二人",
				"STRING": "「君は前の事件の時に、自分の服が汚れるのもいとわず泥の中から私を助け出してくれたではないか。それにその後……あの……」@n",
				"ENG_STRING": "「君は前の事件の時に、自分の服が汚れるのもいとわず泥の中から私を助け出してくれたではないか。それにその後……あの……」@n"
			},
			{
				"TYPE": "ZM",
				"ID": 518623,
				"NAME": "二人",
				"ENG_NAME": "二人",
				"STRING": "「わ、私もあれは随分とショックだったのだよ……」",
				"ENG_STRING": "「わ、私もあれは随分とショックだったのだよ……」"
			},
			{
				"TYPE": "ZM",
				"ID": 518624,
				"NAME": "三厳",
				"ENG_NAME": "三厳",
				"STRING": "「……あ」",
				"ENG_STRING": "「……あ」"
			},
			{
				"TYPE": "ZM",
				"ID": 518625,
				"STRING": "言われた途端、あの時の学園長の態度を思い出し、同時に俺まで恥ずかしくなって来る。",
				"ENG_STRING": "言われた途端、あの時の学園長の態度を思い出し、同時に俺まで恥ずかしくなって来る。"
			},
			{
				"TYPE": "ZM",
				"ID": 518626,
				"STRING": "確かにあれは、女の人に対してすることではなかったかもしれない。",
				"ENG_STRING": "確かにあれは、女の人に対してすることではなかったかもしれない。"
			},
			{
				"TYPE": "ZM",
				"ID": 518627,
				"STRING": "あんなの学園長でなくたって、誰でもああいう態度になるに決まっている。",
				"ENG_STRING": "あんなの学園長でなくたって、誰でもああいう態度になるに決まっている。"
			},
			{
				"TYPE": "ZM",
				"ID": 518628,
				"NAME": "三厳",
				"ENG_NAME": "三厳",
				"STRING": "「あ、いや、あの時は……その、勝手に脱がしたり、洗ったり、その…悪かった」",
				"ENG_STRING": "「あ、いや、あの時は……その、勝手に脱がしたり、洗ったり、その…悪かった」"
			},
			{
				"TYPE": "ZM",
				"ID": 518629,
				"NAME": "二人",
				"ENG_NAME": "二人",
				"STRING": "「いやいや、もちろん私を助けてくれようとしていたことはわかっているとも」",
				"ENG_STRING": "「いやいや、もちろん私を助けてくれようとしていたことはわかっているとも」"
			},
			{
				"TYPE": "ZM",
				"ID": 518630,
				"NAME": "三厳",
				"ENG_NAME": "三厳",
				"STRING": "「ああ……」",
				"ENG_STRING": "「ああ……」"
			},
			{
				"TYPE": "ZM",
				"ID": 518631,
				"STRING": "答えながら学園長はうつむいてしまい、なんだか微妙な空気が流れていく。",
				"ENG_STRING": "答えながら学園長はうつむいてしまい、なんだか微妙な空気が流れていく。"
			},
			{
				"TYPE": "ZM",
				"ID": 518632,
				"STRING": "こんな話をしたかったわけじゃないんだけど……なんだか、何をどう言えばいいのか…。",
				"ENG_STRING": "こんな話をしたかったわけじゃないんだけど……なんだか、何をどう言えばいいのか…。"
			},
			{
				"TYPE": "ZM",
				"ID": 518633,
				"NAME": "二人",
				"ENG_NAME": "二人",
				"STRING": "「こんなつもりじゃなかったんだが……どうも君の前ではうまく立ち回れないな。失敗ばかりしてしまうよ……」",
				"ENG_STRING": "「こんなつもりじゃなかったんだが……どうも君の前ではうまく立ち回れないな。失敗ばかりしてしまうよ……」"
			},
			{
				"TYPE": "ZM",
				"ID": 518634,
				"NAME": "二人",
				"ENG_NAME": "二人",
				"STRING": "「本当は、もっときちんとした愛の告白をする予定だったのだよ」",
				"ENG_STRING": "「本当は、もっときちんとした愛の告白をする予定だったのだよ」"
			},
			{
				"TYPE": "ZM",
				"ID": 518635,
				"NAME": "三厳",
				"ENG_NAME": "三厳",
				"STRING": "「あ、愛の告白って……」",
				"ENG_STRING": "「あ、愛の告白って……」"
			},
			{
				"TYPE": "ZM",
				"ID": 518636,
				"NAME": "二人",
				"ENG_NAME": "二人",
				"STRING": "「そうだとも！　昔のことを思い出してもらった君の前で、愛している！　と伝えるつもりだったのだから！」",
				"ENG_STRING": "「そうだとも！　昔のことを思い出してもらった君の前で、愛している！　と伝えるつもりだったのだから！」"
			},
			{
				"TYPE": "ZM",
				"ID": 518637,
				"NAME": "二人",
				"ENG_NAME": "二人",
				"STRING": "「そうして、もう一度あの指輪を贈ってもらうのだ。それからはもう、手をつないだり、デートしたり、ちゅーしたり、一緒にお風呂に入ったり…」@n",
				"ENG_STRING": "「そうして、もう一度あの指輪を贈ってもらうのだ。それからはもう、手をつないだり、デートしたり、ちゅーしたり、一緒にお風呂に入ったり…」@n"
			},
			{
				"TYPE": "ZM",
				"ID": 518638,
				"NAME": "二人",
				"ENG_NAME": "二人",
				"STRING": "「とにかくありとあらゆる恋人ライフを送りまくって、もうめろっめろのとろっとろで、私なしでは生きてゆけないような体にしてやろうと！」",
				"ENG_STRING": "「とにかくありとあらゆる恋人ライフを送りまくって、もうめろっめろのとろっとろで、私なしでは生きてゆけないような体にしてやろうと！」"
			},
			{
				"TYPE": "ZM",
				"ID": 518639,
				"NAME": "三厳",
				"ENG_NAME": "三厳",
				"STRING": "「な、あ、あの……な……」",
				"ENG_STRING": "「な、あ、あの……な……」"
			},
			{
				"TYPE": "ZM",
				"ID": 518640,
				"STRING": "これだけはっきり言われると、照れる。",
				"ENG_STRING": "これだけはっきり言われると、照れる。"
			},
			{
				"TYPE": "ZM",
				"ID": 518641,
				"STRING": "っていうか、こんな風に学園長に思われることになるなんて考えもしなかったから、どうしたらいいのか……。",
				"ENG_STRING": "っていうか、こんな風に学園長に思われることになるなんて考えもしなかったから、どうしたらいいのか……。"
			},
			{
				"TYPE": "ZM",
				"ID": 518642,
				"STRING": "動揺して赤くなってしまった俺を見て、学園長はぴくりと身体を震わせる。",
				"ENG_STRING": "動揺して赤くなってしまった俺を見て、学園長はぴくりと身体を震わせる。"
			},
			{
				"TYPE": "ZM",
				"ID": 518643,
				"NAME": "二人",
				"ENG_NAME": "二人",
				"STRING": "「あ、あれ？　も、もしかして私は今言わなくていいことまで言ってしまった……かな…！？？！？」@n",
				"ENG_STRING": "「あ、あれ？　も、もしかして私は今言わなくていいことまで言ってしまった……かな…！？？！？」@n"
			},
			{
				"TYPE": "ZM",
				"ID": 518644,
				"NAME": "三厳",
				"ENG_NAME": "三厳",
				"STRING": "「い、いや！　それはあの、ちゃんと伝わったんだけど、あのいきなりだったから……」",
				"ENG_STRING": "「い、いや！　それはあの、ちゃんと伝わったんだけど、あのいきなりだったから……」"
			},
			{
				"TYPE": "ZM",
				"ID": 518645,
				"NAME": "二人",
				"ENG_NAME": "二人",
				"STRING": "「え？　えっと、え……どこまで聞いた？」@n",
				"ENG_STRING": "「え？　えっと、え……どこまで聞いた？」@n"
			},
			{
				"TYPE": "ZM",
				"ID": 518646,
				"NAME": "三厳",
				"ENG_NAME": "三厳",
				"STRING": "「愛の告白をする予定だったとか」",
				"ENG_STRING": "「愛の告白をする予定だったとか」"
			},
			{
				"TYPE": "ZM",
				"ID": 518647,
				"NAME": "二人",
				"ENG_NAME": "二人",
				"STRING": "「その後は？」",
				"ENG_STRING": "「その後は？」"
			},
			{
				"TYPE": "ZM",
				"ID": 518648,
				"NAME": "三厳",
				"ENG_NAME": "三厳",
				"STRING": "「あ、ありとあらゆる恋人ライフを送りまくって、ふひとちゃんなしじゃ生きてゆけない体にするとか」",
				"ENG_STRING": "「あ、ありとあらゆる恋人ライフを送りまくって、ふひとちゃんなしじゃ生きてゆけない体にするとか」"
			},
			{
				"TYPE": "ZM",
				"ID": 518649,
				"NAME": "二人",
				"ENG_NAME": "二人",
				"STRING": "「……ひぅっ！！」@n",
				"ENG_STRING": "「……ひぅっ！！」@n"
			},
			{
				"TYPE": "ZM",
				"ID": 518657,
				"STRING": "俺がそう答えると、今の状況を正確に把握したのか突然顔を真っ赤にしてしまった。",
				"ENG_STRING": "俺がそう答えると、今の状況を正確に把握したのか突然顔を真っ赤にしてしまった。"
			},
			{
				"TYPE": "ZM",
				"ID": 518658,
				"STRING": "そしておろおろした様子で視線をさまよわせている。",
				"ENG_STRING": "そしておろおろした様子で視線をさまよわせている。"
			},
			{
				"TYPE": "ZM",
				"ID": 518659,
				"NAME": "二人",
				"ENG_NAME": "二人",
				"STRING": "「あ、あれ！？　あ、あああ！　し、しまったああ！　私は今、自ら君への欲望をだいぶ深部まで暴露してしまっ……！？？！？」@n",
				"ENG_STRING": "「あ、あれ！？　あ、あああ！　し、しまったああ！　私は今、自ら君への欲望をだいぶ深部まで暴露してしまっ……！？？！？」@n"
			},
			{
				"TYPE": "ZM",
				"ID": 518660,
				"NAME": "三厳",
				"ENG_NAME": "三厳",
				"STRING": "「あ、い、いや、そうじゃなくて……いや、そうだけど」",
				"ENG_STRING": "「あ、い、いや、そうじゃなくて……いや、そうだけど」"
			},
			{
				"TYPE": "ZM",
				"ID": 518661,
				"NAME": "二人",
				"ENG_NAME": "二人",
				"STRING": "「な、ななななななっ、な、なん、なんということだあああ！！！！！」@n",
				"ENG_STRING": "「な、ななななななっ、な、なん、なんということだあああ！！！！！」@n"
			},
			{
				"TYPE": "ZM",
				"ID": 518662,
				"NAME": "二人",
				"ENG_NAME": "二人",
				"STRING": "「ひゃあああああっ！！！」@n",
				"ENG_STRING": "「ひゃあああああっ！！！」@n"
			},
			{
				"TYPE": "ZM",
				"ID": 518663,
				"NAME": "三厳",
				"ENG_NAME": "三厳",
				"STRING": "「あ……ふひとちゃん…」",
				"ENG_STRING": "「あ……ふひとちゃん…」"
			},
			{
				"TYPE": "ZM",
				"ID": 518664,
				"STRING": "呼び止める声も聞かず、真っ赤になった学園長は立ち上がるとその場から走り去ってしまった。",
				"ENG_STRING": "呼び止める声も聞かず、真っ赤になった学園長は立ち上がるとその場から走り去ってしまった。"
			},
			{
				"TYPE": "ZM",
				"ID": 518665,
				"STRING": "今更、自分の発言の恥ずかしさを自覚したらしい。",
				"ENG_STRING": "今更、自分の発言の恥ずかしさを自覚したらしい。"
			},
			{
				"TYPE": "ZM",
				"ID": 518666,
				"NAME": "三厳",
				"ENG_NAME": "三厳",
				"STRING": "「………」",
				"ENG_STRING": "「………」"
			},
			{
				"TYPE": "ZM",
				"ID": 518667,
				"STRING": "どうするんだ。",
				"ENG_STRING": "どうするんだ。"
			},
			{
				"TYPE": "ZM",
				"ID": 518668,
				"STRING": "混乱のあまり、一旦は下がった熱が、またぶり返してきたような気すらしてくる。",
				"ENG_STRING": "混乱のあまり、一旦は下がった熱が、またぶり返してきたような気すらしてくる。"
			},
			{
				"TYPE": "ZM",
				"ID": 518669,
				"STRING": "結局、どうすることも出来ずにそのまま時間は過ぎて行った――。",
				"ENG_STRING": "結局、どうすることも出来ずにそのまま時間は過ぎて行った――。"
			}
		]
	}
}