{
	"S05_03": {
		"MESSAGES": [
			{
				"TYPE": "ZM",
				"ID": 483330,
				"NAME": "アーデルハイト",
				"ENG_NAME": "アーデルハイト",
				"STRING": "「失礼します！」@n",
				"ENG_STRING": "「失礼します！」@n"
			},
			{
				"TYPE": "ZM",
				"ID": 483331,
				"STRING": "その時、勢いよく扉が開いた、と思ったらハイジがずかずかと入って来た。",
				"ENG_STRING": "その時、勢いよく扉が開いた、と思ったらハイジがずかずかと入って来た。"
			},
			{
				"TYPE": "ZM",
				"ID": 483332,
				"STRING": "しかし珍しく執事の姿がない。",
				"ENG_STRING": "しかし珍しく執事の姿がない。"
			},
			{
				"TYPE": "ZM",
				"ID": 483333,
				"NAME": "春霞",
				"ENG_NAME": "春霞",
				"STRING": "「うわっ……」",
				"ENG_STRING": "「うわっ……」"
			},
			{
				"TYPE": "ZM",
				"ID": 483334,
				"STRING": "あまりに唐突だったので、スミちゃんは隠れる暇すらなく棒立ちになる。",
				"ENG_STRING": "あまりに唐突だったので、スミちゃんは隠れる暇すらなく棒立ちになる。"
			},
			{
				"TYPE": "ZM",
				"ID": 483335,
				"STRING": "完全に無駄な努力だが、村雲は申し訳程度にスミちゃんの前に出て身体で隠そうとした。",
				"ENG_STRING": "完全に無駄な努力だが、村雲は申し訳程度にスミちゃんの前に出て身体で隠そうとした。"
			},
			{
				"TYPE": "ZM",
				"ID": 483336,
				"NAME": "三厳",
				"ENG_NAME": "三厳",
				"STRING": "（しまった、油断してたな……）",
				"ENG_STRING": "（しまった、油断してたな……）"
			},
			{
				"TYPE": "ZM",
				"ID": 483337,
				"NAME": "憂緒",
				"ENG_NAME": "憂緒",
				"STRING": "「……………………」",
				"ENG_STRING": "「……………………」"
			},
			{
				"TYPE": "ZM",
				"ID": 483338,
				"NAME": "小太郎",
				"ENG_NAME": "小太郎",
				"STRING": "「……………………」",
				"ENG_STRING": "「……………………」"
			},
			{
				"TYPE": "ZM",
				"ID": 483339,
				"STRING": "俺はモー子とおまると視線を交わす。",
				"ENG_STRING": "俺はモー子とおまると視線を交わす。"
			},
			{
				"TYPE": "ZM",
				"ID": 483340,
				"STRING": "昼の生徒はもう帰っているし、夜の生徒達もまだ来ていない時間だったので生徒が来る心配はないと思って気を抜いていた。",
				"ENG_STRING": "昼の生徒はもう帰っているし、夜の生徒達もまだ来ていない時間だったので生徒が来る心配はないと思って気を抜いていた。"
			},
			{
				"TYPE": "ZM",
				"ID": 483341,
				"NAME": "三厳",
				"ENG_NAME": "三厳",
				"STRING": "（ハイジも、礼拝堂に用があるとは思えなかったしなあ……）",
				"ENG_STRING": "（ハイジも、礼拝堂に用があるとは思えなかったしなあ……）"
			},
			{
				"TYPE": "ZM",
				"ID": 483342,
				"NAME": "憂緒",
				"ENG_NAME": "憂緒",
				"STRING": "「……何かご用ですか」",
				"ENG_STRING": "「……何かご用ですか」"
			},
			{
				"TYPE": "ZM",
				"ID": 483343,
				"STRING": "スミちゃんについて追求される前にと思ったのかモー子が進み出て切り出した。",
				"ENG_STRING": "スミちゃんについて追求される前にと思ったのかモー子が進み出て切り出した。"
			},
			{
				"TYPE": "ZM",
				"ID": 483344,
				"STRING": "ハイジはそのモー子の視線を真正面から受け止め真剣な表情で言った。",
				"ENG_STRING": "ハイジはそのモー子の視線を真正面から受け止め真剣な表情で言った。"
			},
			{
				"TYPE": "ZM",
				"ID": 483345,
				"NAME": "アーデルハイト",
				"ENG_NAME": "アーデルハイト",
				"STRING": "「大事なお話があります」",
				"ENG_STRING": "「大事なお話があります」"
			},
			{
				"TYPE": "ZM",
				"ID": 483346,
				"STRING": "彼女が口を開くと同時に、廊下から足音が近づき執事が駆け込んできた。",
				"ENG_STRING": "彼女が口を開くと同時に、廊下から足音が近づき執事が駆け込んできた。"
			},
			{
				"TYPE": "ZM",
				"ID": 483347,
				"NAME": "ルイ",
				"ENG_NAME": "ルイ",
				"STRING": "「フラウ、その件はやめておくと……」",
				"ENG_STRING": "「フラウ、その件はやめておくと……」"
			},
			{
				"TYPE": "ZM",
				"ID": 483348,
				"NAME": "アーデルハイト",
				"ENG_NAME": "アーデルハイト",
				"STRING": "「でもやっぱり、このままでは何も進展がないわよ！」",
				"ENG_STRING": "「でもやっぱり、このままでは何も進展がないわよ！」"
			},
			{
				"TYPE": "ZM",
				"ID": 483349,
				"NAME": "ルイ",
				"ENG_NAME": "ルイ",
				"STRING": "「わかったと言ったはずですが」",
				"ENG_STRING": "「わかったと言ったはずですが」"
			},
			{
				"TYPE": "ZM",
				"ID": 483350,
				"NAME": "アーデルハイト",
				"ENG_NAME": "アーデルハイト",
				"STRING": "「あれから考え直したの！」",
				"ENG_STRING": "「あれから考え直したの！」"
			},
			{
				"TYPE": "ZM",
				"ID": 483351,
				"STRING": "なんだかわからないが、二人は意思統一が出来ていない様子でモメ始めた。",
				"ENG_STRING": "なんだかわからないが、二人は意思統一が出来ていない様子でモメ始めた。"
			},
			{
				"TYPE": "ZM",
				"ID": 483352,
				"NAME": "三厳",
				"ENG_NAME": "三厳",
				"STRING": "（……どうする？）",
				"ENG_STRING": "（……どうする？）"
			},
			{
				"TYPE": "ZM",
				"ID": 483353,
				"STRING": "その隙に俺はモー子の横に並び横目で目配せする。",
				"ENG_STRING": "その隙に俺はモー子の横に並び横目で目配せする。"
			},
			{
				"TYPE": "ZM",
				"ID": 483354,
				"STRING": "スミちゃんについて聞かれた場合、どう言い訳したものだろうか。",
				"ENG_STRING": "スミちゃんについて聞かれた場合、どう言い訳したものだろうか。"
			},
			{
				"TYPE": "ZM",
				"ID": 483355,
				"STRING": "スミちゃんは制服も着ていないので、生徒だと言い張るわけにもいかないし……。",
				"ENG_STRING": "スミちゃんは制服も着ていないので、生徒だと言い張るわけにもいかないし……。"
			},
			{
				"TYPE": "ZM",
				"ID": 483356,
				"NAME": "憂緒",
				"ENG_NAME": "憂緒",
				"STRING": "「……………………」",
				"ENG_STRING": "「……………………」"
			},
			{
				"TYPE": "ZM",
				"ID": 483357,
				"STRING": "モー子も妙案は浮かんでいないらしく、少々困った表情のままだった。",
				"ENG_STRING": "モー子も妙案は浮かんでいないらしく、少々困った表情のままだった。"
			},
			{
				"TYPE": "ZM",
				"ID": 483358,
				"NAME": "アーデルハイト",
				"ENG_NAME": "アーデルハイト",
				"STRING": "「だから、この際聞いてみて……」",
				"ENG_STRING": "「だから、この際聞いてみて……」"
			},
			{
				"TYPE": "ZM",
				"ID": 483359,
				"NAME": "ルイ",
				"ENG_NAME": "ルイ",
				"STRING": "「お待ちを」",
				"ENG_STRING": "「お待ちを」"
			},
			{
				"TYPE": "ZM",
				"ID": 483360,
				"STRING": "説得に掛かるお嬢様の言葉を有無を言わせず遮りつつ、ルイは俺達の方へ目を向ける。",
				"ENG_STRING": "説得に掛かるお嬢様の言葉を有無を言わせず遮りつつ、ルイは俺達の方へ目を向ける。"
			},
			{
				"TYPE": "ZM",
				"ID": 483361,
				"NAME": "ルイ",
				"ENG_NAME": "ルイ",
				"STRING": "「そちらの方は？」",
				"ENG_STRING": "「そちらの方は？」"
			},
			{
				"TYPE": "ZM",
				"ID": 483362,
				"STRING": "その目は真っ直ぐにスミちゃんを見ていた。",
				"ENG_STRING": "その目は真っ直ぐにスミちゃんを見ていた。"
			},
			{
				"TYPE": "ZM",
				"ID": 483363,
				"NAME": "三厳",
				"ENG_NAME": "三厳",
				"STRING": "（やっぱり鋭いな、こいつ……）",
				"ENG_STRING": "（やっぱり鋭いな、こいつ……）"
			},
			{
				"TYPE": "ZM",
				"ID": 483364,
				"STRING": "おそらくスミちゃんの存在に今気付いたわけではなく、俺達の困惑した空気を感じとり、その源をかぎつけたのだろう。",
				"ENG_STRING": "おそらくスミちゃんの存在に今気付いたわけではなく、俺達の困惑した空気を感じとり、その源をかぎつけたのだろう。"
			},
			{
				"TYPE": "ZM",
				"ID": 483365,
				"NAME": "アーデルハイト",
				"ENG_NAME": "アーデルハイト",
				"STRING": "「あ……」",
				"ENG_STRING": "「あ……」"
			},
			{
				"TYPE": "ZM",
				"ID": 483366,
				"STRING": "ルイの視線で、アーデルハイトの方もスミちゃんの存在に気付いたようだった。",
				"ENG_STRING": "ルイの視線で、アーデルハイトの方もスミちゃんの存在に気付いたようだった。"
			},
			{
				"TYPE": "ZM",
				"ID": 483367,
				"NAME": "春霞",
				"ENG_NAME": "春霞",
				"STRING": "「あは、えーと、こんにちは」@n",
				"ENG_STRING": "「あは、えーと、こんにちは」@n"
			},
			{
				"TYPE": "ZM",
				"ID": 483368,
				"STRING": "とりあえずスミちゃん本人がぺこりと会釈して挨拶した。",
				"ENG_STRING": "とりあえずスミちゃん本人がぺこりと会釈して挨拶した。"
			},
			{
				"TYPE": "ZM",
				"ID": 483369,
				"NAME": "憂緒",
				"ENG_NAME": "憂緒",
				"STRING": "「……村雲くんのお姉さんです」",
				"ENG_STRING": "「……村雲くんのお姉さんです」"
			},
			{
				"TYPE": "ZM",
				"ID": 483370,
				"NAME": "静春",
				"ENG_NAME": "静春",
				"STRING": "「そ、そうだよ、オレの姉貴」",
				"ENG_STRING": "「そ、そうだよ、オレの姉貴」"
			},
			{
				"TYPE": "ZM",
				"ID": 483371,
				"NAME": "アーデルハイト",
				"ENG_NAME": "アーデルハイト",
				"STRING": "「お姉さん……？　卒業生なの？　制服を着ていませんけれど」",
				"ENG_STRING": "「お姉さん……？　卒業生なの？　制服を着ていませんけれど」"
			},
			{
				"TYPE": "ZM",
				"ID": 483372,
				"NAME": "憂緒",
				"ENG_NAME": "憂緒",
				"STRING": "「いえ、生徒です。事情があって授業などには出ていませんが特査の協力者のような方です」",
				"ENG_STRING": "「いえ、生徒です。事情があって授業などには出ていませんが特査の協力者のような方です」"
			},
			{
				"TYPE": "ZM",
				"ID": 483373,
				"NAME": "ルイ",
				"ENG_NAME": "ルイ",
				"STRING": "「……なるほど、それでもうじき夜になるのに校舎内にいらっしゃる？」",
				"ENG_STRING": "「……なるほど、それでもうじき夜になるのに校舎内にいらっしゃる？」"
			},
			{
				"TYPE": "ZM",
				"ID": 483374,
				"NAME": "春霞",
				"ENG_NAME": "春霞",
				"STRING": "「そ、そうそう、残ってても良いの」",
				"ENG_STRING": "「そ、そうそう、残ってても良いの」"
			},
			{
				"TYPE": "ZM",
				"ID": 483375,
				"STRING": "頷くスミちゃんを見ながら、ルイは何か確信を得たように呟いた。",
				"ENG_STRING": "頷くスミちゃんを見ながら、ルイは何か確信を得たように呟いた。"
			},
			{
				"TYPE": "ZM",
				"ID": 483376,
				"NAME": "ルイ",
				"ENG_NAME": "ルイ",
				"STRING": "「聞き覚えのある声ですね」",
				"ENG_STRING": "「聞き覚えのある声ですね」"
			},
			{
				"TYPE": "ZM",
				"ID": 483377,
				"NAME": "春霞",
				"ENG_NAME": "春霞",
				"STRING": "「え？」",
				"ENG_STRING": "「え？」"
			},
			{
				"TYPE": "ZM",
				"ID": 483378,
				"NAME": "ルイ",
				"ENG_NAME": "ルイ",
				"STRING": "「最初にフラウが香水を振りまいた時、巻き込まれた人物の一人では？」",
				"ENG_STRING": "「最初にフラウが香水を振りまいた時、巻き込まれた人物の一人では？」"
			},
			{
				"TYPE": "ZM",
				"ID": 483379,
				"NAME": "春霞",
				"ENG_NAME": "春霞",
				"STRING": "「……あー、そんなこともあったかなあ」",
				"ENG_STRING": "「……あー、そんなこともあったかなあ」"
			},
			{
				"TYPE": "ZM",
				"ID": 483380,
				"NAME": "アーデルハイト",
				"ENG_NAME": "アーデルハイト",
				"STRING": "「あの時の？　いらしたかしら？」",
				"ENG_STRING": "「あの時の？　いらしたかしら？」"
			},
			{
				"TYPE": "ZM",
				"ID": 483381,
				"NAME": "ルイ",
				"ENG_NAME": "ルイ",
				"STRING": "「消去法で行くと、最初に私達と廊下で対峙している時に空間に扉を開けたのは彼女という事になりますが」",
				"ENG_STRING": "「消去法で行くと、最初に私達と廊下で対峙している時に空間に扉を開けたのは彼女という事になりますが」"
			},
			{
				"TYPE": "ZM",
				"ID": 483382,
				"NAME": "春霞",
				"ENG_NAME": "春霞",
				"STRING": "「タイミングおっけー？」",
				"ENG_STRING": "「タイミングおっけー？」"
			},
			{
				"TYPE": "ZM",
				"ID": 483383,
				"NAME": "憂緒",
				"ENG_NAME": "憂緒",
				"STRING": "「先ほど、村雲さんにメモを渡した時にお願いしたのです。数分後、ヤヌスの鍵を使い、私の元へ扉を開いてください、と」",
				"ENG_STRING": "「先ほど、村雲さんにメモを渡した時にお願いしたのです。数分後、ヤヌスの鍵を使い、私の元へ扉を開いてください、と」"
			},
			{
				"TYPE": "ZM",
				"ID": 483384,
				"NAME": "アーデルハイト",
				"ENG_NAME": "アーデルハイト",
				"STRING": "「あっ、そうだわ！　確かにコガはあのとき、誰かに送ってもらったように見えたもの」@n",
				"ENG_STRING": "「あっ、そうだわ！　確かにコガはあのとき、誰かに送ってもらったように見えたもの」@n"
			},
			{
				"TYPE": "ZM",
				"ID": 483385,
				"NAME": "春霞",
				"ENG_NAME": "春霞",
				"STRING": "「……………………」",
				"ENG_STRING": "「……………………」"
			},
			{
				"TYPE": "ZM",
				"ID": 483386,
				"NAME": "ルイ",
				"ENG_NAME": "ルイ",
				"STRING": "「あれは魔術ですか？　あなたの能力ですか？　それとも遺品の力ですか？」",
				"ENG_STRING": "「あれは魔術ですか？　あなたの能力ですか？　それとも遺品の力ですか？」"
			},
			{
				"TYPE": "ZM",
				"ID": 483387,
				"NAME": "春霞",
				"ENG_NAME": "春霞",
				"STRING": "「え、えーと……」",
				"ENG_STRING": "「え、えーと……」"
			},
			{
				"TYPE": "ZM",
				"ID": 483388,
				"STRING": "まるで尋問のように詰め寄る執事の勢いに、スミちゃんは少し引いた様子で俺達の方を見る。",
				"ENG_STRING": "まるで尋問のように詰め寄る執事の勢いに、スミちゃんは少し引いた様子で俺達の方を見る。"
			},
			{
				"TYPE": "ZM",
				"ID": 483389,
				"NAME": "三厳",
				"ENG_NAME": "三厳",
				"STRING": "（なんなんだ？　この前までと態度が違う……）",
				"ENG_STRING": "（なんなんだ？　この前までと態度が違う……）"
			},
			{
				"TYPE": "ZM",
				"ID": 483390,
				"STRING": "ハイジもそうだが、ルイは更に俺達と距離を取って警戒している感じがする。",
				"ENG_STRING": "ハイジもそうだが、ルイは更に俺達と距離を取って警戒している感じがする。"
			},
			{
				"TYPE": "ZM",
				"ID": 483391,
				"STRING": "いや、警戒と言うより……。",
				"ENG_STRING": "いや、警戒と言うより……。"
			},
			{
				"TYPE": "ZM",
				"ID": 483392,
				"NAME": "三厳",
				"ENG_NAME": "三厳",
				"STRING": "（……疑ってる……？）",
				"ENG_STRING": "（……疑ってる……？）"
			},
			{
				"TYPE": "ZM",
				"ID": 483393,
				"STRING": "何を、なのかわからないが、俺達に対して疑いの目を向けているかのような態度だった。",
				"ENG_STRING": "何を、なのかわからないが、俺達に対して疑いの目を向けているかのような態度だった。"
			},
			{
				"TYPE": "ZM",
				"ID": 483394,
				"NAME": "静春",
				"ENG_NAME": "静春",
				"STRING": "「なんなんだよ、いきなり？　てめぇらには関係ないだろそんなこと！」",
				"ENG_STRING": "「なんなんだよ、いきなり？　てめぇらには関係ないだろそんなこと！」"
			},
			{
				"TYPE": "ZM",
				"ID": 483395,
				"STRING": "その豹変ぶりと、スミちゃんに対する態度がかんに障ったらしく村雲が吠える。",
				"ENG_STRING": "その豹変ぶりと、スミちゃんに対する態度がかんに障ったらしく村雲が吠える。"
			},
			{
				"TYPE": "ZM",
				"ID": 483396,
				"STRING": "するとお嬢様の目つきも不穏に冷たくなった。",
				"ENG_STRING": "するとお嬢様の目つきも不穏に冷たくなった。"
			},
			{
				"TYPE": "ZM",
				"ID": 483397,
				"NAME": "アーデルハイト",
				"ENG_NAME": "アーデルハイト",
				"STRING": "「それは答えられないという事かしら？」",
				"ENG_STRING": "「それは答えられないという事かしら？」"
			},
			{
				"TYPE": "ZM",
				"ID": 483398,
				"NAME": "三厳",
				"ENG_NAME": "三厳",
				"STRING": "「待て待て、一体どうしたってんだ？」",
				"ENG_STRING": "「待て待て、一体どうしたってんだ？」"
			},
			{
				"TYPE": "ZM",
				"ID": 483399,
				"STRING": "異様な空気になってきたので思わず口を挟む。",
				"ENG_STRING": "異様な空気になってきたので思わず口を挟む。"
			},
			{
				"TYPE": "ZM",
				"ID": 483400,
				"NAME": "三厳",
				"ENG_NAME": "三厳",
				"STRING": "「何か今日、おかしいぞお前ら」",
				"ENG_STRING": "「何か今日、おかしいぞお前ら」"
			},
			{
				"TYPE": "ZM",
				"ID": 483401,
				"NAME": "アーデルハイト",
				"ENG_NAME": "アーデルハイト",
				"STRING": "「……それは……」",
				"ENG_STRING": "「……それは……」"
			},
			{
				"TYPE": "ZM",
				"ID": 483402,
				"STRING": "はっと我に返ったように、戸惑いの表情を浮かべて口ごもるハイジ。",
				"ENG_STRING": "はっと我に返ったように、戸惑いの表情を浮かべて口ごもるハイジ。"
			},
			{
				"TYPE": "ZM",
				"ID": 483403,
				"NAME": "ルイ",
				"ENG_NAME": "ルイ",
				"STRING": "「フラウ。不用意な事はおっしゃいませんように」@n",
				"ENG_STRING": "「フラウ。不用意な事はおっしゃいませんように」@n"
			},
			{
				"TYPE": "ZM",
				"ID": 483404,
				"NAME": "アーデルハイト",
				"ENG_NAME": "アーデルハイト",
				"STRING": "「でも……」",
				"ENG_STRING": "「でも……」"
			},
			{
				"TYPE": "ZM",
				"ID": 483405,
				"NAME": "ルイ",
				"ENG_NAME": "ルイ",
				"STRING": "「わざわざこちらの手の内を晒す気ですか」",
				"ENG_STRING": "「わざわざこちらの手の内を晒す気ですか」"
			},
			{
				"TYPE": "ZM",
				"ID": 483406,
				"STRING": "執事はますます穏やかじゃない事を口走る。",
				"ENG_STRING": "執事はますます穏やかじゃない事を口走る。"
			},
			{
				"TYPE": "ZM",
				"ID": 483407,
				"STRING": "しかしハイジも、それには同意見なのか口ごもったまま答えなかった。",
				"ENG_STRING": "しかしハイジも、それには同意見なのか口ごもったまま答えなかった。"
			},
			{
				"TYPE": "ZM",
				"ID": 483408,
				"NAME": "三厳",
				"ENG_NAME": "三厳",
				"STRING": "「なんなんだ一体？　何かあったのか？」",
				"ENG_STRING": "「なんなんだ一体？　何かあったのか？」"
			},
			{
				"TYPE": "ZM",
				"ID": 483409,
				"NAME": "憂緒",
				"ENG_NAME": "憂緒",
				"STRING": "「……先ほど、大事なお話があると言われていましたが」",
				"ENG_STRING": "「……先ほど、大事なお話があると言われていましたが」"
			},
			{
				"TYPE": "ZM",
				"ID": 483410,
				"NAME": "アーデルハイト",
				"ENG_NAME": "アーデルハイト",
				"STRING": "「あるわ」",
				"ENG_STRING": "「あるわ」"
			},
			{
				"TYPE": "ZM",
				"ID": 483411,
				"STRING": "きっ、と戸惑いを押し殺してハイジはモー子の、そして俺の目を見据えた。",
				"ENG_STRING": "きっ、と戸惑いを押し殺してハイジはモー子の、そして俺の目を見据えた。"
			},
			{
				"TYPE": "ZM",
				"ID": 483412,
				"NAME": "アーデルハイト",
				"ENG_NAME": "アーデルハイト",
				"STRING": "「一つ、聞きたい事があるの」",
				"ENG_STRING": "「一つ、聞きたい事があるの」"
			},
			{
				"TYPE": "ZM",
				"ID": 483413,
				"NAME": "三厳",
				"ENG_NAME": "三厳",
				"STRING": "「なんだよ？」",
				"ENG_STRING": "「なんだよ？」"
			},
			{
				"TYPE": "ZM",
				"ID": 483414,
				"NAME": "アーデルハイト",
				"ENG_NAME": "アーデルハイト",
				"STRING": "「特査は学園のために働いているの？」",
				"ENG_STRING": "「特査は学園のために働いているの？」"
			},
			{
				"TYPE": "ZM",
				"ID": 483415,
				"NAME": "ルイ",
				"ENG_NAME": "ルイ",
				"STRING": "「……………………」",
				"ENG_STRING": "「……………………」"
			},
			{
				"TYPE": "ZM",
				"ID": 483416,
				"STRING": "主人がそう言った途端、執事の方は苦い顔をして小さく舌打ちする。",
				"ENG_STRING": "主人がそう言った途端、執事の方は苦い顔をして小さく舌打ちする。"
			},
			{
				"TYPE": "ZM",
				"ID": 483417,
				"STRING": "もうちょっと聞きようがあるだろう、とでも言いたげな顔だった。",
				"ENG_STRING": "もうちょっと聞きようがあるだろう、とでも言いたげな顔だった。"
			},
			{
				"TYPE": "ZM",
				"ID": 483418,
				"NAME": "三厳",
				"ENG_NAME": "三厳",
				"STRING": "「それは……まあ、そうだな」",
				"ENG_STRING": "「それは……まあ、そうだな」"
			},
			{
				"TYPE": "ZM",
				"ID": 483419,
				"STRING": "俺の場合特に、彫像ぶっ壊して特査に放り込まれたという経緯からして否定のしようがない。",
				"ENG_STRING": "俺の場合特に、彫像ぶっ壊して特査に放り込まれたという経緯からして否定のしようがない。"
			},
			{
				"TYPE": "ZM",
				"ID": 483420,
				"NAME": "憂緒",
				"ENG_NAME": "憂緒",
				"STRING": "「その通りですが、何か」",
				"ENG_STRING": "「その通りですが、何か」"
			},
			{
				"TYPE": "ZM",
				"ID": 483421,
				"STRING": "モー子も肯定し、おまるや村雲もそれに同意を示し頷いた。",
				"ENG_STRING": "モー子も肯定し、おまるや村雲もそれに同意を示し頷いた。"
			},
			{
				"TYPE": "ZM",
				"ID": 483422,
				"NAME": "アーデルハイト",
				"ENG_NAME": "アーデルハイト",
				"STRING": "「ではもう一つだけ。それが、誰かの犠牲が必要なことでも？」",
				"ENG_STRING": "「ではもう一つだけ。それが、誰かの犠牲が必要なことでも？」"
			},
			{
				"TYPE": "ZM",
				"ID": 483423,
				"NAME": "静春",
				"ENG_NAME": "静春",
				"STRING": "「え……」",
				"ENG_STRING": "「え……」"
			},
			{
				"TYPE": "ZM",
				"ID": 483424,
				"NAME": "小太郎",
				"ENG_NAME": "小太郎",
				"STRING": "「……………………」",
				"ENG_STRING": "「……………………」"
			},
			{
				"TYPE": "ZM",
				"ID": 483425,
				"STRING": "村雲が動揺した声を飲み込んだ気配がわかった。",
				"ENG_STRING": "村雲が動揺した声を飲み込んだ気配がわかった。"
			},
			{
				"TYPE": "ZM",
				"ID": 483426,
				"STRING": "おまるもぎょっとしたのが思いっきり顔に出ている。",
				"ENG_STRING": "おまるもぎょっとしたのが思いっきり顔に出ている。"
			},
			{
				"TYPE": "ZM",
				"ID": 483427,
				"NAME": "三厳",
				"ENG_NAME": "三厳",
				"STRING": "（これ、スミちゃんと鍔姫ちゃんのこと言ってんのか……？）",
				"ENG_STRING": "（これ、スミちゃんと鍔姫ちゃんのこと言ってんのか……？）"
			},
			{
				"TYPE": "ZM",
				"ID": 483428,
				"STRING": "村雲達の動揺は間違いなくそう受け取ってのものだろうが……。",
				"ENG_STRING": "村雲達の動揺は間違いなくそう受け取ってのものだろうが……。"
			},
			{
				"TYPE": "ZM",
				"ID": 483429,
				"STRING": "俺は素早くモー子と視線を交わす。",
				"ENG_STRING": "俺は素早くモー子と視線を交わす。"
			},
			{
				"TYPE": "ZM",
				"ID": 483430,
				"NAME": "憂緒",
				"ENG_NAME": "憂緒",
				"STRING": "「……………………」",
				"ENG_STRING": "「……………………」"
			},
			{
				"TYPE": "ZM",
				"ID": 483431,
				"NAME": "三厳",
				"ENG_NAME": "三厳",
				"STRING": "（そうだな、スケープゴートの事はさすがに話しちゃまずい……）",
				"ENG_STRING": "（そうだな、スケープゴートの事はさすがに話しちゃまずい……）"
			},
			{
				"TYPE": "ZM",
				"ID": 483432,
				"NAME": "憂緒",
				"ENG_NAME": "憂緒",
				"STRING": "「……犠牲、とは何です？」",
				"ENG_STRING": "「……犠牲、とは何です？」"
			},
			{
				"TYPE": "ZM",
				"ID": 483433,
				"NAME": "三厳",
				"ENG_NAME": "三厳",
				"STRING": "「どういう例えだよ？」",
				"ENG_STRING": "「どういう例えだよ？」"
			},
			{
				"TYPE": "ZM",
				"ID": 483434,
				"NAME": "ルイ",
				"ENG_NAME": "ルイ",
				"STRING": "「後ろのお二人には心当たりがありそうですが？」",
				"ENG_STRING": "「後ろのお二人には心当たりがありそうですが？」"
			},
			{
				"TYPE": "ZM",
				"ID": 483435,
				"STRING": "あー、やっぱすっとぼけるのは無理か。",
				"ENG_STRING": "あー、やっぱすっとぼけるのは無理か。"
			},
			{
				"TYPE": "ZM",
				"ID": 483436,
				"STRING": "しかし俺達まで動揺を見せるわけにもいかず、どうにか無表情を保つ。",
				"ENG_STRING": "しかし俺達まで動揺を見せるわけにもいかず、どうにか無表情を保つ。"
			},
			{
				"TYPE": "ZM",
				"ID": 483437,
				"NAME": "アーデルハイト",
				"ENG_NAME": "アーデルハイト",
				"STRING": "「あなた達は全部知っていて、見ないふりをしているということ？」",
				"ENG_STRING": "「あなた達は全部知っていて、見ないふりをしているということ？」"
			},
			{
				"TYPE": "ZM",
				"ID": 483438,
				"STRING": "徐々に険しい顔になりつつ、ハイジがトゲのある声を出す。",
				"ENG_STRING": "徐々に険しい顔になりつつ、ハイジがトゲのある声を出す。"
			},
			{
				"TYPE": "ZM",
				"ID": 483439,
				"NAME": "アーデルハイト",
				"ENG_NAME": "アーデルハイト",
				"STRING": "「どうなの？　後ろの人達も！」",
				"ENG_STRING": "「どうなの？　後ろの人達も！」"
			},
			{
				"TYPE": "ZM",
				"ID": 483440,
				"NAME": "憂緒",
				"ENG_NAME": "憂緒",
				"STRING": "「何のことをおっしゃっているのか、私達にはわかりません」",
				"ENG_STRING": "「何のことをおっしゃっているのか、私達にはわかりません」"
			},
			{
				"TYPE": "ZM",
				"ID": 483441,
				"STRING": "詰め寄ってこようとしたお嬢様の前にモー子が割って入る。",
				"ENG_STRING": "詰め寄ってこようとしたお嬢様の前にモー子が割って入る。"
			},
			{
				"TYPE": "ZM",
				"ID": 483442,
				"NAME": "憂緒",
				"ENG_NAME": "憂緒",
				"STRING": "「それに、この学園にはこの学園の事情があります」",
				"ENG_STRING": "「それに、この学園にはこの学園の事情があります」"
			},
			{
				"TYPE": "ZM",
				"ID": 483443,
				"NAME": "憂緒",
				"ENG_NAME": "憂緒",
				"STRING": "「学園の一員としてそれを外部の人間には漏らせないということは察していただけると思いますが？」",
				"ENG_STRING": "「学園の一員としてそれを外部の人間には漏らせないということは察していただけると思いますが？」"
			},
			{
				"TYPE": "ZM",
				"ID": 483444,
				"STRING": "モー子の言葉が途切れた途端、ハイジは険しかった表情にさっと朱を散らす。",
				"ENG_STRING": "モー子の言葉が途切れた途端、ハイジは険しかった表情にさっと朱を散らす。"
			},
			{
				"TYPE": "ZM",
				"ID": 483445,
				"NAME": "アーデルハイト",
				"ENG_NAME": "アーデルハイト",
				"STRING": "「見損なったわ！！」",
				"ENG_STRING": "「見損なったわ！！」"
			},
			{
				"TYPE": "ZM",
				"ID": 483446,
				"NAME": "憂緒",
				"ENG_NAME": "憂緒",
				"STRING": "「は……？」",
				"ENG_STRING": "「は……？」"
			},
			{
				"TYPE": "ZM",
				"ID": 483447,
				"NAME": "アーデルハイト",
				"ENG_NAME": "アーデルハイト",
				"STRING": "「よくわかりました！　あなた達が敵だという事が！！」",
				"ENG_STRING": "「よくわかりました！　あなた達が敵だという事が！！」"
			},
			{
				"TYPE": "ZM",
				"ID": 483448,
				"STRING": "そう言い捨てるときびすを返して足音高く礼拝堂を出て行った。",
				"ENG_STRING": "そう言い捨てるときびすを返して足音高く礼拝堂を出て行った。"
			},
			{
				"TYPE": "ZM",
				"ID": 483449,
				"NAME": "ルイ",
				"ENG_NAME": "ルイ",
				"STRING": "「……しかも、最低の敵だな」",
				"ENG_STRING": "「……しかも、最低の敵だな」"
			},
			{
				"TYPE": "ZM",
				"ID": 483450,
				"STRING": "呟きながら、俺達を見ようともせずに背を向けルイもハイジを追う。@n",
				"ENG_STRING": "呟きながら、俺達を見ようともせずに背を向けルイもハイジを追う。@n"
			},
			{
				"TYPE": "ZM",
				"ID": 483451,
				"NAME": "三厳",
				"ENG_NAME": "三厳",
				"STRING": "「……………………」",
				"ENG_STRING": "「……………………」"
			},
			{
				"TYPE": "ZM",
				"ID": 483452,
				"NAME": "静春",
				"ENG_NAME": "静春",
				"STRING": "「な……なんなんだ？　いつの間に春霞達のことバレてたんだ？」",
				"ENG_STRING": "「な……なんなんだ？　いつの間に春霞達のことバレてたんだ？」"
			},
			{
				"TYPE": "ZM",
				"ID": 483453,
				"NAME": "春霞",
				"ENG_NAME": "春霞",
				"STRING": "「さ、さあ……」",
				"ENG_STRING": "「さ、さあ……」"
			},
			{
				"TYPE": "ZM",
				"ID": 483454,
				"NAME": "小太郎",
				"ENG_NAME": "小太郎",
				"STRING": "「けどなんで、あんな剣幕で……」",
				"ENG_STRING": "「けどなんで、あんな剣幕で……」"
			},
			{
				"TYPE": "ZM",
				"ID": 483455,
				"NAME": "三厳",
				"ENG_NAME": "三厳",
				"STRING": "「まあ……非人道的だと思ってんじゃねえ？　スケープゴートってシステムが」",
				"ENG_STRING": "「まあ……非人道的だと思ってんじゃねえ？　スケープゴートってシステムが」"
			},
			{
				"TYPE": "ZM",
				"ID": 483456,
				"NAME": "憂緒",
				"ENG_NAME": "憂緒",
				"STRING": "「……………………」",
				"ENG_STRING": "「……………………」"
			},
			{
				"TYPE": "ZM",
				"ID": 483457,
				"NAME": "春霞",
				"ENG_NAME": "春霞",
				"STRING": "「仕事してるだけなんだけどなあ……」",
				"ENG_STRING": "「仕事してるだけなんだけどなあ……」"
			},
			{
				"TYPE": "ZM",
				"ID": 483458,
				"NAME": "三厳",
				"ENG_NAME": "三厳",
				"STRING": "「どうするよ？」",
				"ENG_STRING": "「どうするよ？」"
			},
			{
				"TYPE": "ZM",
				"ID": 483459,
				"NAME": "憂緒",
				"ENG_NAME": "憂緒",
				"STRING": "「ひとまず、ここを片付けて夜が来る前に引き上げましょう」",
				"ENG_STRING": "「ひとまず、ここを片付けて夜が来る前に引き上げましょう」"
			},
			{
				"TYPE": "ZM",
				"ID": 483460,
				"NAME": "春霞",
				"ENG_NAME": "春霞",
				"STRING": "「あ、そっか、片付け途中だったね」",
				"ENG_STRING": "「あ、そっか、片付け途中だったね」"
			},
			{
				"TYPE": "ZM",
				"ID": 483461,
				"STRING": "これで夜が来たら、授業はなくても生徒達はのぞきに来かねない。",
				"ENG_STRING": "これで夜が来たら、授業はなくても生徒達はのぞきに来かねない。"
			},
			{
				"TYPE": "ZM",
				"ID": 483462,
				"STRING": "俺達は大急ぎで長椅子を片付け、スミちゃんのヤヌスの鍵で分室へと戻った。",
				"ENG_STRING": "俺達は大急ぎで長椅子を片付け、スミちゃんのヤヌスの鍵で分室へと戻った。"
			},
			{
				"TYPE": "ZM",
				"ID": 483463,
				"NAME": "春霞",
				"ENG_NAME": "春霞",
				"STRING": "「はぁ……ごめんね、ぼーっとしてて見つかっちゃって……」",
				"ENG_STRING": "「はぁ……ごめんね、ぼーっとしてて見つかっちゃって……」"
			},
			{
				"TYPE": "ZM",
				"ID": 483464,
				"NAME": "憂緒",
				"ENG_NAME": "憂緒",
				"STRING": "「いえ、おそらくあの態度からして村雲さんを見つける前から何らかの疑いは持っていたと思われます」",
				"ENG_STRING": "「いえ、おそらくあの態度からして村雲さんを見つける前から何らかの疑いは持っていたと思われます」"
			},
			{
				"TYPE": "ZM",
				"ID": 483465,
				"NAME": "小太郎",
				"ENG_NAME": "小太郎",
				"STRING": "「そうだね、ハイジさん、飛び込んできた時からなんかいつもと違ってたし」",
				"ENG_STRING": "「そうだね、ハイジさん、飛び込んできた時からなんかいつもと違ってたし」"
			},
			{
				"TYPE": "ZM",
				"ID": 483466,
				"NAME": "静春",
				"ENG_NAME": "静春",
				"STRING": "「スケープゴートの存在に気付いて問い詰めに来たってことかな」",
				"ENG_STRING": "「スケープゴートの存在に気付いて問い詰めに来たってことかな」"
			},
			{
				"TYPE": "ZM",
				"ID": 483467,
				"NAME": "憂緒",
				"ENG_NAME": "憂緒",
				"STRING": "「そう見えましたね……」",
				"ENG_STRING": "「そう見えましたね……」"
			},
			{
				"TYPE": "ZM",
				"ID": 483468,
				"NAME": "三厳",
				"ENG_NAME": "三厳",
				"STRING": "「そこにたまたまスミちゃん本人が居合わせたから余計に激昂したってことか？」",
				"ENG_STRING": "「そこにたまたまスミちゃん本人が居合わせたから余計に激昂したってことか？」"
			},
			{
				"TYPE": "ZM",
				"ID": 483469,
				"NAME": "春霞",
				"ENG_NAME": "春霞",
				"STRING": "「うーん、誤解なんだけどな。怒られるようなことしてないし」",
				"ENG_STRING": "「うーん、誤解なんだけどな。怒られるようなことしてないし」"
			},
			{
				"TYPE": "ZM",
				"ID": 483470,
				"NAME": "静春",
				"ENG_NAME": "静春",
				"STRING": "「けど、あの様子じゃ今なんか話そうとしても聞く耳持ってなさそうだぞ」",
				"ENG_STRING": "「けど、あの様子じゃ今なんか話そうとしても聞く耳持ってなさそうだぞ」"
			},
			{
				"TYPE": "ZM",
				"ID": 483471,
				"NAME": "三厳",
				"ENG_NAME": "三厳",
				"STRING": "「だろうな……」",
				"ENG_STRING": "「だろうな……」"
			},
			{
				"TYPE": "ZM",
				"ID": 483472,
				"STRING": "ハイジはともかく、ルイの方も敵意をむき出しにしてたし。",
				"ENG_STRING": "ハイジはともかく、ルイの方も敵意をむき出しにしてたし。"
			},
			{
				"TYPE": "ZM",
				"ID": 483473,
				"STRING": "ブレーキ役があれじゃあ今は何を言っても無駄だろう。",
				"ENG_STRING": "ブレーキ役があれじゃあ今は何を言っても無駄だろう。"
			},
			{
				"TYPE": "ZM",
				"ID": 483474,
				"NAME": "憂緒",
				"ENG_NAME": "憂緒",
				"STRING": "「……とりあえず遺品は封印しておきましょう。村雲さん、指輪を」",
				"ENG_STRING": "「……とりあえず遺品は封印しておきましょう。村雲さん、指輪を」"
			},
			{
				"TYPE": "ZM",
				"ID": 483475,
				"NAME": "春霞",
				"ENG_NAME": "春霞",
				"STRING": "「あ、そか。はい」",
				"ENG_STRING": "「あ、そか。はい」"
			},
			{
				"TYPE": "ZM",
				"ID": 483476,
				"STRING": "スミちゃんは指から指輪を抜いてモー子に渡す。",
				"ENG_STRING": "スミちゃんは指から指輪を抜いてモー子に渡す。"
			},
			{
				"TYPE": "ZM",
				"ID": 483477,
				"STRING": "手早く札を貼り、指輪はあっさり封印された。",
				"ENG_STRING": "手早く札を貼り、指輪はあっさり封印された。"
			},
			{
				"TYPE": "ZM",
				"ID": 483478,
				"NAME": "憂緒",
				"ENG_NAME": "憂緒",
				"STRING": "「これで、遺品の方はひとまず大丈夫ですが……」",
				"ENG_STRING": "「これで、遺品の方はひとまず大丈夫ですが……」"
			},
			{
				"TYPE": "ZM",
				"ID": 483479,
				"NAME": "三厳",
				"ENG_NAME": "三厳",
				"STRING": "「問題はあいつらだよなあ。説得は無理でも、放っておくのも怖い」",
				"ENG_STRING": "「問題はあいつらだよなあ。説得は無理でも、放っておくのも怖い」"
			},
			{
				"TYPE": "ZM",
				"ID": 483480,
				"NAME": "小太郎",
				"ENG_NAME": "小太郎",
				"STRING": "「……そういえば、昼間見かけた時は結局何を話してたんだろうね？」",
				"ENG_STRING": "「……そういえば、昼間見かけた時は結局何を話してたんだろうね？」"
			},
			{
				"TYPE": "ZM",
				"ID": 483481,
				"NAME": "静春",
				"ENG_NAME": "静春",
				"STRING": "「なにしてんだ？　時計塔なんか見上げて……」",
				"ENG_STRING": "「なにしてんだ？　時計塔なんか見上げて……」"
			},
			{
				"TYPE": "ZM",
				"ID": 483482,
				"NAME": "静春",
				"ENG_NAME": "静春",
				"STRING": "「ああ、そういや時計塔見てたな」",
				"ENG_STRING": "「ああ、そういや時計塔見てたな」"
			},
			{
				"TYPE": "ZM",
				"ID": 483483,
				"NAME": "春霞",
				"ENG_NAME": "春霞",
				"STRING": "「時計塔？　だったら入り口探してたんじゃない？」",
				"ENG_STRING": "「時計塔？　だったら入り口探してたんじゃない？」"
			},
			{
				"TYPE": "ZM",
				"ID": 483484,
				"NAME": "春霞",
				"ENG_NAME": "春霞",
				"STRING": "「あそこ、普通に入れる入り口無いから、校内うろうろしてたら変だって話になるかも」",
				"ENG_STRING": "「あそこ、普通に入れる入り口無いから、校内うろうろしてたら変だって話になるかも」"
			},
			{
				"TYPE": "ZM",
				"ID": 483485,
				"NAME": "憂緒",
				"ENG_NAME": "憂緒",
				"STRING": "「入り口ですか……」",
				"ENG_STRING": "「入り口ですか……」"
			},
			{
				"TYPE": "ZM",
				"ID": 483486,
				"NAME": "静春",
				"ENG_NAME": "静春",
				"STRING": "「あれに執着されんのはまずいだろ。時計塔には例の魔法陣へ通じてる扉があるんだから」",
				"ENG_STRING": "「あれに執着されんのはまずいだろ。時計塔には例の魔法陣へ通じてる扉があるんだから」"
			},
			{
				"TYPE": "ZM",
				"ID": 483487,
				"NAME": "憂緒",
				"ENG_NAME": "憂緒",
				"STRING": "「非常に困りますね。夜の世界を召喚している魔術装置そのものですから……」",
				"ENG_STRING": "「非常に困りますね。夜の世界を召喚している魔術装置そのものですから……」"
			},
			{
				"TYPE": "ZM",
				"ID": 483488,
				"NAME": "小太郎",
				"ENG_NAME": "小太郎",
				"STRING": "「でも、普通の入り口がないなら入り込まれる心配はないんじゃないですか？」",
				"ENG_STRING": "「でも、普通の入り口がないなら入り込まれる心配はないんじゃないですか？」"
			},
			{
				"TYPE": "ZM",
				"ID": 483489,
				"NAME": "憂緒",
				"ENG_NAME": "憂緒",
				"STRING": "「いえ」",
				"ENG_STRING": "「いえ」"
			},
			{
				"TYPE": "ZM",
				"ID": 483490,
				"STRING": "厳しい表情を浮かべ、モー子は首を振った。",
				"ENG_STRING": "厳しい表情を浮かべ、モー子は首を振った。"
			},
			{
				"TYPE": "ZM",
				"ID": 483491,
				"NAME": "憂緒",
				"ENG_NAME": "憂緒",
				"STRING": "「……そうでもないかもしれません」",
				"ENG_STRING": "「……そうでもないかもしれません」"
			},
			{
				"TYPE": "ZM",
				"ID": 483492,
				"NAME": "アーデルハイト",
				"ENG_NAME": "アーデルハイト",
				"STRING": "「本当に見損なったわ！！　あんな人達だったなんて……！」",
				"ENG_STRING": "「本当に見損なったわ！！　あんな人達だったなんて……！」"
			},
			{
				"TYPE": "ZM",
				"ID": 483493,
				"NAME": "ルイ",
				"ENG_NAME": "ルイ",
				"STRING": "「……………………」",
				"ENG_STRING": "「……………………」"
			},
			{
				"TYPE": "ZM",
				"ID": 483494,
				"NAME": "アーデルハイト",
				"ENG_NAME": "アーデルハイト",
				"STRING": "「頭も切れるようだし、これまでの騒ぎもきちんと解決してたし……信用しても大丈夫かもって思ってたのに！！」",
				"ENG_STRING": "「頭も切れるようだし、これまでの騒ぎもきちんと解決してたし……信用しても大丈夫かもって思ってたのに！！」"
			},
			{
				"TYPE": "ZM",
				"ID": 483495,
				"NAME": "ルイ",
				"ENG_NAME": "ルイ",
				"STRING": "「それよりお前の軽率な質問のせいで学園側に情報が漏れたぞ」",
				"ENG_STRING": "「それよりお前の軽率な質問のせいで学園側に情報が漏れたぞ」"
			},
			{
				"TYPE": "ZM",
				"ID": 483496,
				"NAME": "アーデルハイト",
				"ENG_NAME": "アーデルハイト",
				"STRING": "「っ………」",
				"ENG_STRING": "「っ………」"
			},
			{
				"TYPE": "ZM",
				"ID": 483497,
				"NAME": "ルイ",
				"ENG_NAME": "ルイ",
				"STRING": "「俺が学園側の人間なら、実力行使含め何かしらの手は確実に打つ」",
				"ENG_STRING": "「俺が学園側の人間なら、実力行使含め何かしらの手は確実に打つ」"
			},
			{
				"TYPE": "ZM",
				"ID": 483498,
				"NAME": "アーデルハイト",
				"ENG_NAME": "アーデルハイト",
				"STRING": "「……………………」",
				"ENG_STRING": "「……………………」"
			},
			{
				"TYPE": "ZM",
				"ID": 483499,
				"NAME": "ルイ",
				"ENG_NAME": "ルイ",
				"STRING": "「状況はあまり芳しくない。ここは敵地のど真ん中だ」",
				"ENG_STRING": "「状況はあまり芳しくない。ここは敵地のど真ん中だ」"
			},
			{
				"TYPE": "ZM",
				"ID": 483500,
				"NAME": "アーデルハイト",
				"ENG_NAME": "アーデルハイト",
				"STRING": "「……わかってるわよ」",
				"ENG_STRING": "「……わかってるわよ」"
			},
			{
				"TYPE": "ZM",
				"ID": 483501,
				"NAME": "ルイ",
				"ENG_NAME": "ルイ",
				"STRING": "「わかっている人間の行動だったとは思えんな」",
				"ENG_STRING": "「わかっている人間の行動だったとは思えんな」"
			},
			{
				"TYPE": "ZM",
				"ID": 483502,
				"NAME": "アーデルハイト",
				"ENG_NAME": "アーデルハイト",
				"STRING": "「わ、悪かったわよ！　もうちょっと遠回しに聞くつもりだったのよ、最初は！」",
				"ENG_STRING": "「わ、悪かったわよ！　もうちょっと遠回しに聞くつもりだったのよ、最初は！」"
			},
			{
				"TYPE": "ZM",
				"ID": 483503,
				"NAME": "ルイ",
				"ENG_NAME": "ルイ",
				"STRING": "「出来ないことを無理にするな」",
				"ENG_STRING": "「出来ないことを無理にするな」"
			},
			{
				"TYPE": "ZM",
				"ID": 483504,
				"NAME": "アーデルハイト",
				"ENG_NAME": "アーデルハイト",
				"STRING": "「……………………」",
				"ENG_STRING": "「……………………」"
			},
			{
				"TYPE": "ZM",
				"ID": 483505,
				"NAME": "ルイ",
				"ENG_NAME": "ルイ",
				"STRING": "「さて、揉めてる場合じゃないぞ」",
				"ENG_STRING": "「さて、揉めてる場合じゃないぞ」"
			},
			{
				"TYPE": "ZM",
				"ID": 483506,
				"NAME": "アーデルハイト",
				"ENG_NAME": "アーデルハイト",
				"STRING": "「え？」",
				"ENG_STRING": "「え？」"
			},
			{
				"TYPE": "ZM",
				"ID": 483507,
				"NAME": "ルイ",
				"ENG_NAME": "ルイ",
				"STRING": "「名誉あるヴァインベルガー家の当主としては、どうするべきだと思う？」",
				"ENG_STRING": "「名誉あるヴァインベルガー家の当主としては、どうするべきだと思う？」"
			},
			{
				"TYPE": "ZM",
				"ID": 483508,
				"NAME": "アーデルハイト",
				"ENG_NAME": "アーデルハイト",
				"STRING": "「……お祖母様が信じて、我が家の秘宝を託した学園なのよここは。多少危険でも私達が何とかするべきよ！」",
				"ENG_STRING": "「……お祖母様が信じて、我が家の秘宝を託した学園なのよここは。多少危険でも私達が何とかするべきよ！」"
			},
			{
				"TYPE": "ZM",
				"ID": 483509,
				"NAME": "ルイ",
				"ENG_NAME": "ルイ",
				"STRING": "「……まあ、同感だが」",
				"ENG_STRING": "「……まあ、同感だが」"
			},
			{
				"TYPE": "ZM",
				"ID": 483510,
				"NAME": "ルイ",
				"ENG_NAME": "ルイ",
				"STRING": "「この天秤瑠璃学園に対しては、我がヴァインベルガー家も出資している立場だからな。学園の不祥事は当家の評判にも関わる」",
				"ENG_STRING": "「この天秤瑠璃学園に対しては、我がヴァインベルガー家も出資している立場だからな。学園の不祥事は当家の評判にも関わる」"
			},
			{
				"TYPE": "ZM",
				"ID": 483511,
				"NAME": "アーデルハイト",
				"ENG_NAME": "アーデルハイト",
				"STRING": "「そうでしょ？」",
				"ENG_STRING": "「そうでしょ？」"
			},
			{
				"TYPE": "ZM",
				"ID": 483512,
				"NAME": "ルイ",
				"ENG_NAME": "ルイ",
				"STRING": "「だが、本当に危ないと思ったらその時はここから脱出する。本家の血筋を絶やすわけにはいかない」",
				"ENG_STRING": "「だが、本当に危ないと思ったらその時はここから脱出する。本家の血筋を絶やすわけにはいかない」"
			},
			{
				"TYPE": "ZM",
				"ID": 483513,
				"NAME": "アーデルハイト",
				"ENG_NAME": "アーデルハイト",
				"STRING": "「それは…わかっているけど…！」",
				"ENG_STRING": "「それは…わかっているけど…！」"
			},
			{
				"TYPE": "ZM",
				"ID": 483514,
				"NAME": "ルイ",
				"ENG_NAME": "ルイ",
				"STRING": "「わかってるならいいが、ではこれからどうする？」",
				"ENG_STRING": "「わかってるならいいが、ではこれからどうする？」"
			},
			{
				"TYPE": "ZM",
				"ID": 483515,
				"NAME": "アーデルハイト",
				"ENG_NAME": "アーデルハイト",
				"STRING": "「どうって……そうね、証拠が足りないわ。簡単にははぐらかせないくらいの証拠が」",
				"ENG_STRING": "「どうって……そうね、証拠が足りないわ。簡単にははぐらかせないくらいの証拠が」"
			},
			{
				"TYPE": "ZM",
				"ID": 483516,
				"NAME": "ルイ",
				"ENG_NAME": "ルイ",
				"STRING": "「そうだな、あれだけ大きな魔術なら、どこかにそれなりの大仕掛けがあるはずだ」",
				"ENG_STRING": "「そうだな、あれだけ大きな魔術なら、どこかにそれなりの大仕掛けがあるはずだ」"
			},
			{
				"TYPE": "ZM",
				"ID": 483517,
				"NAME": "アーデルハイト",
				"ENG_NAME": "アーデルハイト",
				"STRING": "「その仕掛けを探しましょう。ついでに仕掛けを破壊できそうなら、破壊もしてしまいたいところよね」",
				"ENG_STRING": "「その仕掛けを探しましょう。ついでに仕掛けを破壊できそうなら、破壊もしてしまいたいところよね」"
			},
			{
				"TYPE": "ZM",
				"ID": 483518,
				"NAME": "ルイ",
				"ENG_NAME": "ルイ",
				"STRING": "「破壊か……魔術の規模からして難しいかもしれんが……」",
				"ENG_STRING": "「破壊か……魔術の規模からして難しいかもしれんが……」"
			},
			{
				"TYPE": "ZM",
				"ID": 483519,
				"NAME": "アーデルハイト",
				"ENG_NAME": "アーデルハイト",
				"STRING": "「でも、やるしかないわ」",
				"ENG_STRING": "「でも、やるしかないわ」"
			},
			{
				"TYPE": "ZM",
				"ID": 483520,
				"NAME": "ルイ",
				"ENG_NAME": "ルイ",
				"STRING": "「それで、どこにその仕掛けがあると思う？」",
				"ENG_STRING": "「それで、どこにその仕掛けがあると思う？」"
			},
			{
				"TYPE": "ZM",
				"ID": 483521,
				"NAME": "アーデルハイト",
				"ENG_NAME": "アーデルハイト",
				"STRING": "「……やっぱり、あそこが怪しいでしょ。時計塔」",
				"ENG_STRING": "「……やっぱり、あそこが怪しいでしょ。時計塔」"
			},
			{
				"TYPE": "ZM",
				"ID": 483522,
				"NAME": "ルイ",
				"ENG_NAME": "ルイ",
				"STRING": "「ｊａ」",
				"ENG_STRING": "「ｊａ」"
			},
			{
				"TYPE": "ZM",
				"ID": 483523,
				"NAME": "アーデルハイト",
				"ENG_NAME": "アーデルハイト",
				"STRING": "「茶化さないで！　同意見って事でいいのね？」@n",
				"ENG_STRING": "「茶化さないで！　同意見って事でいいのね？」@n"
			},
			{
				"TYPE": "ZM",
				"ID": 483524,
				"NAME": "ルイ",
				"ENG_NAME": "ルイ",
				"STRING": "「あれ以上怪しい場所はないからな」",
				"ENG_STRING": "「あれ以上怪しい場所はないからな」"
			},
			{
				"TYPE": "ZM",
				"ID": 483525,
				"NAME": "アーデルハイト",
				"ENG_NAME": "アーデルハイト",
				"STRING": "「そうよね。入り口がどこにも見当たらないなんて……」",
				"ENG_STRING": "「そうよね。入り口がどこにも見当たらないなんて……」"
			},
			{
				"TYPE": "ZM",
				"ID": 483526,
				"NAME": "ルイ",
				"ENG_NAME": "ルイ",
				"STRING": "「魔術的に隠されているのかもしれんが、発見は困難だろうな」",
				"ENG_STRING": "「魔術的に隠されているのかもしれんが、発見は困難だろうな」"
			},
			{
				"TYPE": "ZM",
				"ID": 483527,
				"NAME": "アーデルハイト",
				"ENG_NAME": "アーデルハイト",
				"STRING": "「そうね、直接進入するのは無理よね、出入り口がないんだから……」",
				"ENG_STRING": "「そうね、直接進入するのは無理よね、出入り口がないんだから……」"
			},
			{
				"TYPE": "ZM",
				"ID": 483528,
				"NAME": "ルイ",
				"ENG_NAME": "ルイ",
				"STRING": "「いや、一つだけあるにはある」",
				"ENG_STRING": "「いや、一つだけあるにはある」"
			},
			{
				"TYPE": "ZM",
				"ID": 483529,
				"NAME": "アーデルハイト",
				"ENG_NAME": "アーデルハイト",
				"STRING": "「えっ？」",
				"ENG_STRING": "「えっ？」"
			},
			{
				"TYPE": "ZM",
				"ID": 483530,
				"NAME": "小太郎",
				"ENG_NAME": "小太郎",
				"STRING": "「ど、どういうこと？」",
				"ENG_STRING": "「ど、どういうこと？」"
			},
			{
				"TYPE": "ZM",
				"ID": 483531,
				"NAME": "静春",
				"ENG_NAME": "静春",
				"STRING": "「そうでもないってなんだよ？　入り口ねえんだから……」",
				"ENG_STRING": "「そうでもないってなんだよ？　入り口ねえんだから……」"
			},
			{
				"TYPE": "ZM",
				"ID": 483532,
				"STRING": "モー子の言葉に、きょとんとしたおまると村雲が口々に疑問を口にする。",
				"ENG_STRING": "モー子の言葉に、きょとんとしたおまると村雲が口々に疑問を口にする。"
			},
			{
				"TYPE": "ZM",
				"ID": 483533,
				"NAME": "憂緒",
				"ENG_NAME": "憂緒",
				"STRING": "「普通入り口とは認識しないでしょうが、彼女らはあまり手段を選ばない性格のようですので……」",
				"ENG_STRING": "「普通入り口とは認識しないでしょうが、彼女らはあまり手段を選ばない性格のようですので……」"
			},
			{
				"TYPE": "ZM",
				"ID": 483534,
				"NAME": "憂緒",
				"ENG_NAME": "憂緒",
				"STRING": "「一つだけ、時計塔内部に入れるように見える箇所があります」",
				"ENG_STRING": "「一つだけ、時計塔内部に入れるように見える箇所があります」"
			},
			{
				"TYPE": "ZM",
				"ID": 483535,
				"NAME": "静春",
				"ENG_NAME": "静春",
				"STRING": "「内部に入れるように……？」",
				"ENG_STRING": "「内部に入れるように……？」"
			},
			{
				"TYPE": "ZM",
				"ID": 483536,
				"NAME": "三厳",
				"ENG_NAME": "三厳",
				"STRING": "「それって……」",
				"ENG_STRING": "「それって……」"
			},
			{
				"TYPE": "SELR",
				"ID": 0,
				"STRING": "地下から侵入する",
				"ENG_STRING": "地下から侵入する"
			},
			{
				"TYPE": "SELR",
				"ID": 1,
				"STRING": "時計の文字盤から侵入する",
				"ENG_STRING": "時計の文字盤から侵入する"
			},
			{
				"TYPE": "SELR",
				"ID": 2,
				"STRING": "鐘楼から侵入する",
				"ENG_STRING": "鐘楼から侵入する"
			},
			{
				"TYPE": "ZM",
				"ID": 483586,
				"NAME": "三厳",
				"ENG_NAME": "三厳",
				"STRING": "「地下から真上に掘るとか？」",
				"ENG_STRING": "「地下から真上に掘るとか？」"
			},
			{
				"TYPE": "ZM",
				"ID": 483587,
				"NAME": "憂緒",
				"ENG_NAME": "憂緒",
				"STRING": "「冗談を言ってる場合ではありません」",
				"ENG_STRING": "「冗談を言ってる場合ではありません」"
			},
			{
				"TYPE": "ZM",
				"ID": 483588,
				"STRING": "食い気味に一刀両断された。",
				"ENG_STRING": "食い気味に一刀両断された。"
			},
			{
				"TYPE": "ZM",
				"ID": 483589,
				"STRING": "しかもにらまれた。",
				"ENG_STRING": "しかもにらまれた。"
			},
			{
				"TYPE": "ZM",
				"ID": 483590,
				"NAME": "憂緒",
				"ENG_NAME": "憂緒",
				"STRING": "「鐘楼ですよ。鐘の周辺は開いてます」",
				"ENG_STRING": "「鐘楼ですよ。鐘の周辺は開いてます」"
			},
			{
				"TYPE": "ZM",
				"ID": 483591,
				"NAME": "小太郎",
				"ENG_NAME": "小太郎",
				"STRING": "「そりゃ開いてるけど！？」",
				"ENG_STRING": "「そりゃ開いてるけど！？」"
			},
			{
				"TYPE": "ZM",
				"ID": 483842,
				"NAME": "三厳",
				"ENG_NAME": "三厳",
				"STRING": "「時計の文字盤とかか？」",
				"ENG_STRING": "「時計の文字盤とかか？」"
			},
			{
				"TYPE": "ZM",
				"ID": 483843,
				"NAME": "憂緒",
				"ENG_NAME": "憂緒",
				"STRING": "「開くように出来ている時計塔もありますが、開ける手段がわからなければ意味ないでしょう」",
				"ENG_STRING": "「開くように出来ている時計塔もありますが、開ける手段がわからなければ意味ないでしょう」"
			},
			{
				"TYPE": "ZM",
				"ID": 483844,
				"NAME": "三厳",
				"ENG_NAME": "三厳",
				"STRING": "「……あ、そうか」",
				"ENG_STRING": "「……あ、そうか」"
			},
			{
				"TYPE": "ZM",
				"ID": 483845,
				"NAME": "小太郎",
				"ENG_NAME": "小太郎",
				"STRING": "「じゃあ、どこ？」",
				"ENG_STRING": "「じゃあ、どこ？」"
			},
			{
				"TYPE": "ZM",
				"ID": 483846,
				"NAME": "憂緒",
				"ENG_NAME": "憂緒",
				"STRING": "「鐘楼ですよ」",
				"ENG_STRING": "「鐘楼ですよ」"
			},
			{
				"TYPE": "ZM",
				"ID": 483847,
				"NAME": "静春",
				"ENG_NAME": "静春",
				"STRING": "「か、鐘の周りの開いてるとこから入るって事かよ！？」",
				"ENG_STRING": "「か、鐘の周りの開いてるとこから入るって事かよ！？」"
			},
			{
				"TYPE": "ZM",
				"ID": 484098,
				"NAME": "三厳",
				"ENG_NAME": "三厳",
				"STRING": "「鐘楼か」",
				"ENG_STRING": "「鐘楼か」"
			},
			{
				"TYPE": "ZM",
				"ID": 484099,
				"NAME": "憂緒",
				"ENG_NAME": "憂緒",
				"STRING": "「そうです」",
				"ENG_STRING": "「そうです」"
			},
			{
				"TYPE": "ZM",
				"ID": 484100,
				"NAME": "静春",
				"ENG_NAME": "静春",
				"STRING": "「か、鐘の周りの開いてるとこから入るって事かよ！？」",
				"ENG_STRING": "「か、鐘の周りの開いてるとこから入るって事かよ！？」"
			},
			{
				"TYPE": "ZM",
				"ID": 484101,
				"NAME": "小太郎",
				"ENG_NAME": "小太郎",
				"STRING": "「そんな無茶な……」",
				"ENG_STRING": "「そんな無茶な……」"
			},
			{
				"TYPE": "ZM",
				"ID": 484354,
				"NAME": "静春",
				"ENG_NAME": "静春",
				"STRING": "「しかも開いてるったって鐘のとこ入れるだけで、時計塔の中にはつながってねえだろ」",
				"ENG_STRING": "「しかも開いてるったって鐘のとこ入れるだけで、時計塔の中にはつながってねえだろ」"
			},
			{
				"TYPE": "ZM",
				"ID": 484355,
				"NAME": "春霞",
				"ENG_NAME": "春霞",
				"STRING": "「ないよ。鐘の側に行けるだけ」",
				"ENG_STRING": "「ないよ。鐘の側に行けるだけ」"
			},
			{
				"TYPE": "ZM",
				"ID": 484356,
				"NAME": "憂緒",
				"ENG_NAME": "憂緒",
				"STRING": "「ですが、彼女達はそこまで知らないでしょう」",
				"ENG_STRING": "「ですが、彼女達はそこまで知らないでしょう」"
			},
			{
				"TYPE": "ZM",
				"ID": 484357,
				"NAME": "三厳",
				"ENG_NAME": "三厳",
				"STRING": "「ああ、確かに……。だったら入れる可能性に賭けてみるって暴挙に出る恐れはあるなあ」",
				"ENG_STRING": "「ああ、確かに……。だったら入れる可能性に賭けてみるって暴挙に出る恐れはあるなあ」"
			},
			{
				"TYPE": "ZM",
				"ID": 484358,
				"NAME": "小太郎",
				"ENG_NAME": "小太郎",
				"STRING": "「本当に暴挙だよ！？　あそこまでよじ登るだけでもすごい危ないよ！！」",
				"ENG_STRING": "「本当に暴挙だよ！？　あそこまでよじ登るだけでもすごい危ないよ！！」"
			},
			{
				"TYPE": "ZM",
				"ID": 484359,
				"NAME": "静春",
				"ENG_NAME": "静春",
				"STRING": "「なあ、これ風紀にも相談しとくべきじゃねえか？」",
				"ENG_STRING": "「なあ、これ風紀にも相談しとくべきじゃねえか？」"
			},
			{
				"TYPE": "ZM",
				"ID": 484360,
				"NAME": "憂緒",
				"ENG_NAME": "憂緒",
				"STRING": "「そうですね、警戒を促して、協力して貰った方がいいかもしれません」",
				"ENG_STRING": "「そうですね、警戒を促して、協力して貰った方がいいかもしれません」"
			},
			{
				"TYPE": "ZM",
				"ID": 484361,
				"NAME": "三厳",
				"ENG_NAME": "三厳",
				"STRING": "「やらかすなら、昼間は目立ちすぎるし夜になってからだろ」",
				"ENG_STRING": "「やらかすなら、昼間は目立ちすぎるし夜になってからだろ」"
			},
			{
				"TYPE": "ZM",
				"ID": 484362,
				"NAME": "小太郎",
				"ENG_NAME": "小太郎",
				"STRING": "「もう夜になるよ！」@n",
				"ENG_STRING": "「もう夜になるよ！」@n"
			},
			{
				"TYPE": "ZM",
				"ID": 484363,
				"NAME": "春霞",
				"ENG_NAME": "春霞",
				"STRING": "「……あっ、私そろそろヒメちゃんを迎えに行かなきゃ！」@n",
				"ENG_STRING": "「……あっ、私そろそろヒメちゃんを迎えに行かなきゃ！」@n"
			},
			{
				"TYPE": "ZM",
				"ID": 484364,
				"NAME": "憂緒",
				"ENG_NAME": "憂緒",
				"STRING": "「行って下さい。壬生さんにも知らせておいて下さい」",
				"ENG_STRING": "「行って下さい。壬生さんにも知らせておいて下さい」"
			},
			{
				"TYPE": "ZM",
				"ID": 484365,
				"NAME": "春霞",
				"ENG_NAME": "春霞",
				"STRING": "「うん、わかった！　じゃあね！」",
				"ENG_STRING": "「うん、わかった！　じゃあね！」"
			},
			{
				"TYPE": "ZM",
				"ID": 484366,
				"STRING": "スミちゃんは急いで鍵を使い、空中に現れた扉から姿を消した。",
				"ENG_STRING": "スミちゃんは急いで鍵を使い、空中に現れた扉から姿を消した。"
			},
			{
				"TYPE": "ZM",
				"ID": 484367,
				"NAME": "憂緒",
				"ENG_NAME": "憂緒",
				"STRING": "「私達は風紀委員に知らせに行きますよ」@n",
				"ENG_STRING": "「私達は風紀委員に知らせに行きますよ」@n"
			},
			{
				"TYPE": "ZM",
				"ID": 484368,
				"NAME": "静春",
				"ENG_NAME": "静春",
				"STRING": "「ああ、もうみんな校内見回ってるはずだ」",
				"ENG_STRING": "「ああ、もうみんな校内見回ってるはずだ」"
			},
			{
				"TYPE": "ZM",
				"ID": 484369,
				"STRING": "俺達も席を立ち、分室を出た。",
				"ENG_STRING": "俺達も席を立ち、分室を出た。"
			},
			{
				"TYPE": "ZM",
				"ID": 484370,
				"STRING": "その少し後、夜の到来を告げる鐘が鳴る――",
				"ENG_STRING": "その少し後、夜の到来を告げる鐘が鳴る――"
			}
		],
		"CHAPTER_SUBNAME": "S05_12_05"
	},
	"S05_04": {
		"MESSAGES": [
			{
				"TYPE": "ZM",
				"ID": 484371,
				"NAME": "静春",
				"ENG_NAME": "静春",
				"STRING": "「あー、いたいた！」",
				"ENG_STRING": "「あー、いたいた！」"
			},
			{
				"TYPE": "ZM",
				"ID": 484372,
				"STRING": "とにかくトップに話すのが一番早いだろうと、村雲の記憶しているシフトを頼りに風紀委員長を捜し中庭に出てきていた。",
				"ENG_STRING": "とにかくトップに話すのが一番早いだろうと、村雲の記憶しているシフトを頼りに風紀委員長を捜し中庭に出てきていた。"
			},
			{
				"TYPE": "ZM",
				"ID": 484373,
				"NAME": "百花",
				"ENG_NAME": "百花",
				"STRING": "「ふえ？」",
				"ENG_STRING": "「ふえ？」"
			},
			{
				"TYPE": "ZM",
				"ID": 484374,
				"STRING": "しばし休憩、といった様子でベンチに腰を下ろしていたもも先輩は、駆け寄ってくる俺達を見てあたふたと飛び上がるように立ち上がった。",
				"ENG_STRING": "しばし休憩、といった様子でベンチに腰を下ろしていたもも先輩は、駆け寄ってくる俺達を見てあたふたと飛び上がるように立ち上がった。"
			},
			{
				"TYPE": "ZM",
				"ID": 484375,
				"NAME": "百花",
				"ENG_NAME": "百花",
				"STRING": "「なななななにっ！？　見回りなら終わったところだよ！？」@n",
				"ENG_STRING": "「なななななにっ！？　見回りなら終わったところだよ！？」@n"
			},
			{
				"TYPE": "ZM",
				"ID": 484376,
				"NAME": "静春",
				"ENG_NAME": "静春",
				"STRING": "「わかってます、急いで知らせたいことがありまして……」",
				"ENG_STRING": "「わかってます、急いで知らせたいことがありまして……」"
			},
			{
				"TYPE": "ZM",
				"ID": 484377,
				"NAME": "百花",
				"ENG_NAME": "百花",
				"STRING": "「えっ！？　なにかあった！？　また変な遺品出た！？」",
				"ENG_STRING": "「えっ！？　なにかあった！？　また変な遺品出た！？」"
			},
			{
				"TYPE": "ZM",
				"ID": 484378,
				"NAME": "憂緒",
				"ENG_NAME": "憂緒",
				"STRING": "「いえ違います。例の学園長のお客様の件です」",
				"ENG_STRING": "「いえ違います。例の学園長のお客様の件です」"
			},
			{
				"TYPE": "ZM",
				"ID": 484379,
				"NAME": "百花",
				"ENG_NAME": "百花",
				"STRING": "「あ、あの……香水の……」",
				"ENG_STRING": "「あ、あの……香水の……」"
			},
			{
				"TYPE": "ZM",
				"ID": 484380,
				"STRING": "風紀委員がばたばた香水にやられた光景を思い出したのか、もも先輩は顔を引きつらせる。",
				"ENG_STRING": "風紀委員がばたばた香水にやられた光景を思い出したのか、もも先輩は顔を引きつらせる。"
			},
			{
				"TYPE": "ZM",
				"ID": 484381,
				"NAME": "百花",
				"ENG_NAME": "百花",
				"STRING": "「あの人達、まだ何かやらかしちゃってくれてるの……？」",
				"ENG_STRING": "「あの人達、まだ何かやらかしちゃってくれてるの……？」"
			},
			{
				"TYPE": "ZM",
				"ID": 484382,
				"NAME": "静春",
				"ENG_NAME": "静春",
				"STRING": "「やらかしかねないから、知らせに来たんです」",
				"ENG_STRING": "「やらかしかねないから、知らせに来たんです」"
			},
			{
				"TYPE": "ZM",
				"ID": 484383,
				"NAME": "憂緒",
				"ENG_NAME": "憂緒",
				"STRING": "「時計塔への進入を企てている恐れがあります」",
				"ENG_STRING": "「時計塔への進入を企てている恐れがあります」"
			},
			{
				"TYPE": "ZM",
				"ID": 484384,
				"NAME": "百花",
				"ENG_NAME": "百花",
				"STRING": "「時計塔っ！？」",
				"ENG_STRING": "「時計塔っ！？」"
			},
			{
				"TYPE": "ZM",
				"ID": 484385,
				"NAME": "憂緒",
				"ENG_NAME": "憂緒",
				"STRING": "「どうも、この学園に対して何らかの疑いを持ってしまっているようなのです。そして、入り口の見当たらない時計塔に目をつけている節があります」",
				"ENG_STRING": "「どうも、この学園に対して何らかの疑いを持ってしまっているようなのです。そして、入り口の見当たらない時計塔に目をつけている節があります」"
			},
			{
				"TYPE": "ZM",
				"ID": 484386,
				"NAME": "百花",
				"ENG_NAME": "百花",
				"STRING": "「とっ、ととととんでもないっ！！　だめだめ、駄目です！　お客様といえども時計塔に入ろうだなんてっ！！」",
				"ENG_STRING": "「とっ、ととととんでもないっ！！　だめだめ、駄目です！　お客様といえども時計塔に入ろうだなんてっ！！」"
			},
			{
				"TYPE": "ZM",
				"ID": 484387,
				"NAME": "百花",
				"ENG_NAME": "百花",
				"STRING": "「……あ、でも、進入も何も入りようがないのでは？」",
				"ENG_STRING": "「……あ、でも、進入も何も入りようがないのでは？」"
			},
			{
				"TYPE": "ZM",
				"ID": 484388,
				"NAME": "憂緒",
				"ENG_NAME": "憂緒",
				"STRING": "「いえ、開いています」",
				"ENG_STRING": "「いえ、開いています」"
			},
			{
				"TYPE": "ZM",
				"ID": 484389,
				"STRING": "モー子が時計塔を指さす。",
				"ENG_STRING": "モー子が時計塔を指さす。"
			},
			{
				"TYPE": "ZM",
				"ID": 484390,
				"STRING": "もも先輩はきょとんとそちらを見上げた。",
				"ENG_STRING": "もも先輩はきょとんとそちらを見上げた。"
			},
			{
				"TYPE": "ZM",
				"ID": 484391,
				"STRING": "中に吊された鐘をのぞかせている鐘楼に視線の焦点が合った途端、あんぐりと口を開ける。",
				"ENG_STRING": "中に吊された鐘をのぞかせている鐘楼に視線の焦点が合った途端、あんぐりと口を開ける。"
			},
			{
				"TYPE": "ZM",
				"ID": 484392,
				"NAME": "百花",
				"ENG_NAME": "百花",
				"STRING": "「まっ、ままま、まさかっ！？　確かに開いてますけれど！！」",
				"ENG_STRING": "「まっ、ままま、まさかっ！？　確かに開いてますけれど！！」"
			},
			{
				"TYPE": "ZM",
				"ID": 484393,
				"NAME": "憂緒",
				"ENG_NAME": "憂緒",
				"STRING": "「一見入れるように見えるでしょう」",
				"ENG_STRING": "「一見入れるように見えるでしょう」"
			},
			{
				"TYPE": "ZM",
				"ID": 484394,
				"NAME": "百花",
				"ENG_NAME": "百花",
				"STRING": "「そ、そう……そうかっ、入れちゃうと思っちゃうかも……！！」",
				"ENG_STRING": "「そ、そう……そうかっ、入れちゃうと思っちゃうかも……！！」"
			},
			{
				"TYPE": "ZM",
				"ID": 484395,
				"NAME": "百花",
				"ENG_NAME": "百花",
				"STRING": "「でも駄目、もちろん駄目！！　不法侵入なのもだけど、あの塔を外から登るなんて危険すぎるよぉっ！！」",
				"ENG_STRING": "「でも駄目、もちろん駄目！！　不法侵入なのもだけど、あの塔を外から登るなんて危険すぎるよぉっ！！」"
			},
			{
				"TYPE": "ZM",
				"ID": 484396,
				"NAME": "憂緒",
				"ENG_NAME": "憂緒",
				"STRING": "「それで警戒した方が良いかと」",
				"ENG_STRING": "「それで警戒した方が良いかと」"
			},
			{
				"TYPE": "ZM",
				"ID": 484397,
				"NAME": "百花",
				"ENG_NAME": "百花",
				"STRING": "「そうだね！　うん！」",
				"ENG_STRING": "「そうだね！　うん！」"
			},
			{
				"TYPE": "ZM",
				"ID": 484398,
				"NAME": "静春",
				"ENG_NAME": "静春",
				"STRING": "「他の風紀委員どこらにいます？　オレも今のシフト完全には覚えてないんです」",
				"ENG_STRING": "「他の風紀委員どこらにいます？　オレも今のシフト完全には覚えてないんです」"
			},
			{
				"TYPE": "ZM",
				"ID": 484399,
				"NAME": "百花",
				"ENG_NAME": "百花",
				"STRING": "「あ、うん！　じゃあ教えるから、知らせてきて！！」",
				"ENG_STRING": "「あ、うん！　じゃあ教えるから、知らせてきて！！」"
			},
			{
				"TYPE": "ZM",
				"ID": 484400,
				"NAME": "百花",
				"ENG_NAME": "百花",
				"STRING": "「えーとね、ルートはＡの１０１だから１班と５班が……」",
				"ENG_STRING": "「えーとね、ルートはＡの１０１だから１班と５班が……」"
			},
			{
				"TYPE": "ZM",
				"ID": 484401,
				"NAME": "静春",
				"ENG_NAME": "静春",
				"STRING": "「１０１ですか、ならわかります」",
				"ENG_STRING": "「１０１ですか、ならわかります」"
			},
			{
				"TYPE": "ZM",
				"ID": 484402,
				"NAME": "三厳",
				"ENG_NAME": "三厳",
				"STRING": "「なんだそれ？」",
				"ENG_STRING": "「なんだそれ？」"
			},
			{
				"TYPE": "ZM",
				"ID": 484403,
				"NAME": "静春",
				"ENG_NAME": "静春",
				"STRING": "「巡回ルートはいくつかのパターンがあるんだ。Ａの１０１ならどの班がどう動いてるか覚えてる」",
				"ENG_STRING": "「巡回ルートはいくつかのパターンがあるんだ。Ａの１０１ならどの班がどう動いてるか覚えてる」"
			},
			{
				"TYPE": "ZM",
				"ID": 484404,
				"NAME": "百花",
				"ENG_NAME": "百花",
				"STRING": "「さっすが村雲！　優秀だー！　……なんで辞めちゃったの……」@n",
				"ENG_STRING": "「さっすが村雲！　優秀だー！　……なんで辞めちゃったの……」@n"
			},
			{
				"TYPE": "ZM",
				"ID": 484405,
				"NAME": "静春",
				"ENG_NAME": "静春",
				"STRING": "「す、すいません」",
				"ENG_STRING": "「す、すいません」"
			},
			{
				"TYPE": "ZM",
				"ID": 484406,
				"NAME": "憂緒",
				"ENG_NAME": "憂緒",
				"STRING": "「その件は後でお願いします。それで報告はなんと？」",
				"ENG_STRING": "「その件は後でお願いします。それで報告はなんと？」"
			},
			{
				"TYPE": "ZM",
				"ID": 484407,
				"NAME": "百花",
				"ENG_NAME": "百花",
				"STRING": "「あああ、ごめん！　えっとね、指示はいっぺんに出した方が早いから、一旦風紀委員室に全員集合にしといて！」",
				"ENG_STRING": "「あああ、ごめん！　えっとね、指示はいっぺんに出した方が早いから、一旦風紀委員室に全員集合にしといて！」"
			},
			{
				"TYPE": "ZM",
				"ID": 484408,
				"NAME": "静春",
				"ENG_NAME": "静春",
				"STRING": "「わかりました」",
				"ENG_STRING": "「わかりました」"
			},
			{
				"TYPE": "ZM",
				"ID": 484409,
				"NAME": "百花",
				"ENG_NAME": "百花",
				"STRING": "「ももは念のため、学園長に報告してくる！　それじゃあっ……」",
				"ENG_STRING": "「ももは念のため、学園長に報告してくる！　それじゃあっ……」"
			},
			{
				"TYPE": "ZM",
				"ID": 484410,
				"STRING": "颯爽と駆け出すもも先輩。@n",
				"ENG_STRING": "颯爽と駆け出すもも先輩。@n"
			},
			{
				"TYPE": "ZM",
				"ID": 484411,
				"NAME": "百花",
				"ENG_NAME": "百花",
				"STRING": "「きゃうっ！？」@n",
				"ENG_STRING": "「きゃうっ！？」@n"
			},
			{
				"TYPE": "ZM",
				"ID": 484412,
				"STRING": "……が、慌てすぎたのか思いっきり脚がもつれその場に顔面からこけた。",
				"ENG_STRING": "……が、慌てすぎたのか思いっきり脚がもつれその場に顔面からこけた。"
			},
			{
				"TYPE": "ZM",
				"ID": 484413,
				"NAME": "静春",
				"ENG_NAME": "静春",
				"STRING": "「先輩っ！？」",
				"ENG_STRING": "「先輩っ！？」"
			},
			{
				"TYPE": "ZM",
				"ID": 484414,
				"NAME": "三厳",
				"ENG_NAME": "三厳",
				"STRING": "「なんでそんなすぐコケんだよ！？」",
				"ENG_STRING": "「なんでそんなすぐコケんだよ！？」"
			},
			{
				"TYPE": "ZM",
				"ID": 484415,
				"NAME": "百花",
				"ENG_NAME": "百花",
				"STRING": "「は、はう……」",
				"ENG_STRING": "「は、はう……」"
			},
			{
				"TYPE": "ZM",
				"ID": 484416,
				"NAME": "小太郎",
				"ENG_NAME": "小太郎",
				"STRING": "「大丈夫ですか！？　す、すごい音しましたけど……」",
				"ENG_STRING": "「大丈夫ですか！？　す、すごい音しましたけど……」"
			},
			{
				"TYPE": "ZM",
				"ID": 484417,
				"NAME": "百花",
				"ENG_NAME": "百花",
				"STRING": "「い……いひゃい……」",
				"ENG_STRING": "「い……いひゃい……」"
			},
			{
				"TYPE": "ZM",
				"ID": 484418,
				"NAME": "静春",
				"ENG_NAME": "静春",
				"STRING": "「立てますか？」",
				"ENG_STRING": "「立てますか？」"
			},
			{
				"TYPE": "ZM",
				"ID": 484419,
				"NAME": "三厳",
				"ENG_NAME": "三厳",
				"STRING": "「はい、掴まって」",
				"ENG_STRING": "「はい、掴まって」"
			},
			{
				"TYPE": "ZM",
				"ID": 484420,
				"STRING": "俺と村雲とで、両脇を抱えるようにして立ち上がらせる。@n",
				"ENG_STRING": "俺と村雲とで、両脇を抱えるようにして立ち上がらせる。@n"
			},
			{
				"TYPE": "ZM",
				"ID": 484421,
				"STRING": "どうにかふらふら立ったものの、まだぷるぷると痛みに身を震わせていた。",
				"ENG_STRING": "どうにかふらふら立ったものの、まだぷるぷると痛みに身を震わせていた。"
			},
			{
				"TYPE": "ZM",
				"ID": 484422,
				"NAME": "三厳",
				"ENG_NAME": "三厳",
				"STRING": "「運んで行こうか、学園長室まで？」",
				"ENG_STRING": "「運んで行こうか、学園長室まで？」"
			},
			{
				"TYPE": "ZM",
				"ID": 484423,
				"NAME": "百花",
				"ENG_NAME": "百花",
				"STRING": "「い、いえっ、一人で頑張る……ううっ……」",
				"ENG_STRING": "「い、いえっ、一人で頑張る……ううっ……」"
			},
			{
				"TYPE": "ZM",
				"ID": 484424,
				"STRING": "涙目で言いながら、ふらふらと学園長室へ向かっていくもも先輩。@n",
				"ENG_STRING": "涙目で言いながら、ふらふらと学園長室へ向かっていくもも先輩。@n"
			},
			{
				"TYPE": "ZM",
				"ID": 484425,
				"NAME": "小太郎",
				"ENG_NAME": "小太郎",
				"STRING": "「大丈夫かな……」",
				"ENG_STRING": "「大丈夫かな……」"
			},
			{
				"TYPE": "ZM",
				"ID": 484426,
				"NAME": "憂緒",
				"ENG_NAME": "憂緒",
				"STRING": "「心配ですが、ひとまず風紀委員を集めるのに人手がいりますから……」",
				"ENG_STRING": "「心配ですが、ひとまず風紀委員を集めるのに人手がいりますから……」"
			},
			{
				"TYPE": "ZM",
				"ID": 484427,
				"NAME": "静春",
				"ENG_NAME": "静春",
				"STRING": "「おう、そうだな。ルート説明するから手分けして行こうぜ」",
				"ENG_STRING": "「おう、そうだな。ルート説明するから手分けして行こうぜ」"
			},
			{
				"TYPE": "ZM",
				"ID": 484428,
				"STRING": "村雲の説明を聞き、俺達は手分けして風紀委員に声を掛け委員室に集合を掛けた。",
				"ENG_STRING": "村雲の説明を聞き、俺達は手分けして風紀委員に声を掛け委員室に集合を掛けた。"
			}
		],
		"CHAPTER_SUBNAME": "S05_13_01　援軍"
	}
}