{
	"S05_01": {
		"MESSAGES": [
			{
				"TYPE": "ZM",
				"ID": 481282,
				"NAME": "アーデルハイト",
				"ENG_NAME": "アーデルハイト",
				"STRING": "「……やっぱりおかしいわ」@n",
				"ENG_STRING": "「……やっぱりおかしいわ」@n"
			},
			{
				"TYPE": "ZM",
				"ID": 481283,
				"NAME": "ルイ",
				"ENG_NAME": "ルイ",
				"STRING": "「……………………」",
				"ENG_STRING": "「……………………」"
			},
			{
				"TYPE": "ZM",
				"ID": 481284,
				"NAME": "アーデルハイト",
				"ENG_NAME": "アーデルハイト",
				"STRING": "「これだけ大規模な魔術を動かす仕掛け。一体どこにあるの？　それに、動力は一体どこから？」",
				"ENG_STRING": "「これだけ大規模な魔術を動かす仕掛け。一体どこにあるの？　それに、動力は一体どこから？」"
			},
			{
				"TYPE": "ZM",
				"ID": 481285,
				"NAME": "ルイ",
				"ENG_NAME": "ルイ",
				"STRING": "「……いや、魔女ならばこの規模の魔術でも実行できる」",
				"ENG_STRING": "「……いや、魔女ならばこの規模の魔術でも実行できる」"
			},
			{
				"TYPE": "ZM",
				"ID": 481286,
				"NAME": "アーデルハイト",
				"ENG_NAME": "アーデルハイト",
				"STRING": "「ではこの学園に、いるということね。魔女が」",
				"ENG_STRING": "「ではこの学園に、いるということね。魔女が」"
			},
			{
				"TYPE": "ZM",
				"ID": 481287,
				"NAME": "ルイ",
				"ENG_NAME": "ルイ",
				"STRING": "「ああ、そしてもちろん学園側もそれを知っている」",
				"ENG_STRING": "「ああ、そしてもちろん学園側もそれを知っている」"
			},
			{
				"TYPE": "ZM",
				"ID": 481288,
				"NAME": "アーデルハイト",
				"ENG_NAME": "アーデルハイト",
				"STRING": "「そうね。学園そのものが協力していなければ、いえ、学園側が主導でなければ不可能なはず……」",
				"ENG_STRING": "「そうね。学園そのものが協力していなければ、いえ、学園側が主導でなければ不可能なはず……」"
			},
			{
				"TYPE": "ZM",
				"ID": 481289,
				"NAME": "ルイ",
				"ENG_NAME": "ルイ",
				"STRING": "「これだけ複雑で繊細な魔術だ。昨日今日作り出したものとも思えん」",
				"ENG_STRING": "「これだけ複雑で繊細な魔術だ。昨日今日作り出したものとも思えん」"
			},
			{
				"TYPE": "ZM",
				"ID": 481290,
				"NAME": "アーデルハイト",
				"ENG_NAME": "アーデルハイト",
				"STRING": "「いつから、そして何のために……。こちらも慎重に調べる必要がありそうね」",
				"ENG_STRING": "「いつから、そして何のために……。こちらも慎重に調べる必要がありそうね」"
			},
			{
				"TYPE": "ZM",
				"ID": 481291,
				"NAME": "憂緒",
				"ENG_NAME": "憂緒",
				"STRING": "「失礼します。特殊事案調査分室です」",
				"ENG_STRING": "「失礼します。特殊事案調査分室です」"
			},
			{
				"TYPE": "ZM",
				"ID": 481292,
				"NAME": "二人",
				"ENG_NAME": "二人",
				"STRING": "「やあやあ、呼び立ててすまないね！」",
				"ENG_STRING": "「やあやあ、呼び立ててすまないね！」"
			},
			{
				"TYPE": "ZM",
				"ID": 481293,
				"STRING": "俺達がぞろぞろと学園長室へ入って行くと、学園長はいつも通りでかい机の向こう側で満面の笑顔を浮かべていた。",
				"ENG_STRING": "俺達がぞろぞろと学園長室へ入って行くと、学園長はいつも通りでかい机の向こう側で満面の笑顔を浮かべていた。"
			},
			{
				"TYPE": "ZM",
				"ID": 481294,
				"STRING": "昼休みになった途端、特査全員で学園長室に来るように呼び出されたのだが、何事だろう。",
				"ENG_STRING": "昼休みになった途端、特査全員で学園長室に来るように呼び出されたのだが、何事だろう。"
			},
			{
				"TYPE": "ZM",
				"ID": 481295,
				"NAME": "三厳",
				"ENG_NAME": "三厳",
				"STRING": "（そんな深刻な話じゃなさそうだが……いやでも、この人多少深刻でもこんなテンションか）",
				"ENG_STRING": "（そんな深刻な話じゃなさそうだが……いやでも、この人多少深刻でもこんなテンションか）"
			},
			{
				"TYPE": "ZM",
				"ID": 481296,
				"STRING": "呼び出された理由の見当がつかないなと思っていると、学園長は意気揚々と語り出す。",
				"ENG_STRING": "呼び出された理由の見当がつかないなと思っていると、学園長は意気揚々と語り出す。"
			},
			{
				"TYPE": "ZM",
				"ID": 481297,
				"NAME": "二人",
				"ENG_NAME": "二人",
				"STRING": "「いつもご苦労様！　君達の働きには実に感謝しているよ！　はっはっはっは！」@n",
				"ENG_STRING": "「いつもご苦労様！　君達の働きには実に感謝しているよ！　はっはっはっは！」@n"
			},
			{
				"TYPE": "ZM",
				"ID": 481298,
				"NAME": "一",
				"ENG_NAME": "一",
				"STRING": "「ぢー」",
				"ENG_STRING": "「ぢー」"
			},
			{
				"TYPE": "ZM",
				"ID": 481299,
				"NAME": "二人",
				"ENG_NAME": "二人",
				"STRING": "「うむ、まったくだねニノマエ君！　はははははっ」",
				"ENG_STRING": "「うむ、まったくだねニノマエ君！　はははははっ」"
			},
			{
				"TYPE": "ZM",
				"ID": 481300,
				"NAME": "憂緒",
				"ENG_NAME": "憂緒",
				"STRING": "「……で、ご用件は？」",
				"ENG_STRING": "「……で、ご用件は？」"
			},
			{
				"TYPE": "ZM",
				"ID": 481301,
				"STRING": "オコジョと会話する学園長に、モー子が話を進めるよう促した。",
				"ENG_STRING": "オコジョと会話する学園長に、モー子が話を進めるよう促した。"
			},
			{
				"TYPE": "ZM",
				"ID": 481302,
				"STRING": "放っておくと、延々と合いの手の内容がさっぱりわからない漫談を聞かされてしまう。",
				"ENG_STRING": "放っておくと、延々と合いの手の内容がさっぱりわからない漫談を聞かされてしまう。"
			},
			{
				"TYPE": "ZM",
				"ID": 481303,
				"NAME": "二人",
				"ENG_NAME": "二人",
				"STRING": "「うむ、念のために聞くが、今現在、遺品絡みの騒ぎは起きていないね？」",
				"ENG_STRING": "「うむ、念のために聞くが、今現在、遺品絡みの騒ぎは起きていないね？」"
			},
			{
				"TYPE": "ZM",
				"ID": 481304,
				"NAME": "憂緒",
				"ENG_NAME": "憂緒",
				"STRING": "「今のところは異常ありません」",
				"ENG_STRING": "「今のところは異常ありません」"
			},
			{
				"TYPE": "ZM",
				"ID": 481305,
				"NAME": "三厳",
				"ENG_NAME": "三厳",
				"STRING": "「学園長が縮んで以来、特に何も」",
				"ENG_STRING": "「学園長が縮んで以来、特に何も」"
			},
			{
				"TYPE": "ZM",
				"ID": 481306,
				"STRING": "あれから数日経つが、幸いにも何も起きていない。",
				"ENG_STRING": "あれから数日経つが、幸いにも何も起きていない。"
			},
			{
				"TYPE": "ZM",
				"ID": 481307,
				"STRING": "どうせつかの間の平和なんだろうなー、という予感はしているが。",
				"ENG_STRING": "どうせつかの間の平和なんだろうなー、という予感はしているが。"
			},
			{
				"TYPE": "ZM",
				"ID": 481308,
				"NAME": "二人",
				"ENG_NAME": "二人",
				"STRING": "「はっはっは、人が悪いな久我君！　いやいやあの時は世話になった！」",
				"ENG_STRING": "「はっはっは、人が悪いな久我君！　いやいやあの時は世話になった！」"
			},
			{
				"TYPE": "ZM",
				"ID": 481309,
				"NAME": "一",
				"ENG_NAME": "一",
				"STRING": "「ちー」",
				"ENG_STRING": "「ちー」"
			},
			{
				"TYPE": "ZM",
				"ID": 481310,
				"NAME": "二人",
				"ENG_NAME": "二人",
				"STRING": "「貴重な体験ではあったがニノマエ君にも心配を掛けてしまって怒られたよ、なあ、ニノマエ君？」",
				"ENG_STRING": "「貴重な体験ではあったがニノマエ君にも心配を掛けてしまって怒られたよ、なあ、ニノマエ君？」"
			},
			{
				"TYPE": "ZM",
				"ID": 481311,
				"NAME": "一",
				"ENG_NAME": "一",
				"STRING": "「ぢっ」",
				"ENG_STRING": "「ぢっ」"
			},
			{
				"TYPE": "ZM",
				"ID": 481312,
				"NAME": "二人",
				"ENG_NAME": "二人",
				"STRING": "「うんうん、気をつけるよ。悪かったな、はっはっはっは」@n",
				"ENG_STRING": "「うんうん、気をつけるよ。悪かったな、はっはっはっは」@n"
			},
			{
				"TYPE": "ZM",
				"ID": 481313,
				"NAME": "憂緒",
				"ENG_NAME": "憂緒",
				"STRING": "「……それで、ご用件はそれだけですか」",
				"ENG_STRING": "「……それで、ご用件はそれだけですか」"
			},
			{
				"TYPE": "ZM",
				"ID": 481314,
				"NAME": "二人",
				"ENG_NAME": "二人",
				"STRING": "「いや、まだ本題にはまったく入ってない」",
				"ENG_STRING": "「いや、まだ本題にはまったく入ってない」"
			},
			{
				"TYPE": "ZM",
				"ID": 481315,
				"NAME": "憂緒",
				"ENG_NAME": "憂緒",
				"STRING": "「……………………」",
				"ENG_STRING": "「……………………」"
			},
			{
				"TYPE": "ZM",
				"ID": 481316,
				"STRING": "能面のような無表情で口を閉ざすモー子。",
				"ENG_STRING": "能面のような無表情で口を閉ざすモー子。"
			},
			{
				"TYPE": "ZM",
				"ID": 481317,
				"STRING": "多分、喉元まで出掛かったツッコミを無理矢理飲み込んだのだろう。",
				"ENG_STRING": "多分、喉元まで出掛かったツッコミを無理矢理飲み込んだのだろう。"
			},
			{
				"TYPE": "ZM",
				"ID": 481318,
				"NAME": "静春",
				"ENG_NAME": "静春",
				"STRING": "「で、なんなんです？　そっちから聞いたってことは遺品絡みの事件じゃないんですね？」",
				"ENG_STRING": "「で、なんなんです？　そっちから聞いたってことは遺品絡みの事件じゃないんですね？」"
			},
			{
				"TYPE": "ZM",
				"ID": 481319,
				"STRING": "こちらもしびれを切らし始めていたらしく、村雲が先を急かす。",
				"ENG_STRING": "こちらもしびれを切らし始めていたらしく、村雲が先を急かす。"
			},
			{
				"TYPE": "ZM",
				"ID": 481320,
				"NAME": "二人",
				"ENG_NAME": "二人",
				"STRING": "「うむ、まだ何か起きたというわけではないのだよ。実はな、もうしばらくすると『蝕の日』というものが訪れるのだ」",
				"ENG_STRING": "「うむ、まだ何か起きたというわけではないのだよ。実はな、もうしばらくすると『蝕の日』というものが訪れるのだ」"
			},
			{
				"TYPE": "ZM",
				"ID": 481321,
				"NAME": "小太郎",
				"ENG_NAME": "小太郎",
				"STRING": "「しょくのひ？」",
				"ENG_STRING": "「しょくのひ？」"
			},
			{
				"TYPE": "ZM",
				"ID": 481322,
				"NAME": "三厳",
				"ENG_NAME": "三厳",
				"STRING": "「生け贄でも捧げんのか？」",
				"ENG_STRING": "「生け贄でも捧げんのか？」"
			},
			{
				"TYPE": "ZM",
				"ID": 481323,
				"NAME": "二人",
				"ENG_NAME": "二人",
				"STRING": "「何の話だね？　そんな物騒なことではないよ」",
				"ENG_STRING": "「何の話だね？　そんな物騒なことではないよ」"
			},
			{
				"TYPE": "ZM",
				"ID": 481324,
				"NAME": "憂緒",
				"ENG_NAME": "憂緒",
				"STRING": "「詳しく教えていただけますか」",
				"ENG_STRING": "「詳しく教えていただけますか」"
			},
			{
				"TYPE": "ZM",
				"ID": 481325,
				"NAME": "二人",
				"ENG_NAME": "二人",
				"STRING": "「うむ、その日は数年に一度訪れるのだが、魔術や魔術道具のチカラが非常に強まるのだよ」",
				"ENG_STRING": "「うむ、その日は数年に一度訪れるのだが、魔術や魔術道具のチカラが非常に強まるのだよ」"
			},
			{
				"TYPE": "ZM",
				"ID": 481326,
				"NAME": "二人",
				"ENG_NAME": "二人",
				"STRING": "「つまり、遺品の封印にも異常が生じやすくなる。充分気をつけてくれたまえ」",
				"ENG_STRING": "「つまり、遺品の封印にも異常が生じやすくなる。充分気をつけてくれたまえ」"
			},
			{
				"TYPE": "ZM",
				"ID": 481327,
				"NAME": "静春",
				"ENG_NAME": "静春",
				"STRING": "「力が強まる……？」",
				"ENG_STRING": "「力が強まる……？」"
			},
			{
				"TYPE": "ZM",
				"ID": 481328,
				"NAME": "小太郎",
				"ENG_NAME": "小太郎",
				"STRING": "「遺品の封印が解けちゃったら、暴走しやすくなるとか？」",
				"ENG_STRING": "「遺品の封印が解けちゃったら、暴走しやすくなるとか？」"
			},
			{
				"TYPE": "ZM",
				"ID": 481329,
				"NAME": "二人",
				"ENG_NAME": "二人",
				"STRING": "「そういう可能性もあるかもしれん」",
				"ENG_STRING": "「そういう可能性もあるかもしれん」"
			},
			{
				"TYPE": "ZM",
				"ID": 481330,
				"NAME": "静春",
				"ENG_NAME": "静春",
				"STRING": "「ちょ、ちょっと待って下さい！　じゃあ時計塔のあの魔法陣もヤバいって事ですか！？」",
				"ENG_STRING": "「ちょ、ちょっと待って下さい！　じゃあ時計塔のあの魔法陣もヤバいって事ですか！？」"
			},
			{
				"TYPE": "ZM",
				"ID": 481331,
				"NAME": "二人",
				"ENG_NAME": "二人",
				"STRING": "「ああ、魔女二人にはもう気をつけるようにと言ってあるよ」",
				"ENG_STRING": "「ああ、魔女二人にはもう気をつけるようにと言ってあるよ」"
			},
			{
				"TYPE": "ZM",
				"ID": 481332,
				"NAME": "静春",
				"ENG_NAME": "静春",
				"STRING": "「つまりヤバいんですね！？」",
				"ENG_STRING": "「つまりヤバいんですね！？」"
			},
			{
				"TYPE": "ZM",
				"ID": 481333,
				"NAME": "二人",
				"ENG_NAME": "二人",
				"STRING": "「いやいや、あの魔法陣は細心の注意を払って作られたものだから、然う然う暴走したりする危険はないさ」",
				"ENG_STRING": "「いやいや、あの魔法陣は細心の注意を払って作られたものだから、然う然う暴走したりする危険はないさ」"
			},
			{
				"TYPE": "ZM",
				"ID": 481334,
				"NAME": "二人",
				"ENG_NAME": "二人",
				"STRING": "「ただ学園内で最も強力な魔力の働く場所ではあるから念のため気をつけるようにという事だ」",
				"ENG_STRING": "「ただ学園内で最も強力な魔力の働く場所ではあるから念のため気をつけるようにという事だ」"
			},
			{
				"TYPE": "ZM",
				"ID": 481335,
				"NAME": "静春",
				"ENG_NAME": "静春",
				"STRING": "「……本当に心配ないんですか？」",
				"ENG_STRING": "「……本当に心配ないんですか？」"
			},
			{
				"TYPE": "ZM",
				"ID": 481336,
				"NAME": "二人",
				"ENG_NAME": "二人",
				"STRING": "「彼女達自身が素晴らしい魔力を持った魔女だからね、信用したまえ」",
				"ENG_STRING": "「彼女達自身が素晴らしい魔力を持った魔女だからね、信用したまえ」"
			},
			{
				"TYPE": "ZM",
				"ID": 481337,
				"NAME": "静春",
				"ENG_NAME": "静春",
				"STRING": "「はあ………」",
				"ENG_STRING": "「はあ………」"
			},
			{
				"TYPE": "ZM",
				"ID": 481338,
				"STRING": "まだ少々不安そうではあったが、村雲はひとまず引き下がった。",
				"ENG_STRING": "まだ少々不安そうではあったが、村雲はひとまず引き下がった。"
			},
			{
				"TYPE": "ZM",
				"ID": 481339,
				"STRING": "姉の事になると、本当にムキになるなぁ、コイツ。",
				"ENG_STRING": "姉の事になると、本当にムキになるなぁ、コイツ。"
			},
			{
				"TYPE": "ZM",
				"ID": 481340,
				"NAME": "憂緒",
				"ENG_NAME": "憂緒",
				"STRING": "「では、その『蝕の日』の間は普段より厳重に警戒しておくべきということですね」",
				"ENG_STRING": "「では、その『蝕の日』の間は普段より厳重に警戒しておくべきということですね」"
			},
			{
				"TYPE": "ZM",
				"ID": 481341,
				"NAME": "二人",
				"ENG_NAME": "二人",
				"STRING": "「うむ、そういうことだ」",
				"ENG_STRING": "「うむ、そういうことだ」"
			},
			{
				"TYPE": "ZM",
				"ID": 481342,
				"STRING": "……とはいえ、遺品は常に唐突に降って湧いてくるので、警戒すると言っても出てくるのを事前に防ぐ手段がないんだよな。",
				"ENG_STRING": "……とはいえ、遺品は常に唐突に降って湧いてくるので、警戒すると言っても出てくるのを事前に防ぐ手段がないんだよな。"
			},
			{
				"TYPE": "ZM",
				"ID": 481343,
				"NAME": "三厳",
				"ENG_NAME": "三厳",
				"STRING": "「……嫌な予感しかしねえ……」",
				"ENG_STRING": "「……嫌な予感しかしねえ……」"
			},
			{
				"TYPE": "ZM",
				"ID": 481344,
				"NAME": "小太郎",
				"ENG_NAME": "小太郎",
				"STRING": "「い、今までが、今までだけにね……」",
				"ENG_STRING": "「い、今までが、今までだけにね……」"
			},
			{
				"TYPE": "ZM",
				"ID": 481345,
				"STRING": "この手の話が無事に済んだためしがない。",
				"ENG_STRING": "この手の話が無事に済んだためしがない。"
			},
			{
				"TYPE": "ZM",
				"ID": 481346,
				"STRING": "おまると二人で小声で囁き合っていると、学園長は思い出したようにぽんと手を叩いた。",
				"ENG_STRING": "おまると二人で小声で囁き合っていると、学園長は思い出したようにぽんと手を叩いた。"
			},
			{
				"TYPE": "ZM",
				"ID": 481347,
				"NAME": "二人",
				"ENG_NAME": "二人",
				"STRING": "「そうそう、久我君と村雲君、君達には他にも頼みたい事があったんだ」",
				"ENG_STRING": "「そうそう、久我君と村雲君、君達には他にも頼みたい事があったんだ」"
			},
			{
				"TYPE": "ZM",
				"ID": 481348,
				"NAME": "三厳",
				"ENG_NAME": "三厳",
				"STRING": "「はい？」",
				"ENG_STRING": "「はい？」"
			},
			{
				"TYPE": "ZM",
				"ID": 481349,
				"NAME": "静春",
				"ENG_NAME": "静春",
				"STRING": "「オレ達だけですか？」",
				"ENG_STRING": "「オレ達だけですか？」"
			},
			{
				"TYPE": "ZM",
				"ID": 481350,
				"NAME": "二人",
				"ENG_NAME": "二人",
				"STRING": "「うむ、君達は放課後礼拝堂へ来てくれたまえ」",
				"ENG_STRING": "「うむ、君達は放課後礼拝堂へ来てくれたまえ」"
			},
			{
				"TYPE": "SELR",
				"ID": 0,
				"STRING": "面倒くさい",
				"ENG_STRING": "面倒くさい"
			},
			{
				"TYPE": "SELR",
				"ID": 1,
				"STRING": "なんで俺らだけ？",
				"ENG_STRING": "なんで俺らだけ？"
			},
			{
				"TYPE": "ZM",
				"ID": 481793,
				"NAME": "三厳",
				"ENG_NAME": "三厳",
				"STRING": "「なんだそれ、めんどくさいなぁ」",
				"ENG_STRING": "「なんだそれ、めんどくさいなぁ」"
			},
			{
				"TYPE": "ZM",
				"ID": 481794,
				"NAME": "二人",
				"ENG_NAME": "二人",
				"STRING": "「そう言わずに、よろしく頼む。一般生徒には頼めないのだよ」",
				"ENG_STRING": "「そう言わずに、よろしく頼む。一般生徒には頼めないのだよ」"
			},
			{
				"TYPE": "ZM",
				"ID": 481795,
				"NAME": "三厳",
				"ENG_NAME": "三厳",
				"STRING": "「なんでだよ？」",
				"ENG_STRING": "「なんでだよ？」"
			},
			{
				"TYPE": "ZM",
				"ID": 481796,
				"NAME": "二人",
				"ENG_NAME": "二人",
				"STRING": "「まず第一に、力仕事なのだよ」",
				"ENG_STRING": "「まず第一に、力仕事なのだよ」"
			},
			{
				"TYPE": "ZM",
				"ID": 482050,
				"NAME": "三厳",
				"ENG_NAME": "三厳",
				"STRING": "「なんで俺らだけ？」",
				"ENG_STRING": "「なんで俺らだけ？」"
			},
			{
				"TYPE": "ZM",
				"ID": 482051,
				"NAME": "二人",
				"ENG_NAME": "二人",
				"STRING": "「力仕事なのだよ。鹿ケ谷さんや烏丸君に向いているとは思えない」",
				"ENG_STRING": "「力仕事なのだよ。鹿ケ谷さんや烏丸君に向いているとは思えない」"
			},
			{
				"TYPE": "ZM",
				"ID": 482052,
				"NAME": "三厳",
				"ENG_NAME": "三厳",
				"STRING": "「……なるほど」",
				"ENG_STRING": "「……なるほど」"
			},
			{
				"TYPE": "ZM",
				"ID": 482053,
				"NAME": "小太郎",
				"ENG_NAME": "小太郎",
				"STRING": "「……………………」",
				"ENG_STRING": "「……………………」"
			},
			{
				"TYPE": "ZM",
				"ID": 482054,
				"STRING": "おまるがひそかに凹んでるようだったが、気付かないふりをしておいた。",
				"ENG_STRING": "おまるがひそかに凹んでるようだったが、気付かないふりをしておいた。"
			},
			{
				"TYPE": "ZM",
				"ID": 482306,
				"NAME": "二人",
				"ENG_NAME": "二人",
				"STRING": "「それにだね、礼拝堂も他の場所よりは多少魔術的な場所なので、時期が時期だから一般生徒には頼みたくないのだ」",
				"ENG_STRING": "「それにだね、礼拝堂も他の場所よりは多少魔術的な場所なので、時期が時期だから一般生徒には頼みたくないのだ」"
			},
			{
				"TYPE": "ZM",
				"ID": 482307,
				"NAME": "憂緒",
				"ENG_NAME": "憂緒",
				"STRING": "「時期が時期、というのはやはり先ほどの『蝕の日』のことですか？」",
				"ENG_STRING": "「時期が時期、というのはやはり先ほどの『蝕の日』のことですか？」"
			},
			{
				"TYPE": "ZM",
				"ID": 482308,
				"NAME": "二人",
				"ENG_NAME": "二人",
				"STRING": "「そうだ。まだ数日あるから大丈夫だとは思うが、油断はしない方がいいと思ってな」",
				"ENG_STRING": "「そうだ。まだ数日あるから大丈夫だとは思うが、油断はしない方がいいと思ってな」"
			},
			{
				"TYPE": "ZM",
				"ID": 482309,
				"NAME": "憂緒",
				"ENG_NAME": "憂緒",
				"STRING": "「……そういう理由でしたら、特査分室で引き受けるのが無難でしょうね」",
				"ENG_STRING": "「……そういう理由でしたら、特査分室で引き受けるのが無難でしょうね」"
			},
			{
				"TYPE": "ZM",
				"ID": 482310,
				"NAME": "三厳",
				"ENG_NAME": "三厳",
				"STRING": "「ま、しょうがないな」",
				"ENG_STRING": "「ま、しょうがないな」"
			},
			{
				"TYPE": "ZM",
				"ID": 482311,
				"NAME": "静春",
				"ENG_NAME": "静春",
				"STRING": "「わかりました」",
				"ENG_STRING": "「わかりました」"
			},
			{
				"TYPE": "ZM",
				"ID": 482312,
				"NAME": "二人",
				"ENG_NAME": "二人",
				"STRING": "「うむ、よろしく頼む！」",
				"ENG_STRING": "「うむ、よろしく頼む！」"
			},
			{
				"TYPE": "ZM",
				"ID": 482313,
				"NAME": "二人",
				"ENG_NAME": "二人",
				"STRING": "「あ、それと、祭壇には触らないように。あれすごい高いから壊さないでくれたまえ」",
				"ENG_STRING": "「あ、それと、祭壇には触らないように。あれすごい高いから壊さないでくれたまえ」"
			},
			{
				"TYPE": "ZM",
				"ID": 482314,
				"NAME": "三厳",
				"ENG_NAME": "三厳",
				"STRING": "「わかりました！」",
				"ENG_STRING": "「わかりました！」"
			},
			{
				"TYPE": "ZM",
				"ID": 482315,
				"STRING": "彫像という前科があるだけに、そこには必要以上に全力で頷いてしまう。",
				"ENG_STRING": "彫像という前科があるだけに、そこには必要以上に全力で頷いてしまう。"
			},
			{
				"TYPE": "ZM",
				"ID": 482316,
				"STRING": "そうか、あの祭壇も高いのか……。",
				"ENG_STRING": "そうか、あの祭壇も高いのか……。"
			},
			{
				"TYPE": "ZM",
				"ID": 482317,
				"STRING": "学園長室を辞してぶらぶらと廊下を歩く。",
				"ENG_STRING": "学園長室を辞してぶらぶらと廊下を歩く。"
			},
			{
				"TYPE": "ZM",
				"ID": 482318,
				"NAME": "三厳",
				"ENG_NAME": "三厳",
				"STRING": "「はー、早いところ昼飯食わねえと」",
				"ENG_STRING": "「はー、早いところ昼飯食わねえと」"
			},
			{
				"TYPE": "ZM",
				"ID": 482319,
				"NAME": "小太郎",
				"ENG_NAME": "小太郎",
				"STRING": "「学食はもうすごい混んでそうだから、パンでも買って分室で食べる？」",
				"ENG_STRING": "「学食はもうすごい混んでそうだから、パンでも買って分室で食べる？」"
			},
			{
				"TYPE": "ZM",
				"ID": 482320,
				"NAME": "憂緒",
				"ENG_NAME": "憂緒",
				"STRING": "「……………………」",
				"ENG_STRING": "「……………………」"
			},
			{
				"TYPE": "ZM",
				"ID": 482321,
				"NAME": "三厳",
				"ENG_NAME": "三厳",
				"STRING": "「ん？　どうしたモー子？」",
				"ENG_STRING": "「ん？　どうしたモー子？」"
			},
			{
				"TYPE": "ZM",
				"ID": 482322,
				"STRING": "喋りながら歩いていると、モー子は不意に立ち止まり校庭の方に視線を向けた。",
				"ENG_STRING": "喋りながら歩いていると、モー子は不意に立ち止まり校庭の方に視線を向けた。"
			},
			{
				"TYPE": "ZM",
				"ID": 482323,
				"NAME": "三厳",
				"ENG_NAME": "三厳",
				"STRING": "「あ、あいつら……」",
				"ENG_STRING": "「あ、あいつら……」"
			},
			{
				"TYPE": "ZM",
				"ID": 482324,
				"STRING": "学園の制服姿ではない人影。",
				"ENG_STRING": "学園の制服姿ではない人影。"
			},
			{
				"TYPE": "ZM",
				"ID": 482325,
				"STRING": "ハイジとルイだ。",
				"ENG_STRING": "ハイジとルイだ。"
			},
			{
				"TYPE": "ZM",
				"ID": 482326,
				"NAME": "静春",
				"ENG_NAME": "静春",
				"STRING": "「なにしてんだ？　時計塔なんか見上げて……」",
				"ENG_STRING": "「なにしてんだ？　時計塔なんか見上げて……」"
			},
			{
				"TYPE": "ZM",
				"ID": 482327,
				"STRING": "二人は校舎の隣にそびえ立つ時計塔を見上げ、何やら話し込んでいるようだった。",
				"ENG_STRING": "二人は校舎の隣にそびえ立つ時計塔を見上げ、何やら話し込んでいるようだった。"
			},
			{
				"TYPE": "ZM",
				"ID": 482328,
				"STRING": "指さしながら何か言うハイジに執事が頷きながら難しい顔で答えている。",
				"ENG_STRING": "指さしながら何か言うハイジに執事が頷きながら難しい顔で答えている。"
			},
			{
				"TYPE": "ZM",
				"ID": 482329,
				"NAME": "小太郎",
				"ENG_NAME": "小太郎",
				"STRING": "「また何か調べてるのかな？」",
				"ENG_STRING": "「また何か調べてるのかな？」"
			},
			{
				"TYPE": "ZM",
				"ID": 482330,
				"NAME": "憂緒",
				"ENG_NAME": "憂緒",
				"STRING": "「そのようですね……」",
				"ENG_STRING": "「そのようですね……」"
			},
			{
				"TYPE": "ZM",
				"ID": 482331,
				"NAME": "静春",
				"ENG_NAME": "静春",
				"STRING": "「あんまり突っ込んだ事調べられるとまずいんじゃないのか？」",
				"ENG_STRING": "「あんまり突っ込んだ事調べられるとまずいんじゃないのか？」"
			},
			{
				"TYPE": "ZM",
				"ID": 482332,
				"NAME": "三厳",
				"ENG_NAME": "三厳",
				"STRING": "「面倒な事にはなりそうだな」",
				"ENG_STRING": "「面倒な事にはなりそうだな」"
			},
			{
				"TYPE": "ZM",
				"ID": 482333,
				"STRING": "鍔姫ちゃんとスミちゃんが夜の世界の燃料的な役割を担っている件とか。",
				"ENG_STRING": "鍔姫ちゃんとスミちゃんが夜の世界の燃料的な役割を担っている件とか。"
			},
			{
				"TYPE": "ZM",
				"ID": 482334,
				"STRING": "本人達は納得して協力しているとはいえ、傍目にはどう映るか……。",
				"ENG_STRING": "本人達は納得して協力しているとはいえ、傍目にはどう映るか……。"
			},
			{
				"TYPE": "ZM",
				"ID": 482335,
				"NAME": "三厳",
				"ENG_NAME": "三厳",
				"STRING": "「実の弟が暴走したくらいだから、生け贄的なもんに見えるかもなぁ……」",
				"ENG_STRING": "「実の弟が暴走したくらいだから、生け贄的なもんに見えるかもなぁ……」"
			},
			{
				"TYPE": "ZM",
				"ID": 482336,
				"NAME": "静春",
				"ENG_NAME": "静春",
				"STRING": "「オ、オレの事はいいんだよ！」@n",
				"ENG_STRING": "「オ、オレの事はいいんだよ！」@n"
			},
			{
				"TYPE": "ZM",
				"ID": 482337,
				"NAME": "憂緒",
				"ENG_NAME": "憂緒",
				"STRING": "「……一応警戒しておきましょう」",
				"ENG_STRING": "「……一応警戒しておきましょう」"
			},
			{
				"TYPE": "ZM",
				"ID": 482338,
				"NAME": "小太郎",
				"ENG_NAME": "小太郎",
				"STRING": "「あのさ、あの人達は『蝕の日』とか知ってるのかな？」",
				"ENG_STRING": "「あのさ、あの人達は『蝕の日』とか知ってるのかな？」"
			},
			{
				"TYPE": "ZM",
				"ID": 482339,
				"NAME": "三厳",
				"ENG_NAME": "三厳",
				"STRING": "「あー、どうだろうな。変な事しないように釘刺しといた方がいいと思うか？」",
				"ENG_STRING": "「あー、どうだろうな。変な事しないように釘刺しといた方がいいと思うか？」"
			},
			{
				"TYPE": "ZM",
				"ID": 482340,
				"NAME": "静春",
				"ENG_NAME": "静春",
				"STRING": "「けど確か、あいつら魔術の名家のヤツなんだろ？　知ってんじゃねえ？」",
				"ENG_STRING": "「けど確か、あいつら魔術の名家のヤツなんだろ？　知ってんじゃねえ？」"
			},
			{
				"TYPE": "ZM",
				"ID": 482341,
				"NAME": "憂緒",
				"ENG_NAME": "憂緒",
				"STRING": "「知識はあるかも知れませんね。それなら無茶な真似はしないと思いますが」",
				"ENG_STRING": "「知識はあるかも知れませんね。それなら無茶な真似はしないと思いますが」"
			},
			{
				"TYPE": "ZM",
				"ID": 482342,
				"NAME": "小太郎",
				"ENG_NAME": "小太郎",
				"STRING": "「それくらい知ってます、って怒られそうな気もするね……」",
				"ENG_STRING": "「それくらい知ってます、って怒られそうな気もするね……」"
			},
			{
				"TYPE": "ZM",
				"ID": 482343,
				"NAME": "憂緒",
				"ENG_NAME": "憂緒",
				"STRING": "「ひとまず様子を見ましょう。不穏な事を企んでいるなら正面から行ってもはぐらかされるだけでしょうから」",
				"ENG_STRING": "「ひとまず様子を見ましょう。不穏な事を企んでいるなら正面から行ってもはぐらかされるだけでしょうから」"
			},
			{
				"TYPE": "ZM",
				"ID": 482344,
				"NAME": "三厳",
				"ENG_NAME": "三厳",
				"STRING": "「だな」",
				"ENG_STRING": "「だな」"
			},
			{
				"TYPE": "ZM",
				"ID": 482345,
				"STRING": "うかつに情報を与えて良いかどうかも不安だし、動向をうかがってからの方がいいか……。",
				"ENG_STRING": "うかつに情報を与えて良いかどうかも不安だし、動向をうかがってからの方がいいか……。"
			},
			{
				"TYPE": "ZM",
				"ID": 482346,
				"STRING": "こちらには気付いていない様子のお嬢様達を横目に、俺達は廊下を通り過ぎた。",
				"ENG_STRING": "こちらには気付いていない様子のお嬢様達を横目に、俺達は廊下を通り過ぎた。"
			},
			{
				"TYPE": "ZM",
				"ID": 482347,
				"NAME": "ルイ",
				"ENG_NAME": "ルイ",
				"STRING": "「……その可能性は高いな」",
				"ENG_STRING": "「……その可能性は高いな」"
			},
			{
				"TYPE": "ZM",
				"ID": 482348,
				"NAME": "アーデルハイト",
				"ENG_NAME": "アーデルハイト",
				"STRING": "「でも、そうだとしたら……」",
				"ENG_STRING": "「でも、そうだとしたら……」"
			},
			{
				"TYPE": "ZM",
				"ID": 482349,
				"NAME": "アーデルハイト",
				"ENG_NAME": "アーデルハイト",
				"STRING": "「彼らはどうなのかしら？　特査には……相談すべきだと思う？」",
				"ENG_STRING": "「彼らはどうなのかしら？　特査には……相談すべきだと思う？」"
			},
			{
				"TYPE": "ZM",
				"ID": 482350,
				"NAME": "ルイ",
				"ENG_NAME": "ルイ",
				"STRING": "「……………………」",
				"ENG_STRING": "「……………………」"
			},
			{
				"TYPE": "ZM",
				"ID": 482351,
				"NAME": "アーデルハイト",
				"ENG_NAME": "アーデルハイト",
				"STRING": "「……………………」",
				"ENG_STRING": "「……………………」"
			},
			{
				"TYPE": "ZM",
				"ID": 482352,
				"NAME": "ルイ",
				"ENG_NAME": "ルイ",
				"STRING": "「……正直、危険かもしれないな」",
				"ENG_STRING": "「……正直、危険かもしれないな」"
			},
			{
				"TYPE": "ZM",
				"ID": 482353,
				"NAME": "ルイ",
				"ENG_NAME": "ルイ",
				"STRING": "「特査も学園の機構の一つだ。完全に信用していいという根拠はまだない」",
				"ENG_STRING": "「特査も学園の機構の一つだ。完全に信用していいという根拠はまだない」"
			},
			{
				"TYPE": "ZM",
				"ID": 482354,
				"NAME": "アーデルハイト",
				"ENG_NAME": "アーデルハイト",
				"STRING": "「…………そう、かしら」",
				"ENG_STRING": "「…………そう、かしら」"
			},
			{
				"TYPE": "ZM",
				"ID": 482355,
				"NAME": "ルイ",
				"ENG_NAME": "ルイ",
				"STRING": "「確かに今までの奴らの言動を見る限り、お人好しの集団という印象だがな」",
				"ENG_STRING": "「確かに今までの奴らの言動を見る限り、お人好しの集団という印象だがな」"
			},
			{
				"TYPE": "ZM",
				"ID": 482356,
				"NAME": "ルイ",
				"ENG_NAME": "ルイ",
				"STRING": "「だからと言って、いざこちらが学園に対してこういう考えを持っていると知った場合、奴らが今まで通りの態度でいるかどうか……」",
				"ENG_STRING": "「だからと言って、いざこちらが学園に対してこういう考えを持っていると知った場合、奴らが今まで通りの態度でいるかどうか……」"
			},
			{
				"TYPE": "ZM",
				"ID": 482357,
				"NAME": "アーデルハイト",
				"ENG_NAME": "アーデルハイト",
				"STRING": "「……………………」",
				"ENG_STRING": "「……………………」"
			},
			{
				"TYPE": "ZM",
				"ID": 482358,
				"NAME": "ルイ",
				"ENG_NAME": "ルイ",
				"STRING": "「……忘れるな。魔女とは、何かを犠牲にして自分の願いを叶える者だ」",
				"ENG_STRING": "「……忘れるな。魔女とは、何かを犠牲にして自分の願いを叶える者だ」"
			},
			{
				"TYPE": "ZM",
				"ID": 482359,
				"NAME": "アーデルハイト",
				"ENG_NAME": "アーデルハイト",
				"STRING": "「……そう、ね」",
				"ENG_STRING": "「……そう、ね」"
			},
			{
				"TYPE": "ZM",
				"ID": 482360,
				"NAME": "アーデルハイト",
				"ENG_NAME": "アーデルハイト",
				"STRING": "「わかったわ。このことはまだ、誰にも言わない」",
				"ENG_STRING": "「わかったわ。このことはまだ、誰にも言わない」"
			}
		],
		"CHAPTER_SUBNAME": "S05_04_01　迷い"
	}
}