{
	"S00_01プロローグ": {
		"MESSAGES": [
			{
				"TYPE": "ZM",
				"ID": 403970,
				"STRING": "――この不思議な学園にもずいぶん慣れた。",
				"ENG_STRING": "――この不思議な学園にもずいぶん慣れた。"
			},
			{
				"TYPE": "ZM",
				"ID": 403971,
				"STRING": "子供にしか見えない学園長。",
				"ENG_STRING": "子供にしか見えない学園長。"
			},
			{
				"TYPE": "ZM",
				"ID": 403972,
				"STRING": "図書館にいる、物静かすぎる少女。",
				"ENG_STRING": "図書館にいる、物静かすぎる少女。"
			},
			{
				"TYPE": "ZM",
				"ID": 403973,
				"STRING": "放課後は居残れない校舎……。",
				"ENG_STRING": "放課後は居残れない校舎……。"
			},
			{
				"TYPE": "ZM",
				"ID": 403974,
				"NAME": "校内放送",
				"ENG_NAME": "校内放送",
				"STRING": "『下校時刻になりました。生徒の皆さんはすみやかに下校して下さい……』",
				"ENG_STRING": "『下校時刻になりました。生徒の皆さんはすみやかに下校して下さい……』"
			},
			{
				"TYPE": "ZM",
				"ID": 403975,
				"STRING": "今日も、傾いた日差しの中に帰寮をうながすアナウンスが流れる。",
				"ENG_STRING": "今日も、傾いた日差しの中に帰寮をうながすアナウンスが流れる。"
			},
			{
				"TYPE": "ZM",
				"ID": 403976,
				"STRING": "いつもは少し不安に駆られていたその声だけど、心が軽くなった今はもうあまり気にならない。",
				"ENG_STRING": "いつもは少し不安に駆られていたその声だけど、心が軽くなった今はもうあまり気にならない。"
			},
			{
				"TYPE": "ZM",
				"ID": 403977,
				"STRING": "不思議は不思議だけれど、わたしの心にずっと住み着いていた心配事がなくなったから。",
				"ENG_STRING": "不思議は不思議だけれど、わたしの心にずっと住み着いていた心配事がなくなったから。"
			},
			{
				"TYPE": "ZM",
				"ID": 403978,
				"NAME": null,
				"ENG_NAME": null,
				"STRING": "「ねえリト、ここに書いてあることに、間違いはないの？」",
				"ENG_STRING": "「ねえリト、ここに書いてあることに、間違いはないの？」"
			},
			{
				"TYPE": "ZM",
				"ID": 403979,
				"NAME": "リト",
				"ENG_NAME": "リト",
				"STRING": "「……ええ、間違いないわ」",
				"ENG_STRING": "「……ええ、間違いないわ」"
			},
			{
				"TYPE": "ZM",
				"ID": 403980,
				"NAME": "リト",
				"ENG_NAME": "リト",
				"STRING": "「魔力は遺伝しない。魂そのものがもっている力だから」",
				"ENG_STRING": "「魔力は遺伝しない。魂そのものがもっている力だから」"
			},
			{
				"TYPE": "ZM",
				"ID": 403981,
				"NAME": null,
				"ENG_NAME": null,
				"STRING": "「そう……そうなんだ……」",
				"ENG_STRING": "「そう……そうなんだ……」"
			},
			{
				"TYPE": "ZM",
				"ID": 403982,
				"NAME": null,
				"ENG_NAME": null,
				"STRING": "「じゃあ、お母さんのあの不思議な力を、わたしが受け継いでいることはないんだね」",
				"ENG_STRING": "「じゃあ、お母さんのあの不思議な力を、わたしが受け継いでいることはないんだね」"
			},
			{
				"TYPE": "ZM",
				"ID": 403983,
				"NAME": "リト",
				"ENG_NAME": "リト",
				"STRING": "「ないわ。あなたの母親は力の強い人だったのね」",
				"ENG_STRING": "「ないわ。あなたの母親は力の強い人だったのね」"
			},
			{
				"TYPE": "ZM",
				"ID": 403984,
				"NAME": null,
				"ENG_NAME": null,
				"STRING": "「うん、泣いてる子供をお母さんが撫でるとすぐに泣き止んだり……全然知らない子でもだよ？」",
				"ENG_STRING": "「うん、泣いてる子供をお母さんが撫でるとすぐに泣き止んだり……全然知らない子でもだよ？」"
			},
			{
				"TYPE": "ZM",
				"ID": 403985,
				"NAME": null,
				"ENG_NAME": null,
				"STRING": "「すごく怒ってた酔ったおじさんが、お母さんに一言注意されただけであっさり素面に戻ったこともあるの」",
				"ENG_STRING": "「すごく怒ってた酔ったおじさんが、お母さんに一言注意されただけであっさり素面に戻ったこともあるの」"
			},
			{
				"TYPE": "ZM",
				"ID": 403986,
				"NAME": null,
				"ENG_NAME": null,
				"STRING": "「これってどういう力なのかなあ？　人の気持ちを操る魔術ってあまり本にも載ってないみたいなんだけど……」",
				"ENG_STRING": "「これってどういう力なのかなあ？　人の気持ちを操る魔術ってあまり本にも載ってないみたいなんだけど……」"
			},
			{
				"TYPE": "ZM",
				"ID": 403987,
				"NAME": "リト",
				"ENG_NAME": "リト",
				"STRING": "「それは、心に立った波を凪ぐことが出来る力。感情を穏やかな状態に戻すのよ」",
				"ENG_STRING": "「それは、心に立った波を凪ぐことが出来る力。感情を穏やかな状態に戻すのよ」"
			},
			{
				"TYPE": "ZM",
				"ID": 403988,
				"NAME": "リト",
				"ENG_NAME": "リト",
				"STRING": "「感情そのものを自由に操るのはとても難しいの。遺品の力を借りなければ、普通は出来ない」",
				"ENG_STRING": "「感情そのものを自由に操るのはとても難しいの。遺品の力を借りなければ、普通は出来ない」"
			},
			{
				"TYPE": "ZM",
				"ID": 403989,
				"NAME": null,
				"ENG_NAME": null,
				"STRING": "「本当！？　なら、その……もし、わたしにもお母さんみたいな力があったとしても……」",
				"ENG_STRING": "「本当！？　なら、その……もし、わたしにもお母さんみたいな力があったとしても……」"
			},
			{
				"TYPE": "ZM",
				"ID": 403990,
				"NAME": null,
				"ENG_NAME": null,
				"STRING": "「例えば、あまり友達とかに興味のなかった子にね……わたしはその子のこと大好きなんだけど」",
				"ENG_STRING": "「例えば、あまり友達とかに興味のなかった子にね……わたしはその子のこと大好きなんだけど」"
			},
			{
				"TYPE": "ZM",
				"ID": 403991,
				"NAME": null,
				"ENG_NAME": null,
				"STRING": "「……そんな子に……わたしのことを好きになって欲しい、友達になりたいって思ったとしても、勝手にその力で仲良くなれたりはしないの？」",
				"ENG_STRING": "「……そんな子に……わたしのことを好きになって欲しい、友達になりたいって思ったとしても、勝手にその力で仲良くなれたりはしないの？」"
			},
			{
				"TYPE": "ZM",
				"ID": 403992,
				"NAME": "リト",
				"ENG_NAME": "リト",
				"STRING": "「無意識にそこまでの力を発揮した例は私は聞いたことがないわ」",
				"ENG_STRING": "「無意識にそこまでの力を発揮した例は私は聞いたことがないわ」"
			},
			{
				"TYPE": "ZM",
				"ID": 403993,
				"NAME": null,
				"ENG_NAME": null,
				"STRING": "「……そうなんだ……。じゃあ、何かの力のせいで仲良くなったんじゃないんだね！　本当に、本当に友達になれてたんだ……」",
				"ENG_STRING": "「……そうなんだ……。じゃあ、何かの力のせいで仲良くなったんじゃないんだね！　本当に、本当に友達になれてたんだ……」"
			},
			{
				"TYPE": "ZM",
				"ID": 403994,
				"NAME": "リト",
				"ENG_NAME": "リト",
				"STRING": "「あなたに友達がいるなら、その通りよ。あなたの中にそんな力は感じない」",
				"ENG_STRING": "「あなたに友達がいるなら、その通りよ。あなたの中にそんな力は感じない」"
			},
			{
				"TYPE": "ZM",
				"ID": 403995,
				"NAME": null,
				"ENG_NAME": null,
				"STRING": "「……ありがとう、リト！　よかった、本当に……よかったぁ……」",
				"ENG_STRING": "「……ありがとう、リト！　よかった、本当に……よかったぁ……」"
			},
			{
				"TYPE": "ZM",
				"ID": 404225,
				"STRING": "この学園に来てみて、本当に良かった。",
				"ENG_STRING": "この学園に来てみて、本当に良かった。"
			},
			{
				"TYPE": "ZM",
				"ID": 404226,
				"STRING": "ふと心に浮かんで以来、ずっとわたしを悩ませていた事がきれいに解決してしまったのだから。",
				"ENG_STRING": "ふと心に浮かんで以来、ずっとわたしを悩ませていた事がきれいに解決してしまったのだから。"
			},
			{
				"TYPE": "ZM",
				"ID": 404227,
				"STRING": "――そうだ、早く連絡しないと。",
				"ENG_STRING": "――そうだ、早く連絡しないと。"
			},
			{
				"TYPE": "ZM",
				"ID": 404228,
				"STRING": "わたしがここに来ると言った時、ずいぶん心配してたから。",
				"ENG_STRING": "わたしがここに来ると言った時、ずいぶん心配してたから。"
			},
			{
				"TYPE": "ZM",
				"ID": 404229,
				"STRING": "手紙はずっと出していたけれど、戻って来る返事はやっぱり心配そうな文章ばかりだった。",
				"ENG_STRING": "手紙はずっと出していたけれど、戻って来る返事はやっぱり心配そうな文章ばかりだった。"
			},
			{
				"TYPE": "ZM",
				"ID": 404230,
				"STRING": "――ごめんね、結局心配かけて……。",
				"ENG_STRING": "――ごめんね、結局心配かけて……。"
			},
			{
				"TYPE": "ZM",
				"ID": 404231,
				"STRING": "次の休みには一度帰るって書こう。",
				"ENG_STRING": "次の休みには一度帰るって書こう。"
			},
			{
				"TYPE": "ZM",
				"ID": 404232,
				"STRING": "それで久しぶりに、二人でケーキ屋さんのハシゴしてお茶して……。",
				"ENG_STRING": "それで久しぶりに、二人でケーキ屋さんのハシゴしてお茶して……。"
			},
			{
				"TYPE": "ZM",
				"ID": 404233,
				"STRING": "胸を躍らせながら机に向かい、レターセットを取り出したその時だった。",
				"ENG_STRING": "胸を躍らせながら机に向かい、レターセットを取り出したその時だった。"
			},
			{
				"TYPE": "ZM",
				"ID": 404234,
				"STRING": "突然まばゆい光が部屋中に広がる。",
				"ENG_STRING": "突然まばゆい光が部屋中に広がる。"
			},
			{
				"TYPE": "ZM",
				"ID": 404235,
				"STRING": "わたしはあっという間にその光に包み込まれていた。",
				"ENG_STRING": "わたしはあっという間にその光に包み込まれていた。"
			},
			{
				"TYPE": "ZM",
				"ID": 404236,
				"STRING": "――なに？　なんなの……？",
				"ENG_STRING": "――なに？　なんなの……？"
			},
			{
				"TYPE": "ZM",
				"ID": 404237,
				"STRING": "声に出して問う暇もなく、意識が光に飲み込まれ",
				"ENG_STRING": "声に出して問う暇もなく、意識が光に飲み込まれ"
			},
			{
				"TYPE": "ZM",
				"ID": 404238,
				"STRING": "真っ白になっていった…………",
				"ENG_STRING": "真っ白になっていった…………"
			}
		]
	}
}