{
	"S02_03": {
		"MESSAGES": [
			{
				"TYPE": "ZM",
				"ID": 427010,
				"STRING": "翌朝。",
				"ENG_STRING": "翌朝。"
			},
			{
				"TYPE": "ZM",
				"ID": 427011,
				"STRING": "何事もなく夜が明け、何事もなく登校する。",
				"ENG_STRING": "何事もなく夜が明け、何事もなく登校する。"
			},
			{
				"TYPE": "ZM",
				"ID": 427012,
				"STRING": "特に何か起きそうな予兆もない朝だった。",
				"ENG_STRING": "特に何か起きそうな予兆もない朝だった。"
			},
			{
				"TYPE": "ZM",
				"ID": 427013,
				"NAME": "真弥",
				"ENG_NAME": "真弥",
				"STRING": "「おっはよー、お二人さん！」",
				"ENG_STRING": "「おっはよー、お二人さん！」"
			},
			{
				"TYPE": "ZM",
				"ID": 427014,
				"NAME": "小太郎",
				"ENG_NAME": "小太郎",
				"STRING": "「おはよー」",
				"ENG_STRING": "「おはよー」"
			},
			{
				"TYPE": "ZM",
				"ID": 427015,
				"NAME": "そあら",
				"ENG_NAME": "そあら",
				"STRING": "「おはよう〜、久我くん、まるくん」",
				"ENG_STRING": "「おはよう〜、久我くん、まるくん」"
			},
			{
				"TYPE": "ZM",
				"ID": 427016,
				"NAME": "三厳",
				"ENG_NAME": "三厳",
				"STRING": "「おう、おはよ」",
				"ENG_STRING": "「おう、おはよ」"
			},
			{
				"TYPE": "ZM",
				"ID": 427017,
				"STRING": "教室の近くまで来ると、黒谷真弥と吉田そあらが後ろから追うように小走りにやってきた。",
				"ENG_STRING": "教室の近くまで来ると、黒谷真弥と吉田そあらが後ろから追うように小走りにやってきた。"
			},
			{
				"TYPE": "ZM",
				"ID": 427018,
				"NAME": "真弥",
				"ENG_NAME": "真弥",
				"STRING": "「ねえねえ久我！　なんか知らない人が校内にいるらしいけど誰？」@n",
				"ENG_STRING": "「ねえねえ久我！　なんか知らない人が校内にいるらしいけど誰？」@n"
			},
			{
				"TYPE": "ZM",
				"ID": 427019,
				"NAME": "三厳",
				"ENG_NAME": "三厳",
				"STRING": "「知らない人？」",
				"ENG_STRING": "「知らない人？」"
			},
			{
				"TYPE": "ZM",
				"ID": 427020,
				"NAME": "真弥",
				"ENG_NAME": "真弥",
				"STRING": "「またぁー、とぼけないでよ！　噂の外国人の女の子とスーツの人に決まってるでしょー？」",
				"ENG_STRING": "「またぁー、とぼけないでよ！　噂の外国人の女の子とスーツの人に決まってるでしょー？」"
			},
			{
				"TYPE": "ZM",
				"ID": 427021,
				"STRING": "もう噂になってるらしい。",
				"ENG_STRING": "もう噂になってるらしい。"
			},
			{
				"TYPE": "ZM",
				"ID": 427022,
				"STRING": "無理もないか、昨日はもう堂々と歩き回ってたもんなぁ。",
				"ENG_STRING": "無理もないか、昨日はもう堂々と歩き回ってたもんなぁ。"
			},
			{
				"TYPE": "ZM",
				"ID": 427023,
				"NAME": "三厳",
				"ENG_NAME": "三厳",
				"STRING": "「あー、あの二人なあ」",
				"ENG_STRING": "「あー、あの二人なあ」"
			},
			{
				"TYPE": "ZM",
				"ID": 427024,
				"NAME": "真弥",
				"ENG_NAME": "真弥",
				"STRING": "「やっぱ知ってるんだ？　さっすが特査！」@n",
				"ENG_STRING": "「やっぱ知ってるんだ？　さっすが特査！」@n"
			},
			{
				"TYPE": "ZM",
				"ID": 427025,
				"NAME": "真弥",
				"ENG_NAME": "真弥",
				"STRING": "「スーツの方の人本物の執事って本当？　イケメンらしいじゃん？」",
				"ENG_STRING": "「スーツの方の人本物の執事って本当？　イケメンらしいじゃん？」"
			},
			{
				"TYPE": "ZM",
				"ID": 427026,
				"NAME": "そあら",
				"ENG_NAME": "そあら",
				"STRING": "「え？　クラスの男子が男装の麗人って言ってたけど、男の人なの？」@n",
				"ENG_STRING": "「え？　クラスの男子が男装の麗人って言ってたけど、男の人なの？」@n"
			},
			{
				"TYPE": "ZM",
				"ID": 427027,
				"NAME": "小太郎",
				"ENG_NAME": "小太郎",
				"STRING": "「……あれ、そういえばどっちだろう？」",
				"ENG_STRING": "「……あれ、そういえばどっちだろう？」"
			},
			{
				"TYPE": "ZM",
				"ID": 427028,
				"NAME": "三厳",
				"ENG_NAME": "三厳",
				"STRING": "「男じゃねえの？」",
				"ENG_STRING": "「男じゃねえの？」"
			},
			{
				"TYPE": "ZM",
				"ID": 427029,
				"NAME": "真弥",
				"ENG_NAME": "真弥",
				"STRING": "「で、誰？　何者？」@n",
				"ENG_STRING": "「で、誰？　何者？」@n"
			},
			{
				"TYPE": "ZM",
				"ID": 427030,
				"NAME": "三厳",
				"ENG_NAME": "三厳",
				"STRING": "「えーと……」",
				"ENG_STRING": "「えーと……」"
			},
			{
				"TYPE": "ZM",
				"ID": 427031,
				"STRING": "正直に話していいもんなのかな。",
				"ENG_STRING": "正直に話していいもんなのかな。"
			},
			{
				"TYPE": "ZM",
				"ID": 427032,
				"STRING": "とはいえ遺品云々は具体的に話さない方が良さそうだから……",
				"ENG_STRING": "とはいえ遺品云々は具体的に話さない方が良さそうだから……"
			},
			{
				"TYPE": "SELR",
				"ID": 0,
				"STRING": "実は秘密組織のエージェントだ",
				"ENG_STRING": "実は秘密組織のエージェントだ"
			},
			{
				"TYPE": "SELR",
				"ID": 1,
				"STRING": "学園長の客だ",
				"ENG_STRING": "学園長の客だ"
			},
			{
				"TYPE": "ZM",
				"ID": 427266,
				"NAME": "三厳",
				"ENG_NAME": "三厳",
				"STRING": "「実は秘密組織のエージェントなんだ」",
				"ENG_STRING": "「実は秘密組織のエージェントなんだ」"
			},
			{
				"TYPE": "ZM",
				"ID": 427267,
				"NAME": "真弥",
				"ENG_NAME": "真弥",
				"STRING": "「えええっ！？　秘密組織！　なにそれかっこいい！！」",
				"ENG_STRING": "「えええっ！？　秘密組織！　なにそれかっこいい！！」"
			},
			{
				"TYPE": "ZM",
				"ID": 427268,
				"NAME": "小太郎",
				"ENG_NAME": "小太郎",
				"STRING": "「あの、みっちー？」",
				"ENG_STRING": "「あの、みっちー？」"
			},
			{
				"TYPE": "ZM",
				"ID": 427269,
				"NAME": "真弥",
				"ENG_NAME": "真弥",
				"STRING": "「スパイってこと？　外国の？　００何とかとかそういうの？」",
				"ENG_STRING": "「スパイってこと？　外国の？　００何とかとかそういうの？」"
			},
			{
				"TYPE": "ZM",
				"ID": 427270,
				"STRING": "ものすごい食いつかれた。",
				"ENG_STRING": "ものすごい食いつかれた。"
			},
			{
				"TYPE": "ZM",
				"ID": 427271,
				"STRING": "なんで疑わないんだ、こんな突拍子もない発言を。",
				"ENG_STRING": "なんで疑わないんだ、こんな突拍子もない発言を。"
			},
			{
				"TYPE": "ZM",
				"ID": 427272,
				"NAME": "真弥",
				"ENG_NAME": "真弥",
				"STRING": "「なんか凶悪犯とか追ってんのかな？　それとも宇宙人とか？　この学園に逃げ込んでてそれを捕まえに来てるとか？」",
				"ENG_STRING": "「なんか凶悪犯とか追ってんのかな？　それとも宇宙人とか？　この学園に逃げ込んでてそれを捕まえに来てるとか？」"
			},
			{
				"TYPE": "ZM",
				"ID": 427273,
				"NAME": "そあら",
				"ENG_NAME": "そあら",
				"STRING": "「怖いよ、まーやちゃんっ！？」@n",
				"ENG_STRING": "「怖いよ、まーやちゃんっ！？」@n"
			},
			{
				"TYPE": "ZM",
				"ID": 427274,
				"NAME": "小太郎",
				"ENG_NAME": "小太郎",
				"STRING": "「違う違うから！　みっちー、とんでもない嘘つかないの！」@n",
				"ENG_STRING": "「違う違うから！　みっちー、とんでもない嘘つかないの！」@n"
			},
			{
				"TYPE": "ZM",
				"ID": 427275,
				"NAME": "真弥",
				"ENG_NAME": "真弥",
				"STRING": "「え？」",
				"ENG_STRING": "「え？」"
			},
			{
				"TYPE": "ZM",
				"ID": 427276,
				"NAME": "小太郎",
				"ENG_NAME": "小太郎",
				"STRING": "「あの人達、学園長のお客さんだよ」",
				"ENG_STRING": "「あの人達、学園長のお客さんだよ」"
			},
			{
				"TYPE": "ZM",
				"ID": 427277,
				"NAME": "真弥",
				"ENG_NAME": "真弥",
				"STRING": "「えええ、宇宙人捕獲に来た秘密組織のエージェントじゃないのお！？」",
				"ENG_STRING": "「えええ、宇宙人捕獲に来た秘密組織のエージェントじゃないのお！？」"
			},
			{
				"TYPE": "ZM",
				"ID": 427278,
				"NAME": "そあら",
				"ENG_NAME": "そあら",
				"STRING": "「う、宇宙人とは久我くんも言ってないよ、まーやちゃん……」",
				"ENG_STRING": "「う、宇宙人とは久我くんも言ってないよ、まーやちゃん……」"
			},
			{
				"TYPE": "ZM",
				"ID": 427279,
				"NAME": "真弥",
				"ENG_NAME": "真弥",
				"STRING": "「なーんだぁ」",
				"ENG_STRING": "「なーんだぁ」"
			},
			{
				"TYPE": "ZM",
				"ID": 427280,
				"NAME": "三厳",
				"ENG_NAME": "三厳",
				"STRING": "「いや、すまん。そんなあっさり信じるとは」",
				"ENG_STRING": "「いや、すまん。そんなあっさり信じるとは」"
			},
			{
				"TYPE": "ZM",
				"ID": 427281,
				"NAME": "真弥",
				"ENG_NAME": "真弥",
				"STRING": "「あははー、だって面白かったもん。ちょっとわくわくしちゃったー」",
				"ENG_STRING": "「あははー、だって面白かったもん。ちょっとわくわくしちゃったー」"
			},
			{
				"TYPE": "ZM",
				"ID": 427282,
				"STRING": "特に怒ってなさそうに、黒谷はあっさりと機嫌を直した。",
				"ENG_STRING": "特に怒ってなさそうに、黒谷はあっさりと機嫌を直した。"
			},
			{
				"TYPE": "ZM",
				"ID": 427283,
				"NAME": "真弥",
				"ENG_NAME": "真弥",
				"STRING": "「で、実際はどういう人達なの？」",
				"ENG_STRING": "「で、実際はどういう人達なの？」"
			},
			{
				"TYPE": "ZM",
				"ID": 427522,
				"NAME": "三厳",
				"ENG_NAME": "三厳",
				"STRING": "「学園長の客だってさ」",
				"ENG_STRING": "「学園長の客だってさ」"
			},
			{
				"TYPE": "ZM",
				"ID": 427523,
				"NAME": "そあら",
				"ENG_NAME": "そあら",
				"STRING": "「へえ、生徒さんじゃないんだ？」",
				"ENG_STRING": "「へえ、生徒さんじゃないんだ？」"
			},
			{
				"TYPE": "ZM",
				"ID": 427524,
				"NAME": "真弥",
				"ENG_NAME": "真弥",
				"STRING": "「どういう人達なの？」",
				"ENG_STRING": "「どういう人達なの？」"
			},
			{
				"TYPE": "ZM",
				"ID": 427778,
				"NAME": "三厳",
				"ENG_NAME": "三厳",
				"STRING": "「なんか海外の有名な老舗香水メーカーのお嬢様とその執事らしいぜ」",
				"ENG_STRING": "「なんか海外の有名な老舗香水メーカーのお嬢様とその執事らしいぜ」"
			},
			{
				"TYPE": "ZM",
				"ID": 427779,
				"NAME": "真弥",
				"ENG_NAME": "真弥",
				"STRING": "「おじょーさま！　すごいねーどんな家だろ？」",
				"ENG_STRING": "「おじょーさま！　すごいねーどんな家だろ？」"
			},
			{
				"TYPE": "ZM",
				"ID": 427780,
				"NAME": "そあら",
				"ENG_NAME": "そあら",
				"STRING": "「豪邸かもしれないね！　家にプールとかあるのかな」",
				"ENG_STRING": "「豪邸かもしれないね！　家にプールとかあるのかな」"
			},
			{
				"TYPE": "ZM",
				"ID": 427781,
				"NAME": "真弥",
				"ENG_NAME": "真弥",
				"STRING": "「だよねだよね。うちなんか超庶民だからなー」@n",
				"ENG_STRING": "「だよねだよね。うちなんか超庶民だからなー」@n"
			},
			{
				"TYPE": "ZM",
				"ID": 427782,
				"NAME": "そあら",
				"ENG_NAME": "そあら",
				"STRING": "「うちもだよ」",
				"ENG_STRING": "「うちもだよ」"
			},
			{
				"TYPE": "ZM",
				"ID": 427783,
				"NAME": "三厳",
				"ENG_NAME": "三厳",
				"STRING": "「まあ、大抵そうだろ」",
				"ENG_STRING": "「まあ、大抵そうだろ」"
			},
			{
				"TYPE": "ZM",
				"ID": 427784,
				"NAME": "小太郎",
				"ENG_NAME": "小太郎",
				"STRING": "「うちなんかすっごい田舎だよ」",
				"ENG_STRING": "「うちなんかすっごい田舎だよ」"
			},
			{
				"TYPE": "ZM",
				"ID": 427785,
				"NAME": "真弥",
				"ENG_NAME": "真弥",
				"STRING": "「だからなんか古風な名前なの？」",
				"ENG_STRING": "「だからなんか古風な名前なの？」"
			},
			{
				"TYPE": "ZM",
				"ID": 427786,
				"NAME": "そあら",
				"ENG_NAME": "そあら",
				"STRING": "「あ、そーいえば、まるくんて次男だったりするのかなぁ？」",
				"ENG_STRING": "「あ、そーいえば、まるくんて次男だったりするのかなぁ？」"
			},
			{
				"TYPE": "ZM",
				"ID": 427787,
				"NAME": "小太郎",
				"ENG_NAME": "小太郎",
				"STRING": "「そうだけど、どうしてわかったの？」",
				"ENG_STRING": "「そうだけど、どうしてわかったの？」"
			},
			{
				"TYPE": "ZM",
				"ID": 427788,
				"NAME": "そあら",
				"ENG_NAME": "そあら",
				"STRING": "「小太郎って次男につける名前なんだって。パパがそう言ってた」",
				"ENG_STRING": "「小太郎って次男につける名前なんだって。パパがそう言ってた」"
			},
			{
				"TYPE": "ZM",
				"ID": 427789,
				"NAME": "小太郎",
				"ENG_NAME": "小太郎",
				"STRING": "「あー、そっか。名前でわかっちゃうんだ」",
				"ENG_STRING": "「あー、そっか。名前でわかっちゃうんだ」"
			},
			{
				"TYPE": "ZM",
				"ID": 427790,
				"NAME": "真弥",
				"ENG_NAME": "真弥",
				"STRING": "「へー、そうなんだ。久我は下の名前、満琉だっけ？」",
				"ENG_STRING": "「へー、そうなんだ。久我は下の名前、満琉だっけ？」"
			},
			{
				"TYPE": "ZM",
				"ID": 427791,
				"NAME": "真弥",
				"ENG_NAME": "真弥",
				"STRING": "「かわいい名前だよねえ」",
				"ENG_STRING": "「かわいい名前だよねえ」"
			},
			{
				"TYPE": "ZM",
				"ID": 427792,
				"NAME": "そあら",
				"ENG_NAME": "そあら",
				"STRING": "「うん、響きが可愛いよねー」",
				"ENG_STRING": "「うん、響きが可愛いよねー」"
			},
			{
				"TYPE": "ZM",
				"ID": 427793,
				"NAME": "三厳",
				"ENG_NAME": "三厳",
				"STRING": "「……………………」",
				"ENG_STRING": "「……………………」"
			},
			{
				"TYPE": "ZM",
				"ID": 427794,
				"STRING": "実際は俺の名前じゃないんだが。",
				"ENG_STRING": "実際は俺の名前じゃないんだが。"
			},
			{
				"TYPE": "ZM",
				"ID": 427795,
				"STRING": "本物の満琉もまあ、小さい頃は可愛かったが今は可愛いと言うとやたら怒る……。",
				"ENG_STRING": "本物の満琉もまあ、小さい頃は可愛かったが今は可愛いと言うとやたら怒る……。"
			},
			{
				"TYPE": "ZM",
				"ID": 427796,
				"STRING": "内心そんな事を考えていると、隣でおまるが笑いをかみ殺してやがる。",
				"ENG_STRING": "内心そんな事を考えていると、隣でおまるが笑いをかみ殺してやがる。"
			},
			{
				"TYPE": "ZM",
				"ID": 427797,
				"STRING": "本名じゃないの知ってるからな、こいつは。",
				"ENG_STRING": "本名じゃないの知ってるからな、こいつは。"
			},
			{
				"TYPE": "ZM",
				"ID": 427798,
				"NAME": "そあら",
				"ENG_NAME": "そあら",
				"STRING": "「あ、えーと、可愛いって男の人に言う事じゃないよね」@n",
				"ENG_STRING": "「あ、えーと、可愛いって男の人に言う事じゃないよね」@n"
			},
			{
				"TYPE": "ZM",
				"ID": 427799,
				"NAME": "三厳",
				"ENG_NAME": "三厳",
				"STRING": "「え？」",
				"ENG_STRING": "「え？」"
			},
			{
				"TYPE": "ZM",
				"ID": 427800,
				"STRING": "あ、俺が黙ってるの勘違いされたのか。",
				"ENG_STRING": "あ、俺が黙ってるの勘違いされたのか。"
			},
			{
				"TYPE": "SELR",
				"ID": 0,
				"STRING": "わかってるから大丈夫",
				"ENG_STRING": "わかってるから大丈夫"
			},
			{
				"TYPE": "SELR",
				"ID": 1,
				"STRING": "『小太郎』は男らしいよな",
				"ENG_STRING": "『小太郎』は男らしいよな"
			},
			{
				"TYPE": "ZM",
				"ID": 428034,
				"NAME": "三厳",
				"ENG_NAME": "三厳",
				"STRING": "「いや、わかってるよ、大丈夫」",
				"ENG_STRING": "「いや、わかってるよ、大丈夫」"
			},
			{
				"TYPE": "ZM",
				"ID": 428035,
				"STRING": "慌ててフォローしようとしている吉田に俺は苦笑してみせる。",
				"ENG_STRING": "慌ててフォローしようとしている吉田に俺は苦笑してみせる。"
			},
			{
				"TYPE": "ZM",
				"ID": 428036,
				"NAME": "三厳",
				"ENG_NAME": "三厳",
				"STRING": "「名前の響きがって話だろ」",
				"ENG_STRING": "「名前の響きがって話だろ」"
			},
			{
				"TYPE": "ZM",
				"ID": 428037,
				"NAME": "そあら",
				"ENG_NAME": "そあら",
				"STRING": "「うん、そうそう！」",
				"ENG_STRING": "「うん、そうそう！」"
			},
			{
				"TYPE": "ZM",
				"ID": 428290,
				"NAME": "三厳",
				"ENG_NAME": "三厳",
				"STRING": "「『小太郎』は男らしいよなー」",
				"ENG_STRING": "「『小太郎』は男らしいよなー」"
			},
			{
				"TYPE": "ZM",
				"ID": 428291,
				"STRING": "とりあえず、おまるの方に話を振って誤魔化してみる。",
				"ENG_STRING": "とりあえず、おまるの方に話を振って誤魔化してみる。"
			},
			{
				"TYPE": "ZM",
				"ID": 428292,
				"NAME": "小太郎",
				"ENG_NAME": "小太郎",
				"STRING": "「なにそのなんか言いたげな顔は！？」@n",
				"ENG_STRING": "「なにそのなんか言いたげな顔は！？」@n"
			},
			{
				"TYPE": "ZM",
				"ID": 428293,
				"NAME": "三厳",
				"ENG_NAME": "三厳",
				"STRING": "「いやほら、見た目と釣り合ってないのはお互い様ってことで」",
				"ENG_STRING": "「いやほら、見た目と釣り合ってないのはお互い様ってことで」"
			},
			{
				"TYPE": "ZM",
				"ID": 428294,
				"NAME": "小太郎",
				"ENG_NAME": "小太郎",
				"STRING": "「な、ない！？　おれそんなに釣り合ってない！？」",
				"ENG_STRING": "「な、ない！？　おれそんなに釣り合ってない！？」"
			},
			{
				"TYPE": "ZM",
				"ID": 428295,
				"NAME": "そあら",
				"ENG_NAME": "そあら",
				"STRING": "「うわーん、ごめんなさい〜！　もう可愛いとか言わないから喧嘩しないで〜！」",
				"ENG_STRING": "「うわーん、ごめんなさい〜！　もう可愛いとか言わないから喧嘩しないで〜！」"
			},
			{
				"TYPE": "ZM",
				"ID": 428296,
				"STRING": "いかん、なんか更に収拾が付かない事になった。",
				"ENG_STRING": "いかん、なんか更に収拾が付かない事になった。"
			},
			{
				"TYPE": "ZM",
				"ID": 428297,
				"STRING": "困ったな……。",
				"ENG_STRING": "困ったな……。"
			},
			{
				"TYPE": "ZM",
				"ID": 428801,
				"NAME": "静春",
				"ENG_NAME": "静春",
				"STRING": "「久我！　烏丸！！」",
				"ENG_STRING": "「久我！　烏丸！！」"
			},
			{
				"TYPE": "ZM",
				"ID": 428802,
				"STRING": "すごい勢いで走って来る足音と共に村雲の呼ぶ声がした。",
				"ENG_STRING": "すごい勢いで走って来る足音と共に村雲の呼ぶ声がした。"
			},
			{
				"TYPE": "ZM",
				"ID": 428803,
				"STRING": "しかし、この様子は……",
				"ENG_STRING": "しかし、この様子は……"
			},
			{
				"TYPE": "ZM",
				"ID": 428804,
				"NAME": "三厳",
				"ENG_NAME": "三厳",
				"STRING": "「……何があった？」",
				"ENG_STRING": "「……何があった？」"
			},
			{
				"TYPE": "ZM",
				"ID": 428805,
				"NAME": "静春",
				"ENG_NAME": "静春",
				"STRING": "「すぐ来い、こっちだ！！」",
				"ENG_STRING": "「すぐ来い、こっちだ！！」"
			},
			{
				"TYPE": "ZM",
				"ID": 428806,
				"STRING": "顔つきが尋常でなく険しい。@n",
				"ENG_STRING": "顔つきが尋常でなく険しい。@n"
			},
			{
				"TYPE": "ZM",
				"ID": 428807,
				"STRING": "ただ事ではなさそうなので、おまると二人、すぐに村雲の後を追った。",
				"ENG_STRING": "ただ事ではなさそうなので、おまると二人、すぐに村雲の後を追った。"
			},
			{
				"TYPE": "ZM",
				"ID": 428808,
				"NAME": "三厳",
				"ENG_NAME": "三厳",
				"STRING": "「すまん、先生によろしく！」",
				"ENG_STRING": "「すまん、先生によろしく！」"
			},
			{
				"TYPE": "ZM",
				"ID": 428809,
				"NAME": "真弥",
				"ENG_NAME": "真弥",
				"STRING": "「おっけー」",
				"ENG_STRING": "「おっけー」"
			},
			{
				"TYPE": "ZM",
				"ID": 428810,
				"NAME": "そあら",
				"ENG_NAME": "そあら",
				"STRING": "「き、気をつけてね？」",
				"ENG_STRING": "「き、気をつけてね？」"
			},
			{
				"TYPE": "ZM",
				"ID": 428811,
				"STRING": "黒谷と吉田の声を背に、廊下を走り階段を駆け下りる――",
				"ENG_STRING": "黒谷と吉田の声を背に、廊下を走り階段を駆け下りる――"
			},
			{
				"TYPE": "ZM",
				"ID": 428812,
				"STRING": "全力で村雲の後を追うと、校舎を飛び出しあまり行った事のない方向へ走る。",
				"ENG_STRING": "全力で村雲の後を追うと、校舎を飛び出しあまり行った事のない方向へ走る。"
			},
			{
				"TYPE": "ZM",
				"ID": 428813,
				"STRING": "見えてきたのは学園寮の西棟だった。",
				"ENG_STRING": "見えてきたのは学園寮の西棟だった。"
			},
			{
				"TYPE": "ZM",
				"ID": 428814,
				"NAME": "憂緒",
				"ENG_NAME": "憂緒",
				"STRING": "「お疲れ様です」",
				"ENG_STRING": "「お疲れ様です」"
			},
			{
				"TYPE": "ZM",
				"ID": 428815,
				"STRING": "モー子は既に来ていて俺達を待っていたようだ。",
				"ENG_STRING": "モー子は既に来ていて俺達を待っていたようだ。"
			},
			{
				"TYPE": "ZM",
				"ID": 428816,
				"NAME": "三厳",
				"ENG_NAME": "三厳",
				"STRING": "「何があったんだ？」",
				"ENG_STRING": "「何があったんだ？」"
			},
			{
				"TYPE": "ZM",
				"ID": 428817,
				"NAME": "憂緒",
				"ENG_NAME": "憂緒",
				"STRING": "「生徒が一人、眠ったまま起きてこないそうです」",
				"ENG_STRING": "「生徒が一人、眠ったまま起きてこないそうです」"
			},
			{
				"TYPE": "ZM",
				"ID": 428818,
				"NAME": "三厳",
				"ENG_NAME": "三厳",
				"STRING": "「……ややこしい時に事件か……」",
				"ENG_STRING": "「……ややこしい時に事件か……」"
			},
			{
				"TYPE": "ZM",
				"ID": 428819,
				"NAME": "静春",
				"ENG_NAME": "静春",
				"STRING": "「だから嫌なフラグ立てるなっつったんだ」",
				"ENG_STRING": "「だから嫌なフラグ立てるなっつったんだ」"
			},
			{
				"TYPE": "ZM",
				"ID": 428820,
				"NAME": "三厳",
				"ENG_NAME": "三厳",
				"STRING": "「ああ、後悔してる」",
				"ENG_STRING": "「ああ、後悔してる」"
			},
			{
				"TYPE": "ZM",
				"ID": 428821,
				"STRING": "余計な事言うんじゃなかった。",
				"ENG_STRING": "余計な事言うんじゃなかった。"
			},
			{
				"TYPE": "ZM",
				"ID": 428822,
				"STRING": "よく考えたら、今までそういう楽観的な予想が当たってくれた試しがないんだよな、この学園。",
				"ENG_STRING": "よく考えたら、今までそういう楽観的な予想が当たってくれた試しがないんだよな、この学園。"
			},
			{
				"TYPE": "ZM",
				"ID": 428823,
				"NAME": "小太郎",
				"ENG_NAME": "小太郎",
				"STRING": "「……おれ、西寮って初めて来た」",
				"ENG_STRING": "「……おれ、西寮って初めて来た」"
			},
			{
				"TYPE": "ZM",
				"ID": 428824,
				"NAME": "三厳",
				"ENG_NAME": "三厳",
				"STRING": "「ん？　ああ、そういえば俺ら東寮だからな。なんか違うのか、西と東って？」",
				"ENG_STRING": "「ん？　ああ、そういえば俺ら東寮だからな。なんか違うのか、西と東って？」"
			},
			{
				"TYPE": "ZM",
				"ID": 428825,
				"NAME": "憂緒",
				"ENG_NAME": "憂緒",
				"STRING": "「西寮の方が寮生の人数が少なめだというくらいでしょうか。私も西寮内には先ほど初めて入ったので具体的な差違はわかりませんが」",
				"ENG_STRING": "「西寮の方が寮生の人数が少なめだというくらいでしょうか。私も西寮内には先ほど初めて入ったので具体的な差違はわかりませんが」"
			},
			{
				"TYPE": "ZM",
				"ID": 428826,
				"NAME": "静春",
				"ENG_NAME": "静春",
				"STRING": "「まあ、用がなけりゃ入らねーからな。夜になったら行き来も出来ねえし」",
				"ENG_STRING": "「まあ、用がなけりゃ入らねーからな。夜になったら行き来も出来ねえし」"
			},
			{
				"TYPE": "ZM",
				"ID": 428827,
				"NAME": "小太郎",
				"ENG_NAME": "小太郎",
				"STRING": "「あ、そうか、夜は……」",
				"ENG_STRING": "「あ、そうか、夜は……」"
			},
			{
				"TYPE": "ZM",
				"ID": 428828,
				"NAME": "静春",
				"ENG_NAME": "静春",
				"STRING": "「ああ、外出禁止になるからな。一旦帰寮したら出られないだろ、東寮も」",
				"ENG_STRING": "「ああ、外出禁止になるからな。一旦帰寮したら出られないだろ、東寮も」"
			},
			{
				"TYPE": "ZM",
				"ID": 428829,
				"STRING": "夜の世界が訪れるために、一般生徒は放課後になると即座に寮に帰りそのまま朝まで外出は禁止になる。",
				"ENG_STRING": "夜の世界が訪れるために、一般生徒は放課後になると即座に寮に帰りそのまま朝まで外出は禁止になる。"
			},
			{
				"TYPE": "ZM",
				"ID": 428830,
				"STRING": "そのため互いの寮を行き来する事もないらしい。",
				"ENG_STRING": "そのため互いの寮を行き来する事もないらしい。"
			},
			{
				"TYPE": "ZM",
				"ID": 428831,
				"NAME": "三厳",
				"ENG_NAME": "三厳",
				"STRING": "「で、起きてこない生徒ってのは？」",
				"ENG_STRING": "「で、起きてこない生徒ってのは？」"
			},
			{
				"TYPE": "ZM",
				"ID": 428832,
				"NAME": "憂緒",
				"ENG_NAME": "憂緒",
				"STRING": "「二年生の女生徒で、杉本莉奈さん。様子を見てきましたが、一見普通に寝ているだけに見えました」",
				"ENG_STRING": "「二年生の女生徒で、杉本莉奈さん。様子を見てきましたが、一見普通に寝ているだけに見えました」"
			},
			{
				"TYPE": "ZM",
				"ID": 428833,
				"STRING": "先ほど初めて入った、というのはそのことらしい。",
				"ENG_STRING": "先ほど初めて入った、というのはそのことらしい。"
			},
			{
				"TYPE": "ZM",
				"ID": 428834,
				"NAME": "憂緒",
				"ENG_NAME": "憂緒",
				"STRING": "「念のためおかしな気配がないか、壬生さんにも見に行って貰いました」",
				"ENG_STRING": "「念のためおかしな気配がないか、壬生さんにも見に行って貰いました」"
			},
			{
				"TYPE": "ZM",
				"ID": 428835,
				"NAME": "三厳",
				"ENG_NAME": "三厳",
				"STRING": "「鍔姫ちゃんか。なら何かわかるかな」",
				"ENG_STRING": "「鍔姫ちゃんか。なら何かわかるかな」"
			},
			{
				"TYPE": "ZM",
				"ID": 428836,
				"STRING": "彼女は魔女であり、非常に勘が鋭い。",
				"ENG_STRING": "彼女は魔女であり、非常に勘が鋭い。"
			},
			{
				"TYPE": "ZM",
				"ID": 428837,
				"STRING": "おかしな魔力が働いていたりしたら、おそらく勘付いてくれるだろう。",
				"ENG_STRING": "おかしな魔力が働いていたりしたら、おそらく勘付いてくれるだろう。"
			},
			{
				"TYPE": "ZM",
				"ID": 428838,
				"STRING": "そんな話をしていると、西寮から鍔姫ちゃんが戻って来た。",
				"ENG_STRING": "そんな話をしていると、西寮から鍔姫ちゃんが戻って来た。"
			},
			{
				"TYPE": "ZM",
				"ID": 428839,
				"NAME": "鍔姫",
				"ENG_NAME": "鍔姫",
				"STRING": "「ああ、みんな揃ってたのか」@n",
				"ENG_STRING": "「ああ、みんな揃ってたのか」@n"
			},
			{
				"TYPE": "ZM",
				"ID": 428840,
				"NAME": "憂緒",
				"ENG_NAME": "憂緒",
				"STRING": "「いかがでしたか？」",
				"ENG_STRING": "「いかがでしたか？」"
			},
			{
				"TYPE": "ZM",
				"ID": 428841,
				"NAME": "鍔姫",
				"ENG_NAME": "鍔姫",
				"STRING": "「なんというか、不思議な感じだったよ。彼女自身は眠ってるだけとしか思えないんだけど、彼女の意識はここにないような……」",
				"ENG_STRING": "「なんというか、不思議な感じだったよ。彼女自身は眠ってるだけとしか思えないんだけど、彼女の意識はここにないような……」"
			},
			{
				"TYPE": "ZM",
				"ID": 428842,
				"NAME": "憂緒",
				"ENG_NAME": "憂緒",
				"STRING": "「遺品らしき物はありませんでしたか」",
				"ENG_STRING": "「遺品らしき物はありませんでしたか」"
			},
			{
				"TYPE": "ZM",
				"ID": 428843,
				"NAME": "鍔姫",
				"ENG_NAME": "鍔姫",
				"STRING": "「強力な魔術道具があればさすがに何か気付くと思うが、彼女の部屋にはそういう気配はなかったよ」",
				"ENG_STRING": "「強力な魔術道具があればさすがに何か気付くと思うが、彼女の部屋にはそういう気配はなかったよ」"
			},
			{
				"TYPE": "ZM",
				"ID": 428844,
				"NAME": "憂緒",
				"ENG_NAME": "憂緒",
				"STRING": "「ならば被害者なのかもしれません。単に誰かが遺品を持ち去った恐れもありますが」",
				"ENG_STRING": "「ならば被害者なのかもしれません。単に誰かが遺品を持ち去った恐れもありますが」"
			},
			{
				"TYPE": "ZM",
				"ID": 428845,
				"NAME": "鍔姫",
				"ENG_NAME": "鍔姫",
				"STRING": "「被害者か……。そういえば鹿ケ谷さんから感じる気配と真逆の気配がしたな」",
				"ENG_STRING": "「被害者か……。そういえば鹿ケ谷さんから感じる気配と真逆の気配がしたな」"
			},
			{
				"TYPE": "ZM",
				"ID": 428846,
				"NAME": "小太郎",
				"ENG_NAME": "小太郎",
				"STRING": "「憂緒さんの、真逆？」",
				"ENG_STRING": "「憂緒さんの、真逆？」"
			},
			{
				"TYPE": "ZM",
				"ID": 428847,
				"NAME": "三厳",
				"ENG_NAME": "三厳",
				"STRING": "「っていうと……」",
				"ENG_STRING": "「っていうと……」"
			},
			{
				"TYPE": "SELR",
				"ID": 0,
				"STRING": "遺品を強化するとか？",
				"ENG_STRING": "遺品を強化するとか？"
			},
			{
				"TYPE": "SELR",
				"ID": 1,
				"STRING": "魔術耐性がないとか？",
				"ENG_STRING": "魔術耐性がないとか？"
			},
			{
				"TYPE": "SELR",
				"ID": 2,
				"STRING": "素直で可愛げがあるとか？",
				"ENG_STRING": "素直で可愛げがあるとか？"
			},
			{
				"TYPE": "ZM",
				"ID": 429058,
				"NAME": "三厳",
				"ENG_NAME": "三厳",
				"STRING": "「遺品を封印するのと逆で、遺品を強化しちまうとか？」",
				"ENG_STRING": "「遺品を封印するのと逆で、遺品を強化しちまうとか？」"
			},
			{
				"TYPE": "ZM",
				"ID": 429059,
				"NAME": "憂緒",
				"ENG_NAME": "憂緒",
				"STRING": "「考えすぎでしょう。そもそもあの札は私でなくても使えます」",
				"ENG_STRING": "「考えすぎでしょう。そもそもあの札は私でなくても使えます」"
			},
			{
				"TYPE": "ZM",
				"ID": 429060,
				"NAME": "鍔姫",
				"ENG_NAME": "鍔姫",
				"STRING": "「うん、そういう力のある気配ではなかったよ」",
				"ENG_STRING": "「うん、そういう力のある気配ではなかったよ」"
			},
			{
				"TYPE": "ZM",
				"ID": 429061,
				"NAME": "三厳",
				"ENG_NAME": "三厳",
				"STRING": "「そ、そうか」",
				"ENG_STRING": "「そ、そうか」"
			},
			{
				"TYPE": "ZM",
				"ID": 429062,
				"STRING": "ひねって考えすぎたか……。",
				"ENG_STRING": "ひねって考えすぎたか……。"
			},
			{
				"TYPE": "ZM",
				"ID": 429063,
				"NAME": "憂緒",
				"ENG_NAME": "憂緒",
				"STRING": "「壬生さんの感じる私の魔術的な特性ということは、魔術耐性ではないでしょうか」",
				"ENG_STRING": "「壬生さんの感じる私の魔術的な特性ということは、魔術耐性ではないでしょうか」"
			},
			{
				"TYPE": "ZM",
				"ID": 429064,
				"NAME": "小太郎",
				"ENG_NAME": "小太郎",
				"STRING": "「あ、そうか。憂緒さんは魔術耐性があるってリトさんが言ってたね」",
				"ENG_STRING": "「あ、そうか。憂緒さんは魔術耐性があるってリトさんが言ってたね」"
			},
			{
				"TYPE": "ZM",
				"ID": 429065,
				"NAME": "静春",
				"ENG_NAME": "静春",
				"STRING": "「つまり、眠ってる杉本莉奈にはそれがない？」",
				"ENG_STRING": "「つまり、眠ってる杉本莉奈にはそれがない？」"
			},
			{
				"TYPE": "ZM",
				"ID": 429066,
				"NAME": "鍔姫",
				"ENG_NAME": "鍔姫",
				"STRING": "「ああ、多分それだ」",
				"ENG_STRING": "「ああ、多分それだ」"
			},
			{
				"TYPE": "ZM",
				"ID": 429067,
				"NAME": "三厳",
				"ENG_NAME": "三厳",
				"STRING": "「なるほどな……」",
				"ENG_STRING": "「なるほどな……」"
			},
			{
				"TYPE": "ZM",
				"ID": 429314,
				"NAME": "三厳",
				"ENG_NAME": "三厳",
				"STRING": "「あの、魔術耐性ってやつか？　モー子にはあるらしいから、それがないとか」",
				"ENG_STRING": "「あの、魔術耐性ってやつか？　モー子にはあるらしいから、それがないとか」"
			},
			{
				"TYPE": "ZM",
				"ID": 429315,
				"NAME": "鍔姫",
				"ENG_NAME": "鍔姫",
				"STRING": "「私もそうじゃないかと思うんだ。この中だと、鹿ケ谷さんからだけ感じる気配だから」",
				"ENG_STRING": "「私もそうじゃないかと思うんだ。この中だと、鹿ケ谷さんからだけ感じる気配だから」"
			},
			{
				"TYPE": "ZM",
				"ID": 429316,
				"NAME": "小太郎",
				"ENG_NAME": "小太郎",
				"STRING": "「そういえばおれ達もないって言われてたね、リトさんに」",
				"ENG_STRING": "「そういえばおれ達もないって言われてたね、リトさんに」"
			},
			{
				"TYPE": "ZM",
				"ID": 429317,
				"NAME": "憂緒",
				"ENG_NAME": "憂緒",
				"STRING": "「魔術耐性そのものは、さほど珍しい体質ではないそうですが……」",
				"ENG_STRING": "「魔術耐性そのものは、さほど珍しい体質ではないそうですが……」"
			},
			{
				"TYPE": "ZM",
				"ID": 429318,
				"NAME": "憂緒",
				"ENG_NAME": "憂緒",
				"STRING": "「たまたま発動した遺品の近くに、耐性がある人とない人がいて、ない人だけが巻き込まれるという状況はあり得るでしょうね」",
				"ENG_STRING": "「たまたま発動した遺品の近くに、耐性がある人とない人がいて、ない人だけが巻き込まれるという状況はあり得るでしょうね」"
			},
			{
				"TYPE": "ZM",
				"ID": 429825,
				"NAME": "三厳",
				"ENG_NAME": "三厳",
				"STRING": "「素直で可愛げがあるとか？」",
				"ENG_STRING": "「素直で可愛げがあるとか？」"
			},
			{
				"TYPE": "ZM",
				"ID": 429826,
				"NAME": "鍔姫",
				"ENG_NAME": "鍔姫",
				"STRING": "「い、いや、寝てる状態でそこまでは……」",
				"ENG_STRING": "「い、いや、寝てる状態でそこまでは……」"
			},
			{
				"TYPE": "ZM",
				"ID": 429827,
				"NAME": "憂緒",
				"ENG_NAME": "憂緒",
				"STRING": "「………………………」",
				"ENG_STRING": "「………………………」"
			},
			{
				"TYPE": "ZM",
				"ID": 429828,
				"NAME": "三厳",
				"ENG_NAME": "三厳",
				"STRING": "「冗談だ、モー子。そんな凍てつく波動みたいな目で見るな」",
				"ENG_STRING": "「冗談だ、モー子。そんな凍てつく波動みたいな目で見るな」"
			},
			{
				"TYPE": "ZM",
				"ID": 429829,
				"NAME": "憂緒",
				"ENG_NAME": "憂緒",
				"STRING": "「冗談に聞こえませんでしたが、どうでもいいことなので放置します」",
				"ENG_STRING": "「冗談に聞こえませんでしたが、どうでもいいことなので放置します」"
			},
			{
				"TYPE": "ZM",
				"ID": 429830,
				"STRING": "全然どうでもいいと思ってる目つきじゃないがこれ以上つつくのはよそう。",
				"ENG_STRING": "全然どうでもいいと思ってる目つきじゃないがこれ以上つつくのはよそう。"
			},
			{
				"TYPE": "ZM",
				"ID": 429831,
				"STRING": "さすがに切れられそうだ。",
				"ENG_STRING": "さすがに切れられそうだ。"
			},
			{
				"TYPE": "ZM",
				"ID": 429832,
				"NAME": "憂緒",
				"ENG_NAME": "憂緒",
				"STRING": "「私と真逆で魔術的な気配という事は魔術耐性でしょう」",
				"ENG_STRING": "「私と真逆で魔術的な気配という事は魔術耐性でしょう」"
			},
			{
				"TYPE": "ZM",
				"ID": 429833,
				"NAME": "小太郎",
				"ENG_NAME": "小太郎",
				"STRING": "「あ、憂緒さんには耐性があるってリトさんが言ってたね」",
				"ENG_STRING": "「あ、憂緒さんには耐性があるってリトさんが言ってたね」"
			},
			{
				"TYPE": "ZM",
				"ID": 429834,
				"NAME": "鍔姫",
				"ENG_NAME": "鍔姫",
				"STRING": "「うん、私も多分それだと思う。鹿ケ谷さんからは強く感じるけど、杉本さんや久我くん達からは感じられないから」",
				"ENG_STRING": "「うん、私も多分それだと思う。鹿ケ谷さんからは強く感じるけど、杉本さんや久我くん達からは感じられないから」"
			},
			{
				"TYPE": "ZM",
				"ID": 429835,
				"NAME": "三厳",
				"ENG_NAME": "三厳",
				"STRING": "「なるほどなぁ……」",
				"ENG_STRING": "「なるほどなぁ……」"
			},
			{
				"TYPE": "ZM",
				"ID": 430082,
				"STRING": "魔術耐性というのは、他者からの魔術干渉に対するちょっとした防御能力みたいなもので、生まれつき有無が決まってるのだそうだ。",
				"ENG_STRING": "魔術耐性というのは、他者からの魔術干渉に対するちょっとした防御能力みたいなもので、生まれつき有無が決まってるのだそうだ。"
			},
			{
				"TYPE": "ZM",
				"ID": 430083,
				"STRING": "と言っても、耐性のない人よりはほんの少しだけ魔術に耐えられるというだけで、魔術を完全に無効にするわけではない。",
				"ENG_STRING": "と言っても、耐性のない人よりはほんの少しだけ魔術に耐えられるというだけで、魔術を完全に無効にするわけではない。"
			},
			{
				"TYPE": "ZM",
				"ID": 430084,
				"STRING": "特査のメンバーでこの魔術耐性を持っているのはモー子一人だ。",
				"ENG_STRING": "特査のメンバーでこの魔術耐性を持っているのはモー子一人だ。"
			},
			{
				"TYPE": "ZM",
				"ID": 430085,
				"STRING": "その代わり他のメンバーは、モー子よりも潜在的に持っている魔力が多いというメリットがある。",
				"ENG_STRING": "その代わり他のメンバーは、モー子よりも潜在的に持っている魔力が多いというメリットがある。"
			},
			{
				"TYPE": "ZM",
				"ID": 430086,
				"STRING": "もっともリト曰く俺は魔術耐性もなく、魔力もほぼゼロという例外らしいのだが―――。",
				"ENG_STRING": "もっともリト曰く俺は魔術耐性もなく、魔力もほぼゼロという例外らしいのだが―――。"
			},
			{
				"TYPE": "ZM",
				"ID": 430087,
				"NAME": "憂緒",
				"ENG_NAME": "憂緒",
				"STRING": "「ですが、魔術耐性が無いというだけでは、まだ絞りきれませんね」@n",
				"ENG_STRING": "「ですが、魔術耐性が無いというだけでは、まだ絞りきれませんね」@n"
			},
			{
				"TYPE": "ZM",
				"ID": 430088,
				"NAME": "三厳",
				"ENG_NAME": "三厳",
				"STRING": "「たまたま近くにいて発動した遺品に巻き込まれたというだけかもしれないしな」",
				"ENG_STRING": "「たまたま近くにいて発動した遺品に巻き込まれたというだけかもしれないしな」"
			},
			{
				"TYPE": "ZM",
				"ID": 430089,
				"NAME": "静春",
				"ENG_NAME": "静春",
				"STRING": "「それ、遺品暴走してないか」",
				"ENG_STRING": "「それ、遺品暴走してないか」"
			},
			{
				"TYPE": "ZM",
				"ID": 430090,
				"NAME": "憂緒",
				"ENG_NAME": "憂緒",
				"STRING": "「暴走の恐れは可能性としてあり得ると思います。とにかくリトさんに心当たりがないか聞きに行きましょう」",
				"ENG_STRING": "「暴走の恐れは可能性としてあり得ると思います。とにかくリトさんに心当たりがないか聞きに行きましょう」"
			},
			{
				"TYPE": "ZM",
				"ID": 430091,
				"STRING": "とっくに授業は始まっているが、遺品が暴走してる可能性があるならもうそれどころじゃない。",
				"ENG_STRING": "とっくに授業は始まっているが、遺品が暴走してる可能性があるならもうそれどころじゃない。"
			},
			{
				"TYPE": "ZM",
				"ID": 430092,
				"STRING": "近くにいた風紀委員に教室への言づてを頼んで、図書館へと向かった。",
				"ENG_STRING": "近くにいた風紀委員に教室への言づてを頼んで、図書館へと向かった。"
			},
			{
				"TYPE": "ZM",
				"ID": 430093,
				"STRING": "ぞろぞろと浮かない顔をしてやってきた俺達を見てリトは小首を傾げた。",
				"ENG_STRING": "ぞろぞろと浮かない顔をしてやってきた俺達を見てリトは小首を傾げた。"
			},
			{
				"TYPE": "ZM",
				"ID": 430094,
				"NAME": "リト",
				"ENG_NAME": "リト",
				"STRING": "「何かあったのね」",
				"ENG_STRING": "「何かあったのね」"
			},
			{
				"TYPE": "ZM",
				"ID": 430095,
				"NAME": "憂緒",
				"ENG_NAME": "憂緒",
				"STRING": "「ええ、ありました。該当する遺品がないか教えていただきたいのですが……」",
				"ENG_STRING": "「ええ、ありました。該当する遺品がないか教えていただきたいのですが……」"
			},
			{
				"TYPE": "ZM",
				"ID": 430096,
				"STRING": "西寮の生徒の事を話してみると、リトはくるりと一瞬瞳を天井へ向けてから答えた。",
				"ENG_STRING": "西寮の生徒の事を話してみると、リトはくるりと一瞬瞳を天井へ向けてから答えた。"
			},
			{
				"TYPE": "ZM",
				"ID": 430097,
				"NAME": "リト",
				"ENG_NAME": "リト",
				"STRING": "「ざっと３７２個の遺品に該当する症状」",
				"ENG_STRING": "「ざっと３７２個の遺品に該当する症状」"
			},
			{
				"TYPE": "ZM",
				"ID": 430098,
				"NAME": "三厳",
				"ENG_NAME": "三厳",
				"STRING": "「多ッ！？」",
				"ENG_STRING": "「多ッ！？」"
			},
			{
				"TYPE": "ZM",
				"ID": 430099,
				"NAME": "静春",
				"ENG_NAME": "静春",
				"STRING": "「そんなにあるのかよ！？」",
				"ENG_STRING": "「そんなにあるのかよ！？」"
			},
			{
				"TYPE": "ZM",
				"ID": 430100,
				"NAME": "リト",
				"ENG_NAME": "リト",
				"STRING": "「その症状が、遺品の力に巻き込まれての事なのか、遺品使用の代償としてなのかが特定出来ないから」",
				"ENG_STRING": "「その症状が、遺品の力に巻き込まれての事なのか、遺品使用の代償としてなのかが特定出来ないから」"
			},
			{
				"TYPE": "ZM",
				"ID": 430101,
				"NAME": "憂緒",
				"ENG_NAME": "憂緒",
				"STRING": "「眠っている理由が特定出来ないから絞りきれないという事でしょうか」",
				"ENG_STRING": "「眠っている理由が特定出来ないから絞りきれないという事でしょうか」"
			},
			{
				"TYPE": "ZM",
				"ID": 430102,
				"NAME": "リト",
				"ENG_NAME": "リト",
				"STRING": "「そうよ。ただ、おそらく眠りをもたらす遺品の効果か、遺品使用の代償が覚めない眠りであるかのどちらかだとは思うわ」",
				"ENG_STRING": "「そうよ。ただ、おそらく眠りをもたらす遺品の効果か、遺品使用の代償が覚めない眠りであるかのどちらかだとは思うわ」"
			},
			{
				"TYPE": "ZM",
				"ID": 430103,
				"NAME": "憂緒",
				"ENG_NAME": "憂緒",
				"STRING": "「魔術耐性がない人のようなのですが、そういう人の場合やはり遺品に巻き込まれやすいですか？」",
				"ENG_STRING": "「魔術耐性がない人のようなのですが、そういう人の場合やはり遺品に巻き込まれやすいですか？」"
			},
			{
				"TYPE": "ZM",
				"ID": 430104,
				"NAME": "リト",
				"ENG_NAME": "リト",
				"STRING": "「そうね。どういう遺品かにもよるけど……」",
				"ENG_STRING": "「そうね。どういう遺品かにもよるけど……」"
			},
			{
				"TYPE": "ZM",
				"ID": 430105,
				"NAME": "リト",
				"ENG_NAME": "リト",
				"STRING": "「例えば魔術耐性のある鹿ケ谷憂緒が同じ状況下にいて影響を受けなくても、耐性のないその人は影響を受けてしまうということはありえるわ」",
				"ENG_STRING": "「例えば魔術耐性のある鹿ケ谷憂緒が同じ状況下にいて影響を受けなくても、耐性のないその人は影響を受けてしまうということはありえるわ」"
			},
			{
				"TYPE": "ZM",
				"ID": 430106,
				"NAME": "小太郎",
				"ENG_NAME": "小太郎",
				"STRING": "「じゃあ、遺品を使った人がすぐ近くの部屋にいたかもしれない？」",
				"ENG_STRING": "「じゃあ、遺品を使った人がすぐ近くの部屋にいたかもしれない？」"
			},
			{
				"TYPE": "ZM",
				"ID": 430107,
				"NAME": "リト",
				"ENG_NAME": "リト",
				"STRING": "「その可能性もあるけれど、遺品の効果をうっすらと望んでいた程度でも波長が合ってしまう場合もあるわよ」",
				"ENG_STRING": "「その可能性もあるけれど、遺品の効果をうっすらと望んでいた程度でも波長が合ってしまう場合もあるわよ」"
			},
			{
				"TYPE": "ZM",
				"ID": 430108,
				"NAME": "憂緒",
				"ENG_NAME": "憂緒",
				"STRING": "「波長ですか……」",
				"ENG_STRING": "「波長ですか……」"
			},
			{
				"TYPE": "ZM",
				"ID": 430109,
				"STRING": "結局、具体的に遺品のありかも絞れそうにないな。",
				"ENG_STRING": "結局、具体的に遺品のありかも絞れそうにないな。"
			},
			{
				"TYPE": "ZM",
				"ID": 430110,
				"NAME": "憂緒",
				"ENG_NAME": "憂緒",
				"STRING": "「仕方がありません。他に騒ぎが起きてないか警戒しつつ、遺品を捜すしかないでしょう」",
				"ENG_STRING": "「仕方がありません。他に騒ぎが起きてないか警戒しつつ、遺品を捜すしかないでしょう」"
			},
			{
				"TYPE": "ZM",
				"ID": 430111,
				"NAME": "鍔姫",
				"ENG_NAME": "鍔姫",
				"STRING": "「そうだな、仮に遺品が暴走しているなら被害が増えてしまう」",
				"ENG_STRING": "「そうだな、仮に遺品が暴走しているなら被害が増えてしまう」"
			},
			{
				"TYPE": "ZM",
				"ID": 430112,
				"NAME": "憂緒",
				"ENG_NAME": "憂緒",
				"STRING": "「とりあえず魔術的な気配を一番察知出来そうな壬生さんは、最も怪しい西寮を一通り見て回っていただけますか」",
				"ENG_STRING": "「とりあえず魔術的な気配を一番察知出来そうな壬生さんは、最も怪しい西寮を一通り見て回っていただけますか」"
			},
			{
				"TYPE": "ZM",
				"ID": 430113,
				"NAME": "鍔姫",
				"ENG_NAME": "鍔姫",
				"STRING": "「ああ、わかった」",
				"ENG_STRING": "「ああ、わかった」"
			},
			{
				"TYPE": "ZM",
				"ID": 430114,
				"NAME": "静春",
				"ENG_NAME": "静春",
				"STRING": "「付き合いますよ。遺品が暴走してたら一人じゃ危険です」",
				"ENG_STRING": "「付き合いますよ。遺品が暴走してたら一人じゃ危険です」"
			},
			{
				"TYPE": "ZM",
				"ID": 430115,
				"NAME": "憂緒",
				"ENG_NAME": "憂緒",
				"STRING": "「村雲くん、札は？」",
				"ENG_STRING": "「村雲くん、札は？」"
			},
			{
				"TYPE": "ZM",
				"ID": 430116,
				"NAME": "静春",
				"ENG_NAME": "静春",
				"STRING": "「持ってる」",
				"ENG_STRING": "「持ってる」"
			},
			{
				"TYPE": "ZM",
				"ID": 430117,
				"NAME": "憂緒",
				"ENG_NAME": "憂緒",
				"STRING": "「ならお願いします。私達は校舎内を見て回りましょう」",
				"ENG_STRING": "「ならお願いします。私達は校舎内を見て回りましょう」"
			},
			{
				"TYPE": "ZM",
				"ID": 430118,
				"NAME": "小太郎",
				"ENG_NAME": "小太郎",
				"STRING": "「うん、わかった」",
				"ENG_STRING": "「うん、わかった」"
			},
			{
				"TYPE": "ZM",
				"ID": 430119,
				"NAME": "三厳",
				"ENG_NAME": "三厳",
				"STRING": "「しらみつぶししかねえな……」",
				"ENG_STRING": "「しらみつぶししかねえな……」"
			},
			{
				"TYPE": "ZM",
				"ID": 430120,
				"STRING": "形状も何もわからないだけにやっかいだが、捜すしかない。",
				"ENG_STRING": "形状も何もわからないだけにやっかいだが、捜すしかない。"
			},
			{
				"TYPE": "ZM",
				"ID": 430121,
				"STRING": "二手に分かれた俺達は捜索を開始した。",
				"ENG_STRING": "二手に分かれた俺達は捜索を開始した。"
			},
			{
				"TYPE": "ZM",
				"ID": 430122,
				"STRING": "しかし――",
				"ENG_STRING": "しかし――"
			},
			{
				"TYPE": "ZM",
				"ID": 430123,
				"STRING": "懸命の捜索も虚しく、特に進展はないまま夜が来てしまった。",
				"ENG_STRING": "懸命の捜索も虚しく、特に進展はないまま夜が来てしまった。"
			},
			{
				"TYPE": "ZM",
				"ID": 430124,
				"STRING": "遺品使用者らしき者も見つからず、眠ったままの生徒もまだ目を覚ましていないとのことだ。",
				"ENG_STRING": "遺品使用者らしき者も見つからず、眠ったままの生徒もまだ目を覚ましていないとのことだ。"
			},
			{
				"TYPE": "ZM",
				"ID": 430125,
				"NAME": "小太郎",
				"ENG_NAME": "小太郎",
				"STRING": "「見当たらないねえ……」",
				"ENG_STRING": "「見当たらないねえ……」"
			},
			{
				"TYPE": "ZM",
				"ID": 430126,
				"STRING": "西寮を見て回ってもらった鍔姫ちゃん達も空振りだったので俺達と別行動で校舎内の捜索に回ってもらっている。",
				"ENG_STRING": "西寮を見て回ってもらった鍔姫ちゃん達も空振りだったので俺達と別行動で校舎内の捜索に回ってもらっている。"
			},
			{
				"TYPE": "ZM",
				"ID": 430127,
				"STRING": "しかし今のところ、どちらも遺品の気配すら掴んでいない状態だった。",
				"ENG_STRING": "しかし今のところ、どちらも遺品の気配すら掴んでいない状態だった。"
			},
			{
				"TYPE": "ZM",
				"ID": 430128,
				"NAME": "憂緒",
				"ENG_NAME": "憂緒",
				"STRING": "「まだ暴走はしていないのか、それとも……あ」@n",
				"ENG_STRING": "「まだ暴走はしていないのか、それとも……あ」@n"
			},
			{
				"TYPE": "ZM",
				"ID": 430129,
				"STRING": "独り言のように呟いていたモー子が、はっと足を止める。",
				"ENG_STRING": "独り言のように呟いていたモー子が、はっと足を止める。"
			},
			{
				"TYPE": "ZM",
				"ID": 430130,
				"NAME": "アーデルハイト",
				"ENG_NAME": "アーデルハイト",
				"STRING": "「あら」",
				"ENG_STRING": "「あら」"
			},
			{
				"TYPE": "ZM",
				"ID": 430131,
				"NAME": "ルイ",
				"ENG_NAME": "ルイ",
				"STRING": "「……………………」",
				"ENG_STRING": "「……………………」"
			},
			{
				"TYPE": "ZM",
				"ID": 430132,
				"STRING": "お嬢様達が、俺達に気付いて会釈する。",
				"ENG_STRING": "お嬢様達が、俺達に気付いて会釈する。"
			},
			{
				"TYPE": "ZM",
				"ID": 430133,
				"STRING": "どうやら夜の生徒達が登校してくる姿をながめていたようだ。",
				"ENG_STRING": "どうやら夜の生徒達が登校してくる姿をながめていたようだ。"
			},
			{
				"TYPE": "ZM",
				"ID": 430134,
				"NAME": "アーデルハイト",
				"ENG_NAME": "アーデルハイト",
				"STRING": "「そういえば、どなたか倒れたと聞きましたけれど何事なのです？」",
				"ENG_STRING": "「そういえば、どなたか倒れたと聞きましたけれど何事なのです？」"
			},
			{
				"TYPE": "ZM",
				"ID": 430135,
				"NAME": "三厳",
				"ENG_NAME": "三厳",
				"STRING": "「ああ、ちょっとな」",
				"ENG_STRING": "「ああ、ちょっとな」"
			},
			{
				"TYPE": "ZM",
				"ID": 430136,
				"NAME": "アーデルハイト",
				"ENG_NAME": "アーデルハイト",
				"STRING": "「何があったのですか？」",
				"ENG_STRING": "「何があったのですか？」"
			},
			{
				"TYPE": "ZM",
				"ID": 430137,
				"NAME": "憂緒",
				"ENG_NAME": "憂緒",
				"STRING": "「……おそらく何かしらの遺品が出現しています」",
				"ENG_STRING": "「……おそらく何かしらの遺品が出現しています」"
			},
			{
				"TYPE": "ZM",
				"ID": 430138,
				"STRING": "食い下がられそうなので、さわりだけをモー子が説明する。",
				"ENG_STRING": "食い下がられそうなので、さわりだけをモー子が説明する。"
			},
			{
				"TYPE": "ZM",
				"ID": 430139,
				"NAME": "憂緒",
				"ENG_NAME": "憂緒",
				"STRING": "「被害が広がらないうちにさっさと解決しなければなりませんので、今夜はお手伝い出来ません」",
				"ENG_STRING": "「被害が広がらないうちにさっさと解決しなければなりませんので、今夜はお手伝い出来ません」"
			},
			{
				"TYPE": "ZM",
				"ID": 430140,
				"NAME": "アーデルハイト",
				"ENG_NAME": "アーデルハイト",
				"STRING": "「どういう遺品なのですか？」",
				"ENG_STRING": "「どういう遺品なのですか？」"
			},
			{
				"TYPE": "ZM",
				"ID": 430141,
				"NAME": "憂緒",
				"ENG_NAME": "憂緒",
				"STRING": "「具体的にはまだわかりません。生徒が一人、眠ったまま目を覚まさないという事象しか起きていないので」",
				"ENG_STRING": "「具体的にはまだわかりません。生徒が一人、眠ったまま目を覚まさないという事象しか起きていないので」"
			},
			{
				"TYPE": "ZM",
				"ID": 430142,
				"NAME": "アーデルハイト",
				"ENG_NAME": "アーデルハイト",
				"STRING": "「それは確実に遺品のせいなの？　この学園の強大な魔術の副作用などではなく？」",
				"ENG_STRING": "「それは確実に遺品のせいなの？　この学園の強大な魔術の副作用などではなく？」"
			},
			{
				"TYPE": "ZM",
				"ID": 430143,
				"NAME": "憂緒",
				"ENG_NAME": "憂緒",
				"STRING": "「……そういった事は今まで起きていませんが」",
				"ENG_STRING": "「……そういった事は今まで起きていませんが」"
			},
			{
				"TYPE": "ZM",
				"ID": 430144,
				"STRING": "そういや、夜の学園を呼ぶ巨大な魔法陣て魔女以外は入っただけでぶっ倒れたよな。",
				"ENG_STRING": "そういや、夜の学園を呼ぶ巨大な魔法陣て魔女以外は入っただけでぶっ倒れたよな。"
			},
			{
				"TYPE": "ZM",
				"ID": 430145,
				"STRING": "でも起きてこない生徒は普通に部屋で寝てたし……",
				"ENG_STRING": "でも起きてこない生徒は普通に部屋で寝てたし……"
			},
			{
				"TYPE": "ZM",
				"ID": 430146,
				"NAME": "ルイ",
				"ENG_NAME": "ルイ",
				"STRING": "「……あの時計塔はどこから入るのでしょうか」",
				"ENG_STRING": "「……あの時計塔はどこから入るのでしょうか」"
			},
			{
				"TYPE": "ZM",
				"ID": 430147,
				"NAME": "三厳",
				"ENG_NAME": "三厳",
				"STRING": "「へ？　時計塔？」",
				"ENG_STRING": "「へ？　時計塔？」"
			},
			{
				"TYPE": "ZM",
				"ID": 430148,
				"STRING": "礼儀正しそうな態度を崩さず、無表情に聞いて来る執事。",
				"ENG_STRING": "礼儀正しそうな態度を崩さず、無表情に聞いて来る執事。"
			},
			{
				"TYPE": "ZM",
				"ID": 430149,
				"STRING": "お嬢様相手じゃなかったら、一応敬語のままなのか、こいつ。",
				"ENG_STRING": "お嬢様相手じゃなかったら、一応敬語のままなのか、こいつ。"
			},
			{
				"TYPE": "ZM",
				"ID": 430150,
				"NAME": "三厳",
				"ENG_NAME": "三厳",
				"STRING": "「時計塔がなんだ、いきなり」",
				"ENG_STRING": "「時計塔がなんだ、いきなり」"
			},
			{
				"TYPE": "ZM",
				"ID": 430151,
				"NAME": "ルイ",
				"ENG_NAME": "ルイ",
				"STRING": "「学園中を歩いてみたのですが、どこにも入り口が見当たらなかったのです」",
				"ENG_STRING": "「学園中を歩いてみたのですが、どこにも入り口が見当たらなかったのです」"
			},
			{
				"TYPE": "ZM",
				"ID": 430152,
				"NAME": "小太郎",
				"ENG_NAME": "小太郎",
				"STRING": "「そりゃ元々入り口無いですから」",
				"ENG_STRING": "「そりゃ元々入り口無いですから」"
			},
			{
				"TYPE": "ZM",
				"ID": 430153,
				"NAME": "三厳",
				"ENG_NAME": "三厳",
				"STRING": "「さらっと言うなよ、おまるっ！？」",
				"ENG_STRING": "「さらっと言うなよ、おまるっ！？」"
			},
			{
				"TYPE": "ZM",
				"ID": 430154,
				"NAME": "小太郎",
				"ENG_NAME": "小太郎",
				"STRING": "「……ああっ！？」",
				"ENG_STRING": "「……ああっ！？」"
			},
			{
				"TYPE": "ZM",
				"ID": 430155,
				"NAME": "ルイ",
				"ENG_NAME": "ルイ",
				"STRING": "「入り口がない……？」",
				"ENG_STRING": "「入り口がない……？」"
			},
			{
				"TYPE": "ZM",
				"ID": 430156,
				"NAME": "アーデルハイト",
				"ENG_NAME": "アーデルハイト",
				"STRING": "「何か特殊な方法でないと入れないということかしら？」",
				"ENG_STRING": "「何か特殊な方法でないと入れないということかしら？」"
			},
			{
				"TYPE": "ZM",
				"ID": 430157,
				"STRING": "案の定食いつかれた。",
				"ENG_STRING": "案の定食いつかれた。"
			},
			{
				"TYPE": "ZM",
				"ID": 430158,
				"STRING": "おまるは今更ながら両手で口許を押さえて視線でモー子にごめんなさいと謝っている。",
				"ENG_STRING": "おまるは今更ながら両手で口許を押さえて視線でモー子にごめんなさいと謝っている。"
			},
			{
				"TYPE": "ZM",
				"ID": 430159,
				"NAME": "アーデルハイト",
				"ENG_NAME": "アーデルハイト",
				"STRING": "「そういえば……先日私達の前に突然に現れた扉、あれかしら？」",
				"ENG_STRING": "「そういえば……先日私達の前に突然に現れた扉、あれかしら？」"
			},
			{
				"TYPE": "ZM",
				"ID": 430160,
				"STRING": "こいつら、やっぱりかなり鋭いな。",
				"ENG_STRING": "こいつら、やっぱりかなり鋭いな。"
			},
			{
				"TYPE": "ZM",
				"ID": 430161,
				"STRING": "どう答えたものかと思っていると、お嬢様はその沈黙を肯定と取って満足したようだ。",
				"ENG_STRING": "どう答えたものかと思っていると、お嬢様はその沈黙を肯定と取って満足したようだ。"
			},
			{
				"TYPE": "ZM",
				"ID": 430162,
				"NAME": "アーデルハイト",
				"ENG_NAME": "アーデルハイト",
				"STRING": "「まだまだ調べなければならないことがあるようね。行きましょう、ルイ」",
				"ENG_STRING": "「まだまだ調べなければならないことがあるようね。行きましょう、ルイ」"
			},
			{
				"TYPE": "ZM",
				"ID": 430163,
				"NAME": "ルイ",
				"ENG_NAME": "ルイ",
				"STRING": "「ｊａ」",
				"ENG_STRING": "「ｊａ」"
			},
			{
				"TYPE": "ZM",
				"ID": 430164,
				"STRING": "ふふ、と小さく笑いながらお嬢様は執事を従え立ち去っていった。",
				"ENG_STRING": "ふふ、と小さく笑いながらお嬢様は執事を従え立ち去っていった。"
			},
			{
				"TYPE": "ZM",
				"ID": 430165,
				"NAME": "小太郎",
				"ENG_NAME": "小太郎",
				"STRING": "「ご、ごめん、うっかり……」",
				"ENG_STRING": "「ご、ごめん、うっかり……」"
			},
			{
				"TYPE": "ZM",
				"ID": 430166,
				"NAME": "三厳",
				"ENG_NAME": "三厳",
				"STRING": "「ま、どうせヤヌスの鍵がなけりゃ入れないんだから無理矢理押し入られる心配はないし大丈夫だろ」",
				"ENG_STRING": "「ま、どうせヤヌスの鍵がなけりゃ入れないんだから無理矢理押し入られる心配はないし大丈夫だろ」"
			},
			{
				"TYPE": "ZM",
				"ID": 430167,
				"NAME": "憂緒",
				"ENG_NAME": "憂緒",
				"STRING": "「……そうですね」",
				"ENG_STRING": "「……そうですね」"
			},
			{
				"TYPE": "ZM",
				"ID": 430168,
				"STRING": "そう言って、モー子は数秒ほど黙して何事か考えていたが、やがて肩をすくめる。",
				"ENG_STRING": "そう言って、モー子は数秒ほど黙して何事か考えていたが、やがて肩をすくめる。"
			},
			{
				"TYPE": "ZM",
				"ID": 430169,
				"NAME": "憂緒",
				"ENG_NAME": "憂緒",
				"STRING": "「今夜は一旦休みましょう」",
				"ENG_STRING": "「今夜は一旦休みましょう」"
			},
			{
				"TYPE": "ZM",
				"ID": 430170,
				"NAME": "小太郎",
				"ENG_NAME": "小太郎",
				"STRING": "「えっ？　大丈夫かな……？」",
				"ENG_STRING": "「えっ？　大丈夫かな……？」"
			},
			{
				"TYPE": "ZM",
				"ID": 430171,
				"NAME": "憂緒",
				"ENG_NAME": "憂緒",
				"STRING": "「動きのない状況でいたずらに体力を消耗するのも危険かと」",
				"ENG_STRING": "「動きのない状況でいたずらに体力を消耗するのも危険かと」"
			},
			{
				"TYPE": "ZM",
				"ID": 430172,
				"NAME": "三厳",
				"ENG_NAME": "三厳",
				"STRING": "「まあ、そうだな」",
				"ENG_STRING": "「まあ、そうだな」"
			},
			{
				"TYPE": "ZM",
				"ID": 430173,
				"NAME": "憂緒",
				"ENG_NAME": "憂緒",
				"STRING": "「今はこれ以上できることもないと思います。いざとなったら該当する遺品がいくつあろうとすべての可能性を洗うしかありません」",
				"ENG_STRING": "「今はこれ以上できることもないと思います。いざとなったら該当する遺品がいくつあろうとすべての可能性を洗うしかありません」"
			},
			{
				"TYPE": "ZM",
				"ID": 430174,
				"NAME": "三厳",
				"ENG_NAME": "三厳",
				"STRING": "「３００個以上かぁ……」",
				"ENG_STRING": "「３００個以上かぁ……」"
			},
			{
				"TYPE": "ZM",
				"ID": 430175,
				"STRING": "気が遠くなりそうだが、しょうがないよなあ……。",
				"ENG_STRING": "気が遠くなりそうだが、しょうがないよなあ……。"
			},
			{
				"TYPE": "ZM",
				"ID": 430176,
				"STRING": "結局、鍔姫ちゃん達とも合流して、一旦休む事に決まった。",
				"ENG_STRING": "結局、鍔姫ちゃん達とも合流して、一旦休む事に決まった。"
			},
			{
				"TYPE": "ZM",
				"ID": 430177,
				"NAME": "三厳",
				"ENG_NAME": "三厳",
				"STRING": "「はぁ……参ったな」",
				"ENG_STRING": "「はぁ……参ったな」"
			},
			{
				"TYPE": "ZM",
				"ID": 430178,
				"STRING": "ざっとシャワーで汗だけ流すと、すぐに布団に潜り込む。",
				"ENG_STRING": "ざっとシャワーで汗だけ流すと、すぐに布団に潜り込む。"
			},
			{
				"TYPE": "ZM",
				"ID": 430179,
				"STRING": "もしも今夜の内に何か起きたら、早々に叩き起こされるかもしれないし。",
				"ENG_STRING": "もしも今夜の内に何か起きたら、早々に叩き起こされるかもしれないし。"
			},
			{
				"TYPE": "ZM",
				"ID": 430180,
				"NAME": "三厳",
				"ENG_NAME": "三厳",
				"STRING": "（寝れるだけ寝とかないとな……）",
				"ENG_STRING": "（寝れるだけ寝とかないとな……）"
			},
			{
				"TYPE": "ZM",
				"ID": 430181,
				"STRING": "しかし、一体どういう遺品なんだろう。",
				"ENG_STRING": "しかし、一体どういう遺品なんだろう。"
			},
			{
				"TYPE": "ZM",
				"ID": 430182,
				"STRING": "あれだけ捜して見つからないって事は、まだ使用者が持ったままなのか。",
				"ENG_STRING": "あれだけ捜して見つからないって事は、まだ使用者が持ったままなのか。"
			},
			{
				"TYPE": "ZM",
				"ID": 430183,
				"NAME": "三厳",
				"ENG_NAME": "三厳",
				"STRING": "（だとしたら、捜し出すのはかなりやっかいだな……）",
				"ENG_STRING": "（だとしたら、捜し出すのはかなりやっかいだな……）"
			},
			{
				"TYPE": "ZM",
				"ID": 430184,
				"NAME": "三厳",
				"ENG_NAME": "三厳",
				"STRING": "（……やっぱり、モー子の言うとおり３００何個だか洗い出して形だけでも特定しないと無理か……）",
				"ENG_STRING": "（……やっぱり、モー子の言うとおり３００何個だか洗い出して形だけでも特定しないと無理か……）"
			},
			{
				"TYPE": "ZM",
				"ID": 430185,
				"NAME": "三厳",
				"ENG_NAME": "三厳",
				"STRING": "（あ、やばい、早く寝ないと……）",
				"ENG_STRING": "（あ、やばい、早く寝ないと……）"
			},
			{
				"TYPE": "ZM",
				"ID": 430186,
				"NAME": "三厳",
				"ENG_NAME": "三厳",
				"STRING": "（…………………………）",
				"ENG_STRING": "（…………………………）"
			}
		],
		"CHAPTER_SUBNAME": "S02_10_01　就寝"
	}
}