{
	"S04_01": {
		"MESSAGES": [
			{
				"TYPE": "ZM",
				"ID": 467970,
				"NAME": "女子生徒Ａ",
				"ENG_NAME": "女子生徒Ａ",
				"STRING": "「真由美ー、何してんの？　何それ、なんだか古いランプ持ってるね」",
				"ENG_STRING": "「真由美ー、何してんの？　何それ、なんだか古いランプ持ってるね」"
			},
			{
				"TYPE": "ZM",
				"ID": 467971,
				"NAME": "真由美",
				"ENG_NAME": "真由美",
				"STRING": "「あ、あのね、これ明日の美術の授業でデッサンに使うんだって」@n",
				"ENG_STRING": "「あ、あのね、これ明日の美術の授業でデッサンに使うんだって」@n"
			},
			{
				"TYPE": "ZM",
				"ID": 467972,
				"NAME": "女子生徒Ｂ",
				"ENG_NAME": "女子生徒Ｂ",
				"STRING": "「へえ、そうなんだ。ランプのデッサンなんてしたことないなあ」",
				"ENG_STRING": "「へえ、そうなんだ。ランプのデッサンなんてしたことないなあ」"
			},
			{
				"TYPE": "ZM",
				"ID": 467973,
				"NAME": "真由美",
				"ENG_NAME": "真由美",
				"STRING": "「うん。ちょっと埃被ってるから、拭いといてって先生に頼まれたんだけど……まだ曇ってて」",
				"ENG_STRING": "「うん。ちょっと埃被ってるから、拭いといてって先生に頼まれたんだけど……まだ曇ってて」"
			},
			{
				"TYPE": "ZM",
				"ID": 467974,
				"NAME": "女子生徒Ａ",
				"ENG_NAME": "女子生徒Ａ",
				"STRING": "「タオルか雑巾濡らして拭けばいいんじゃない？」",
				"ENG_STRING": "「タオルか雑巾濡らして拭けばいいんじゃない？」"
			},
			{
				"TYPE": "ZM",
				"ID": 467975,
				"NAME": "真由美",
				"ENG_NAME": "真由美",
				"STRING": "「あ、そっか。じゃあ、ちょっとやってくる」@n",
				"ENG_STRING": "「あ、そっか。じゃあ、ちょっとやってくる」@n"
			},
			{
				"TYPE": "ZM",
				"ID": 467976,
				"NAME": "女子生徒Ａ",
				"ENG_NAME": "女子生徒Ａ",
				"STRING": "「せっかくだし、一緒に行こう〜っと」",
				"ENG_STRING": "「せっかくだし、一緒に行こう〜っと」"
			},
			{
				"TYPE": "ZM",
				"ID": 467977,
				"NAME": "女子生徒Ｂ",
				"ENG_NAME": "女子生徒Ｂ",
				"STRING": "「あ、私も」",
				"ENG_STRING": "「あ、私も」"
			},
			{
				"TYPE": "ZM",
				"ID": 467978,
				"NAME": "真由美",
				"ENG_NAME": "真由美",
				"STRING": "「ふふふ」",
				"ENG_STRING": "「ふふふ」"
			},
			{
				"TYPE": "ZM",
				"ID": 467979,
				"NAME": "真由美",
				"ENG_NAME": "真由美",
				"STRING": "「んしょ……だいぶキレイになったみたい」@n",
				"ENG_STRING": "「んしょ……だいぶキレイになったみたい」@n"
			},
			{
				"TYPE": "ZM",
				"ID": 468225,
				"NAME": "女子生徒Ａ",
				"ENG_NAME": "女子生徒Ａ",
				"STRING": "「そうだね、さっきよりは随分」",
				"ENG_STRING": "「そうだね、さっきよりは随分」"
			},
			{
				"TYPE": "ZM",
				"ID": 468226,
				"NAME": "女子生徒Ｂ",
				"ENG_NAME": "女子生徒Ｂ",
				"STRING": "「授業で使うだけなら、このくらいでいいんじゃない」",
				"ENG_STRING": "「授業で使うだけなら、このくらいでいいんじゃない」"
			},
			{
				"TYPE": "ZM",
				"ID": 468227,
				"NAME": "真由美",
				"ENG_NAME": "真由美",
				"STRING": "「そうだね」",
				"ENG_STRING": "「そうだね」"
			},
			{
				"TYPE": "ZM",
				"ID": 468228,
				"NAME": "真由美",
				"ENG_NAME": "真由美",
				"STRING": "「あ……教室戻らなきゃ」",
				"ENG_STRING": "「あ……教室戻らなきゃ」"
			},
			{
				"TYPE": "ZM",
				"ID": 468229,
				"NAME": "女子生徒Ａ",
				"ENG_NAME": "女子生徒Ａ",
				"STRING": "「でもこれ、まだ乾いてないよ」",
				"ENG_STRING": "「でもこれ、まだ乾いてないよ」"
			},
			{
				"TYPE": "ZM",
				"ID": 468230,
				"NAME": "真由美",
				"ENG_NAME": "真由美",
				"STRING": "「えっと、片付けられないようにメモ置いとこう」",
				"ENG_STRING": "「えっと、片付けられないようにメモ置いとこう」"
			},
			{
				"TYPE": "ZM",
				"ID": 468231,
				"NAME": "女子生徒Ｂ",
				"ENG_NAME": "女子生徒Ｂ",
				"STRING": "「あ、私メモ帳とペン持ってるよ。これ使って」",
				"ENG_STRING": "「あ、私メモ帳とペン持ってるよ。これ使って」"
			},
			{
				"TYPE": "ZM",
				"ID": 468232,
				"NAME": "真由美",
				"ENG_NAME": "真由美",
				"STRING": "「ありがとう」",
				"ENG_STRING": "「ありがとう」"
			},
			{
				"TYPE": "ZM",
				"ID": 468233,
				"NAME": "真由美",
				"ENG_NAME": "真由美",
				"STRING": "「乾かしてますって、書いとけばいいかな」",
				"ENG_STRING": "「乾かしてますって、書いとけばいいかな」"
			},
			{
				"TYPE": "ZM",
				"ID": 468234,
				"NAME": "女子生徒Ａ",
				"ENG_NAME": "女子生徒Ａ",
				"STRING": "「それでいいんじゃない」",
				"ENG_STRING": "「それでいいんじゃない」"
			},
			{
				"TYPE": "ZM",
				"ID": 468235,
				"NAME": "女子生徒Ｂ",
				"ENG_NAME": "女子生徒Ｂ",
				"STRING": "「これで誰も持って行かないよ。先生来ちゃう前に、教室戻ろう」",
				"ENG_STRING": "「これで誰も持って行かないよ。先生来ちゃう前に、教室戻ろう」"
			},
			{
				"TYPE": "ZM",
				"ID": 468236,
				"NAME": "真由美",
				"ENG_NAME": "真由美",
				"STRING": "「うん。そうだね」",
				"ENG_STRING": "「うん。そうだね」"
			},
			{
				"TYPE": "ZM",
				"ID": 468237,
				"NAME": "女子生徒Ａ",
				"ENG_NAME": "女子生徒Ａ",
				"STRING": "「あ、おはよー。葵」@n",
				"ENG_STRING": "「あ、おはよー。葵」@n"
			},
			{
				"TYPE": "ZM",
				"ID": 468238,
				"NAME": "葵",
				"ENG_NAME": "葵",
				"STRING": "「あ、おはよう」",
				"ENG_STRING": "「あ、おはよう」"
			},
			{
				"TYPE": "ZM",
				"ID": 468239,
				"NAME": "女子生徒Ｂ",
				"ENG_NAME": "女子生徒Ｂ",
				"STRING": "「あれ？　ちょっと顔色よくなった？」",
				"ENG_STRING": "「あれ？　ちょっと顔色よくなった？」"
			},
			{
				"TYPE": "ZM",
				"ID": 468240,
				"NAME": "葵",
				"ENG_NAME": "葵",
				"STRING": "「そ、そうかな？」",
				"ENG_STRING": "「そ、そうかな？」"
			},
			{
				"TYPE": "ZM",
				"ID": 468241,
				"NAME": "女子生徒Ａ",
				"ENG_NAME": "女子生徒Ａ",
				"STRING": "「うん。なんか体調悪そうだねって心配してたんだよ」",
				"ENG_STRING": "「うん。なんか体調悪そうだねって心配してたんだよ」"
			},
			{
				"TYPE": "ZM",
				"ID": 468242,
				"NAME": "葵",
				"ENG_NAME": "葵",
				"STRING": "「ごめんね。でも、もう大丈夫……ちょっと、寝不足だったんだ」",
				"ENG_STRING": "「ごめんね。でも、もう大丈夫……ちょっと、寝不足だったんだ」"
			},
			{
				"TYPE": "ZM",
				"ID": 468243,
				"NAME": "女子生徒Ａ",
				"ENG_NAME": "女子生徒Ａ",
				"STRING": "「えー。ちゃんと寝ないとだめだよ」",
				"ENG_STRING": "「えー。ちゃんと寝ないとだめだよ」"
			},
			{
				"TYPE": "ZM",
				"ID": 468244,
				"NAME": "女子生徒Ｂ",
				"ENG_NAME": "女子生徒Ｂ",
				"STRING": "「そうそう。お肌にも悪いしねー」",
				"ENG_STRING": "「そうそう。お肌にも悪いしねー」"
			},
			{
				"TYPE": "ZM",
				"ID": 468245,
				"NAME": "葵",
				"ENG_NAME": "葵",
				"STRING": "「ふふふ。そうだね、気をつけるよ」",
				"ENG_STRING": "「ふふふ。そうだね、気をつけるよ」"
			},
			{
				"TYPE": "ZM",
				"ID": 468246,
				"STRING": "友達と楽しそうに話しながら歩く諏訪の表情は、明るく元気なものだった。",
				"ENG_STRING": "友達と楽しそうに話しながら歩く諏訪の表情は、明るく元気なものだった。"
			},
			{
				"TYPE": "ZM",
				"ID": 468247,
				"STRING": "遠くから見ているだけでも、もう随分と元気になったのがよくわかる。",
				"ENG_STRING": "遠くから見ているだけでも、もう随分と元気になったのがよくわかる。"
			},
			{
				"TYPE": "ZM",
				"ID": 468248,
				"NAME": "三厳",
				"ENG_NAME": "三厳",
				"STRING": "「もう大丈夫みたいだな」",
				"ENG_STRING": "「もう大丈夫みたいだな」"
			},
			{
				"TYPE": "ZM",
				"ID": 468249,
				"NAME": "憂緒",
				"ENG_NAME": "憂緒",
				"STRING": "「はい。かなり元気になったようですね」",
				"ENG_STRING": "「はい。かなり元気になったようですね」"
			},
			{
				"TYPE": "ZM",
				"ID": 468250,
				"NAME": "小太郎",
				"ENG_NAME": "小太郎",
				"STRING": "「うん。良かったね！」",
				"ENG_STRING": "「うん。良かったね！」"
			},
			{
				"TYPE": "ZM",
				"ID": 468251,
				"NAME": "静春",
				"ENG_NAME": "静春",
				"STRING": "「友達も心配してたんだな」",
				"ENG_STRING": "「友達も心配してたんだな」"
			},
			{
				"TYPE": "ZM",
				"ID": 468252,
				"NAME": "三厳",
				"ENG_NAME": "三厳",
				"STRING": "「そりゃ、あんな状態だったんじゃなあ」",
				"ENG_STRING": "「そりゃ、あんな状態だったんじゃなあ」"
			},
			{
				"TYPE": "ZM",
				"ID": 468253,
				"STRING": "見るからに顔色も悪かったし、日に日にやつれていれば普通は心配になるに決まってる。",
				"ENG_STRING": "見るからに顔色も悪かったし、日に日にやつれていれば普通は心配になるに決まってる。"
			},
			{
				"TYPE": "ZM",
				"ID": 468254,
				"STRING": "きっと、諏訪の友達もずっと気にしていたんだろう。",
				"ENG_STRING": "きっと、諏訪の友達もずっと気にしていたんだろう。"
			},
			{
				"TYPE": "ZM",
				"ID": 468255,
				"STRING": "あれから数日経過して、諏訪も立ち直りつつあるようだ。",
				"ENG_STRING": "あれから数日経過して、諏訪も立ち直りつつあるようだ。"
			},
			{
				"TYPE": "ZM",
				"ID": 468256,
				"STRING": "もしかしたら、俺達が心配しすぎていただけなのかもしれないな。",
				"ENG_STRING": "もしかしたら、俺達が心配しすぎていただけなのかもしれないな。"
			},
			{
				"TYPE": "ZM",
				"ID": 468257,
				"STRING": "けどまあ、あんな状態だったから、さすがに解決したからって放ってはおけないし。",
				"ENG_STRING": "けどまあ、あんな状態だったから、さすがに解決したからって放ってはおけないし。"
			},
			{
				"TYPE": "ZM",
				"ID": 468258,
				"NAME": "鍔姫",
				"ENG_NAME": "鍔姫",
				"STRING": "「おはよう、みんな」@n",
				"ENG_STRING": "「おはよう、みんな」@n"
			},
			{
				"TYPE": "ZM",
				"ID": 468259,
				"NAME": "三厳",
				"ENG_NAME": "三厳",
				"STRING": "「ああ、鍔姫ちゃん。おはよう」",
				"ENG_STRING": "「ああ、鍔姫ちゃん。おはよう」"
			},
			{
				"TYPE": "ZM",
				"ID": 468260,
				"STRING": "諏訪の様子を見ていると、鍔姫ちゃんがやって来た。",
				"ENG_STRING": "諏訪の様子を見ていると、鍔姫ちゃんがやって来た。"
			},
			{
				"TYPE": "ZM",
				"ID": 468261,
				"STRING": "そして、俺達に挨拶をすると諏訪を見つめてどこか安心したような表情を浮かべていた。",
				"ENG_STRING": "そして、俺達に挨拶をすると諏訪を見つめてどこか安心したような表情を浮かべていた。"
			},
			{
				"TYPE": "ZM",
				"ID": 468262,
				"NAME": "憂緒",
				"ENG_NAME": "憂緒",
				"STRING": "「壬生さんも彼女が気になっていたのですか？」",
				"ENG_STRING": "「壬生さんも彼女が気になっていたのですか？」"
			},
			{
				"TYPE": "ZM",
				"ID": 468263,
				"NAME": "鍔姫",
				"ENG_NAME": "鍔姫",
				"STRING": "「ああ、話に聞いていて心配していたんだ、少し他人事とは思えなくてな……だが、彼女はもう大丈夫そうだ」@n",
				"ENG_STRING": "「ああ、話に聞いていて心配していたんだ、少し他人事とは思えなくてな……だが、彼女はもう大丈夫そうだ」@n"
			},
			{
				"TYPE": "SELR",
				"ID": 0,
				"STRING": "でも、きっと寂しいだろうな",
				"ENG_STRING": "でも、きっと寂しいだろうな"
			},
			{
				"TYPE": "SELR",
				"ID": 1,
				"STRING": "ああ、良かった",
				"ENG_STRING": "ああ、良かった"
			},
			{
				"TYPE": "ZM",
				"ID": 468482,
				"NAME": "三厳",
				"ENG_NAME": "三厳",
				"STRING": "「でも、きっと寂しいだろうな」",
				"ENG_STRING": "「でも、きっと寂しいだろうな」"
			},
			{
				"TYPE": "ZM",
				"ID": 468483,
				"NAME": "鍔姫",
				"ENG_NAME": "鍔姫",
				"STRING": "「ああ、そうだな。友達がいなくなるのは、とても寂しいことだから……私にも、よくわかる」",
				"ENG_STRING": "「ああ、そうだな。友達がいなくなるのは、とても寂しいことだから……私にも、よくわかる」"
			},
			{
				"TYPE": "ZM",
				"ID": 468484,
				"NAME": "三厳",
				"ENG_NAME": "三厳",
				"STRING": "「鍔姫ちゃんがそれ言うと実感こもりまくりだって」",
				"ENG_STRING": "「鍔姫ちゃんがそれ言うと実感こもりまくりだって」"
			},
			{
				"TYPE": "ZM",
				"ID": 468485,
				"NAME": "鍔姫",
				"ENG_NAME": "鍔姫",
				"STRING": "「そ、そうだろうか？」",
				"ENG_STRING": "「そ、そうだろうか？」"
			},
			{
				"TYPE": "ZM",
				"ID": 468486,
				"NAME": "三厳",
				"ENG_NAME": "三厳",
				"STRING": "「そりゃもう」",
				"ENG_STRING": "「そりゃもう」"
			},
			{
				"TYPE": "ZM",
				"ID": 468487,
				"STRING": "スミちゃんのことがあったから、話を聞いた鍔姫ちゃんも気が気じゃなかったんだろう。",
				"ENG_STRING": "スミちゃんのことがあったから、話を聞いた鍔姫ちゃんも気が気じゃなかったんだろう。"
			},
			{
				"TYPE": "ZM",
				"ID": 468488,
				"STRING": "今回の話をした時、随分深刻そうな顔をしていたもんな。",
				"ENG_STRING": "今回の話をした時、随分深刻そうな顔をしていたもんな。"
			},
			{
				"TYPE": "ZM",
				"ID": 468489,
				"STRING": "あの状況の諏訪の気持ちが誰よりもわかるのは鍔姫ちゃんかもしれない。",
				"ENG_STRING": "あの状況の諏訪の気持ちが誰よりもわかるのは鍔姫ちゃんかもしれない。"
			},
			{
				"TYPE": "ZM",
				"ID": 468490,
				"NAME": "鍔姫",
				"ENG_NAME": "鍔姫",
				"STRING": "「あとから、人形でないスミちゃんに出会えた私はとても幸運だったのだと思う」",
				"ENG_STRING": "「あとから、人形でないスミちゃんに出会えた私はとても幸運だったのだと思う」"
			},
			{
				"TYPE": "ZM",
				"ID": 468491,
				"NAME": "三厳",
				"ENG_NAME": "三厳",
				"STRING": "「そうだな……」",
				"ENG_STRING": "「そうだな……」"
			},
			{
				"TYPE": "ZM",
				"ID": 468738,
				"NAME": "三厳",
				"ENG_NAME": "三厳",
				"STRING": "「ああ、良かった」",
				"ENG_STRING": "「ああ、良かった」"
			},
			{
				"TYPE": "ZM",
				"ID": 468739,
				"NAME": "小太郎",
				"ENG_NAME": "小太郎",
				"STRING": "「はい。おれもそう思います」",
				"ENG_STRING": "「はい。おれもそう思います」"
			},
			{
				"TYPE": "ZM",
				"ID": 468994,
				"NAME": "鍔姫",
				"ENG_NAME": "鍔姫",
				"STRING": "「そうだ。彼女にも私のように新しい友達ができたんだろう？」",
				"ENG_STRING": "「そうだ。彼女にも私のように新しい友達ができたんだろう？」"
			},
			{
				"TYPE": "ZM",
				"ID": 468995,
				"NAME": "小太郎",
				"ENG_NAME": "小太郎",
				"STRING": "「あ、そうですね。ハイジさんが、諏訪さんの世話を焼いてるみたいですから」",
				"ENG_STRING": "「あ、そうですね。ハイジさんが、諏訪さんの世話を焼いてるみたいですから」"
			},
			{
				"TYPE": "ZM",
				"ID": 468996,
				"STRING": "そういえば、二人が楽しそうに話してる姿を校内で見かけることもある。",
				"ENG_STRING": "そういえば、二人が楽しそうに話してる姿を校内で見かけることもある。"
			},
			{
				"TYPE": "ZM",
				"ID": 468997,
				"STRING": "あの事件は諏訪にとってもハイジにとっても、新たな出会いって意味ではいい結果になったのかもしれない。",
				"ENG_STRING": "あの事件は諏訪にとってもハイジにとっても、新たな出会いって意味ではいい結果になったのかもしれない。"
			},
			{
				"TYPE": "ZM",
				"ID": 468998,
				"NAME": "静春",
				"ENG_NAME": "静春",
				"STRING": "「あのお嬢様、結構面倒見いいのな」",
				"ENG_STRING": "「あのお嬢様、結構面倒見いいのな」"
			},
			{
				"TYPE": "ZM",
				"ID": 468999,
				"NAME": "三厳",
				"ENG_NAME": "三厳",
				"STRING": "「あん時かなり入れ込んでたみたいだし、そうなるんじゃないのか」",
				"ENG_STRING": "「あん時かなり入れ込んでたみたいだし、そうなるんじゃないのか」"
			},
			{
				"TYPE": "ZM",
				"ID": 469000,
				"NAME": "葵",
				"ENG_NAME": "葵",
				"STRING": "「あ……」",
				"ENG_STRING": "「あ……」"
			},
			{
				"TYPE": "ZM",
				"ID": 469001,
				"STRING": "遠くから様子を見ていると諏訪がこっちに気付いて笑顔を浮かべた。",
				"ENG_STRING": "遠くから様子を見ていると諏訪がこっちに気付いて笑顔を浮かべた。"
			},
			{
				"TYPE": "ZM",
				"ID": 469002,
				"STRING": "そちらに軽く手を振ると、友達に何か告げてからこっちに走って来る。",
				"ENG_STRING": "そちらに軽く手を振ると、友達に何か告げてからこっちに走って来る。"
			},
			{
				"TYPE": "ZM",
				"ID": 469003,
				"NAME": "葵",
				"ENG_NAME": "葵",
				"STRING": "「おはようございます、皆さん」@n",
				"ENG_STRING": "「おはようございます、皆さん」@n"
			},
			{
				"TYPE": "ZM",
				"ID": 469004,
				"NAME": "三厳",
				"ENG_NAME": "三厳",
				"STRING": "「おう、おはよー。身体、大丈夫か？」",
				"ENG_STRING": "「おう、おはよー。身体、大丈夫か？」"
			},
			{
				"TYPE": "ZM",
				"ID": 469005,
				"NAME": "葵",
				"ENG_NAME": "葵",
				"STRING": "「はい、もう大丈夫です。先日は本当にお世話になりました！」",
				"ENG_STRING": "「はい、もう大丈夫です。先日は本当にお世話になりました！」"
			},
			{
				"TYPE": "ZM",
				"ID": 469006,
				"NAME": "憂緒",
				"ENG_NAME": "憂緒",
				"STRING": "「いえ、私達は特査分室としての仕事をしただけです。お気になさらず」",
				"ENG_STRING": "「いえ、私達は特査分室としての仕事をしただけです。お気になさらず」"
			},
			{
				"TYPE": "ZM",
				"ID": 469007,
				"NAME": "葵",
				"ENG_NAME": "葵",
				"STRING": "「はい。あ、あの……もう、見覚えのない古いものがあっても、触らないようにしますね」@n",
				"ENG_STRING": "「はい。あ、あの……もう、見覚えのない古いものがあっても、触らないようにしますね」@n"
			},
			{
				"TYPE": "ZM",
				"ID": 469008,
				"NAME": "憂緒",
				"ENG_NAME": "憂緒",
				"STRING": "「是非そうしてください」",
				"ENG_STRING": "「是非そうしてください」"
			},
			{
				"TYPE": "ZM",
				"ID": 469009,
				"NAME": "葵",
				"ENG_NAME": "葵",
				"STRING": "「はい。あの、もしかしてこの学園って他にもああいうものがあったりするんですか？」",
				"ENG_STRING": "「はい。あの、もしかしてこの学園って他にもああいうものがあったりするんですか？」"
			},
			{
				"TYPE": "ZM",
				"ID": 469010,
				"STRING": "鋭いな……。",
				"ENG_STRING": "鋭いな……。"
			},
			{
				"TYPE": "ZM",
				"ID": 469011,
				"STRING": "でも、あんな体験をしたら他にもあるのかもと思うものかもしれない。",
				"ENG_STRING": "でも、あんな体験をしたら他にもあるのかもと思うものかもしれない。"
			},
			{
				"TYPE": "ZM",
				"ID": 469012,
				"STRING": "ただでさえ、ここはちょっと変わった学園なんだから。",
				"ENG_STRING": "ただでさえ、ここはちょっと変わった学園なんだから。"
			},
			{
				"TYPE": "ZM",
				"ID": 469013,
				"NAME": "憂緒",
				"ENG_NAME": "憂緒",
				"STRING": "「その通りです。もしまた見かけたら、すぐに特査分室に連絡してください」",
				"ENG_STRING": "「その通りです。もしまた見かけたら、すぐに特査分室に連絡してください」"
			},
			{
				"TYPE": "ZM",
				"ID": 469014,
				"NAME": "葵",
				"ENG_NAME": "葵",
				"STRING": "「わ、わかりました！　気をつけます！」",
				"ENG_STRING": "「わ、わかりました！　気をつけます！」"
			},
			{
				"TYPE": "ZM",
				"ID": 469015,
				"NAME": "鍔姫",
				"ENG_NAME": "鍔姫",
				"STRING": "「もっとも、そう何度も見かけるものではないと思うけれど……」",
				"ENG_STRING": "「もっとも、そう何度も見かけるものではないと思うけれど……」"
			},
			{
				"TYPE": "ZM",
				"ID": 469016,
				"NAME": "三厳",
				"ENG_NAME": "三厳",
				"STRING": "「まあな」",
				"ENG_STRING": "「まあな」"
			},
			{
				"TYPE": "ZM",
				"ID": 469017,
				"STRING": "とは言え、何が起こるかはわからない。",
				"ENG_STRING": "とは言え、何が起こるかはわからない。"
			},
			{
				"TYPE": "ZM",
				"ID": 469018,
				"STRING": "いつも唐突に遺品が出て来るんだから、注意しておくだけでも随分変わるだろう。",
				"ENG_STRING": "いつも唐突に遺品が出て来るんだから、注意しておくだけでも随分変わるだろう。"
			},
			{
				"TYPE": "ZM",
				"ID": 469019,
				"STRING": "それに特査へ連絡してくれる生徒が増えるのも、こちらとしてもありがたいかもしれない。",
				"ENG_STRING": "それに特査へ連絡してくれる生徒が増えるのも、こちらとしてもありがたいかもしれない。"
			},
			{
				"TYPE": "ZM",
				"ID": 469020,
				"NAME": "小太郎",
				"ENG_NAME": "小太郎",
				"STRING": "「なんにせよ、諏訪さんが元気そうで良かった！」",
				"ENG_STRING": "「なんにせよ、諏訪さんが元気そうで良かった！」"
			},
			{
				"TYPE": "ZM",
				"ID": 469021,
				"NAME": "葵",
				"ENG_NAME": "葵",
				"STRING": "「みんなも心配してくれたみたいで……」",
				"ENG_STRING": "「みんなも心配してくれたみたいで……」"
			},
			{
				"TYPE": "ZM",
				"ID": 469022,
				"NAME": "三厳",
				"ENG_NAME": "三厳",
				"STRING": "「友達とも仲良くしてるみたいだな」",
				"ENG_STRING": "「友達とも仲良くしてるみたいだな」"
			},
			{
				"TYPE": "ZM",
				"ID": 469023,
				"NAME": "葵",
				"ENG_NAME": "葵",
				"STRING": "「はい。わたし、友達にとっても心配されてたんだなあって、あんなことがあってからやっと気付きました」",
				"ENG_STRING": "「はい。わたし、友達にとっても心配されてたんだなあって、あんなことがあってからやっと気付きました」"
			},
			{
				"TYPE": "ZM",
				"ID": 469024,
				"NAME": "小太郎",
				"ENG_NAME": "小太郎",
				"STRING": "「でも、これだけ元気なら、きっとホムンクルスじゃない方の、小鳥のぴぃちゃんも喜んでくれてるよ」",
				"ENG_STRING": "「でも、これだけ元気なら、きっとホムンクルスじゃない方の、小鳥のぴぃちゃんも喜んでくれてるよ」"
			},
			{
				"TYPE": "ZM",
				"ID": 469025,
				"NAME": "葵",
				"ENG_NAME": "葵",
				"STRING": "「え？　小鳥？」",
				"ENG_STRING": "「え？　小鳥？」"
			},
			{
				"TYPE": "ZM",
				"ID": 469026,
				"STRING": "事件のきっかけになった、実家で飼っていたというペットのぴぃちゃんの名前を出すと、諏訪は不思議そうに小首を傾げた。",
				"ENG_STRING": "事件のきっかけになった、実家で飼っていたというペットのぴぃちゃんの名前を出すと、諏訪は不思議そうに小首を傾げた。"
			},
			{
				"TYPE": "ZM",
				"ID": 469027,
				"STRING": "そして、うーんと考えるような素振りを見せる。",
				"ENG_STRING": "そして、うーんと考えるような素振りを見せる。"
			},
			{
				"TYPE": "ZM",
				"ID": 469028,
				"STRING": "さっきのはなんか変なことだったか？　そんなに考えるようなことでもないと思うんだが……。",
				"ENG_STRING": "さっきのはなんか変なことだったか？　そんなに考えるようなことでもないと思うんだが……。"
			},
			{
				"TYPE": "ZM",
				"ID": 469029,
				"NAME": "葵",
				"ENG_NAME": "葵",
				"STRING": "「あの、ぴぃちゃんは小鳥じゃないですよ」",
				"ENG_STRING": "「あの、ぴぃちゃんは小鳥じゃないですよ」"
			},
			{
				"TYPE": "ZM",
				"ID": 469030,
				"NAME": "三厳",
				"ENG_NAME": "三厳",
				"STRING": "「え、違うのか？　あの名前はどう考えても鳥の名前だろ」",
				"ENG_STRING": "「え、違うのか？　あの名前はどう考えても鳥の名前だろ」"
			},
			{
				"TYPE": "ZM",
				"ID": 469031,
				"NAME": "葵",
				"ENG_NAME": "葵",
				"STRING": "「でも、違います。ぴぃちゃんは鳥じゃありません」@n",
				"ENG_STRING": "「でも、違います。ぴぃちゃんは鳥じゃありません」@n"
			},
			{
				"TYPE": "ZM",
				"ID": 469032,
				"NAME": "憂緒",
				"ENG_NAME": "憂緒",
				"STRING": "「そういえば、姿は見ていませんでしたね」",
				"ENG_STRING": "「そういえば、姿は見ていませんでしたね」"
			},
			{
				"TYPE": "ZM",
				"ID": 469033,
				"NAME": "静春",
				"ENG_NAME": "静春",
				"STRING": "「言われてみれば確かに」",
				"ENG_STRING": "「言われてみれば確かに」"
			},
			{
				"TYPE": "ZM",
				"ID": 469034,
				"STRING": "あの名前からてっきり鳥だと思ってたけど、違う生き物だったのか。",
				"ENG_STRING": "あの名前からてっきり鳥だと思ってたけど、違う生き物だったのか。"
			},
			{
				"TYPE": "ZM",
				"ID": 469035,
				"STRING": "だったら、そのぴぃちゃんは一体どんな生き物だったんだ？",
				"ENG_STRING": "だったら、そのぴぃちゃんは一体どんな生き物だったんだ？"
			},
			{
				"TYPE": "ZM",
				"ID": 469036,
				"STRING": "小鳥以外に想像できないんだけど……。",
				"ENG_STRING": "小鳥以外に想像できないんだけど……。"
			},
			{
				"TYPE": "ZM",
				"ID": 469037,
				"NAME": "鍔姫",
				"ENG_NAME": "鍔姫",
				"STRING": "「じゃあ、そのぴぃちゃんと言うのは一体……」",
				"ENG_STRING": "「じゃあ、そのぴぃちゃんと言うのは一体……」"
			},
			{
				"TYPE": "ZM",
				"ID": 469038,
				"NAME": "葵",
				"ENG_NAME": "葵",
				"STRING": "「あっ、写真、見ますか？　ぴぃちゃんはですね――」@n",
				"ENG_STRING": "「あっ、写真、見ますか？　ぴぃちゃんはですね――」@n"
			},
			{
				"TYPE": "ZM",
				"ID": 469039,
				"NAME": "葵",
				"ENG_NAME": "葵",
				"STRING": "「ヒョウモントカゲモドキです」@n",
				"ENG_STRING": "「ヒョウモントカゲモドキです」@n"
			},
			{
				"TYPE": "ZM",
				"ID": 469040,
				"NAME": "小太郎",
				"ENG_NAME": "小太郎",
				"STRING": "「と、とかげ！？　とかげをペットに！？？！？！？」",
				"ENG_STRING": "「と、とかげ！？　とかげをペットに！？？！？！？」"
			},
			{
				"TYPE": "ZM",
				"ID": 469041,
				"NAME": "葵",
				"ENG_NAME": "葵",
				"STRING": "「トカゲモドキです」",
				"ENG_STRING": "「トカゲモドキです」"
			},
			{
				"TYPE": "ZM",
				"ID": 469042,
				"NAME": "小太郎",
				"ENG_NAME": "小太郎",
				"STRING": "「結局とかげなの！？　とかげじゃないの！？　モドキなの！？」",
				"ENG_STRING": "「結局とかげなの！？　とかげじゃないの！？　モドキなの！？」"
			},
			{
				"TYPE": "ZM",
				"ID": 469043,
				"NAME": "三厳",
				"ENG_NAME": "三厳",
				"STRING": "「いや、モドキなんだから違うんだろ」",
				"ENG_STRING": "「いや、モドキなんだから違うんだろ」"
			},
			{
				"TYPE": "ZM",
				"ID": 469044,
				"NAME": "静春",
				"ENG_NAME": "静春",
				"STRING": "「見た目からするととかげなんじゃねえの」",
				"ENG_STRING": "「見た目からするととかげなんじゃねえの」"
			},
			{
				"TYPE": "ZM",
				"ID": 469045,
				"NAME": "憂緒",
				"ENG_NAME": "憂緒",
				"STRING": "「ヤモリ科だとする説もあるそうですが一応トカゲのはずですよ。別名はレオパードゲッコウ。全長は約２０センチから２５センチくらいでしたか……」",
				"ENG_STRING": "「ヤモリ科だとする説もあるそうですが一応トカゲのはずですよ。別名はレオパードゲッコウ。全長は約２０センチから２５センチくらいでしたか……」"
			},
			{
				"TYPE": "ZM",
				"ID": 469046,
				"NAME": "葵",
				"ENG_NAME": "葵",
				"STRING": "「わあ〜！　よくご存知ですね！　あ、もしかして鹿ケ谷先輩もお好きなんですか？」",
				"ENG_STRING": "「わあ〜！　よくご存知ですね！　あ、もしかして鹿ケ谷先輩もお好きなんですか？」"
			},
			{
				"TYPE": "ZM",
				"ID": 469047,
				"NAME": "憂緒",
				"ENG_NAME": "憂緒",
				"STRING": "「いえ、まあ、知識としてだけ……」",
				"ENG_STRING": "「いえ、まあ、知識としてだけ……」"
			},
			{
				"TYPE": "ZM",
				"ID": 469048,
				"NAME": "小太郎",
				"ENG_NAME": "小太郎",
				"STRING": "「け、結局どっちなんだろう……」",
				"ENG_STRING": "「け、結局どっちなんだろう……」"
			},
			{
				"TYPE": "ZM",
				"ID": 469049,
				"STRING": "おまるの疑問はもっともだったが、俺も正確な答えがわからない。",
				"ENG_STRING": "おまるの疑問はもっともだったが、俺も正確な答えがわからない。"
			},
			{
				"TYPE": "ZM",
				"ID": 469050,
				"STRING": "しかし、変わったペットを飼っていたもんだ。",
				"ENG_STRING": "しかし、変わったペットを飼っていたもんだ。"
			},
			{
				"TYPE": "ZM",
				"ID": 469051,
				"STRING": "てっきり小鳥だとばかり思っていた。",
				"ENG_STRING": "てっきり小鳥だとばかり思っていた。"
			},
			{
				"TYPE": "ZM",
				"ID": 469052,
				"NAME": "憂緒",
				"ENG_NAME": "憂緒",
				"STRING": "「これは少々、予想外でしたね」",
				"ENG_STRING": "「これは少々、予想外でしたね」"
			},
			{
				"TYPE": "ZM",
				"ID": 469053,
				"STRING": "俺達だけでなくモー子も同じように思っているようで、その顔は少し驚いているようだった。",
				"ENG_STRING": "俺達だけでなくモー子も同じように思っているようで、その顔は少し驚いているようだった。"
			},
			{
				"TYPE": "ZM",
				"ID": 469054,
				"STRING": "こいつのこんな表情は珍しいかもしれない。",
				"ENG_STRING": "こいつのこんな表情は珍しいかもしれない。"
			},
			{
				"TYPE": "ZM",
				"ID": 469055,
				"NAME": "葵",
				"ENG_NAME": "葵",
				"STRING": "「でも、とーっても可愛い、優しい子だったんですよ」",
				"ENG_STRING": "「でも、とーっても可愛い、優しい子だったんですよ」"
			},
			{
				"TYPE": "ZM",
				"ID": 469056,
				"NAME": "鍔姫",
				"ENG_NAME": "鍔姫",
				"STRING": "「そうみたいだな。諏訪さんを見ていると、よくわかるよ。それに、本当に大切な友達だったと伝わって来る」",
				"ENG_STRING": "「そうみたいだな。諏訪さんを見ていると、よくわかるよ。それに、本当に大切な友達だったと伝わって来る」"
			},
			{
				"TYPE": "ZM",
				"ID": 469057,
				"STRING": "鍔姫ちゃんの言う通りだった。",
				"ENG_STRING": "鍔姫ちゃんの言う通りだった。"
			},
			{
				"TYPE": "ZM",
				"ID": 469058,
				"STRING": "見た目がどうであれ、諏訪の様子を見ているとぴぃちゃんを大事にしていたのがよくわかる。",
				"ENG_STRING": "見た目がどうであれ、諏訪の様子を見ているとぴぃちゃんを大事にしていたのがよくわかる。"
			},
			{
				"TYPE": "ZM",
				"ID": 469059,
				"STRING": "そうでなければ、遺品だって現れてないだろう。",
				"ENG_STRING": "そうでなければ、遺品だって現れてないだろう。"
			},
			{
				"TYPE": "ZM",
				"ID": 469060,
				"NAME": "女子生徒Ａ",
				"ENG_NAME": "女子生徒Ａ",
				"STRING": "「葵ちゃーん、もう行かないと遅れるよー！」",
				"ENG_STRING": "「葵ちゃーん、もう行かないと遅れるよー！」"
			},
			{
				"TYPE": "ZM",
				"ID": 469061,
				"NAME": "葵",
				"ENG_NAME": "葵",
				"STRING": "「あ！　う、うん、わかった！」",
				"ENG_STRING": "「あ！　う、うん、わかった！」"
			},
			{
				"TYPE": "ZM",
				"ID": 469062,
				"STRING": "友達に声をかけられた諏訪は、そちらに返事をしてから俺達に向かって深く頭を下げた。",
				"ENG_STRING": "友達に声をかけられた諏訪は、そちらに返事をしてから俺達に向かって深く頭を下げた。"
			},
			{
				"TYPE": "ZM",
				"ID": 469063,
				"NAME": "葵",
				"ENG_NAME": "葵",
				"STRING": "「本当に、ありがとうございました。これからは気をつけます」",
				"ENG_STRING": "「本当に、ありがとうございました。これからは気をつけます」"
			},
			{
				"TYPE": "ZM",
				"ID": 469064,
				"NAME": "憂緒",
				"ENG_NAME": "憂緒",
				"STRING": "「はい。それでは、遅れないように気をつけてください」",
				"ENG_STRING": "「はい。それでは、遅れないように気をつけてください」"
			},
			{
				"TYPE": "ZM",
				"ID": 469065,
				"NAME": "葵",
				"ENG_NAME": "葵",
				"STRING": "「あの、じゃあ失礼します」",
				"ENG_STRING": "「あの、じゃあ失礼します」"
			},
			{
				"TYPE": "ZM",
				"ID": 469066,
				"STRING": "笑顔を浮かべながら答えた諏訪は友達と一緒に教室に向かって行った。",
				"ENG_STRING": "笑顔を浮かべながら答えた諏訪は友達と一緒に教室に向かって行った。"
			},
			{
				"TYPE": "ZM",
				"ID": 469067,
				"STRING": "あの様子じゃ、俺達が心配することはもう何もなさそうだ。",
				"ENG_STRING": "あの様子じゃ、俺達が心配することはもう何もなさそうだ。"
			},
			{
				"TYPE": "ZM",
				"ID": 469068,
				"NAME": "小太郎",
				"ENG_NAME": "小太郎",
				"STRING": "「……トカゲ……ペットにしちゃうんだ……」@n",
				"ENG_STRING": "「……トカゲ……ペットにしちゃうんだ……」@n"
			},
			{
				"TYPE": "ZM",
				"ID": 469069,
				"NAME": "鍔姫",
				"ENG_NAME": "鍔姫",
				"STRING": "「ま、まあ、その、慣れれば愛嬌があって可愛いのかもしれないな」",
				"ENG_STRING": "「ま、まあ、その、慣れれば愛嬌があって可愛いのかもしれないな」"
			},
			{
				"TYPE": "ZM",
				"ID": 469070,
				"NAME": "小太郎",
				"ENG_NAME": "小太郎",
				"STRING": "「そ、そうですね」",
				"ENG_STRING": "「そ、そうですね」"
			},
			{
				"TYPE": "ZM",
				"ID": 469071,
				"STRING": "おまるのやつはトカゲのことがかなり気になっているようだった。",
				"ENG_STRING": "おまるのやつはトカゲのことがかなり気になっているようだった。"
			},
			{
				"TYPE": "ZM",
				"ID": 469072,
				"STRING": "まあ、爬虫類をペットにする人は増えてるみたいだけど、女の子でとなるとあんまりいないもんだしな。",
				"ENG_STRING": "まあ、爬虫類をペットにする人は増えてるみたいだけど、女の子でとなるとあんまりいないもんだしな。"
			},
			{
				"TYPE": "ZM",
				"ID": 469073,
				"NAME": "憂緒",
				"ENG_NAME": "憂緒",
				"STRING": "「おしゃべりをしている場合ではありません。私達もそろそろ行きましょう」",
				"ENG_STRING": "「おしゃべりをしている場合ではありません。私達もそろそろ行きましょう」"
			},
			{
				"TYPE": "ZM",
				"ID": 469074,
				"NAME": "小太郎",
				"ENG_NAME": "小太郎",
				"STRING": "「あ、そうですね」",
				"ENG_STRING": "「あ、そうですね」"
			},
			{
				"TYPE": "ZM",
				"ID": 469075,
				"NAME": "鍔姫",
				"ENG_NAME": "鍔姫",
				"STRING": "「遅れるわけはにいかないからな」",
				"ENG_STRING": "「遅れるわけはにいかないからな」"
			},
			{
				"TYPE": "ZM",
				"ID": 469076,
				"STRING": "諏訪の様子を見届けてから、俺達も揃って教室に向かって歩き出した。",
				"ENG_STRING": "諏訪の様子を見届けてから、俺達も揃って教室に向かって歩き出した。"
			},
			{
				"TYPE": "ZM",
				"ID": 469077,
				"STRING": "この先何もなければいいと心から思うんだが……さすがにこの学園では、そういうわけにはいかないだろうな……。",
				"ENG_STRING": "この先何もなければいいと心から思うんだが……さすがにこの学園では、そういうわけにはいかないだろうな……。"
			},
			{
				"TYPE": "ZM",
				"ID": 469078,
				"NAME": "アーデルハイト",
				"ENG_NAME": "アーデルハイト",
				"STRING": "「……誰もいないわね？」",
				"ENG_STRING": "「……誰もいないわね？」"
			},
			{
				"TYPE": "ZM",
				"ID": 469079,
				"NAME": "ルイ",
				"ENG_NAME": "ルイ",
				"STRING": "「ああ」",
				"ENG_STRING": "「ああ」"
			},
			{
				"TYPE": "ZM",
				"ID": 469080,
				"STRING": "校舎内に視線を向け、周りを見渡し誰もいないことを確認する。",
				"ENG_STRING": "校舎内に視線を向け、周りを見渡し誰もいないことを確認する。"
			},
			{
				"TYPE": "ZM",
				"ID": 469081,
				"STRING": "授業中なので生徒達は出て来ないだろうが、念には念を入れておくに越したことはない。",
				"ENG_STRING": "授業中なので生徒達は出て来ないだろうが、念には念を入れておくに越したことはない。"
			},
			{
				"TYPE": "ZM",
				"ID": 469082,
				"NAME": "アーデルハイト",
				"ENG_NAME": "アーデルハイト",
				"STRING": "「……じゃあ」",
				"ENG_STRING": "「……じゃあ」"
			},
			{
				"TYPE": "ZM",
				"ID": 469083,
				"NAME": "ルイ",
				"ENG_NAME": "ルイ",
				"STRING": "「………」",
				"ENG_STRING": "「………」"
			},
			{
				"TYPE": "ZM",
				"ID": 469084,
				"STRING": "アーデルハイトは隠し持っていた容器を取り出し、それにそっと息を吹き付ける。@n",
				"ENG_STRING": "アーデルハイトは隠し持っていた容器を取り出し、それにそっと息を吹き付ける。@n"
			},
			{
				"TYPE": "ZM",
				"ID": 469085,
				"STRING": "しばらく待っていると廊下に広がった粉は色づき、そこかしこに魔術の痕跡が浮き上がる。",
				"ENG_STRING": "しばらく待っていると廊下に広がった粉は色づき、そこかしこに魔術の痕跡が浮き上がる。"
			},
			{
				"TYPE": "ZM",
				"ID": 469086,
				"STRING": "しかもこれは、一つや二つではない……。",
				"ENG_STRING": "しかもこれは、一つや二つではない……。"
			},
			{
				"TYPE": "ZM",
				"ID": 469087,
				"NAME": "アーデルハイト",
				"ENG_NAME": "アーデルハイト",
				"STRING": "「これは三重……いえ、四重になっている？」",
				"ENG_STRING": "「これは三重……いえ、四重になっている？」"
			},
			{
				"TYPE": "ZM",
				"ID": 469088,
				"NAME": "ルイ",
				"ENG_NAME": "ルイ",
				"STRING": "「そのようだな」",
				"ENG_STRING": "「そのようだな」"
			},
			{
				"TYPE": "ZM",
				"ID": 469089,
				"NAME": "アーデルハイト",
				"ENG_NAME": "アーデルハイト",
				"STRING": "「反応が重なり合っていて、一つ一つが何なのかわかりにくいわね……」",
				"ENG_STRING": "「反応が重なり合っていて、一つ一つが何なのかわかりにくいわね……」"
			},
			{
				"TYPE": "ZM",
				"ID": 469090,
				"NAME": "ルイ",
				"ENG_NAME": "ルイ",
				"STRING": "「この学園には数々の魔術道具があるようだし、反応が過剰になるのは仕方のないことかもしれないが……それでもやはり、気になるな」",
				"ENG_STRING": "「この学園には数々の魔術道具があるようだし、反応が過剰になるのは仕方のないことかもしれないが……それでもやはり、気になるな」"
			},
			{
				"TYPE": "ZM",
				"ID": 469091,
				"NAME": "アーデルハイト",
				"ENG_NAME": "アーデルハイト",
				"STRING": "「そうね」",
				"ENG_STRING": "「そうね」"
			},
			{
				"TYPE": "ZM",
				"ID": 469092,
				"NAME": "ルイ",
				"ENG_NAME": "ルイ",
				"STRING": "「それに……アレと同じような反応が見えるというのがどうも解せん」",
				"ENG_STRING": "「それに……アレと同じような反応が見えるというのがどうも解せん」"
			},
			{
				"TYPE": "ZM",
				"ID": 469093,
				"STRING": "何故似た反応があるのか、どういう意図でその魔術が使われているのか。事の全体図は一向に見えてこない。",
				"ENG_STRING": "何故似た反応があるのか、どういう意図でその魔術が使われているのか。事の全体図は一向に見えてこない。"
			},
			{
				"TYPE": "ZM",
				"ID": 469094,
				"STRING": "それに、この学園には隠されていることが多すぎて判断する材料にも欠いている。",
				"ENG_STRING": "それに、この学園には隠されていることが多すぎて判断する材料にも欠いている。"
			},
			{
				"TYPE": "ZM",
				"ID": 469095,
				"NAME": "アーデルハイト",
				"ENG_NAME": "アーデルハイト",
				"STRING": "「この薬ではこれ以上詳しく調べるのは無理ね。もう少し調合を工夫した薬を作ってみるわ」",
				"ENG_STRING": "「この薬ではこれ以上詳しく調べるのは無理ね。もう少し調合を工夫した薬を作ってみるわ」"
			},
			{
				"TYPE": "ZM",
				"ID": 469096,
				"NAME": "ルイ",
				"ENG_NAME": "ルイ",
				"STRING": "「とことん調べるつもりか？」",
				"ENG_STRING": "「とことん調べるつもりか？」"
			},
			{
				"TYPE": "ZM",
				"ID": 469097,
				"NAME": "アーデルハイト",
				"ENG_NAME": "アーデルハイト",
				"STRING": "「ええ、もちろん！」",
				"ENG_STRING": "「ええ、もちろん！」"
			},
			{
				"TYPE": "ZM",
				"ID": 469098,
				"NAME": "ルイ",
				"ENG_NAME": "ルイ",
				"STRING": "「はあ……」",
				"ENG_STRING": "「はあ……」"
			},
			{
				"TYPE": "ZM",
				"ID": 469099,
				"NAME": "アーデルハイト",
				"ENG_NAME": "アーデルハイト",
				"STRING": "「なによ！」",
				"ENG_STRING": "「なによ！」"
			},
			{
				"TYPE": "ZM",
				"ID": 469100,
				"STRING": "妙にやる気になっている様子を見ていると、自然とため息が漏れていた。",
				"ENG_STRING": "妙にやる気になっている様子を見ていると、自然とため息が漏れていた。"
			},
			{
				"TYPE": "ZM",
				"ID": 469101,
				"NAME": "ルイ",
				"ENG_NAME": "ルイ",
				"STRING": "「いや、鳥頭のお前は、俺達が一体なんのためにこの学園に来ているのかすっかり忘れているようだなと思ってな」",
				"ENG_STRING": "「いや、鳥頭のお前は、俺達が一体なんのためにこの学園に来ているのかすっかり忘れているようだなと思ってな」"
			},
			{
				"TYPE": "ZM",
				"ID": 469102,
				"NAME": "アーデルハイト",
				"ENG_NAME": "アーデルハイト",
				"STRING": "「失礼ね！！　ちゃんと覚えているわよ！」",
				"ENG_STRING": "「失礼ね！！　ちゃんと覚えているわよ！」"
			},
			{
				"TYPE": "ZM",
				"ID": 469103,
				"NAME": "ルイ",
				"ENG_NAME": "ルイ",
				"STRING": "「ほう、そうか。では、なんのために来たか言ってみろ」",
				"ENG_STRING": "「ほう、そうか。では、なんのために来たか言ってみろ」"
			},
			{
				"TYPE": "ZM",
				"ID": 469104,
				"NAME": "アーデルハイト",
				"ENG_NAME": "アーデルハイト",
				"STRING": "「お祖母さまの思い出の品を受け取りに来たんでしょ！」",
				"ENG_STRING": "「お祖母さまの思い出の品を受け取りに来たんでしょ！」"
			},
			{
				"TYPE": "ZM",
				"ID": 469105,
				"NAME": "ルイ",
				"ENG_NAME": "ルイ",
				"STRING": "「ふむ。どうやらでまかせでなく、大事なことはしっかり覚えていたようだ。これは感心、さっきのは謝罪しよう」@n",
				"ENG_STRING": "「ふむ。どうやらでまかせでなく、大事なことはしっかり覚えていたようだ。これは感心、さっきのは謝罪しよう」@n"
			},
			{
				"TYPE": "ZM",
				"ID": 469106,
				"NAME": "アーデルハイト",
				"ENG_NAME": "アーデルハイト",
				"STRING": "「当たり前でしょ！！」",
				"ENG_STRING": "「当たり前でしょ！！」"
			},
			{
				"TYPE": "ZM",
				"ID": 469107,
				"NAME": "ルイ",
				"ENG_NAME": "ルイ",
				"STRING": "「だから謝罪すると言っているだろう。侮って悪かったな」",
				"ENG_STRING": "「だから謝罪すると言っているだろう。侮って悪かったな」"
			},
			{
				"TYPE": "ZM",
				"ID": 469108,
				"NAME": "ルイ",
				"ENG_NAME": "ルイ",
				"STRING": "「これ程大事なことを普通は忘れないものだが、お前のことだから目の前の事象に必死になりすぎて頭の中からすっぽり抜け落ちているのかと思ったぞ」",
				"ENG_STRING": "「これ程大事なことを普通は忘れないものだが、お前のことだから目の前の事象に必死になりすぎて頭の中からすっぽり抜け落ちているのかと思ったぞ」"
			},
			{
				"TYPE": "ZM",
				"ID": 469109,
				"NAME": "アーデルハイト",
				"ENG_NAME": "アーデルハイト",
				"STRING": "「うううう！！！」",
				"ENG_STRING": "「うううう！！！」"
			},
			{
				"TYPE": "ZM",
				"ID": 469110,
				"STRING": "真っ赤になって黙ってしまったところを見ると、アーデルハイト本人も目の前のことに必死になっていたと気付いたようだ。",
				"ENG_STRING": "真っ赤になって黙ってしまったところを見ると、アーデルハイト本人も目の前のことに必死になっていたと気付いたようだ。"
			},
			{
				"TYPE": "ZM",
				"ID": 469111,
				"STRING": "もう少し、ヴァインベルガー家当主らしい態度で落ち着いて振る舞って欲しいものだが、……まあ、気付けただけでも良しとしておこう。",
				"ENG_STRING": "もう少し、ヴァインベルガー家当主らしい態度で落ち着いて振る舞って欲しいものだが、……まあ、気付けただけでも良しとしておこう。"
			},
			{
				"TYPE": "ZM",
				"ID": 469112,
				"STRING": "しかし、気になることがある――",
				"ENG_STRING": "しかし、気になることがある――"
			},
			{
				"TYPE": "ZM",
				"ID": 469113,
				"NAME": "ルイ",
				"ENG_NAME": "ルイ",
				"STRING": "「……何故、ラ・グエスティアは現れない」",
				"ENG_STRING": "「……何故、ラ・グエスティアは現れない」"
			},
			{
				"TYPE": "ZM",
				"ID": 469114,
				"NAME": "アーデルハイト",
				"ENG_NAME": "アーデルハイト",
				"STRING": "「え……なに？　突然」",
				"ENG_STRING": "「え……なに？　突然」"
			},
			{
				"TYPE": "ZM",
				"ID": 469115,
				"NAME": "ルイ",
				"ENG_NAME": "ルイ",
				"STRING": "「魔術道具は元々、強く望むものの前に現れる特性を持つはずだ。それに、あれは元々ヴァインベルガー家のもの」",
				"ENG_STRING": "「魔術道具は元々、強く望むものの前に現れる特性を持つはずだ。それに、あれは元々ヴァインベルガー家のもの」"
			},
			{
				"TYPE": "ZM",
				"ID": 469116,
				"NAME": "ルイ",
				"ENG_NAME": "ルイ",
				"STRING": "「元の主人が現れてその存在を望んでいるのに、こんなに長い間何の反応もないというのはおかしくはないか」",
				"ENG_STRING": "「元の主人が現れてその存在を望んでいるのに、こんなに長い間何の反応もないというのはおかしくはないか」"
			},
			{
				"TYPE": "ZM",
				"ID": 469117,
				"STRING": "ここに来てからの期間はそう長くはない。",
				"ENG_STRING": "ここに来てからの期間はそう長くはない。"
			},
			{
				"TYPE": "ZM",
				"ID": 469118,
				"STRING": "とはいえ、滞在している間はずっと、ラ・グエスティアが手元に戻るのを望んでいたはずだ。",
				"ENG_STRING": "とはいえ、滞在している間はずっと、ラ・グエスティアが手元に戻るのを望んでいたはずだ。"
			},
			{
				"TYPE": "ZM",
				"ID": 469119,
				"STRING": "それなのに姿を現すどころか、気配すら感じられない。",
				"ENG_STRING": "それなのに姿を現すどころか、気配すら感じられない。"
			},
			{
				"TYPE": "ZM",
				"ID": 469120,
				"NAME": "アーデルハイト",
				"ENG_NAME": "アーデルハイト",
				"STRING": "「うーん……本当はこの学園の宝物庫にはないということかしら？」",
				"ENG_STRING": "「うーん……本当はこの学園の宝物庫にはないということかしら？」"
			},
			{
				"TYPE": "ZM",
				"ID": 469121,
				"NAME": "ルイ",
				"ENG_NAME": "ルイ",
				"STRING": "「その可能性もゼロとは言い切れないかもしれないが、それはないだろうな」",
				"ENG_STRING": "「その可能性もゼロとは言い切れないかもしれないが、それはないだろうな」"
			},
			{
				"TYPE": "ZM",
				"ID": 469122,
				"NAME": "アーデルハイト",
				"ENG_NAME": "アーデルハイト",
				"STRING": "「そうよね。お祖母様は確かにクラール・ラズリットに封印してもらったとおっしゃっていたし……」",
				"ENG_STRING": "「そうよね。お祖母様は確かにクラール・ラズリットに封印してもらったとおっしゃっていたし……」"
			},
			{
				"TYPE": "ZM",
				"ID": 469123,
				"STRING": "間違いなくこの学園の『遺品』として宝物庫に封印されていることは確かだ。",
				"ENG_STRING": "間違いなくこの学園の『遺品』として宝物庫に封印されていることは確かだ。"
			},
			{
				"TYPE": "ZM",
				"ID": 469124,
				"STRING": "他の場所にあるということは考えにくいだろう。",
				"ENG_STRING": "他の場所にあるということは考えにくいだろう。"
			},
			{
				"TYPE": "ZM",
				"ID": 469125,
				"NAME": "ルイ",
				"ENG_NAME": "ルイ",
				"STRING": "「他の可能性を考えてみた方がいいかもしれないな」",
				"ENG_STRING": "「他の可能性を考えてみた方がいいかもしれないな」"
			},
			{
				"TYPE": "ZM",
				"ID": 469126,
				"NAME": "アーデルハイト",
				"ENG_NAME": "アーデルハイト",
				"STRING": "「では、すでにもう誰かが手にしている……ということ？」",
				"ENG_STRING": "「では、すでにもう誰かが手にしている……ということ？」"
			},
			{
				"TYPE": "ZM",
				"ID": 469127,
				"NAME": "ルイ",
				"ENG_NAME": "ルイ",
				"STRING": "「ふん、仮に手にしたとして、どう使うというんだ。あれはヴァインベルガーの当主でなければまともに扱えん品だぞ」",
				"ENG_STRING": "「ふん、仮に手にしたとして、どう使うというんだ。あれはヴァインベルガーの当主でなければまともに扱えん品だぞ」"
			},
			{
				"TYPE": "ZM",
				"ID": 469128,
				"NAME": "アーデルハイト",
				"ENG_NAME": "アーデルハイト",
				"STRING": "「わ、わかってるわよそんなこと！　確かに使った当人すら攻撃に巻き込む危険な道具だけれど、例えば、ただ持っているだけとか」",
				"ENG_STRING": "「わ、わかってるわよそんなこと！　確かに使った当人すら攻撃に巻き込む危険な道具だけれど、例えば、ただ持っているだけとか」"
			},
			{
				"TYPE": "ZM",
				"ID": 469129,
				"NAME": "ルイ",
				"ENG_NAME": "ルイ",
				"STRING": "「使えもしないものをか？　何のために？　お前は本当に発言が雑だな、もう少し頭の中を整理整頓できないのか」",
				"ENG_STRING": "「使えもしないものをか？　何のために？　お前は本当に発言が雑だな、もう少し頭の中を整理整頓できないのか」"
			},
			{
				"TYPE": "ZM",
				"ID": 469130,
				"NAME": "アーデルハイト",
				"ENG_NAME": "アーデルハイト",
				"STRING": "「っ、もう…！　じゃあ、他の誰かが手にしていないというなら、どこにあるって言うのよ！」",
				"ENG_STRING": "「っ、もう…！　じゃあ、他の誰かが手にしていないというなら、どこにあるって言うのよ！」"
			},
			{
				"TYPE": "ZM",
				"ID": 469131,
				"NAME": "ルイ",
				"ENG_NAME": "ルイ",
				"STRING": "「………」",
				"ENG_STRING": "「………」"
			},
			{
				"TYPE": "ZM",
				"ID": 469132,
				"STRING": "―――その時。",
				"ENG_STRING": "―――その時。"
			},
			{
				"TYPE": "ZM",
				"ID": 469133,
				"STRING": "アーデルハイトの言葉から、一つの考えに思い至った。",
				"ENG_STRING": "アーデルハイトの言葉から、一つの考えに思い至った。"
			},
			{
				"TYPE": "ZM",
				"ID": 469134,
				"STRING": "これまで得た知識の中で、該当するものが一つだけある。",
				"ENG_STRING": "これまで得た知識の中で、該当するものが一つだけある。"
			},
			{
				"TYPE": "ZM",
				"ID": 469135,
				"NAME": "アーデルハイト",
				"ENG_NAME": "アーデルハイト",
				"STRING": "「ルイ、どうしたの？」",
				"ENG_STRING": "「ルイ、どうしたの？」"
			},
			{
				"TYPE": "ZM",
				"ID": 469136,
				"NAME": "ルイ",
				"ENG_NAME": "ルイ",
				"STRING": "「いや……よく考えてみれば、人を選べば使える……。おそらく、理論上は」",
				"ENG_STRING": "「いや……よく考えてみれば、人を選べば使える……。おそらく、理論上は」"
			},
			{
				"TYPE": "ZM",
				"ID": 469137,
				"NAME": "アーデルハイト",
				"ENG_NAME": "アーデルハイト",
				"STRING": "「え…？」",
				"ENG_STRING": "「え…？」"
			},
			{
				"TYPE": "ZM",
				"ID": 469138,
				"STRING": "思考が走っていく。",
				"ENG_STRING": "思考が走っていく。"
			},
			{
				"TYPE": "ZM",
				"ID": 469139,
				"STRING": "今のところ書物から得た知識しかなく、実際に目にしたわけでもない。",
				"ENG_STRING": "今のところ書物から得た知識しかなく、実際に目にしたわけでもない。"
			},
			{
				"TYPE": "ZM",
				"ID": 469140,
				"STRING": "まだ確証は持てないが……。",
				"ENG_STRING": "まだ確証は持てないが……。"
			},
			{
				"TYPE": "ZM",
				"ID": 469141,
				"NAME": "ルイ",
				"ENG_NAME": "ルイ",
				"STRING": "「しかし、本当に存在するのか……？」",
				"ENG_STRING": "「しかし、本当に存在するのか……？」"
			},
			{
				"TYPE": "ZM",
				"ID": 469142,
				"NAME": "アーデルハイト",
				"ENG_NAME": "アーデルハイト",
				"STRING": "「何が？」",
				"ENG_STRING": "「何が？」"
			},
			{
				"TYPE": "ZM",
				"ID": 469143,
				"NAME": "ルイ",
				"ENG_NAME": "ルイ",
				"STRING": "「したとして、何か見分ける方法は………」@n",
				"ENG_STRING": "「したとして、何か見分ける方法は………」@n"
			},
			{
				"TYPE": "ZM",
				"ID": 469144,
				"NAME": "アーデルハイト",
				"ENG_NAME": "アーデルハイト",
				"STRING": "「ねえ、全然わからないんですけど！　ちゃんと説明してルイ！」",
				"ENG_STRING": "「ねえ、全然わからないんですけど！　ちゃんと説明してルイ！」"
			},
			{
				"TYPE": "ZM",
				"ID": 469145,
				"NAME": "アーデルハイト",
				"ENG_NAME": "アーデルハイト",
				"STRING": "「ちょ、ちょっと、待ってよお！！」@n",
				"ENG_STRING": "「ちょ、ちょっと、待ってよお！！」@n"
			}
		],
		"CHAPTER_SUBNAME": "S04_03_01　魔術"
	}
}