{
	"S04_02": {
		"MESSAGES": [
			{
				"TYPE": "ZM",
				"ID": 469250,
				"NAME": "男子生徒Ａ",
				"ENG_NAME": "男子生徒Ａ",
				"STRING": "「ふあああ。昼飯の後の授業はだるいなあ」",
				"ENG_STRING": "「ふあああ。昼飯の後の授業はだるいなあ」"
			},
			{
				"TYPE": "ZM",
				"ID": 469251,
				"NAME": "男子生徒Ｂ",
				"ENG_NAME": "男子生徒Ｂ",
				"STRING": "「だなあ。でも、あと一時間で終わるから頑張ろうぜ」",
				"ENG_STRING": "「だなあ。でも、あと一時間で終わるから頑張ろうぜ」"
			},
			{
				"TYPE": "ZM",
				"ID": 469252,
				"NAME": "男子生徒Ａ",
				"ENG_NAME": "男子生徒Ａ",
				"STRING": "「あんま頑張りたくねーなー」",
				"ENG_STRING": "「あんま頑張りたくねーなー」"
			},
			{
				"TYPE": "ZM",
				"ID": 469253,
				"NAME": "男子生徒Ｂ",
				"ENG_NAME": "男子生徒Ｂ",
				"STRING": "「あはは。そりゃそうだ……ん？」",
				"ENG_STRING": "「あはは。そりゃそうだ……ん？」"
			},
			{
				"TYPE": "ZM",
				"ID": 469254,
				"NAME": "男子生徒Ｂ",
				"ENG_NAME": "男子生徒Ｂ",
				"STRING": "「なんかランプ置いてある……『乾かしてます』ってメモ貼ってあるな」",
				"ENG_STRING": "「なんかランプ置いてある……『乾かしてます』ってメモ貼ってあるな」"
			},
			{
				"TYPE": "ZM",
				"ID": 469255,
				"NAME": "男子生徒Ａ",
				"ENG_NAME": "男子生徒Ａ",
				"STRING": "「どっかのクラスが授業で使うんじゃねえの？」",
				"ENG_STRING": "「どっかのクラスが授業で使うんじゃねえの？」"
			},
			{
				"TYPE": "ZM",
				"ID": 469256,
				"NAME": "男子生徒Ｂ",
				"ENG_NAME": "男子生徒Ｂ",
				"STRING": "「そうだな、気にすることないか」",
				"ENG_STRING": "「そうだな、気にすることないか」"
			},
			{
				"TYPE": "ZM",
				"ID": 469257,
				"NAME": "葵",
				"ENG_NAME": "葵",
				"STRING": "「……あれ？」",
				"ENG_STRING": "「……あれ？」"
			},
			{
				"TYPE": "ZM",
				"ID": 469258,
				"NAME": "葵",
				"ENG_NAME": "葵",
				"STRING": "「あれって……アンティーク…だよね…ま、まさか、わたしが使っちゃったトランクみたいな……？」",
				"ENG_STRING": "「あれって……アンティーク…だよね…ま、まさか、わたしが使っちゃったトランクみたいな……？」"
			},
			{
				"TYPE": "ZM",
				"ID": 469259,
				"NAME": "葵",
				"ENG_NAME": "葵",
				"STRING": "「ど、どうしよう。さ、触ったりしない方がいいんだよね……たぶん」",
				"ENG_STRING": "「ど、どうしよう。さ、触ったりしない方がいいんだよね……たぶん」"
			},
			{
				"TYPE": "ZM",
				"ID": 469260,
				"NAME": "葵",
				"ENG_NAME": "葵",
				"STRING": "「えっと、ここにあったって覚えておいて……そうだ、特査の人に知らせておかなくちゃ…！」@n",
				"ENG_STRING": "「えっと、ここにあったって覚えておいて……そうだ、特査の人に知らせておかなくちゃ…！」@n"
			},
			{
				"TYPE": "ZM",
				"ID": 469261,
				"NAME": "三厳",
				"ENG_NAME": "三厳",
				"STRING": "「ふぁああ、そろそろ休み時間終わるなあ」",
				"ENG_STRING": "「ふぁああ、そろそろ休み時間終わるなあ」"
			},
			{
				"TYPE": "ZM",
				"ID": 469262,
				"NAME": "小太郎",
				"ENG_NAME": "小太郎",
				"STRING": "「そうだねえ。休み時間って、いっつもあっと言う間に終わっちゃうよね」",
				"ENG_STRING": "「そうだねえ。休み時間って、いっつもあっと言う間に終わっちゃうよね」"
			},
			{
				"TYPE": "ZM",
				"ID": 469263,
				"NAME": "三厳",
				"ENG_NAME": "三厳",
				"STRING": "「そうだな……ふぁああああ」",
				"ENG_STRING": "「そうだな……ふぁああああ」"
			},
			{
				"TYPE": "ZM",
				"ID": 469264,
				"NAME": "小太郎",
				"ENG_NAME": "小太郎",
				"STRING": "「はははっ。みっちー、すごいあくび」",
				"ENG_STRING": "「はははっ。みっちー、すごいあくび」"
			},
			{
				"TYPE": "ZM",
				"ID": 469265,
				"STRING": "おまるに笑われながら、もう一度大きな口を開けてあくびをした。",
				"ENG_STRING": "おまるに笑われながら、もう一度大きな口を開けてあくびをした。"
			},
			{
				"TYPE": "ZM",
				"ID": 469266,
				"STRING": "午後の授業の眠さだけはどうにも出来ずに、毎回同じようなことを考えている気がする。",
				"ENG_STRING": "午後の授業の眠さだけはどうにも出来ずに、毎回同じようなことを考えている気がする。"
			},
			{
				"TYPE": "ZM",
				"ID": 469267,
				"STRING": "このまま残りの授業はサボって昼寝でもしたくなるけど、そういうわけにもいかない。",
				"ENG_STRING": "このまま残りの授業はサボって昼寝でもしたくなるけど、そういうわけにもいかない。"
			},
			{
				"TYPE": "ZM",
				"ID": 469268,
				"NAME": "小太郎",
				"ENG_NAME": "小太郎",
				"STRING": "「みっちーが寝ちゃわないうちに、教室戻らないとね」",
				"ENG_STRING": "「みっちーが寝ちゃわないうちに、教室戻らないとね」"
			},
			{
				"TYPE": "ZM",
				"ID": 469269,
				"NAME": "三厳",
				"ENG_NAME": "三厳",
				"STRING": "「歩きながら寝れねーよ」",
				"ENG_STRING": "「歩きながら寝れねーよ」"
			},
			{
				"TYPE": "ZM",
				"ID": 469270,
				"NAME": "小太郎",
				"ENG_NAME": "小太郎",
				"STRING": "「今のは、歩きながらでも眠れそうな感じだったけどなあ」",
				"ENG_STRING": "「今のは、歩きながらでも眠れそうな感じだったけどなあ」"
			},
			{
				"TYPE": "ZM",
				"ID": 469271,
				"NAME": "三厳",
				"ENG_NAME": "三厳",
				"STRING": "「そーかあ？　……あ」",
				"ENG_STRING": "「そーかあ？　……あ」"
			},
			{
				"TYPE": "ZM",
				"ID": 469272,
				"STRING": "そろそろ教室に戻ろうかと廊下を歩いていると、少し向こうに二つの小さな姿があるのが見えた。",
				"ENG_STRING": "そろそろ教室に戻ろうかと廊下を歩いていると、少し向こうに二つの小さな姿があるのが見えた。"
			},
			{
				"TYPE": "ZM",
				"ID": 469273,
				"NAME": "二人",
				"ENG_NAME": "二人",
				"STRING": "「おーおーおー！」",
				"ENG_STRING": "「おーおーおー！」"
			},
			{
				"TYPE": "ZM",
				"ID": 469274,
				"NAME": "百花",
				"ENG_NAME": "百花",
				"STRING": "「こ、こんにちは〜！　学園長！」",
				"ENG_STRING": "「こ、こんにちは〜！　学園長！」"
			},
			{
				"TYPE": "ZM",
				"ID": 469275,
				"STRING": "あの小さい二人が、この学園の学園長と風紀委員長なんてパッと見ただけじゃとても信じられない。",
				"ENG_STRING": "あの小さい二人が、この学園の学園長と風紀委員長なんてパッと見ただけじゃとても信じられない。"
			},
			{
				"TYPE": "ZM",
				"ID": 469276,
				"NAME": "二人",
				"ENG_NAME": "二人",
				"STRING": "「Ｄｏｂｒｙｄｅｎ！！　良い天気だねえ」",
				"ENG_STRING": "「Ｄｏｂｒｙｄｅｎ！！　良い天気だねえ」"
			},
			{
				"TYPE": "ZM",
				"ID": 469277,
				"NAME": "百花",
				"ENG_NAME": "百花",
				"STRING": "「はい。そうですね」",
				"ENG_STRING": "「はい。そうですね」"
			},
			{
				"TYPE": "ZM",
				"ID": 469278,
				"NAME": "三厳",
				"ENG_NAME": "三厳",
				"STRING": "「もも先輩はともかく、学園長は何やってんだ？」",
				"ENG_STRING": "「もも先輩はともかく、学園長は何やってんだ？」"
			},
			{
				"TYPE": "ZM",
				"ID": 469279,
				"NAME": "小太郎",
				"ENG_NAME": "小太郎",
				"STRING": "「さ、さあ……見回り、とか？」",
				"ENG_STRING": "「さ、さあ……見回り、とか？」"
			},
			{
				"TYPE": "ZM",
				"ID": 469280,
				"STRING": "学園長室を空けてまで見回りなんかしてていいのか？",
				"ENG_STRING": "学園長室を空けてまで見回りなんかしてていいのか？"
			},
			{
				"TYPE": "ZM",
				"ID": 469281,
				"STRING": "というか、学園長ってもっと他にやることがあるんじゃないだろうか。",
				"ENG_STRING": "というか、学園長ってもっと他にやることがあるんじゃないだろうか。"
			},
			{
				"TYPE": "ZM",
				"ID": 469282,
				"STRING": "見回りなんかしている余裕があるとは、ちょっと思えない。",
				"ENG_STRING": "見回りなんかしている余裕があるとは、ちょっと思えない。"
			},
			{
				"TYPE": "ZM",
				"ID": 469283,
				"NAME": "二人",
				"ENG_NAME": "二人",
				"STRING": "「学園に何も変わりはないかね？　何か困ったことやトラブルなどは？」",
				"ENG_STRING": "「学園に何も変わりはないかね？　何か困ったことやトラブルなどは？」"
			},
			{
				"TYPE": "ZM",
				"ID": 469284,
				"NAME": "百花",
				"ENG_NAME": "百花",
				"STRING": "「はい！　大丈夫です。な〜んにも問題ありません！」",
				"ENG_STRING": "「はい！　大丈夫です。な〜んにも問題ありません！」"
			},
			{
				"TYPE": "ZM",
				"ID": 469285,
				"NAME": "二人",
				"ENG_NAME": "二人",
				"STRING": "「それは実に結構！」",
				"ENG_STRING": "「それは実に結構！」"
			},
			{
				"TYPE": "ZM",
				"ID": 469286,
				"NAME": "百花",
				"ENG_NAME": "百花",
				"STRING": "「みんな、ふ〜き委員の皆さんの力だと思います〜」",
				"ENG_STRING": "「みんな、ふ〜き委員の皆さんの力だと思います〜」"
			},
			{
				"TYPE": "ZM",
				"ID": 469287,
				"NAME": "二人",
				"ENG_NAME": "二人",
				"STRING": "「いやいや、それをまとめる聖護院さんの力でもあるのだよ。自信を持ちたまえ〜」@n",
				"ENG_STRING": "「いやいや、それをまとめる聖護院さんの力でもあるのだよ。自信を持ちたまえ〜」@n"
			},
			{
				"TYPE": "ZM",
				"ID": 469288,
				"NAME": "百花",
				"ENG_NAME": "百花",
				"STRING": "「え、えええ？　そ、そうですか？　わー！　もも嬉しいです！　ありがとうございます！」@n",
				"ENG_STRING": "「え、えええ？　そ、そうですか？　わー！　もも嬉しいです！　ありがとうございます！」@n"
			},
			{
				"TYPE": "ZM",
				"ID": 469505,
				"STRING": "やっぱり、どう贔屓目に見ても学園長と風紀委員長という感じではない。",
				"ENG_STRING": "やっぱり、どう贔屓目に見ても学園長と風紀委員長という感じではない。"
			},
			{
				"TYPE": "ZM",
				"ID": 469506,
				"STRING": "でも、もも先輩はあれでもすごい風紀委員長だって、鍔姫ちゃんも村雲も言うんだよなあ。",
				"ENG_STRING": "でも、もも先輩はあれでもすごい風紀委員長だって、鍔姫ちゃんも村雲も言うんだよなあ。"
			},
			{
				"TYPE": "ZM",
				"ID": 469507,
				"STRING": "非常に疑わしいが、あの二人が言うんだから本当なんだろう。",
				"ENG_STRING": "非常に疑わしいが、あの二人が言うんだから本当なんだろう。"
			},
			{
				"TYPE": "ZM",
				"ID": 469508,
				"NAME": "二人",
				"ENG_NAME": "二人",
				"STRING": "「ふぁーっはっはっは！　それでは、引き続きよろしく頼むよ」",
				"ENG_STRING": "「ふぁーっはっはっは！　それでは、引き続きよろしく頼むよ」"
			},
			{
				"TYPE": "ZM",
				"ID": 469509,
				"NAME": "百花",
				"ENG_NAME": "百花",
				"STRING": "「はい！　もも、がんばります！」",
				"ENG_STRING": "「はい！　もも、がんばります！」"
			},
			{
				"TYPE": "ZM",
				"ID": 469510,
				"NAME": "二人",
				"ENG_NAME": "二人",
				"STRING": "「それではまた。おお〜！　素晴らしきかな、日常！！」@n",
				"ENG_STRING": "「それではまた。おお〜！　素晴らしきかな、日常！！」@n"
			},
			{
				"TYPE": "ZM",
				"ID": 469511,
				"STRING": "学園長はなんだかやけに機嫌がよさそうに去って行った。",
				"ENG_STRING": "学園長はなんだかやけに機嫌がよさそうに去って行った。"
			},
			{
				"TYPE": "ZM",
				"ID": 469512,
				"STRING": "あの人はいつでも、誰に対してもあんな感じなんだな……。",
				"ENG_STRING": "あの人はいつでも、誰に対してもあんな感じなんだな……。"
			},
			{
				"TYPE": "ZM",
				"ID": 469513,
				"STRING": "しかし、何をしに来ていたのかは本当にまったくわからない。",
				"ENG_STRING": "しかし、何をしに来ていたのかは本当にまったくわからない。"
			},
			{
				"TYPE": "ZM",
				"ID": 469514,
				"NAME": "小太郎",
				"ENG_NAME": "小太郎",
				"STRING": "「聖護院先輩、こんにちは」@n",
				"ENG_STRING": "「聖護院先輩、こんにちは」@n"
			},
			{
				"TYPE": "ZM",
				"ID": 469515,
				"NAME": "三厳",
				"ENG_NAME": "三厳",
				"STRING": "「ども」",
				"ENG_STRING": "「ども」"
			},
			{
				"TYPE": "ZM",
				"ID": 469516,
				"STRING": "行ってしまった学園長を見送ってからもも先輩に声をかけると、くるんと振り返りこちらを見上げて来る。",
				"ENG_STRING": "行ってしまった学園長を見送ってからもも先輩に声をかけると、くるんと振り返りこちらを見上げて来る。"
			},
			{
				"TYPE": "ZM",
				"ID": 469517,
				"NAME": "百花",
				"ENG_NAME": "百花",
				"STRING": "「あ、久我に烏丸。じゅぎょーには遅れないようにしないとダメなんだよー！　大丈夫？」",
				"ENG_STRING": "「あ、久我に烏丸。じゅぎょーには遅れないようにしないとダメなんだよー！　大丈夫？」"
			},
			{
				"TYPE": "ZM",
				"ID": 469518,
				"NAME": "三厳",
				"ENG_NAME": "三厳",
				"STRING": "「大丈夫だって、わかってるよ」",
				"ENG_STRING": "「大丈夫だって、わかってるよ」"
			},
			{
				"TYPE": "ZM",
				"ID": 469519,
				"NAME": "百花",
				"ENG_NAME": "百花",
				"STRING": "「うむっ！　それならよぉーし！」",
				"ENG_STRING": "「うむっ！　それならよぉーし！」"
			},
			{
				"TYPE": "ZM",
				"ID": 469520,
				"STRING": "びしっと指差し満足げにもも先輩は笑っていた。",
				"ENG_STRING": "びしっと指差し満足げにもも先輩は笑っていた。"
			},
			{
				"TYPE": "ZM",
				"ID": 469521,
				"STRING": "これで本当に最上級生で風紀委員長だっていうんだから、色んな意味ですごいところだ。",
				"ENG_STRING": "これで本当に最上級生で風紀委員長だっていうんだから、色んな意味ですごいところだ。"
			},
			{
				"TYPE": "ZM",
				"ID": 469522,
				"NAME": "三厳",
				"ENG_NAME": "三厳",
				"STRING": "「ところで、あの人何してたんだ？」",
				"ENG_STRING": "「ところで、あの人何してたんだ？」"
			},
			{
				"TYPE": "ZM",
				"ID": 469523,
				"NAME": "百花",
				"ENG_NAME": "百花",
				"STRING": "「あのひとって〜？」",
				"ENG_STRING": "「あのひとって〜？」"
			},
			{
				"TYPE": "ZM",
				"ID": 469524,
				"NAME": "小太郎",
				"ENG_NAME": "小太郎",
				"STRING": "「学園長ですよ。さっき、二人でお話してたじゃないですか」",
				"ENG_STRING": "「学園長ですよ。さっき、二人でお話してたじゃないですか」"
			},
			{
				"TYPE": "ZM",
				"ID": 469525,
				"NAME": "百花",
				"ENG_NAME": "百花",
				"STRING": "「ああ！　あのね、学園長はお散歩をしてたんだよっ」",
				"ENG_STRING": "「ああ！　あのね、学園長はお散歩をしてたんだよっ」"
			},
			{
				"TYPE": "ZM",
				"ID": 469526,
				"NAME": "三厳",
				"ENG_NAME": "三厳",
				"STRING": "「散歩？」",
				"ENG_STRING": "「散歩？」"
			},
			{
				"TYPE": "ZM",
				"ID": 469527,
				"NAME": "百花",
				"ENG_NAME": "百花",
				"STRING": "「う〜ん。え〜っと、お散歩しながら見回り……かなぁ？」",
				"ENG_STRING": "「う〜ん。え〜っと、お散歩しながら見回り……かなぁ？」"
			},
			{
				"TYPE": "ZM",
				"ID": 469528,
				"STRING": "小首を傾げながらもも先輩は答えてくれたけど、どうも実際何をしに来ていたのかはわかっていないようだった。",
				"ENG_STRING": "小首を傾げながらもも先輩は答えてくれたけど、どうも実際何をしに来ていたのかはわかっていないようだった。"
			},
			{
				"TYPE": "ZM",
				"ID": 469529,
				"STRING": "こんなんでこの学園は大丈夫なのかと若干不安になる。",
				"ENG_STRING": "こんなんでこの学園は大丈夫なのかと若干不安になる。"
			},
			{
				"TYPE": "ZM",
				"ID": 469530,
				"NAME": "三厳",
				"ENG_NAME": "三厳",
				"STRING": "「それ、どっちに比重を置いてるかによって評価が変わるよな」",
				"ENG_STRING": "「それ、どっちに比重を置いてるかによって評価が変わるよな」"
			},
			{
				"TYPE": "ZM",
				"ID": 469531,
				"NAME": "百花",
				"ENG_NAME": "百花",
				"STRING": "「な、何言うの！？　学園長は自分の目で学園内を見て回ってるんだよ！！　すごーい立派な方なんだよっ」",
				"ENG_STRING": "「な、何言うの！？　学園長は自分の目で学園内を見て回ってるんだよ！！　すごーい立派な方なんだよっ」"
			},
			{
				"TYPE": "ZM",
				"ID": 469532,
				"NAME": "小太郎",
				"ENG_NAME": "小太郎",
				"STRING": "「確かに、普通の学園長ならしそうにないことですもんね」",
				"ENG_STRING": "「確かに、普通の学園長ならしそうにないことですもんね」"
			},
			{
				"TYPE": "ZM",
				"ID": 469533,
				"NAME": "百花",
				"ENG_NAME": "百花",
				"STRING": "「そうそう！　そうだよ〜！！」",
				"ENG_STRING": "「そうそう！　そうだよ〜！！」"
			},
			{
				"TYPE": "ZM",
				"ID": 469534,
				"NAME": "三厳",
				"ENG_NAME": "三厳",
				"STRING": "「いや、あの学園長はどう考えても普通じゃないだろ」",
				"ENG_STRING": "「いや、あの学園長はどう考えても普通じゃないだろ」"
			},
			{
				"TYPE": "ZM",
				"ID": 469535,
				"STRING": "立派かどうかはわからんが、あれが普通じゃないことだけは明らかだ。",
				"ENG_STRING": "立派かどうかはわからんが、あれが普通じゃないことだけは明らかだ。"
			},
			{
				"TYPE": "ZM",
				"ID": 469536,
				"STRING": "それに、さっきのはどう考えても散歩の方に比重を置いてるようにしか思えない。",
				"ENG_STRING": "それに、さっきのはどう考えても散歩の方に比重を置いてるようにしか思えない。"
			},
			{
				"TYPE": "ZM",
				"ID": 469537,
				"NAME": "百花",
				"ENG_NAME": "百花",
				"STRING": "「つねにこの学園と生徒のことを考えておられる、と〜っても学園思いの方なんだからね！」",
				"ENG_STRING": "「つねにこの学園と生徒のことを考えておられる、と〜っても学園思いの方なんだからね！」"
			},
			{
				"TYPE": "ZM",
				"ID": 469538,
				"NAME": "小太郎",
				"ENG_NAME": "小太郎",
				"STRING": "「すごいですね、学園長は」",
				"ENG_STRING": "「すごいですね、学園長は」"
			},
			{
				"TYPE": "ZM",
				"ID": 469539,
				"NAME": "百花",
				"ENG_NAME": "百花",
				"STRING": "「そうそう！　すっごいの！」",
				"ENG_STRING": "「そうそう！　すっごいの！」"
			},
			{
				"TYPE": "ZM",
				"ID": 469540,
				"STRING": "どうも、この二人には学園長はすごい人に見えているらしい。",
				"ENG_STRING": "どうも、この二人には学園長はすごい人に見えているらしい。"
			},
			{
				"TYPE": "ZM",
				"ID": 469541,
				"STRING": "確かにある意味すごいけど、多分この二人のすごいと俺のすごいは意味が違っているんだろう。",
				"ENG_STRING": "確かにある意味すごいけど、多分この二人のすごいと俺のすごいは意味が違っているんだろう。"
			},
			{
				"TYPE": "ZM",
				"ID": 469542,
				"NAME": "小太郎",
				"ENG_NAME": "小太郎",
				"STRING": "「どうしたの？　みっちー」",
				"ENG_STRING": "「どうしたの？　みっちー」"
			},
			{
				"TYPE": "ZM",
				"ID": 469543,
				"NAME": "三厳",
				"ENG_NAME": "三厳",
				"STRING": "「いや、なんでもない」",
				"ENG_STRING": "「いや、なんでもない」"
			},
			{
				"TYPE": "ZM",
				"ID": 469544,
				"STRING": "それに、あんなだからいっつも、肝心な時に学園長室にいないんだな。",
				"ENG_STRING": "それに、あんなだからいっつも、肝心な時に学園長室にいないんだな。"
			},
			{
				"TYPE": "ZM",
				"ID": 469545,
				"STRING": "……と思ったが、この二人に言うのもなんだから黙っとこう。",
				"ENG_STRING": "……と思ったが、この二人に言うのもなんだから黙っとこう。"
			},
			{
				"TYPE": "ZM",
				"ID": 469546,
				"NAME": "百花",
				"ENG_NAME": "百花",
				"STRING": "「それじゃあ二人とも、授業に遅れないように気をつけてっ！！」",
				"ENG_STRING": "「それじゃあ二人とも、授業に遅れないように気をつけてっ！！」"
			},
			{
				"TYPE": "ZM",
				"ID": 469547,
				"NAME": "小太郎",
				"ENG_NAME": "小太郎",
				"STRING": "「はい！」",
				"ENG_STRING": "「はい！」"
			},
			{
				"TYPE": "ZM",
				"ID": 469548,
				"NAME": "三厳",
				"ENG_NAME": "三厳",
				"STRING": "「はいはい。わかってます」",
				"ENG_STRING": "「はいはい。わかってます」"
			},
			{
				"TYPE": "ZM",
				"ID": 469549,
				"NAME": "百花",
				"ENG_NAME": "百花",
				"STRING": "「じゃあ、ももは行くねっ！！　ばいばーい！」@n",
				"ENG_STRING": "「じゃあ、ももは行くねっ！！　ばいばーい！」@n"
			},
			{
				"TYPE": "ZM",
				"ID": 469550,
				"STRING": "にこにこと俺達を見上げていたもも先輩が、くるりと背中を向けて歩き出そうとした……が…。@n",
				"ENG_STRING": "にこにこと俺達を見上げていたもも先輩が、くるりと背中を向けて歩き出そうとした……が…。@n"
			},
			{
				"TYPE": "ZM",
				"ID": 469551,
				"NAME": "百花",
				"ENG_NAME": "百花",
				"STRING": "「ひゃんっ！！！」@n",
				"ENG_STRING": "「ひゃんっ！！！」@n"
			},
			{
				"TYPE": "ZM",
				"ID": 469552,
				"NAME": "三厳",
				"ENG_NAME": "三厳",
				"STRING": "「あ！」",
				"ENG_STRING": "「あ！」"
			},
			{
				"TYPE": "ZM",
				"ID": 469553,
				"NAME": "小太郎",
				"ENG_NAME": "小太郎",
				"STRING": "「あっ！」",
				"ENG_STRING": "「あっ！」"
			},
			{
				"TYPE": "ZM",
				"ID": 469554,
				"STRING": "いつの間にか、もも先輩のコートの裾を俺が踏んづけてしまっていたらしい。",
				"ENG_STRING": "いつの間にか、もも先輩のコートの裾を俺が踏んづけてしまっていたらしい。"
			},
			{
				"TYPE": "ZM",
				"ID": 469555,
				"STRING": "歩き出そうとしていたもも先輩はコートを引っ張られ、その場で見事に転んでしまった。",
				"ENG_STRING": "歩き出そうとしていたもも先輩はコートを引っ張られ、その場で見事に転んでしまった。"
			},
			{
				"TYPE": "ZM",
				"ID": 469556,
				"STRING": "しかも、顔から勢いよく地面に突っ込んで……。",
				"ENG_STRING": "しかも、顔から勢いよく地面に突っ込んで……。"
			},
			{
				"TYPE": "ZM",
				"ID": 469557,
				"NAME": "三厳",
				"ENG_NAME": "三厳",
				"STRING": "「わ、悪い！　もも先輩、コート踏んでた！！」",
				"ENG_STRING": "「わ、悪い！　もも先輩、コート踏んでた！！」"
			},
			{
				"TYPE": "ZM",
				"ID": 469558,
				"NAME": "百花",
				"ENG_NAME": "百花",
				"STRING": "「う、うううう……い、痛いよぉ…」@n",
				"ENG_STRING": "「う、うううう……い、痛いよぉ…」@n"
			},
			{
				"TYPE": "ZM",
				"ID": 469559,
				"NAME": "小太郎",
				"ENG_NAME": "小太郎",
				"STRING": "「だ、大丈夫ですか？　ああ……鼻の頭が真っ赤に…」",
				"ENG_STRING": "「だ、大丈夫ですか？　ああ……鼻の頭が真っ赤に…」"
			},
			{
				"TYPE": "ZM",
				"ID": 469560,
				"NAME": "百花",
				"ENG_NAME": "百花",
				"STRING": "「う、う、うううう……うう……」@n",
				"ENG_STRING": "「う、う、うううう……うう……」@n"
			},
			{
				"TYPE": "ZM",
				"ID": 469561,
				"NAME": "三厳",
				"ENG_NAME": "三厳",
				"STRING": "「ご、ごめんな！　本当に悪かった！！！」",
				"ENG_STRING": "「ご、ごめんな！　本当に悪かった！！！」"
			},
			{
				"TYPE": "ZM",
				"ID": 469562,
				"STRING": "鼻の頭を真っ赤にしたもも先輩は立ち上がると涙を堪えているようだった。",
				"ENG_STRING": "鼻の頭を真っ赤にしたもも先輩は立ち上がると涙を堪えているようだった。"
			},
			{
				"TYPE": "ZM",
				"ID": 469563,
				"STRING": "どうやら、相当痛かったらしい……大丈夫だろうか。",
				"ENG_STRING": "どうやら、相当痛かったらしい……大丈夫だろうか。"
			},
			{
				"TYPE": "ZM",
				"ID": 469564,
				"NAME": "三厳",
				"ENG_NAME": "三厳",
				"STRING": "「あ、あの、保健室とか行かなくて大丈夫？」",
				"ENG_STRING": "「あ、あの、保健室とか行かなくて大丈夫？」"
			},
			{
				"TYPE": "ZM",
				"ID": 469565,
				"NAME": "百花",
				"ENG_NAME": "百花",
				"STRING": "「だ、だいじょうぶだもん……」",
				"ENG_STRING": "「だ、だいじょうぶだもん……」"
			},
			{
				"TYPE": "ZM",
				"ID": 469566,
				"NAME": "小太郎",
				"ENG_NAME": "小太郎",
				"STRING": "「本当ですか？」",
				"ENG_STRING": "「本当ですか？」"
			},
			{
				"TYPE": "ZM",
				"ID": 469567,
				"NAME": "百花",
				"ENG_NAME": "百花",
				"STRING": "「だ、だいじょうぶ……じゅ、授業に…遅れたらダメだよ……」",
				"ENG_STRING": "「だ、だいじょうぶ……じゅ、授業に…遅れたらダメだよ……」"
			},
			{
				"TYPE": "ZM",
				"ID": 469568,
				"NAME": "三厳",
				"ENG_NAME": "三厳",
				"STRING": "「あ……」",
				"ENG_STRING": "「あ……」"
			},
			{
				"TYPE": "ZM",
				"ID": 469569,
				"STRING": "泣くのを必死に堪えたもも先輩は、ぐすぐすと鼻をならし目元を擦ると、コートの裾を引きずりながら歩き出した。",
				"ENG_STRING": "泣くのを必死に堪えたもも先輩は、ぐすぐすと鼻をならし目元を擦ると、コートの裾を引きずりながら歩き出した。"
			},
			{
				"TYPE": "ZM",
				"ID": 469570,
				"STRING": "大丈夫かと思いはしたが、本人があの調子だと心配しすぎない方がいいかもしれない。",
				"ENG_STRING": "大丈夫かと思いはしたが、本人があの調子だと心配しすぎない方がいいかもしれない。"
			},
			{
				"TYPE": "ZM",
				"ID": 469571,
				"NAME": "小太郎",
				"ENG_NAME": "小太郎",
				"STRING": "「みっちー……授業、ちゃんと出ようね…」@n",
				"ENG_STRING": "「みっちー……授業、ちゃんと出ようね…」@n"
			},
			{
				"TYPE": "ZM",
				"ID": 469572,
				"NAME": "三厳",
				"ENG_NAME": "三厳",
				"STRING": "「ああ、そう思った」",
				"ENG_STRING": "「ああ、そう思った」"
			},
			{
				"TYPE": "ZM",
				"ID": 469573,
				"STRING": "今度から、もも先輩のコートの裾には気をつけた方がいいな……。",
				"ENG_STRING": "今度から、もも先輩のコートの裾には気をつけた方がいいな……。"
			},
			{
				"TYPE": "ZM",
				"ID": 469574,
				"STRING": "学園長を訪ねようと部屋の前までやって来ると、ちょうど本人が部屋に戻る最中だったようだ。",
				"ENG_STRING": "学園長を訪ねようと部屋の前までやって来ると、ちょうど本人が部屋に戻る最中だったようだ。"
			},
			{
				"TYPE": "ZM",
				"ID": 469575,
				"STRING": "不在の場合も想定していただけに、これは好都合だ。",
				"ENG_STRING": "不在の場合も想定していただけに、これは好都合だ。"
			},
			{
				"TYPE": "ZM",
				"ID": 469576,
				"NAME": "アーデルハイト",
				"ENG_NAME": "アーデルハイト",
				"STRING": "「ごきげんよう、学園長。少しよろしいでしょうか」@n",
				"ENG_STRING": "「ごきげんよう、学園長。少しよろしいでしょうか」@n"
			},
			{
				"TYPE": "ZM",
				"ID": 469577,
				"NAME": "二人",
				"ENG_NAME": "二人",
				"STRING": "「おやおや、これはお二人して、私に何かご用かな？」@n",
				"ENG_STRING": "「おやおや、これはお二人して、私に何かご用かな？」@n"
			},
			{
				"TYPE": "ZM",
				"ID": 469578,
				"NAME": "アーデルハイト",
				"ENG_NAME": "アーデルハイト",
				"STRING": "「ええ、お聞きしたいことがありまして」",
				"ENG_STRING": "「ええ、お聞きしたいことがありまして」"
			},
			{
				"TYPE": "ZM",
				"ID": 469579,
				"NAME": "二人",
				"ENG_NAME": "二人",
				"STRING": "「ほほう。では、こんなところで立ち話もなんだし、中に入って話そうではないか」",
				"ENG_STRING": "「ほほう。では、こんなところで立ち話もなんだし、中に入って話そうではないか」"
			},
			{
				"TYPE": "ZM",
				"ID": 469580,
				"NAME": "アーデルハイト",
				"ENG_NAME": "アーデルハイト",
				"STRING": "「はい。失礼いたしますわね」",
				"ENG_STRING": "「はい。失礼いたしますわね」"
			},
			{
				"TYPE": "ZM",
				"ID": 469581,
				"STRING": "促されるまま部屋に入ると、学園長はいつもの自分の席にちょこんと座った。",
				"ENG_STRING": "促されるまま部屋に入ると、学園長はいつもの自分の席にちょこんと座った。"
			},
			{
				"TYPE": "ZM",
				"ID": 469582,
				"NAME": "二人",
				"ENG_NAME": "二人",
				"STRING": "「で、私に聞きたいこととは？　私に答えられることなら、なんでも答えようではないか」@n",
				"ENG_STRING": "「で、私に聞きたいこととは？　私に答えられることなら、なんでも答えようではないか」@n"
			},
			{
				"TYPE": "ZM",
				"ID": 469583,
				"STRING": "食えぬ顔でこちらを見やりながら、小さな学園長はにっこりと微笑む。",
				"ENG_STRING": "食えぬ顔でこちらを見やりながら、小さな学園長はにっこりと微笑む。"
			},
			{
				"TYPE": "ZM",
				"ID": 469584,
				"STRING": "白々しいことを言うとでも思ったのだろうが、アーデルハイトはそれを表情に出さないように冷静に返事をする。",
				"ENG_STRING": "白々しいことを言うとでも思ったのだろうが、アーデルハイトはそれを表情に出さないように冷静に返事をする。"
			},
			{
				"TYPE": "ZM",
				"ID": 469585,
				"NAME": "アーデルハイト",
				"ENG_NAME": "アーデルハイト",
				"STRING": "「本国から香水の材料を取り寄せたいのですが、郵便で寮の客室を指定すれば届きますかしら？」",
				"ENG_STRING": "「本国から香水の材料を取り寄せたいのですが、郵便で寮の客室を指定すれば届きますかしら？」"
			},
			{
				"TYPE": "ZM",
				"ID": 469586,
				"NAME": "二人",
				"ENG_NAME": "二人",
				"STRING": "「それで届くはずだが……。わざわざ追加で材料を取り寄せるとは……ふふふ、何か調べたいことでもあるのかね？」@n",
				"ENG_STRING": "「それで届くはずだが……。わざわざ追加で材料を取り寄せるとは……ふふふ、何か調べたいことでもあるのかね？」@n"
			},
			{
				"TYPE": "ZM",
				"ID": 469587,
				"STRING": "微笑みを絶やさぬまま、学園長がアーデルハイトを見つめて聞いた。",
				"ENG_STRING": "微笑みを絶やさぬまま、学園長がアーデルハイトを見つめて聞いた。"
			},
			{
				"TYPE": "ZM",
				"ID": 469588,
				"STRING": "やはりそこを突いて来るか。だがアーデルハイトの方もそう聞かれるということは想定内のことで態度は変わらない。",
				"ENG_STRING": "やはりそこを突いて来るか。だがアーデルハイトの方もそう聞かれるということは想定内のことで態度は変わらない。"
			},
			{
				"TYPE": "ZM",
				"ID": 469589,
				"NAME": "アーデルハイト",
				"ENG_NAME": "アーデルハイト",
				"STRING": "「いえ、こちらの都合と言えばよろしいのかしら……表の仕事の一環で、私が調合しないと作れない香水があるのです」",
				"ENG_STRING": "「いえ、こちらの都合と言えばよろしいのかしら……表の仕事の一環で、私が調合しないと作れない香水があるのです」"
			},
			{
				"TYPE": "ZM",
				"ID": 469590,
				"NAME": "アーデルハイト",
				"ENG_NAME": "アーデルハイト",
				"STRING": "「元々持ち込んでいた香水の材料が少なかったもので、足りなくなってしまいましたから」",
				"ENG_STRING": "「元々持ち込んでいた香水の材料が少なかったもので、足りなくなってしまいましたから」"
			},
			{
				"TYPE": "ZM",
				"ID": 469591,
				"NAME": "二人",
				"ENG_NAME": "二人",
				"STRING": "「ああ、確かにそんなに大荷物ではなかったね。なるほどなるほどー。まあ、学園の寮宛に送ってもらえば大丈夫だよ」@n",
				"ENG_STRING": "「ああ、確かにそんなに大荷物ではなかったね。なるほどなるほどー。まあ、学園の寮宛に送ってもらえば大丈夫だよ」@n"
			},
			{
				"TYPE": "ZM",
				"ID": 469592,
				"NAME": "アーデルハイト",
				"ENG_NAME": "アーデルハイト",
				"STRING": "「ご迷惑をおかけいたします。様々なものを調合するので場所も取ってしまい、あまり持ち込めませんでしたの」",
				"ENG_STRING": "「ご迷惑をおかけいたします。様々なものを調合するので場所も取ってしまい、あまり持ち込めませんでしたの」"
			},
			{
				"TYPE": "ZM",
				"ID": 469593,
				"NAME": "アーデルハイト",
				"ENG_NAME": "アーデルハイト",
				"STRING": "「……もっとコンパクトにまとめられればいいんですけど」",
				"ENG_STRING": "「……もっとコンパクトにまとめられればいいんですけど」"
			},
			{
				"TYPE": "ZM",
				"ID": 469594,
				"STRING": "何食わぬ顔で答えるアーデルハイトとそれを聞く学園長。",
				"ENG_STRING": "何食わぬ顔で答えるアーデルハイトとそれを聞く学園長。"
			},
			{
				"TYPE": "ZM",
				"ID": 469595,
				"STRING": "どちらとも、食えぬやり取りだとでも思っているのだろうか。",
				"ENG_STRING": "どちらとも、食えぬやり取りだとでも思っているのだろうか。"
			},
			{
				"TYPE": "ZM",
				"ID": 469596,
				"STRING": "腹のうちは表情からは探れない。",
				"ENG_STRING": "腹のうちは表情からは探れない。"
			},
			{
				"TYPE": "ZM",
				"ID": 469597,
				"NAME": "ルイ",
				"ENG_NAME": "ルイ",
				"STRING": "「……ん」",
				"ENG_STRING": "「……ん」"
			},
			{
				"TYPE": "ZM",
				"ID": 469598,
				"STRING": "二人のやり取りをじっと眺めていると、足元で何かが倒れるような音が聞こえた。",
				"ENG_STRING": "二人のやり取りをじっと眺めていると、足元で何かが倒れるような音が聞こえた。"
			},
			{
				"TYPE": "ZM",
				"ID": 469599,
				"STRING": "倒れるようなものはこの部屋にないように思うのだが、その音が気にかかりそちらに視線を向ける。",
				"ENG_STRING": "倒れるようなものはこの部屋にないように思うのだが、その音が気にかかりそちらに視線を向ける。"
			},
			{
				"TYPE": "ZM",
				"ID": 469600,
				"NAME": "ルイ",
				"ENG_NAME": "ルイ",
				"STRING": "「………」",
				"ENG_STRING": "「………」"
			},
			{
				"TYPE": "ZM",
				"ID": 469601,
				"STRING": "そこには古びたランプのようなものが転がっていた。",
				"ENG_STRING": "そこには古びたランプのようなものが転がっていた。"
			},
			{
				"TYPE": "ZM",
				"ID": 469602,
				"STRING": "何故、こんなところにランプが……？",
				"ENG_STRING": "何故、こんなところにランプが……？"
			},
			{
				"TYPE": "ZM",
				"ID": 469603,
				"STRING": "確かこの部屋に入ったばかりの時は、床には何も落ちていなかったはずだ。",
				"ENG_STRING": "確かこの部屋に入ったばかりの時は、床には何も落ちていなかったはずだ。"
			},
			{
				"TYPE": "ZM",
				"ID": 469604,
				"NAME": "ルイ",
				"ENG_NAME": "ルイ",
				"STRING": "「お二人とも、お話中ですが失礼いたします……こちらに、ランプが落ちていたのですが……」",
				"ENG_STRING": "「お二人とも、お話中ですが失礼いたします……こちらに、ランプが落ちていたのですが……」"
			},
			{
				"TYPE": "ZM",
				"ID": 469605,
				"NAME": "アーデルハイト",
				"ENG_NAME": "アーデルハイト",
				"STRING": "「え？」",
				"ENG_STRING": "「え？」"
			},
			{
				"TYPE": "ZM",
				"ID": 469606,
				"NAME": "二人",
				"ENG_NAME": "二人",
				"STRING": "「……ランプ？」",
				"ENG_STRING": "「……ランプ？」"
			},
			{
				"TYPE": "ZM",
				"ID": 469607,
				"STRING": "二人の会話を中断し、そのランプを拾い上げようと手をのばす。@n",
				"ENG_STRING": "二人の会話を中断し、そのランプを拾い上げようと手をのばす。@n"
			},
			{
				"TYPE": "ZM",
				"ID": 469608,
				"NAME": "ルイ",
				"ENG_NAME": "ルイ",
				"STRING": "「……！！」",
				"ENG_STRING": "「……！！」"
			},
			{
				"TYPE": "ZM",
				"ID": 469609,
				"STRING": "触れた瞬間、ランプからざわりと駆け上がってくるものを感じた。",
				"ENG_STRING": "触れた瞬間、ランプからざわりと駆け上がってくるものを感じた。"
			},
			{
				"TYPE": "ZM",
				"ID": 469610,
				"STRING": "それは一瞬のことだったが、身体が半ば反射的に動いていた。",
				"ENG_STRING": "それは一瞬のことだったが、身体が半ば反射的に動いていた。"
			},
			{
				"TYPE": "ZM",
				"ID": 469611,
				"STRING": "注ぎ込まれた魔力を、自らのもので押し返す――",
				"ENG_STRING": "注ぎ込まれた魔力を、自らのもので押し返す――"
			},
			{
				"TYPE": "ZM",
				"ID": 469612,
				"NAME": "ルイ",
				"ENG_NAME": "ルイ",
				"STRING": "「なっ！！」",
				"ENG_STRING": "「なっ！！」"
			},
			{
				"TYPE": "ZM",
				"ID": 469613,
				"NAME": "アーデルハイト",
				"ENG_NAME": "アーデルハイト",
				"STRING": "「きゃあっ！？　何！？」",
				"ENG_STRING": "「きゃあっ！？　何！？」"
			},
			{
				"TYPE": "ZM",
				"ID": 469614,
				"NAME": "二人",
				"ENG_NAME": "二人",
				"STRING": "「お、おおおぉ！？」",
				"ENG_STRING": "「お、おおおぉ！？」"
			},
			{
				"TYPE": "ZM",
				"ID": 469615,
				"NAME": "一",
				"ENG_NAME": "一",
				"STRING": "「ちー！！」",
				"ENG_STRING": "「ちー！！」"
			},
			{
				"TYPE": "ZM",
				"ID": 469616,
				"STRING": "突然走った光のあまりの眩しさに目を閉じかけたが、必死で目を凝らす。",
				"ENG_STRING": "突然走った光のあまりの眩しさに目を閉じかけたが、必死で目を凝らす。"
			},
			{
				"TYPE": "ZM",
				"ID": 469617,
				"NAME": "ルイ",
				"ENG_NAME": "ルイ",
				"STRING": "「な、何だ……」",
				"ENG_STRING": "「な、何だ……」"
			},
			{
				"TYPE": "ZM",
				"ID": 469618,
				"NAME": "二人",
				"ENG_NAME": "二人",
				"STRING": "「お？　おお？　はっはっはっは！！　これはこれは参ったねえ！！」",
				"ENG_STRING": "「お？　おお？　はっはっはっは！！　これはこれは参ったねえ！！」"
			},
			{
				"TYPE": "ZM",
				"ID": 469619,
				"NAME": "一",
				"ENG_NAME": "一",
				"STRING": "「ぢーっ」",
				"ENG_STRING": "「ぢーっ」"
			},
			{
				"TYPE": "ZM",
				"ID": 469620,
				"STRING": "ようやく光の収まった部屋に現れたのは、わけのわからない光景だった。",
				"ENG_STRING": "ようやく光の収まった部屋に現れたのは、わけのわからない光景だった。"
			},
			{
				"TYPE": "ZM",
				"ID": 469621,
				"STRING": "これは一体、どういうことなのだろうか……。",
				"ENG_STRING": "これは一体、どういうことなのだろうか……。"
			},
			{
				"TYPE": "ZM",
				"ID": 469622,
				"NAME": "アーデルハイト",
				"ENG_NAME": "アーデルハイト",
				"STRING": "「る、ルイ！　あ、あの！　あ、あああ！　ええ！？！？」",
				"ENG_STRING": "「る、ルイ！　あ、あの！　あ、あああ！　ええ！？！？」"
			},
			{
				"TYPE": "ZM",
				"ID": 469623,
				"NAME": "ルイ",
				"ENG_NAME": "ルイ",
				"STRING": "「………」",
				"ENG_STRING": "「………」"
			},
			{
				"TYPE": "ZM",
				"ID": 469624,
				"NAME": "アーデルハイト",
				"ENG_NAME": "アーデルハイト",
				"STRING": "「ど、ど、どういう……こと……？」",
				"ENG_STRING": "「ど、ど、どういう……こと……？」"
			},
			{
				"TYPE": "ZM",
				"ID": 469625,
				"NAME": "ルイ",
				"ENG_NAME": "ルイ",
				"STRING": "「わかるわけがないだろう……」",
				"ENG_STRING": "「わかるわけがないだろう……」"
			},
			{
				"TYPE": "ZM",
				"ID": 469626,
				"STRING": "目の前で起こった出来事に呆然としている間に、いつの間にか先程のランプは目の前から消えていた。",
				"ENG_STRING": "目の前で起こった出来事に呆然としている間に、いつの間にか先程のランプは目の前から消えていた。"
			},
			{
				"TYPE": "ZM",
				"ID": 469627,
				"NAME": "葵",
				"ENG_NAME": "葵",
				"STRING": "「あ、あれ？　こっちじゃないのかな？」@n",
				"ENG_STRING": "「あ、あれ？　こっちじゃないのかな？」@n"
			},
			{
				"TYPE": "ZM",
				"ID": 469628,
				"NAME": "葵",
				"ENG_NAME": "葵",
				"STRING": "「あれ？　さ、さっきと同じ場所……」",
				"ENG_STRING": "「あれ？　さ、さっきと同じ場所……」"
			},
			{
				"TYPE": "ZM",
				"ID": 469629,
				"NAME": "葵",
				"ENG_NAME": "葵",
				"STRING": "「じゃあ、こっちかな？　それとも……うーん……」",
				"ENG_STRING": "「じゃあ、こっちかな？　それとも……うーん……」"
			},
			{
				"TYPE": "ZM",
				"ID": 469630,
				"NAME": "葵",
				"ENG_NAME": "葵",
				"STRING": "「え、えっと。もしかして、こっちかも！」",
				"ENG_STRING": "「え、えっと。もしかして、こっちかも！」"
			},
			{
				"TYPE": "ZM",
				"ID": 469631,
				"NAME": "葵",
				"ENG_NAME": "葵",
				"STRING": "「あ、あれれ？　なんで同じ場所に出ちゃうの！？」@n",
				"ENG_STRING": "「あ、あれれ？　なんで同じ場所に出ちゃうの！？」@n"
			},
			{
				"TYPE": "ZM",
				"ID": 469632,
				"NAME": "葵",
				"ENG_NAME": "葵",
				"STRING": "「どこかから地下に降りるはずなのに……どこー！？」",
				"ENG_STRING": "「どこかから地下に降りるはずなのに……どこー！？」"
			},
			{
				"TYPE": "ZM",
				"ID": 469633,
				"NAME": "葵",
				"ENG_NAME": "葵",
				"STRING": "「う、うう……最初から久我くん達のクラスに行けばよかった、もう帰寮時間まであまりないのに……」",
				"ENG_STRING": "「う、うう……最初から久我くん達のクラスに行けばよかった、もう帰寮時間まであまりないのに……」"
			},
			{
				"TYPE": "ZM",
				"ID": 469634,
				"NAME": "葵",
				"ENG_NAME": "葵",
				"STRING": "「前に来たときはアーデルハイトさんも一緒だったから……こんなに複雑だなんて思わなかったよ……」",
				"ENG_STRING": "「前に来たときはアーデルハイトさんも一緒だったから……こんなに複雑だなんて思わなかったよ……」"
			},
			{
				"TYPE": "ZM",
				"ID": 469635,
				"NAME": "葵",
				"ENG_NAME": "葵",
				"STRING": "「あ、ああっ！　急がなきゃあ…！」",
				"ENG_STRING": "「あ、ああっ！　急がなきゃあ…！」"
			}
		],
		"CHAPTER_SUBNAME": "S04_07_01迷子"
	}
}