{
	"S03_06": {
		"MESSAGES": [
			{
				"TYPE": "ZM",
				"ID": 447746,
				"STRING": "――数日後。",
				"ENG_STRING": "――数日後。"
			},
			{
				"TYPE": "ZM",
				"ID": 447747,
				"NAME": "憂緒",
				"ENG_NAME": "憂緒",
				"STRING": "「……ふむ」",
				"ENG_STRING": "「……ふむ」"
			},
			{
				"TYPE": "ZM",
				"ID": 447748,
				"NAME": "小太郎",
				"ENG_NAME": "小太郎",
				"STRING": "「美味しそうだよね〜。村雲さんがお取り寄せしたんだって」",
				"ENG_STRING": "「美味しそうだよね〜。村雲さんがお取り寄せしたんだって」"
			},
			{
				"TYPE": "ZM",
				"ID": 447749,
				"STRING": "テーブルの上には、なんだかちまちまっとした菓子が並んでる。",
				"ENG_STRING": "テーブルの上には、なんだかちまちまっとした菓子が並んでる。"
			},
			{
				"TYPE": "ZM",
				"ID": 447750,
				"STRING": "ピンクや薄い緑でできているけど、ひたすら甘そうだ。",
				"ENG_STRING": "ピンクや薄い緑でできているけど、ひたすら甘そうだ。"
			},
			{
				"TYPE": "ZM",
				"ID": 447751,
				"NAME": "憂緒",
				"ENG_NAME": "憂緒",
				"STRING": "「後でお礼を言っておかないといけませんね」",
				"ENG_STRING": "「後でお礼を言っておかないといけませんね」"
			},
			{
				"TYPE": "ZM",
				"ID": 447752,
				"NAME": "小太郎",
				"ENG_NAME": "小太郎",
				"STRING": "「うんうん。憂緒さん、これってマカロンっていうんだよね。すごいなあ、こんなお菓子もあるんだ……」@n",
				"ENG_STRING": "「うんうん。憂緒さん、これってマカロンっていうんだよね。すごいなあ、こんなお菓子もあるんだ……」@n"
			},
			{
				"TYPE": "ZM",
				"ID": 447753,
				"NAME": "憂緒",
				"ENG_NAME": "憂緒",
				"STRING": "「ええ。なかなか評判の店のものですよ、これは…」@n",
				"ENG_STRING": "「ええ。なかなか評判の店のものですよ、これは…」@n"
			},
			{
				"TYPE": "ZM",
				"ID": 447754,
				"STRING": "このところの特査分室は、まるっきり平穏だった。",
				"ENG_STRING": "このところの特査分室は、まるっきり平穏だった。"
			},
			{
				"TYPE": "ZM",
				"ID": 447755,
				"STRING": "気になることといえば……",
				"ENG_STRING": "気になることといえば……"
			},
			{
				"TYPE": "ZM",
				"ID": 447756,
				"STRING": "お嬢様と執事がどうも仲違いをしているような様子くらいだ。",
				"ENG_STRING": "お嬢様と執事がどうも仲違いをしているような様子くらいだ。"
			},
			{
				"TYPE": "ZM",
				"ID": 447757,
				"STRING": "それだって俺だけしか気付いていない――と思う。",
				"ENG_STRING": "それだって俺だけしか気付いていない――と思う。"
			},
			{
				"TYPE": "ZM",
				"ID": 447758,
				"NAME": "静春",
				"ENG_NAME": "静春",
				"STRING": "「う……っととと」@n",
				"ENG_STRING": "「う……っととと」@n"
			},
			{
				"TYPE": "ZM",
				"ID": 447759,
				"NAME": "小太郎",
				"ENG_NAME": "小太郎",
				"STRING": "「わー！　いい匂いだあ」",
				"ENG_STRING": "「わー！　いい匂いだあ」"
			},
			{
				"TYPE": "ZM",
				"ID": 447760,
				"NAME": "憂緒",
				"ENG_NAME": "憂緒",
				"STRING": "「村雲さんが届けてくれたハーブティーです。マカロンの甘さと合うそうですよ」",
				"ENG_STRING": "「村雲さんが届けてくれたハーブティーです。マカロンの甘さと合うそうですよ」"
			},
			{
				"TYPE": "ZM",
				"ID": 447761,
				"NAME": "三厳",
				"ENG_NAME": "三厳",
				"STRING": "「スミちゃん、気が利くねえ」",
				"ENG_STRING": "「スミちゃん、気が利くねえ」"
			},
			{
				"TYPE": "ZM",
				"ID": 447762,
				"NAME": "静春",
				"ENG_NAME": "静春",
				"STRING": "「おい！　オレ先輩だぞ！！　なんでフツーにお茶くみなんだよ」@n",
				"ENG_STRING": "「おい！　オレ先輩だぞ！！　なんでフツーにお茶くみなんだよ」@n"
			},
			{
				"TYPE": "ZM",
				"ID": 447763,
				"NAME": "三厳",
				"ENG_NAME": "三厳",
				"STRING": "「黙れパシリ、お前の運命だ、いい加減慣れろよ」",
				"ENG_STRING": "「黙れパシリ、お前の運命だ、いい加減慣れろよ」"
			},
			{
				"TYPE": "ZM",
				"ID": 447764,
				"NAME": "静春",
				"ENG_NAME": "静春",
				"STRING": "「なんだと！　てめぇのぶんはなし！　なしだからなクソ久我！」@n",
				"ENG_STRING": "「なんだと！　てめぇのぶんはなし！　なしだからなクソ久我！」@n"
			},
			{
				"TYPE": "ZM",
				"ID": 447765,
				"NAME": "三厳",
				"ENG_NAME": "三厳",
				"STRING": "「その言葉そのまま返してやる。ふんっ！！」",
				"ENG_STRING": "「その言葉そのまま返してやる。ふんっ！！」"
			},
			{
				"TYPE": "ZM",
				"ID": 447766,
				"NAME": "静春",
				"ENG_NAME": "静春",
				"STRING": "「ううう……ちょ、まてまて、それはオレのぶんだ……っ！」@n",
				"ENG_STRING": "「ううう……ちょ、まてまて、それはオレのぶんだ……っ！」@n"
			},
			{
				"TYPE": "ZM",
				"ID": 447767,
				"NAME": "憂緒",
				"ENG_NAME": "憂緒",
				"STRING": "「もぐもぐ…もう少し静かにこの味を楽しむことはできないのですか」@n",
				"ENG_STRING": "「もぐもぐ…もう少し静かにこの味を楽しむことはできないのですか」@n"
			},
			{
				"TYPE": "ZM",
				"ID": 447768,
				"NAME": "静春",
				"ENG_NAME": "静春",
				"STRING": "「うううっ…」",
				"ENG_STRING": "「うううっ…」"
			},
			{
				"TYPE": "ZM",
				"ID": 447769,
				"STRING": "気が付けば、モー子はもうすでにマカロンとやらを口の中に放り込んでいる。",
				"ENG_STRING": "気が付けば、モー子はもうすでにマカロンとやらを口の中に放り込んでいる。"
			},
			{
				"TYPE": "ZM",
				"ID": 447770,
				"STRING": "本当に甘いもんに目がないんだよな。",
				"ENG_STRING": "本当に甘いもんに目がないんだよな。"
			},
			{
				"TYPE": "ZM",
				"ID": 447771,
				"NAME": "小太郎",
				"ENG_NAME": "小太郎",
				"STRING": "「はあ〜、なんかすごくノンビリしちゃうよね。いいのかな」@n",
				"ENG_STRING": "「はあ〜、なんかすごくノンビリしちゃうよね。いいのかな」@n"
			},
			{
				"TYPE": "ZM",
				"ID": 447772,
				"NAME": "静春",
				"ENG_NAME": "静春",
				"STRING": "「なんだよ、騒ぎが好きなのか、烏丸は」@n",
				"ENG_STRING": "「なんだよ、騒ぎが好きなのか、烏丸は」@n"
			},
			{
				"TYPE": "ZM",
				"ID": 447773,
				"NAME": "小太郎",
				"ENG_NAME": "小太郎",
				"STRING": "「違います！　ノンビリの方がいいんですけどね……」@n",
				"ENG_STRING": "「違います！　ノンビリの方がいいんですけどね……」@n"
			},
			{
				"TYPE": "ZM",
				"ID": 447774,
				"STRING": "おまるは複雑そうな苦笑いをしている。",
				"ENG_STRING": "おまるは複雑そうな苦笑いをしている。"
			},
			{
				"TYPE": "ZM",
				"ID": 447775,
				"STRING": "俺も同じことを考えることはあった。",
				"ENG_STRING": "俺も同じことを考えることはあった。"
			},
			{
				"TYPE": "ZM",
				"ID": 447776,
				"STRING": "何もないってのは良いことなんだけど、こうして特査として集まってるのに――",
				"ENG_STRING": "何もないってのは良いことなんだけど、こうして特査として集まってるのに――"
			},
			{
				"TYPE": "ZM",
				"ID": 447777,
				"STRING": "なんて思ってしまう。",
				"ENG_STRING": "なんて思ってしまう。"
			},
			{
				"TYPE": "ZM",
				"ID": 447778,
				"NAME": "憂緒",
				"ENG_NAME": "憂緒",
				"STRING": "「そういえば」@n",
				"ENG_STRING": "「そういえば」@n"
			},
			{
				"TYPE": "ZM",
				"ID": 447779,
				"NAME": "三厳",
				"ENG_NAME": "三厳",
				"STRING": "「……ん？」",
				"ENG_STRING": "「……ん？」"
			},
			{
				"TYPE": "ZM",
				"ID": 447780,
				"STRING": "いつのまにかマカロンを食べ終えていたモー子が、俺の方に顔を向けた。",
				"ENG_STRING": "いつのまにかマカロンを食べ終えていたモー子が、俺の方に顔を向けた。"
			},
			{
				"TYPE": "ZM",
				"ID": 447781,
				"NAME": "憂緒",
				"ENG_NAME": "憂緒",
				"STRING": "「ルイさんは相変わらず何か調べているようですね」",
				"ENG_STRING": "「ルイさんは相変わらず何か調べているようですね」"
			},
			{
				"TYPE": "ZM",
				"ID": 447782,
				"NAME": "三厳",
				"ENG_NAME": "三厳",
				"STRING": "「あ、ああ…でも目立った動きはないよな。お嬢様は何してんだかわからんし」",
				"ENG_STRING": "「あ、ああ…でも目立った動きはないよな。お嬢様は何してんだかわからんし」"
			},
			{
				"TYPE": "ZM",
				"ID": 447783,
				"STRING": "もしかして、モー子も俺と同じことを……",
				"ENG_STRING": "もしかして、モー子も俺と同じことを……"
			},
			{
				"TYPE": "ZM",
				"ID": 447784,
				"STRING": "お嬢様と執事の様子がなんだかいつもと違うって思っているのか？",
				"ENG_STRING": "お嬢様と執事の様子がなんだかいつもと違うって思っているのか？"
			},
			{
				"TYPE": "ZM",
				"ID": 447785,
				"NAME": "憂緒",
				"ENG_NAME": "憂緒",
				"STRING": "「このまま何事もなければいいのですが」@n",
				"ENG_STRING": "「このまま何事もなければいいのですが」@n"
			},
			{
				"TYPE": "ZM",
				"ID": 447786,
				"STRING": "モー子の真意は、俺にはわからなかった。",
				"ENG_STRING": "モー子の真意は、俺にはわからなかった。"
			},
			{
				"TYPE": "ZM",
				"ID": 447787,
				"STRING": "そうだな。",
				"ENG_STRING": "そうだな。"
			},
			{
				"TYPE": "ZM",
				"ID": 447788,
				"STRING": "モー子の言う通り…このまま何もなくて、平穏な時間が続く方がいいんだよな。",
				"ENG_STRING": "モー子の言う通り…このまま何もなくて、平穏な時間が続く方がいいんだよな。"
			},
			{
				"TYPE": "ZM",
				"ID": 447789,
				"STRING": "俺や特査の面子は、また何事もないまま放課後を迎えた。",
				"ENG_STRING": "俺や特査の面子は、また何事もないまま放課後を迎えた。"
			},
			{
				"TYPE": "ZM",
				"ID": 447790,
				"STRING": "図書館を抜けて分室へ向かおうとすると――",
				"ENG_STRING": "図書館を抜けて分室へ向かおうとすると――"
			},
			{
				"TYPE": "ZM",
				"ID": 447791,
				"NAME": "アーデルハイト",
				"ENG_NAME": "アーデルハイト",
				"STRING": "「先に帰ります」",
				"ENG_STRING": "「先に帰ります」"
			},
			{
				"TYPE": "ZM",
				"ID": 447792,
				"NAME": "ルイ",
				"ENG_NAME": "ルイ",
				"STRING": "「…………」",
				"ENG_STRING": "「…………」"
			},
			{
				"TYPE": "ZM",
				"ID": 447793,
				"NAME": "アーデルハイト",
				"ENG_NAME": "アーデルハイト",
				"STRING": "「返事はないの！？」",
				"ENG_STRING": "「返事はないの！？」"
			},
			{
				"TYPE": "ZM",
				"ID": 447794,
				"NAME": "ルイ",
				"ENG_NAME": "ルイ",
				"STRING": "「……Ｊａ」",
				"ENG_STRING": "「……Ｊａ」"
			},
			{
				"TYPE": "ZM",
				"ID": 447795,
				"NAME": "三厳",
				"ENG_NAME": "三厳",
				"STRING": "（おいおい、まだあの空気は変わってないのか）",
				"ENG_STRING": "（おいおい、まだあの空気は変わってないのか）"
			},
			{
				"TYPE": "ZM",
				"ID": 447796,
				"STRING": "ルイは自分の主であるはずのお嬢様に目もくれず、また本を読み耽っていた。",
				"ENG_STRING": "ルイは自分の主であるはずのお嬢様に目もくれず、また本を読み耽っていた。"
			},
			{
				"TYPE": "ZM",
				"ID": 447797,
				"STRING": "お嬢様はというと、そんな執事に背を向けて図書館から出ていく。",
				"ENG_STRING": "お嬢様はというと、そんな執事に背を向けて図書館から出ていく。"
			},
			{
				"TYPE": "ZM",
				"ID": 447798,
				"NAME": "三厳",
				"ENG_NAME": "三厳",
				"STRING": "「……ん？」",
				"ENG_STRING": "「……ん？」"
			},
			{
				"TYPE": "ZM",
				"ID": 447799,
				"NAME": "アーデルハイト",
				"ENG_NAME": "アーデルハイト",
				"STRING": "「……」",
				"ENG_STRING": "「……」"
			},
			{
				"TYPE": "ZM",
				"ID": 447800,
				"STRING": "なんだろう、ちょっと足元がふらついていたような感じだった。",
				"ENG_STRING": "なんだろう、ちょっと足元がふらついていたような感じだった。"
			},
			{
				"TYPE": "ZM",
				"ID": 447801,
				"STRING": "俺の気のせいか？",
				"ENG_STRING": "俺の気のせいか？"
			},
			{
				"TYPE": "ZM",
				"ID": 447802,
				"NAME": "ルイ",
				"ENG_NAME": "ルイ",
				"STRING": "「……ふむ」",
				"ENG_STRING": "「……ふむ」"
			},
			{
				"TYPE": "ZM",
				"ID": 447803,
				"STRING": "ルイはやっぱりお嬢様のことなんか気にもしていない。",
				"ENG_STRING": "ルイはやっぱりお嬢様のことなんか気にもしていない。"
			},
			{
				"TYPE": "ZM",
				"ID": 447804,
				"STRING": "本から少しも目を離さない様子だ。",
				"ENG_STRING": "本から少しも目を離さない様子だ。"
			},
			{
				"TYPE": "ZM",
				"ID": 447805,
				"NAME": "三厳",
				"ENG_NAME": "三厳",
				"STRING": "（気のせいならいいけどさ――ちょっと心配だな）",
				"ENG_STRING": "（気のせいならいいけどさ――ちょっと心配だな）"
			},
			{
				"TYPE": "ZM",
				"ID": 447806,
				"STRING": "分室にはまだ急いで行く必要もないだろう。",
				"ENG_STRING": "分室にはまだ急いで行く必要もないだろう。"
			},
			{
				"TYPE": "ZM",
				"ID": 447807,
				"STRING": "ちょっと引き返して、様子見てみるか。",
				"ENG_STRING": "ちょっと引き返して、様子見てみるか。"
			},
			{
				"TYPE": "ZM",
				"ID": 447808,
				"NAME": "アーデルハイト",
				"ENG_NAME": "アーデルハイト",
				"STRING": "「…………」",
				"ENG_STRING": "「…………」"
			},
			{
				"TYPE": "ZM",
				"ID": 447809,
				"NAME": "三厳",
				"ENG_NAME": "三厳",
				"STRING": "「え？　お、おい！」",
				"ENG_STRING": "「え？　お、おい！」"
			},
			{
				"TYPE": "ZM",
				"ID": 447810,
				"NAME": "アーデルハイト",
				"ENG_NAME": "アーデルハイト",
				"STRING": "「……ん」",
				"ENG_STRING": "「……ん」"
			},
			{
				"TYPE": "ZM",
				"ID": 447811,
				"STRING": "俺の予感は当たってしまった。",
				"ENG_STRING": "俺の予感は当たってしまった。"
			},
			{
				"TYPE": "ZM",
				"ID": 447812,
				"STRING": "お嬢様は、真っ青な顔で図書館の入り口にうずくまっていた。",
				"ENG_STRING": "お嬢様は、真っ青な顔で図書館の入り口にうずくまっていた。"
			},
			{
				"TYPE": "SELR",
				"ID": 0,
				"STRING": "大丈夫か？",
				"ENG_STRING": "大丈夫か？"
			},
			{
				"TYPE": "SELR",
				"ID": 1,
				"STRING": "ルイを呼ぼうか？",
				"ENG_STRING": "ルイを呼ぼうか？"
			},
			{
				"TYPE": "ZM",
				"ID": 448002,
				"NAME": "三厳",
				"ENG_NAME": "三厳",
				"STRING": "「大丈夫か？」",
				"ENG_STRING": "「大丈夫か？」"
			},
			{
				"TYPE": "ZM",
				"ID": 448003,
				"NAME": "アーデルハイト",
				"ENG_NAME": "アーデルハイト",
				"STRING": "「……ええ」@n",
				"ENG_STRING": "「……ええ」@n"
			},
			{
				"TYPE": "ZM",
				"ID": 448004,
				"NAME": "三厳",
				"ENG_NAME": "三厳",
				"STRING": "「どうしたんだよ、熱でもあるのか？」",
				"ENG_STRING": "「どうしたんだよ、熱でもあるのか？」"
			},
			{
				"TYPE": "ZM",
				"ID": 448005,
				"NAME": "アーデルハイト",
				"ENG_NAME": "アーデルハイト",
				"STRING": "「少し立ちくらみがしただけです…」",
				"ENG_STRING": "「少し立ちくらみがしただけです…」"
			},
			{
				"TYPE": "ZM",
				"ID": 448006,
				"NAME": "三厳",
				"ENG_NAME": "三厳",
				"STRING": "「ルイ…執事を呼ぼうか？」",
				"ENG_STRING": "「ルイ…執事を呼ぼうか？」"
			},
			{
				"TYPE": "ZM",
				"ID": 448007,
				"NAME": "アーデルハイト",
				"ENG_NAME": "アーデルハイト",
				"STRING": "「いいえ、大した事ありません…大げさにしなくて結構です…」",
				"ENG_STRING": "「いいえ、大した事ありません…大げさにしなくて結構です…」"
			},
			{
				"TYPE": "ZM",
				"ID": 448008,
				"STRING": "そう言われたものの、お嬢様の様子は立っているのも辛そうだ。",
				"ENG_STRING": "そう言われたものの、お嬢様の様子は立っているのも辛そうだ。"
			},
			{
				"TYPE": "ZM",
				"ID": 448258,
				"NAME": "三厳",
				"ENG_NAME": "三厳",
				"STRING": "「ルイ…執事を呼ぼうか？」",
				"ENG_STRING": "「ルイ…執事を呼ぼうか？」"
			},
			{
				"TYPE": "ZM",
				"ID": 448259,
				"NAME": "アーデルハイト",
				"ENG_NAME": "アーデルハイト",
				"STRING": "「……！」",
				"ENG_STRING": "「……！」"
			},
			{
				"TYPE": "ZM",
				"ID": 448260,
				"NAME": "三厳",
				"ENG_NAME": "三厳",
				"STRING": "「ずいぶん顔色が悪いぞ。ちょっと待っ――」",
				"ENG_STRING": "「ずいぶん顔色が悪いぞ。ちょっと待っ――」"
			},
			{
				"TYPE": "ZM",
				"ID": 448261,
				"NAME": "アーデルハイト",
				"ENG_NAME": "アーデルハイト",
				"STRING": "「やめて！　ただの貧血です。問題ありません…」@n",
				"ENG_STRING": "「やめて！　ただの貧血です。問題ありません…」@n"
			},
			{
				"TYPE": "ZM",
				"ID": 448262,
				"STRING": "そう言われたものの、お嬢様の様子は立っているのも辛そうだ。",
				"ENG_STRING": "そう言われたものの、お嬢様の様子は立っているのも辛そうだ。"
			},
			{
				"TYPE": "ZM",
				"ID": 448514,
				"NAME": "三厳",
				"ENG_NAME": "三厳",
				"STRING": "「はあ……しゃーねえな。ほら」@n",
				"ENG_STRING": "「はあ……しゃーねえな。ほら」@n"
			},
			{
				"TYPE": "ZM",
				"ID": 448515,
				"STRING": "このまま放っておくわけにはいかない。",
				"ENG_STRING": "このまま放っておくわけにはいかない。"
			},
			{
				"TYPE": "ZM",
				"ID": 448516,
				"STRING": "膝を折って背中を向けた俺に、お嬢様はきょとんとしていた。",
				"ENG_STRING": "膝を折って背中を向けた俺に、お嬢様はきょとんとしていた。"
			},
			{
				"TYPE": "ZM",
				"ID": 448517,
				"NAME": "アーデルハイト",
				"ENG_NAME": "アーデルハイト",
				"STRING": "「一体、何のつもり？」",
				"ENG_STRING": "「一体、何のつもり？」"
			},
			{
				"TYPE": "ZM",
				"ID": 448518,
				"NAME": "三厳",
				"ENG_NAME": "三厳",
				"STRING": "「おぶってやるよ。そんなんじゃ階段上るのキツイだろ？」@n",
				"ENG_STRING": "「おぶってやるよ。そんなんじゃ階段上るのキツイだろ？」@n"
			},
			{
				"TYPE": "ZM",
				"ID": 448519,
				"NAME": "アーデルハイト",
				"ENG_NAME": "アーデルハイト",
				"STRING": "「そ、そんなのいい、一人で平気だから……っ」",
				"ENG_STRING": "「そ、そんなのいい、一人で平気だから……っ」"
			},
			{
				"TYPE": "ZM",
				"ID": 448520,
				"NAME": "三厳",
				"ENG_NAME": "三厳",
				"STRING": "「全っ然、平気そうじゃないだろ」@n",
				"ENG_STRING": "「全っ然、平気そうじゃないだろ」@n"
			},
			{
				"TYPE": "ZM",
				"ID": 448521,
				"NAME": "アーデルハイト",
				"ENG_NAME": "アーデルハイト",
				"STRING": "「…………」",
				"ENG_STRING": "「…………」"
			},
			{
				"TYPE": "ZM",
				"ID": 448522,
				"NAME": "三厳",
				"ENG_NAME": "三厳",
				"STRING": "「放っていくわけにいかねーだろ？　執事も呼ぶなって言われたら」",
				"ENG_STRING": "「放っていくわけにいかねーだろ？　執事も呼ぶなって言われたら」"
			},
			{
				"TYPE": "ZM",
				"ID": 448523,
				"NAME": "アーデルハイト",
				"ENG_NAME": "アーデルハイト",
				"STRING": "「すぐに……元に戻る…のに」",
				"ENG_STRING": "「すぐに……元に戻る…のに」"
			},
			{
				"TYPE": "ZM",
				"ID": 448524,
				"NAME": "三厳",
				"ENG_NAME": "三厳",
				"STRING": "「意地はるなって。体調悪いんだから」",
				"ENG_STRING": "「意地はるなって。体調悪いんだから」"
			},
			{
				"TYPE": "ZM",
				"ID": 448525,
				"NAME": "アーデルハイト",
				"ENG_NAME": "アーデルハイト",
				"STRING": "「……でも」",
				"ENG_STRING": "「……でも」"
			},
			{
				"TYPE": "ZM",
				"ID": 448526,
				"NAME": "三厳",
				"ENG_NAME": "三厳",
				"STRING": "「保健室行くからな。もう喋らなくていいから、寝てろってば」",
				"ENG_STRING": "「保健室行くからな。もう喋らなくていいから、寝てろってば」"
			},
			{
				"TYPE": "ZM",
				"ID": 448527,
				"NAME": "アーデルハイト",
				"ENG_NAME": "アーデルハイト",
				"STRING": "「…………」",
				"ENG_STRING": "「…………」"
			},
			{
				"TYPE": "ZM",
				"ID": 448528,
				"NAME": "三厳",
				"ENG_NAME": "三厳",
				"STRING": "「――ん？」@n",
				"ENG_STRING": "「――ん？」@n"
			},
			{
				"TYPE": "ZM",
				"ID": 448529,
				"NAME": "憂緒",
				"ENG_NAME": "憂緒",
				"STRING": "「あっ……」",
				"ENG_STRING": "「あっ……」"
			},
			{
				"TYPE": "ZM",
				"ID": 448530,
				"NAME": "憂緒",
				"ENG_NAME": "憂緒",
				"STRING": "「どうされたんですか？」",
				"ENG_STRING": "「どうされたんですか？」"
			},
			{
				"TYPE": "ZM",
				"ID": 448531,
				"STRING": "階段を下りてきたのは、モー子だった。",
				"ENG_STRING": "階段を下りてきたのは、モー子だった。"
			},
			{
				"TYPE": "ZM",
				"ID": 448532,
				"STRING": "今日は分室へ向かうの、いつもより遅かったのか。",
				"ENG_STRING": "今日は分室へ向かうの、いつもより遅かったのか。"
			},
			{
				"TYPE": "ZM",
				"ID": 448533,
				"NAME": "三厳",
				"ENG_NAME": "三厳",
				"STRING": "「お嬢様がそこでうずくまってたんだ。保健室までちょっと行ってくる」",
				"ENG_STRING": "「お嬢様がそこでうずくまってたんだ。保健室までちょっと行ってくる」"
			},
			{
				"TYPE": "ZM",
				"ID": 448534,
				"NAME": "憂緒",
				"ENG_NAME": "憂緒",
				"STRING": "「…………」",
				"ENG_STRING": "「…………」"
			},
			{
				"TYPE": "ZM",
				"ID": 448535,
				"NAME": "三厳",
				"ENG_NAME": "三厳",
				"STRING": "「そうだ、なんだか執事には言わないでくれってさ…そんなわけで、後はよろしくな」",
				"ENG_STRING": "「そうだ、なんだか執事には言わないでくれってさ…そんなわけで、後はよろしくな」"
			},
			{
				"TYPE": "ZM",
				"ID": 448536,
				"NAME": "憂緒",
				"ENG_NAME": "憂緒",
				"STRING": "「…………」",
				"ENG_STRING": "「…………」"
			},
			{
				"TYPE": "ZM",
				"ID": 448537,
				"STRING": "モー子はため息をつくと、俺の横をすりぬけて地下へと降りてゆく。",
				"ENG_STRING": "モー子はため息をつくと、俺の横をすりぬけて地下へと降りてゆく。"
			},
			{
				"TYPE": "ZM",
				"ID": 448538,
				"NAME": "憂緒",
				"ENG_NAME": "憂緒",
				"STRING": "「手錠の時はあんなに適当に担いだくせに、随分丁寧なんですね」",
				"ENG_STRING": "「手錠の時はあんなに適当に担いだくせに、随分丁寧なんですね」"
			},
			{
				"TYPE": "ZM",
				"ID": 448539,
				"NAME": "三厳",
				"ENG_NAME": "三厳",
				"STRING": "「へ？」",
				"ENG_STRING": "「へ？」"
			},
			{
				"TYPE": "ZM",
				"ID": 448540,
				"NAME": "憂緒",
				"ENG_NAME": "憂緒",
				"STRING": "「……なんでもありません」",
				"ENG_STRING": "「……なんでもありません」"
			},
			{
				"TYPE": "ZM",
				"ID": 448541,
				"NAME": "三厳",
				"ENG_NAME": "三厳",
				"STRING": "（今の、なんだ……？　怒ってた…のか？）",
				"ENG_STRING": "（今の、なんだ……？　怒ってた…のか？）"
			},
			{
				"TYPE": "ZM",
				"ID": 448542,
				"STRING": "保健室へと連れて来たお嬢様は、ベッドの上にたよりなく座っていた。",
				"ENG_STRING": "保健室へと連れて来たお嬢様は、ベッドの上にたよりなく座っていた。"
			},
			{
				"TYPE": "ZM",
				"ID": 448543,
				"STRING": "先生に見てもらっている間も、どこかまだぼんやりした様子だ。",
				"ENG_STRING": "先生に見てもらっている間も、どこかまだぼんやりした様子だ。"
			},
			{
				"TYPE": "ZM",
				"ID": 448544,
				"NAME": "先生",
				"ENG_NAME": "先生",
				"STRING": "「――じゃあ少し上を向いてみて」",
				"ENG_STRING": "「――じゃあ少し上を向いてみて」"
			},
			{
				"TYPE": "ZM",
				"ID": 448545,
				"NAME": "アーデルハイト",
				"ENG_NAME": "アーデルハイト",
				"STRING": "「……」",
				"ENG_STRING": "「……」"
			},
			{
				"TYPE": "ZM",
				"ID": 448546,
				"NAME": "先生",
				"ENG_NAME": "先生",
				"STRING": "「はい。もういいわよ」",
				"ENG_STRING": "「はい。もういいわよ」"
			},
			{
				"TYPE": "ZM",
				"ID": 448547,
				"NAME": "先生",
				"ENG_NAME": "先生",
				"STRING": "「やっぱり貧血のようね。それほどひどくはないけれど、少しここで休んでいった方がいいわ」",
				"ENG_STRING": "「やっぱり貧血のようね。それほどひどくはないけれど、少しここで休んでいった方がいいわ」"
			},
			{
				"TYPE": "ZM",
				"ID": 448548,
				"NAME": "アーデルハイト",
				"ENG_NAME": "アーデルハイト",
				"STRING": "「いいえ……大丈夫です。部屋に帰ります」",
				"ENG_STRING": "「いいえ……大丈夫です。部屋に帰ります」"
			},
			{
				"TYPE": "ZM",
				"ID": 448549,
				"NAME": "先生",
				"ENG_NAME": "先生",
				"STRING": "「今すぐに？　まだふらふらしているでしょう？」",
				"ENG_STRING": "「今すぐに？　まだふらふらしているでしょう？」"
			},
			{
				"TYPE": "ZM",
				"ID": 448550,
				"NAME": "アーデルハイト",
				"ENG_NAME": "アーデルハイト",
				"STRING": "「でも……」",
				"ENG_STRING": "「でも……」"
			},
			{
				"TYPE": "ZM",
				"ID": 448551,
				"STRING": "頑なな返事に、先生も困り顔だ。",
				"ENG_STRING": "頑なな返事に、先生も困り顔だ。"
			},
			{
				"TYPE": "ZM",
				"ID": 448552,
				"STRING": "どうやら、なんとしても部屋に戻りたいようだな。",
				"ENG_STRING": "どうやら、なんとしても部屋に戻りたいようだな。"
			},
			{
				"TYPE": "SELR",
				"ID": 0,
				"STRING": "送っていこうか",
				"ENG_STRING": "送っていこうか"
			},
			{
				"TYPE": "SELR",
				"ID": 1,
				"STRING": "一人で帰れるのか？",
				"ENG_STRING": "一人で帰れるのか？"
			},
			{
				"TYPE": "ZM",
				"ID": 448770,
				"NAME": "三厳",
				"ENG_NAME": "三厳",
				"STRING": "「送っていこうか」",
				"ENG_STRING": "「送っていこうか」"
			},
			{
				"TYPE": "ZM",
				"ID": 448771,
				"NAME": "アーデルハイト",
				"ENG_NAME": "アーデルハイト",
				"STRING": "「……え？」",
				"ENG_STRING": "「……え？」"
			},
			{
				"TYPE": "ZM",
				"ID": 448772,
				"STRING": "乗りかかった船だし、放っておくわけにもいかない。",
				"ENG_STRING": "乗りかかった船だし、放っておくわけにもいかない。"
			},
			{
				"TYPE": "ZM",
				"ID": 448773,
				"NAME": "三厳",
				"ENG_NAME": "三厳",
				"STRING": "「来た時みたいに、俺がおぶってくよ」",
				"ENG_STRING": "「来た時みたいに、俺がおぶってくよ」"
			},
			{
				"TYPE": "ZM",
				"ID": 448774,
				"NAME": "先生",
				"ENG_NAME": "先生",
				"STRING": "「そうしてもらえるなら、安心だわ」",
				"ENG_STRING": "「そうしてもらえるなら、安心だわ」"
			},
			{
				"TYPE": "ZM",
				"ID": 449026,
				"NAME": "三厳",
				"ENG_NAME": "三厳",
				"STRING": "「一人で帰れるのか？」",
				"ENG_STRING": "「一人で帰れるのか？」"
			},
			{
				"TYPE": "ZM",
				"ID": 449027,
				"NAME": "アーデルハイト",
				"ENG_NAME": "アーデルハイト",
				"STRING": "「心配しなくても、平気です……っ」",
				"ENG_STRING": "「心配しなくても、平気です……っ」"
			},
			{
				"TYPE": "ZM",
				"ID": 449028,
				"NAME": "先生",
				"ENG_NAME": "先生",
				"STRING": "「いいえ、一人で歩かせるのは危険よ。もし倒れて怪我したらどうするの」@n",
				"ENG_STRING": "「いいえ、一人で歩かせるのは危険よ。もし倒れて怪我したらどうするの」@n"
			},
			{
				"TYPE": "ZM",
				"ID": 449029,
				"STRING": "そうだよな。ひっくり返って頭でも打ったら大変だ。",
				"ENG_STRING": "そうだよな。ひっくり返って頭でも打ったら大変だ。"
			},
			{
				"TYPE": "ZM",
				"ID": 449030,
				"STRING": "よし、乗りかかった船だ。",
				"ENG_STRING": "よし、乗りかかった船だ。"
			},
			{
				"TYPE": "ZM",
				"ID": 449031,
				"NAME": "三厳",
				"ENG_NAME": "三厳",
				"STRING": "「送ってくよ。来た時みたいに、俺がおぶってくなら大丈夫だろう」",
				"ENG_STRING": "「送ってくよ。来た時みたいに、俺がおぶってくなら大丈夫だろう」"
			},
			{
				"TYPE": "ZM",
				"ID": 449282,
				"NAME": "アーデルハイト",
				"ENG_NAME": "アーデルハイト",
				"STRING": "「…………」",
				"ENG_STRING": "「…………」"
			},
			{
				"TYPE": "ZM",
				"ID": 449283,
				"NAME": "三厳",
				"ENG_NAME": "三厳",
				"STRING": "「先にちょっとあいつらに連絡するから、ちょっと待っててくれ」",
				"ENG_STRING": "「先にちょっとあいつらに連絡するから、ちょっと待っててくれ」"
			},
			{
				"TYPE": "ZM",
				"ID": 449284,
				"STRING": "お嬢様は青い顔のまま、頷く。@n",
				"ENG_STRING": "お嬢様は青い顔のまま、頷く。@n"
			},
			{
				"TYPE": "ZM",
				"ID": 449285,
				"STRING": "すぐさま保健室の電話を借りると、特査の番号へかけた。",
				"ENG_STRING": "すぐさま保健室の電話を借りると、特査の番号へかけた。"
			},
			{
				"TYPE": "ZM",
				"ID": 449286,
				"NAME": "憂緒",
				"ENG_NAME": "憂緒",
				"STRING": "『……はい』@n",
				"ENG_STRING": "『……はい』@n"
			},
			{
				"TYPE": "ZM",
				"ID": 449287,
				"NAME": "三厳",
				"ENG_NAME": "三厳",
				"STRING": "「あ、モー子か？　俺だけど、そっちは何も起こってないか？」",
				"ENG_STRING": "「あ、モー子か？　俺だけど、そっちは何も起こってないか？」"
			},
			{
				"TYPE": "ZM",
				"ID": 449288,
				"NAME": "憂緒",
				"ENG_NAME": "憂緒",
				"STRING": "『ええ、問題ありません。保健室で何かありましたか？』",
				"ENG_STRING": "『ええ、問題ありません。保健室で何かありましたか？』"
			},
			{
				"TYPE": "ZM",
				"ID": 449289,
				"NAME": "三厳",
				"ENG_NAME": "三厳",
				"STRING": "「特査がらみの事じゃないけどさ、やっぱりお嬢様の調子が悪いみたいでな。一人じゃ危ないから寮まで送っていくから」",
				"ENG_STRING": "「特査がらみの事じゃないけどさ、やっぱりお嬢様の調子が悪いみたいでな。一人じゃ危ないから寮まで送っていくから」"
			},
			{
				"TYPE": "ZM",
				"ID": 449290,
				"NAME": "憂緒",
				"ENG_NAME": "憂緒",
				"STRING": "『そうですか。こちらは特に何も起きていません。ご自由にどうぞ』",
				"ENG_STRING": "『そうですか。こちらは特に何も起きていません。ご自由にどうぞ』"
			},
			{
				"TYPE": "ZM",
				"ID": 449291,
				"NAME": "三厳",
				"ENG_NAME": "三厳",
				"STRING": "「遅れるけど、後でちゃんとそっちに――」",
				"ENG_STRING": "「遅れるけど、後でちゃんとそっちに――」"
			},
			{
				"TYPE": "ZM",
				"ID": 449292,
				"NAME": "憂緒",
				"ENG_NAME": "憂緒",
				"STRING": "『ずいぶん優しいんですね』",
				"ENG_STRING": "『ずいぶん優しいんですね』"
			},
			{
				"TYPE": "ZM",
				"ID": 449293,
				"NAME": "三厳",
				"ENG_NAME": "三厳",
				"STRING": "「……お前、なんか今日虫の居所悪くねえ？」",
				"ENG_STRING": "「……お前、なんか今日虫の居所悪くねえ？」"
			},
			{
				"TYPE": "ZM",
				"ID": 449294,
				"NAME": "三厳",
				"ENG_NAME": "三厳",
				"STRING": "「も、もしもし！？　切りやがった……」",
				"ENG_STRING": "「も、もしもし！？　切りやがった……」"
			},
			{
				"TYPE": "ZM",
				"ID": 449295,
				"STRING": "さっきもそうだったけど――一体何なんだ今日のモー子は。特に機嫌の悪い日なのかもしれない。",
				"ENG_STRING": "さっきもそうだったけど――一体何なんだ今日のモー子は。特に機嫌の悪い日なのかもしれない。"
			},
			{
				"TYPE": "ZM",
				"ID": 449296,
				"STRING": "振り向くと、お嬢様がベッドの上で体を起こしていた。",
				"ENG_STRING": "振り向くと、お嬢様がベッドの上で体を起こしていた。"
			},
			{
				"TYPE": "ZM",
				"ID": 449297,
				"STRING": "帰ろうとしてるんだろうけど、やっぱりまだふらついている。",
				"ENG_STRING": "帰ろうとしてるんだろうけど、やっぱりまだふらついている。"
			},
			{
				"TYPE": "ZM",
				"ID": 449298,
				"NAME": "三厳",
				"ENG_NAME": "三厳",
				"STRING": "「まてまてまて！　今すぐ送っていってやるからよ」@n",
				"ENG_STRING": "「まてまてまて！　今すぐ送っていってやるからよ」@n"
			},
			{
				"TYPE": "ZM",
				"ID": 449299,
				"NAME": "アーデルハイト",
				"ENG_NAME": "アーデルハイト",
				"STRING": "「でも…そんなことまでして頂くわけには……」",
				"ENG_STRING": "「でも…そんなことまでして頂くわけには……」"
			},
			{
				"TYPE": "ZM",
				"ID": 449300,
				"NAME": "三厳",
				"ENG_NAME": "三厳",
				"STRING": "「いいって、特査なんて『何でも屋』みたいなもんだから。気にしなくていいって」",
				"ENG_STRING": "「いいって、特査なんて『何でも屋』みたいなもんだから。気にしなくていいって」"
			},
			{
				"TYPE": "ZM",
				"ID": 449301,
				"STRING": "お嬢様は、俺に背負われている間ずっと黙っていた。",
				"ENG_STRING": "お嬢様は、俺に背負われている間ずっと黙っていた。"
			},
			{
				"TYPE": "ZM",
				"ID": 449302,
				"STRING": "まだ少し具合が良くないのか、それとも何か考えごとしてるのか。",
				"ENG_STRING": "まだ少し具合が良くないのか、それとも何か考えごとしてるのか。"
			},
			{
				"TYPE": "ZM",
				"ID": 449303,
				"STRING": "いつもはきはきと喋る印象だったから、なんだか心配になってきた。",
				"ENG_STRING": "いつもはきはきと喋る印象だったから、なんだか心配になってきた。"
			},
			{
				"TYPE": "ZM",
				"ID": 449304,
				"NAME": "三厳",
				"ENG_NAME": "三厳",
				"STRING": "「……寝てる？」",
				"ENG_STRING": "「……寝てる？」"
			},
			{
				"TYPE": "ZM",
				"ID": 449305,
				"NAME": "アーデルハイト",
				"ENG_NAME": "アーデルハイト",
				"STRING": "「え、い、いえ……起きています」",
				"ENG_STRING": "「え、い、いえ……起きています」"
			},
			{
				"TYPE": "ZM",
				"ID": 449306,
				"NAME": "三厳",
				"ENG_NAME": "三厳",
				"STRING": "「そっか。ずっと静かだから寝てるのかと思ったよ」",
				"ENG_STRING": "「そっか。ずっと静かだから寝てるのかと思ったよ」"
			},
			{
				"TYPE": "ZM",
				"ID": 449307,
				"NAME": "アーデルハイト",
				"ENG_NAME": "アーデルハイト",
				"STRING": "「……」",
				"ENG_STRING": "「……」"
			},
			{
				"TYPE": "ZM",
				"ID": 449308,
				"STRING": "やっぱり、いつもと違う。",
				"ENG_STRING": "やっぱり、いつもと違う。"
			},
			{
				"TYPE": "ZM",
				"ID": 449309,
				"NAME": "三厳",
				"ENG_NAME": "三厳",
				"STRING": "「なあ、執事とケンカでもしたのか？」",
				"ENG_STRING": "「なあ、執事とケンカでもしたのか？」"
			},
			{
				"TYPE": "ZM",
				"ID": 449310,
				"NAME": "アーデルハイト",
				"ENG_NAME": "アーデルハイト",
				"STRING": "「……っ！」",
				"ENG_STRING": "「……っ！」"
			},
			{
				"TYPE": "ZM",
				"ID": 449311,
				"NAME": "三厳",
				"ENG_NAME": "三厳",
				"STRING": "「なんかさ、ひどいこと言われたりしてるだろ」",
				"ENG_STRING": "「なんかさ、ひどいこと言われたりしてるだろ」"
			},
			{
				"TYPE": "ZM",
				"ID": 449312,
				"NAME": "アーデルハイト",
				"ENG_NAME": "アーデルハイト",
				"STRING": "「別にひどいこと言われるのは、いつものことだから……」",
				"ENG_STRING": "「別にひどいこと言われるのは、いつものことだから……」"
			},
			{
				"TYPE": "ZM",
				"ID": 449313,
				"STRING": "顔は見えなかったけど、しゅんとしているのは背中ごしでもわかる。",
				"ENG_STRING": "顔は見えなかったけど、しゅんとしているのは背中ごしでもわかる。"
			},
			{
				"TYPE": "ZM",
				"ID": 449314,
				"NAME": "三厳",
				"ENG_NAME": "三厳",
				"STRING": "「そのことだけどさ、モー子はこんな風に言ってたぞ」",
				"ENG_STRING": "「そのことだけどさ、モー子はこんな風に言ってたぞ」"
			},
			{
				"TYPE": "ZM",
				"ID": 449315,
				"NAME": "憂緒",
				"ENG_NAME": "憂緒",
				"STRING": "「ルイさんのあの態度はわざとだと思いますよ」",
				"ENG_STRING": "「ルイさんのあの態度はわざとだと思いますよ」"
			},
			{
				"TYPE": "ZM",
				"ID": 449316,
				"NAME": "憂緒",
				"ENG_NAME": "憂緒",
				"STRING": "「ああいう態度をとることで、アーデルハイトさんのこちらへの意識を、好感の持てる方向へ誘導していると思うのです」",
				"ENG_STRING": "「ああいう態度をとることで、アーデルハイトさんのこちらへの意識を、好感の持てる方向へ誘導していると思うのです」"
			},
			{
				"TYPE": "ZM",
				"ID": 449317,
				"NAME": "憂緒",
				"ENG_NAME": "憂緒",
				"STRING": "「と、同時に、私達の協力も自然と取り付けられるようにしているんでしょう。なかなかの策士ですね」",
				"ENG_STRING": "「と、同時に、私達の協力も自然と取り付けられるようにしているんでしょう。なかなかの策士ですね」"
			},
			{
				"TYPE": "ZM",
				"ID": 449318,
				"NAME": "アーデルハイト",
				"ENG_NAME": "アーデルハイト",
				"STRING": "「……」",
				"ENG_STRING": "「……」"
			},
			{
				"TYPE": "ZM",
				"ID": 449319,
				"NAME": "三厳",
				"ENG_NAME": "三厳",
				"STRING": "「まあ、ルイ本人から直接聞いたわけじゃないけどさ」",
				"ENG_STRING": "「まあ、ルイ本人から直接聞いたわけじゃないけどさ」"
			},
			{
				"TYPE": "ZM",
				"ID": 449320,
				"NAME": "三厳",
				"ENG_NAME": "三厳",
				"STRING": "「あれでモー子はマジで頭いいから、カンは当たってると思うけどな、俺は」",
				"ENG_STRING": "「あれでモー子はマジで頭いいから、カンは当たってると思うけどな、俺は」"
			},
			{
				"TYPE": "ZM",
				"ID": 449321,
				"NAME": "アーデルハイト",
				"ENG_NAME": "アーデルハイト",
				"STRING": "「そ、そんなことないっ！　ルイは口が悪いんです！」",
				"ENG_STRING": "「そ、そんなことないっ！　ルイは口が悪いんです！」"
			},
			{
				"TYPE": "ZM",
				"ID": 449322,
				"NAME": "三厳",
				"ENG_NAME": "三厳",
				"STRING": "「はは、確かに口は悪いな。でもな、本当にお前のこと嫌ってるならあんなに会話するもんか？」",
				"ENG_STRING": "「はは、確かに口は悪いな。でもな、本当にお前のこと嫌ってるならあんなに会話するもんか？」"
			},
			{
				"TYPE": "ZM",
				"ID": 449323,
				"NAME": "アーデルハイト",
				"ENG_NAME": "アーデルハイト",
				"STRING": "「趣味なんです、きっと。私のこと、いろいろ言うのが」",
				"ENG_STRING": "「趣味なんです、きっと。私のこと、いろいろ言うのが」"
			},
			{
				"TYPE": "ZM",
				"ID": 449324,
				"NAME": "三厳",
				"ENG_NAME": "三厳",
				"STRING": "「あいつ、頭は良い方だろ。そんなヤツが、嫌いな人間のために時間使うようなことしないと思うけどな」",
				"ENG_STRING": "「あいつ、頭は良い方だろ。そんなヤツが、嫌いな人間のために時間使うようなことしないと思うけどな」"
			},
			{
				"TYPE": "ZM",
				"ID": 449325,
				"NAME": "アーデルハイト",
				"ENG_NAME": "アーデルハイト",
				"STRING": "「……でも」",
				"ENG_STRING": "「……でも」"
			},
			{
				"TYPE": "ZM",
				"ID": 449326,
				"STRING": "――っと。",
				"ENG_STRING": "――っと。"
			},
			{
				"TYPE": "ZM",
				"ID": 449327,
				"STRING": "これじゃまるで、お嬢様のこと叱ってるみたいじゃないか。",
				"ENG_STRING": "これじゃまるで、お嬢様のこと叱ってるみたいじゃないか。"
			},
			{
				"TYPE": "ZM",
				"ID": 449328,
				"STRING": "少し話題を変えよう。",
				"ENG_STRING": "少し話題を変えよう。"
			},
			{
				"TYPE": "ZM",
				"ID": 449329,
				"NAME": "三厳",
				"ENG_NAME": "三厳",
				"STRING": "「あいつは、ずっとお嬢様に仕えてんの？　執事ってどんなもんかいまいちわからないんだよな」",
				"ENG_STRING": "「あいつは、ずっとお嬢様に仕えてんの？　執事ってどんなもんかいまいちわからないんだよな」"
			},
			{
				"TYPE": "ZM",
				"ID": 449330,
				"NAME": "アーデルハイト",
				"ENG_NAME": "アーデルハイト",
				"STRING": "「ええ、ずっと…それが決まりだから」",
				"ENG_STRING": "「ええ、ずっと…それが決まりだから」"
			},
			{
				"TYPE": "ZM",
				"ID": 449331,
				"NAME": "三厳",
				"ENG_NAME": "三厳",
				"STRING": "「決まり？」",
				"ENG_STRING": "「決まり？」"
			},
			{
				"TYPE": "ZM",
				"ID": 449332,
				"NAME": "アーデルハイト",
				"ENG_NAME": "アーデルハイト",
				"STRING": "「我がヴァインベルガー家の掟。執事は分家の出身で、代々本家に仕えるの。ずっとずっと何百年もそう」",
				"ENG_STRING": "「我がヴァインベルガー家の掟。執事は分家の出身で、代々本家に仕えるの。ずっとずっと何百年もそう」"
			},
			{
				"TYPE": "ZM",
				"ID": 449333,
				"NAME": "三厳",
				"ENG_NAME": "三厳",
				"STRING": "「じゃ、お前…ルイと親戚なのか？」",
				"ENG_STRING": "「じゃ、お前…ルイと親戚なのか？」"
			},
			{
				"TYPE": "ZM",
				"ID": 449334,
				"NAME": "アーデルハイト",
				"ENG_NAME": "アーデルハイト",
				"STRING": "「そうよ？　こちらの言葉でいうと…従兄妹です。生まれてすぐに主と執事としての組み合わせが決められるわ。だから小さい頃からずっと一緒」",
				"ENG_STRING": "「そうよ？　こちらの言葉でいうと…従兄妹です。生まれてすぐに主と執事としての組み合わせが決められるわ。だから小さい頃からずっと一緒」"
			},
			{
				"TYPE": "ZM",
				"ID": 449335,
				"STRING": "お嬢様は少しずつ元気を取り戻してきたのか、ぽつりぽつりと幼い頃の思い出を話してくれた。",
				"ENG_STRING": "お嬢様は少しずつ元気を取り戻してきたのか、ぽつりぽつりと幼い頃の思い出を話してくれた。"
			},
			{
				"TYPE": "ZM",
				"ID": 449336,
				"STRING": "主従関係とはいえ、まるで兄妹のように育ってきたのだろう。",
				"ENG_STRING": "主従関係とはいえ、まるで兄妹のように育ってきたのだろう。"
			},
			{
				"TYPE": "ZM",
				"ID": 449337,
				"STRING": "言葉の端々に、ルイと過ごしてきただろう長い時間を感じさせる気持ちがにじんでいた。",
				"ENG_STRING": "言葉の端々に、ルイと過ごしてきただろう長い時間を感じさせる気持ちがにじんでいた。"
			},
			{
				"TYPE": "ZM",
				"ID": 449338,
				"NAME": "アーデルハイト",
				"ENG_NAME": "アーデルハイト",
				"STRING": "「でも、これは私が思っているだけ…本当のことはわからないの」",
				"ENG_STRING": "「でも、これは私が思っているだけ…本当のことはわからないの」"
			},
			{
				"TYPE": "ZM",
				"ID": 449339,
				"NAME": "三厳",
				"ENG_NAME": "三厳",
				"STRING": "「本当のことって？」",
				"ENG_STRING": "「本当のことって？」"
			},
			{
				"TYPE": "ZM",
				"ID": 449340,
				"NAME": "アーデルハイト",
				"ENG_NAME": "アーデルハイト",
				"STRING": "「本家とか分家とか、ずっと続いている掟とか……。ルイはそれに縛られているだけなのかもしれないわ」",
				"ENG_STRING": "「本家とか分家とか、ずっと続いている掟とか……。ルイはそれに縛られているだけなのかもしれないわ」"
			},
			{
				"TYPE": "ZM",
				"ID": 449341,
				"STRING": "きゅっと、肩のあたりに力が入った。",
				"ENG_STRING": "きゅっと、肩のあたりに力が入った。"
			},
			{
				"TYPE": "ZM",
				"ID": 449342,
				"STRING": "お嬢様が細い指を握り締めてるようだ。",
				"ENG_STRING": "お嬢様が細い指を握り締めてるようだ。"
			},
			{
				"TYPE": "ZM",
				"ID": 449343,
				"NAME": "三厳",
				"ENG_NAME": "三厳",
				"STRING": "「俺はさ、モー子みたいに頭良いわけじゃないから、ほんっとにカンだけど」",
				"ENG_STRING": "「俺はさ、モー子みたいに頭良いわけじゃないから、ほんっとにカンだけど」"
			},
			{
				"TYPE": "ZM",
				"ID": 449344,
				"STRING": "歩いている間に少しばかりずれてしまったお嬢様の体を、とん、と背負いなおす。",
				"ENG_STRING": "歩いている間に少しばかりずれてしまったお嬢様の体を、とん、と背負いなおす。"
			},
			{
				"TYPE": "ZM",
				"ID": 449345,
				"NAME": "三厳",
				"ENG_NAME": "三厳",
				"STRING": "「それはないと思うぞ」",
				"ENG_STRING": "「それはないと思うぞ」"
			},
			{
				"TYPE": "ZM",
				"ID": 449346,
				"NAME": "アーデルハイト",
				"ENG_NAME": "アーデルハイト",
				"STRING": "「……そうだと……いいけど……」",
				"ENG_STRING": "「……そうだと……いいけど……」"
			},
			{
				"TYPE": "ZM",
				"ID": 449347,
				"NAME": "三厳",
				"ENG_NAME": "三厳",
				"STRING": "「ん？」",
				"ENG_STRING": "「ん？」"
			},
			{
				"TYPE": "ZM",
				"ID": 449348,
				"NAME": "アーデルハイト",
				"ENG_NAME": "アーデルハイト",
				"STRING": "「な、なんでもありませんっ」",
				"ENG_STRING": "「な、なんでもありませんっ」"
			},
			{
				"TYPE": "ZM",
				"ID": 449349,
				"STRING": "お嬢様はそう言ったきり、顔をうずめて黙ってしまった。",
				"ENG_STRING": "お嬢様はそう言ったきり、顔をうずめて黙ってしまった。"
			},
			{
				"TYPE": "ZM",
				"ID": 449350,
				"NAME": "三厳",
				"ENG_NAME": "三厳",
				"STRING": "「ここでいいんだな」",
				"ENG_STRING": "「ここでいいんだな」"
			},
			{
				"TYPE": "ZM",
				"ID": 449351,
				"STRING": "部屋についた瞬間、まだ背中にいるお嬢様は急にそわそわしだした。",
				"ENG_STRING": "部屋についた瞬間、まだ背中にいるお嬢様は急にそわそわしだした。"
			},
			{
				"TYPE": "ZM",
				"ID": 449352,
				"STRING": "左右に振れる重みに引っ張られて、俺までよろけてしまう。",
				"ENG_STRING": "左右に振れる重みに引っ張られて、俺までよろけてしまう。"
			},
			{
				"TYPE": "ZM",
				"ID": 449353,
				"NAME": "アーデルハイト",
				"ENG_NAME": "アーデルハイト",
				"STRING": "「アオイ…来るかしら……」",
				"ENG_STRING": "「アオイ…来るかしら……」"
			},
			{
				"TYPE": "ZM",
				"ID": 449354,
				"NAME": "三厳",
				"ENG_NAME": "三厳",
				"STRING": "「な、ちょっと、こらこら危ねえってば」",
				"ENG_STRING": "「な、ちょっと、こらこら危ねえってば」"
			},
			{
				"TYPE": "ZM",
				"ID": 449355,
				"NAME": "アーデルハイト",
				"ENG_NAME": "アーデルハイト",
				"STRING": "「はっ！　早く降ろしてちょうだい！！」",
				"ENG_STRING": "「はっ！　早く降ろしてちょうだい！！」"
			},
			{
				"TYPE": "ZM",
				"ID": 449356,
				"NAME": "三厳",
				"ENG_NAME": "三厳",
				"STRING": "「うわ、や、やべ、ちょっと待てって、うわわっ！！」@n",
				"ENG_STRING": "「うわ、や、やべ、ちょっと待てって、うわわっ！！」@n"
			},
			{
				"TYPE": "ZM",
				"ID": 449357,
				"NAME": "アーデルハイト",
				"ENG_NAME": "アーデルハイト",
				"STRING": "「…きゃあっ！？」",
				"ENG_STRING": "「…きゃあっ！？」"
			},
			{
				"TYPE": "ZM",
				"ID": 449358,
				"NAME": "三厳",
				"ENG_NAME": "三厳",
				"STRING": "「いってて。お前なあ、いきなり暴れるなよ！　バランス崩して……」",
				"ENG_STRING": "「いってて。お前なあ、いきなり暴れるなよ！　バランス崩して……」"
			},
			{
				"TYPE": "ZM",
				"ID": 449359,
				"NAME": "アーデルハイト",
				"ENG_NAME": "アーデルハイト",
				"STRING": "「………………？？？」",
				"ENG_STRING": "「………………？？？」"
			},
			{
				"TYPE": "ZM",
				"ID": 449360,
				"STRING": "お嬢様の鼻先が、俺の顔のすぐそばにあった。",
				"ENG_STRING": "お嬢様の鼻先が、俺の顔のすぐそばにあった。"
			},
			{
				"TYPE": "ZM",
				"ID": 449361,
				"STRING": "ひっくり返った時にとっさにお嬢様を抱えたけど……これじゃあ……",
				"ENG_STRING": "ひっくり返った時にとっさにお嬢様を抱えたけど……これじゃあ……"
			},
			{
				"TYPE": "ZM",
				"ID": 449362,
				"NAME": "三厳",
				"ENG_NAME": "三厳",
				"STRING": "「え、えっと、その」",
				"ENG_STRING": "「え、えっと、その」"
			},
			{
				"TYPE": "ZM",
				"ID": 449363,
				"STRING": "これじゃまるで、俺が押し倒したみたいじゃないか。",
				"ENG_STRING": "これじゃまるで、俺が押し倒したみたいじゃないか。"
			},
			{
				"TYPE": "ZM",
				"ID": 449364,
				"NAME": "アーデルハイト",
				"ENG_NAME": "アーデルハイト",
				"STRING": "「…………」",
				"ENG_STRING": "「…………」"
			},
			{
				"TYPE": "ZM",
				"ID": 449365,
				"NAME": "三厳",
				"ENG_NAME": "三厳",
				"STRING": "「…………」",
				"ENG_STRING": "「…………」"
			},
			{
				"TYPE": "ZM",
				"ID": 449366,
				"STRING": "一瞬にして、お嬢様の顔が真っ赤になった。",
				"ENG_STRING": "一瞬にして、お嬢様の顔が真っ赤になった。"
			},
			{
				"TYPE": "ZM",
				"ID": 449367,
				"STRING": "その理由は――",
				"ENG_STRING": "その理由は――"
			},
			{
				"TYPE": "ZM",
				"ID": 449368,
				"NAME": "三厳",
				"ENG_NAME": "三厳",
				"STRING": "「……あ」",
				"ENG_STRING": "「……あ」"
			},
			{
				"TYPE": "ZM",
				"ID": 449369,
				"STRING": "仰向けになってもなお、ふるんと膨らんでる二つの……",
				"ENG_STRING": "仰向けになってもなお、ふるんと膨らんでる二つの……"
			},
			{
				"TYPE": "ZM",
				"ID": 449370,
				"STRING": "二つの大きな胸が、思いっきり俺の体に当たってるからだ。",
				"ENG_STRING": "二つの大きな胸が、思いっきり俺の体に当たってるからだ。"
			},
			{
				"TYPE": "ZM",
				"ID": 449371,
				"NAME": "アーデルハイト",
				"ENG_NAME": "アーデルハイト",
				"STRING": "「あ……ああ……あう……」",
				"ENG_STRING": "「あ……ああ……あう……」"
			},
			{
				"TYPE": "ZM",
				"ID": 449372,
				"NAME": "三厳",
				"ENG_NAME": "三厳",
				"STRING": "「す、すぐ、あのすぐにっ」",
				"ENG_STRING": "「す、すぐ、あのすぐにっ」"
			},
			{
				"TYPE": "ZM",
				"ID": 449373,
				"NAME": "アーデルハイト",
				"ENG_NAME": "アーデルハイト",
				"STRING": "@w5@h5「きゃあああああ！！！！」@w0@h0@n",
				"ENG_STRING": "@w5@h5「きゃあああああ！！！！」@w0@h0@n"
			},
			{
				"TYPE": "ZM",
				"ID": 449374,
				"NAME": "三厳",
				"ENG_NAME": "三厳",
				"STRING": "@w4@h4「ぐわわっ」@w0@h0",
				"ENG_STRING": "@w4@h4「ぐわわっ」@w0@h0"
			},
			{
				"TYPE": "ZM",
				"ID": 449375,
				"NAME": "アーデルハイト",
				"ENG_NAME": "アーデルハイト",
				"STRING": "@w5@h5「キャーキャーキャーキャーきゃーきゃー！！！！！」@w0@h0",
				"ENG_STRING": "@w5@h5「キャーキャーキャーキャーきゃーきゃー！！！！！」@w0@h0"
			},
			{
				"TYPE": "ZM",
				"ID": 449376,
				"NAME": "三厳",
				"ENG_NAME": "三厳",
				"STRING": "「ひっ、え、ええ！？」",
				"ENG_STRING": "「ひっ、え、ええ！？」"
			},
			{
				"TYPE": "ZM",
				"ID": 449377,
				"STRING": "俺を全力で押しのけて、お嬢様はシーツをかぶってベッドの隅っこまで転がっていく。",
				"ENG_STRING": "俺を全力で押しのけて、お嬢様はシーツをかぶってベッドの隅っこまで転がっていく。"
			},
			{
				"TYPE": "ZM",
				"ID": 449378,
				"NAME": "アーデルハイト",
				"ENG_NAME": "アーデルハイト",
				"STRING": "@w3@h3「いやあああ！　ひくっううう……うううっ」@w0@h0",
				"ENG_STRING": "@w3@h3「いやあああ！　ひくっううう……うううっ」@w0@h0"
			},
			{
				"TYPE": "ZM",
				"ID": 449379,
				"NAME": "三厳",
				"ENG_NAME": "三厳",
				"STRING": "「ちょ！　待て待て待て！　事故だ事故！！」",
				"ENG_STRING": "「ちょ！　待て待て待て！　事故だ事故！！」"
			},
			{
				"TYPE": "ZM",
				"ID": 449380,
				"NAME": "アーデルハイト",
				"ENG_NAME": "アーデルハイト",
				"STRING": "@w5@h5「きゃああああ！」@w0@h0",
				"ENG_STRING": "@w5@h5「きゃああああ！」@w0@h0"
			},
			{
				"TYPE": "ZM",
				"ID": 449381,
				"NAME": "三厳",
				"ENG_NAME": "三厳",
				"STRING": "「えええ……、そ、そんなに！？」",
				"ENG_STRING": "「えええ……、そ、そんなに！？」"
			},
			{
				"TYPE": "ZM",
				"ID": 449382,
				"STRING": "悲鳴をあげまくって、お嬢様は小動物みたいに縮こまって震えてる。",
				"ENG_STRING": "悲鳴をあげまくって、お嬢様は小動物みたいに縮こまって震えてる。"
			},
			{
				"TYPE": "ZM",
				"ID": 449383,
				"STRING": "なんかちょっと……",
				"ENG_STRING": "なんかちょっと……"
			},
			{
				"TYPE": "ZM",
				"ID": 449384,
				"STRING": "そこまで怯えられると……さすがにへこむな。",
				"ENG_STRING": "そこまで怯えられると……さすがにへこむな。"
			},
			{
				"TYPE": "SELR",
				"ID": 0,
				"STRING": "な、なんかすまん",
				"ENG_STRING": "な、なんかすまん"
			},
			{
				"TYPE": "SELR",
				"ID": 1,
				"STRING": "何もしねーよ！",
				"ENG_STRING": "何もしねーよ！"
			},
			{
				"TYPE": "ZM",
				"ID": 449538,
				"NAME": "三厳",
				"ENG_NAME": "三厳",
				"STRING": "「な、なんか、すまん！」",
				"ENG_STRING": "「な、なんか、すまん！」"
			},
			{
				"TYPE": "ZM",
				"ID": 449539,
				"STRING": "別に押したわけではないけど……",
				"ENG_STRING": "別に押したわけではないけど……"
			},
			{
				"TYPE": "ZM",
				"ID": 449540,
				"STRING": "いやでも、あのでっかくて柔らかい胸が当たった時は……",
				"ENG_STRING": "いやでも、あのでっかくて柔らかい胸が当たった時は……"
			},
			{
				"TYPE": "ZM",
				"ID": 449541,
				"STRING": "ちょっとムラッときた。",
				"ENG_STRING": "ちょっとムラッときた。"
			},
			{
				"TYPE": "ZM",
				"ID": 449542,
				"NAME": "三厳",
				"ENG_NAME": "三厳",
				"STRING": "「えーと、なんか、その…すみません！」",
				"ENG_STRING": "「えーと、なんか、その…すみません！」"
			},
			{
				"TYPE": "ZM",
				"ID": 449543,
				"NAME": "アーデルハイト",
				"ENG_NAME": "アーデルハイト",
				"STRING": "「……？？」",
				"ENG_STRING": "「……？？」"
			},
			{
				"TYPE": "ZM",
				"ID": 449794,
				"NAME": "三厳",
				"ENG_NAME": "三厳",
				"STRING": "「な、何もしねーよ！」",
				"ENG_STRING": "「な、何もしねーよ！」"
			},
			{
				"TYPE": "ZM",
				"ID": 449795,
				"NAME": "アーデルハイト",
				"ENG_NAME": "アーデルハイト",
				"STRING": "「あ、あ、あの……っ」",
				"ENG_STRING": "「あ、あ、あの……っ」"
			},
			{
				"TYPE": "ZM",
				"ID": 449796,
				"STRING": "って口で言っても、通じないよな。",
				"ENG_STRING": "って口で言っても、通じないよな。"
			},
			{
				"TYPE": "ZM",
				"ID": 449797,
				"STRING": "だって俺の方がデカイし、お嬢様はちっちゃいし、女の子だし……",
				"ENG_STRING": "だって俺の方がデカイし、お嬢様はちっちゃいし、女の子だし……"
			},
			{
				"TYPE": "ZM",
				"ID": 449798,
				"NAME": "三厳",
				"ENG_NAME": "三厳",
				"STRING": "「びびらせて悪かった！！」",
				"ENG_STRING": "「びびらせて悪かった！！」"
			},
			{
				"TYPE": "ZM",
				"ID": 450050,
				"NAME": "三厳",
				"ENG_NAME": "三厳",
				"STRING": "「ちゃんと休めよー！　無理すんなよな」",
				"ENG_STRING": "「ちゃんと休めよー！　無理すんなよな」"
			},
			{
				"TYPE": "ZM",
				"ID": 450051,
				"NAME": "アーデルハイト",
				"ENG_NAME": "アーデルハイト",
				"STRING": "「……はあ、はあ、はあ……」",
				"ENG_STRING": "「……はあ、はあ、はあ……」"
			},
			{
				"TYPE": "ZM",
				"ID": 450052,
				"NAME": "アーデルハイト",
				"ENG_NAME": "アーデルハイト",
				"STRING": "（わ、私…なんてこと…さっきのことはわざとじゃないって、ちょっと考えればわかるのに……！）@n",
				"ENG_STRING": "（わ、私…なんてこと…さっきのことはわざとじゃないって、ちょっと考えればわかるのに……！）@n"
			},
			{
				"TYPE": "ZM",
				"ID": 450053,
				"NAME": "アーデルハイト",
				"ENG_NAME": "アーデルハイト",
				"STRING": "（わざわざ私を部屋までおぶって連れてきてくれた、話も聞いてくれた……こんなにも世話になっておきながらお茶の一つも出さず何やってるの！？）",
				"ENG_STRING": "（わざわざ私を部屋までおぶって連れてきてくれた、話も聞いてくれた……こんなにも世話になっておきながらお茶の一つも出さず何やってるの！？）"
			},
			{
				"TYPE": "ZM",
				"ID": 450054,
				"NAME": "アーデルハイト",
				"ENG_NAME": "アーデルハイト",
				"STRING": "（ありがとうも言えず、追い出してしまった…）",
				"ENG_STRING": "（ありがとうも言えず、追い出してしまった…）"
			},
			{
				"TYPE": "ZM",
				"ID": 450055,
				"NAME": "アーデルハイト",
				"ENG_NAME": "アーデルハイト",
				"STRING": "（どうしよう、礼儀知らずって思われたかも…どうしよう…ルイに聞けば……）@n",
				"ENG_STRING": "（どうしよう、礼儀知らずって思われたかも…どうしよう…ルイに聞けば……）@n"
			},
			{
				"TYPE": "ZM",
				"ID": 450056,
				"NAME": "アーデルハイト",
				"ENG_NAME": "アーデルハイト",
				"STRING": "「だめよ、アーデルハイト。口はきかないって決めたじゃないの」@n",
				"ENG_STRING": "「だめよ、アーデルハイト。口はきかないって決めたじゃないの」@n"
			},
			{
				"TYPE": "ZM",
				"ID": 450057,
				"NAME": "アーデルハイト",
				"ENG_NAME": "アーデルハイト",
				"STRING": "「明日きちんとお礼と、謝罪をしましょう……ええ、絶対に！」",
				"ENG_STRING": "「明日きちんとお礼と、謝罪をしましょう……ええ、絶対に！」"
			}
		],
		"CHAPTER_SUBNAME": "S03_22_01　自己嫌悪"
	}
}