{
	"S03_04": {
		"MESSAGES": [
			{
				"TYPE": "ZM",
				"ID": 447234,
				"STRING": "――放課後。",
				"ENG_STRING": "――放課後。"
			},
			{
				"TYPE": "ZM",
				"ID": 447235,
				"NAME": "アーデルハイト",
				"ENG_NAME": "アーデルハイト",
				"STRING": "「……はあ」",
				"ENG_STRING": "「……はあ」"
			},
			{
				"TYPE": "ZM",
				"ID": 447236,
				"STRING": "いつものように、ここへと足を運ぶ。",
				"ENG_STRING": "いつものように、ここへと足を運ぶ。"
			},
			{
				"TYPE": "ZM",
				"ID": 447237,
				"STRING": "『ここ』はとても魅力的で、いつまでもいたい。",
				"ENG_STRING": "『ここ』はとても魅力的で、いつまでもいたい。"
			},
			{
				"TYPE": "ZM",
				"ID": 447238,
				"STRING": "『ここ』にある知識をすべて吸収できたら、と思ってしまう。",
				"ENG_STRING": "『ここ』にある知識をすべて吸収できたら、と思ってしまう。"
			},
			{
				"TYPE": "ZM",
				"ID": 447239,
				"NAME": "アーデルハイト",
				"ENG_NAME": "アーデルハイト",
				"STRING": "「ルイ！」",
				"ENG_STRING": "「ルイ！」"
			},
			{
				"TYPE": "ZM",
				"ID": 447240,
				"NAME": "アーデルハイト",
				"ENG_NAME": "アーデルハイト",
				"STRING": "「ルイ、ここにいるんでしょう？」@n",
				"ENG_STRING": "「ルイ、ここにいるんでしょう？」@n"
			},
			{
				"TYPE": "ZM",
				"ID": 447241,
				"STRING": "返事はない。",
				"ENG_STRING": "返事はない。"
			},
			{
				"TYPE": "ZM",
				"ID": 447242,
				"STRING": "それでも、ルイがここにいることはわかっている。",
				"ENG_STRING": "それでも、ルイがここにいることはわかっている。"
			},
			{
				"TYPE": "ZM",
				"ID": 447243,
				"STRING": "他に行く場所など、ないのだから――",
				"ENG_STRING": "他に行く場所など、ないのだから――"
			},
			{
				"TYPE": "ZM",
				"ID": 447244,
				"NAME": "アーデルハイト",
				"ENG_NAME": "アーデルハイト",
				"STRING": "「……はあ」",
				"ENG_STRING": "「……はあ」"
			},
			{
				"TYPE": "ZM",
				"ID": 447245,
				"NAME": "ルイ",
				"ENG_NAME": "ルイ",
				"STRING": "「…………」",
				"ENG_STRING": "「…………」"
			},
			{
				"TYPE": "ZM",
				"ID": 447246,
				"NAME": "アーデルハイト",
				"ENG_NAME": "アーデルハイト",
				"STRING": "（また本ばっかり読んでる）",
				"ENG_STRING": "（また本ばっかり読んでる）"
			},
			{
				"TYPE": "ZM",
				"ID": 447247,
				"NAME": "アーデルハイト",
				"ENG_NAME": "アーデルハイト",
				"STRING": "「ずいぶんご執心だこと。目当ての本は見つかった？」",
				"ENG_STRING": "「ずいぶんご執心だこと。目当ての本は見つかった？」"
			},
			{
				"TYPE": "ZM",
				"ID": 447248,
				"NAME": "ルイ",
				"ENG_NAME": "ルイ",
				"STRING": "「……」",
				"ENG_STRING": "「……」"
			},
			{
				"TYPE": "ZM",
				"ID": 447249,
				"NAME": "アーデルハイト",
				"ENG_NAME": "アーデルハイト",
				"STRING": "「どうしてホムンクルスに、そんなに興味があるの？」",
				"ENG_STRING": "「どうしてホムンクルスに、そんなに興味があるの？」"
			},
			{
				"TYPE": "ZM",
				"ID": 447250,
				"NAME": "ルイ",
				"ENG_NAME": "ルイ",
				"STRING": "「……」",
				"ENG_STRING": "「……」"
			},
			{
				"TYPE": "ZM",
				"ID": 447251,
				"NAME": "アーデルハイト",
				"ENG_NAME": "アーデルハイト",
				"STRING": "「何か手伝ってさしあげましょうか？」",
				"ENG_STRING": "「何か手伝ってさしあげましょうか？」"
			},
			{
				"TYPE": "ZM",
				"ID": 447252,
				"NAME": "ルイ",
				"ENG_NAME": "ルイ",
				"STRING": "「……はあ」",
				"ENG_STRING": "「……はあ」"
			},
			{
				"TYPE": "ZM",
				"ID": 447253,
				"NAME": "アーデルハイト",
				"ENG_NAME": "アーデルハイト",
				"STRING": "「ちょっ……ルイ！　……はあ」",
				"ENG_STRING": "「ちょっ……ルイ！　……はあ」"
			},
			{
				"TYPE": "ZM",
				"ID": 447254,
				"STRING": "ルイはため息をついて、別の書架の前へと移動する。",
				"ENG_STRING": "ルイはため息をついて、別の書架の前へと移動する。"
			},
			{
				"TYPE": "ZM",
				"ID": 447255,
				"STRING": "まるでお前は邪魔だと言わんばかりの、深いため息だった。",
				"ENG_STRING": "まるでお前は邪魔だと言わんばかりの、深いため息だった。"
			},
			{
				"TYPE": "ZM",
				"ID": 447256,
				"NAME": "アーデルハイト",
				"ENG_NAME": "アーデルハイト",
				"STRING": "（なによ、なによなによ！　調べ事があるなら手伝うって言ったのに！）",
				"ENG_STRING": "（なによ、なによなによ！　調べ事があるなら手伝うって言ったのに！）"
			},
			{
				"TYPE": "ZM",
				"ID": 447257,
				"NAME": "アーデルハイト",
				"ENG_NAME": "アーデルハイト",
				"STRING": "（あんな態度とるなんて、信じられない！　なんて不誠実なの！）",
				"ENG_STRING": "（あんな態度とるなんて、信じられない！　なんて不誠実なの！）"
			},
			{
				"TYPE": "ZM",
				"ID": 447258,
				"STRING": "心の中で怒りは次々と湧き上がる。",
				"ENG_STRING": "心の中で怒りは次々と湧き上がる。"
			},
			{
				"TYPE": "ZM",
				"ID": 447259,
				"STRING": "だけど、ルイに直接それをぶつけるのも考えものだ。",
				"ENG_STRING": "だけど、ルイに直接それをぶつけるのも考えものだ。"
			},
			{
				"TYPE": "ZM",
				"ID": 447260,
				"NAME": "アーデルハイト",
				"ENG_NAME": "アーデルハイト",
				"STRING": "（そうよ……図書館では静かにするのが鉄則ですものね）",
				"ENG_STRING": "（そうよ……図書館では静かにするのが鉄則ですものね）"
			},
			{
				"TYPE": "ZM",
				"ID": 447261,
				"STRING": "………………。",
				"ENG_STRING": "………………。"
			},
			{
				"TYPE": "ZM",
				"ID": 447262,
				"STRING": "…………。",
				"ENG_STRING": "…………。"
			},
			{
				"TYPE": "ZM",
				"ID": 447263,
				"STRING": "……。",
				"ENG_STRING": "……。"
			},
			{
				"TYPE": "ZM",
				"ID": 447264,
				"NAME": "アーデルハイト",
				"ENG_NAME": "アーデルハイト",
				"STRING": "（……まだ、調べものなの？）",
				"ENG_STRING": "（……まだ、調べものなの？）"
			},
			{
				"TYPE": "ZM",
				"ID": 447265,
				"STRING": "時計を見ると、もう一時間以上たっている。",
				"ENG_STRING": "時計を見ると、もう一時間以上たっている。"
			},
			{
				"TYPE": "ZM",
				"ID": 447266,
				"STRING": "自分で手に取った本もすでに読み終わってしまった。",
				"ENG_STRING": "自分で手に取った本もすでに読み終わってしまった。"
			},
			{
				"TYPE": "ZM",
				"ID": 447267,
				"NAME": "アーデルハイト",
				"ENG_NAME": "アーデルハイト",
				"STRING": "「私、そろそろ部屋に戻って薬の調合をしようと思うのだけれど」",
				"ENG_STRING": "「私、そろそろ部屋に戻って薬の調合をしようと思うのだけれど」"
			},
			{
				"TYPE": "ZM",
				"ID": 447268,
				"NAME": "ルイ",
				"ENG_NAME": "ルイ",
				"STRING": "「そうか」",
				"ENG_STRING": "「そうか」"
			},
			{
				"TYPE": "ZM",
				"ID": 447269,
				"NAME": "アーデルハイト",
				"ENG_NAME": "アーデルハイト",
				"STRING": "「そうかって、あなた！」",
				"ENG_STRING": "「そうかって、あなた！」"
			},
			{
				"TYPE": "ZM",
				"ID": 447270,
				"NAME": "ルイ",
				"ENG_NAME": "ルイ",
				"STRING": "「俺はまだ調べ物がある。一人で帰れ」",
				"ENG_STRING": "「俺はまだ調べ物がある。一人で帰れ」"
			},
			{
				"TYPE": "ZM",
				"ID": 447271,
				"NAME": "アーデルハイト",
				"ENG_NAME": "アーデルハイト",
				"STRING": "「一人で！？　私一人で帰るってこと？　そんなのできるわけないでしょう？　だってあなたは私を――」",
				"ENG_STRING": "「一人で！？　私一人で帰るってこと？　そんなのできるわけないでしょう？　だってあなたは私を――」"
			},
			{
				"TYPE": "ZM",
				"ID": 447272,
				"NAME": "ルイ",
				"ENG_NAME": "ルイ",
				"STRING": "「言わせてもらうが。わからないのか？　ここがどういう場所なのか」",
				"ENG_STRING": "「言わせてもらうが。わからないのか？　ここがどういう場所なのか」"
			},
			{
				"TYPE": "ZM",
				"ID": 447273,
				"NAME": "アーデルハイト",
				"ENG_NAME": "アーデルハイト",
				"STRING": "「――っ」@n",
				"ENG_STRING": "「――っ」@n"
			},
			{
				"TYPE": "ZM",
				"ID": 447274,
				"NAME": "ルイ",
				"ENG_NAME": "ルイ",
				"STRING": "「一体何日ここで過ごしている？　それで気付かないとは、思わず笑いがこみあげてしまうな」",
				"ENG_STRING": "「一体何日ここで過ごしている？　それで気付かないとは、思わず笑いがこみあげてしまうな」"
			},
			{
				"TYPE": "ZM",
				"ID": 447275,
				"NAME": "アーデルハイト",
				"ENG_NAME": "アーデルハイト",
				"STRING": "「な、な、なっ……」",
				"ENG_STRING": "「な、な、なっ……」"
			},
			{
				"TYPE": "ZM",
				"ID": 447276,
				"NAME": "ルイ",
				"ENG_NAME": "ルイ",
				"STRING": "「ここには十分な魔術結界がある。部外者はそうそう入れないようになっているし、一人でうろつこうが問題はない」",
				"ENG_STRING": "「ここには十分な魔術結界がある。部外者はそうそう入れないようになっているし、一人でうろつこうが問題はない」"
			},
			{
				"TYPE": "ZM",
				"ID": 447277,
				"NAME": "アーデルハイト",
				"ENG_NAME": "アーデルハイト",
				"STRING": "「でも……ルイ、あなたは執事で、それから」",
				"ENG_STRING": "「でも……ルイ、あなたは執事で、それから」"
			},
			{
				"TYPE": "ZM",
				"ID": 447278,
				"NAME": "ルイ",
				"ENG_NAME": "ルイ",
				"STRING": "「ああもう、鈍い。最大限優しく言ったつもりだが、やはりはっきり言う方が時間の無駄遣いを少なくできるようだな」@n",
				"ENG_STRING": "「ああもう、鈍い。最大限優しく言ったつもりだが、やはりはっきり言う方が時間の無駄遣いを少なくできるようだな」@n"
			},
			{
				"TYPE": "ZM",
				"ID": 447279,
				"NAME": "ルイ",
				"ENG_NAME": "ルイ",
				"STRING": "「何の危険もないのに、おもりをしながら廊下を歩いていく。無駄だ、無駄。時間に失礼だと思わないのか」",
				"ENG_STRING": "「何の危険もないのに、おもりをしながら廊下を歩いていく。無駄だ、無駄。時間に失礼だと思わないのか」"
			},
			{
				"TYPE": "ZM",
				"ID": 447280,
				"NAME": "アーデルハイト",
				"ENG_NAME": "アーデルハイト",
				"STRING": "「……で、で、でも」",
				"ENG_STRING": "「……で、で、でも」"
			},
			{
				"TYPE": "ZM",
				"ID": 447281,
				"NAME": "ルイ",
				"ENG_NAME": "ルイ",
				"STRING": "「俺はやりたい事があるんだ。それくらいはわかるな？　見ればどんな馬鹿でもわかると思うが」",
				"ENG_STRING": "「俺はやりたい事があるんだ。それくらいはわかるな？　見ればどんな馬鹿でもわかると思うが」"
			},
			{
				"TYPE": "ZM",
				"ID": 447282,
				"NAME": "アーデルハイト",
				"ENG_NAME": "アーデルハイト",
				"STRING": "「……っ、何度も言ったわ！　何かを探してるなら、私も手伝……」",
				"ENG_STRING": "「……っ、何度も言ったわ！　何かを探してるなら、私も手伝……」"
			},
			{
				"TYPE": "ZM",
				"ID": 447283,
				"NAME": "ルイ",
				"ENG_NAME": "ルイ",
				"STRING": "「一人で何もできないくせに、何かをしようとする者をなんと呼ぶか知っているか？　愚か者だ」",
				"ENG_STRING": "「一人で何もできないくせに、何かをしようとする者をなんと呼ぶか知っているか？　愚か者だ」"
			},
			{
				"TYPE": "ZM",
				"ID": 447284,
				"NAME": "アーデルハイト",
				"ENG_NAME": "アーデルハイト",
				"STRING": "「……！！」@n",
				"ENG_STRING": "「……！！」@n"
			},
			{
				"TYPE": "ZM",
				"ID": 447285,
				"NAME": "ルイ",
				"ENG_NAME": "ルイ",
				"STRING": "「もうそれ以上話さなくていい。まったく、存在だけで思考の邪魔をする才能は高いようだな。俺は真剣なんだ、これ以上の邪魔はするな――以上」@n",
				"ENG_STRING": "「もうそれ以上話さなくていい。まったく、存在だけで思考の邪魔をする才能は高いようだな。俺は真剣なんだ、これ以上の邪魔はするな――以上」@n"
			},
			{
				"TYPE": "ZM",
				"ID": 447286,
				"STRING": "自分の意見を全て述べて――ルイは再び本を開いた。",
				"ENG_STRING": "自分の意見を全て述べて――ルイは再び本を開いた。"
			},
			{
				"TYPE": "ZM",
				"ID": 447287,
				"NAME": "アーデルハイト",
				"ENG_NAME": "アーデルハイト",
				"STRING": "「わかった。わかったわよ……もう知らない」",
				"ENG_STRING": "「わかった。わかったわよ……もう知らない」"
			},
			{
				"TYPE": "ZM",
				"ID": 447288,
				"NAME": "ルイ",
				"ENG_NAME": "ルイ",
				"STRING": "「……」",
				"ENG_STRING": "「……」"
			},
			{
				"TYPE": "ZM",
				"ID": 447289,
				"NAME": "アーデルハイト",
				"ENG_NAME": "アーデルハイト",
				"STRING": "「帰ります！！　それから、それから――もう」@n",
				"ENG_STRING": "「帰ります！！　それから、それから――もう」@n"
			},
			{
				"TYPE": "ZM",
				"ID": 447290,
				"NAME": "アーデルハイト",
				"ENG_NAME": "アーデルハイト",
				"STRING": "「当分お前とは口をきかないから！！」@n",
				"ENG_STRING": "「当分お前とは口をきかないから！！」@n"
			},
			{
				"TYPE": "ZM",
				"ID": 447291,
				"NAME": "ルイ",
				"ENG_NAME": "ルイ",
				"STRING": "「それは<ぎょうこう>僥倖|」",
				"ENG_STRING": "「それは<ぎょうこう>僥倖|」"
			},
			{
				"TYPE": "ZM",
				"ID": 447292,
				"NAME": "葵",
				"ENG_NAME": "葵",
				"STRING": "「いけない、早く寮に帰らなきゃ…ぴぃちゃん、大丈夫かな」",
				"ENG_STRING": "「いけない、早く寮に帰らなきゃ…ぴぃちゃん、大丈夫かな」"
			},
			{
				"TYPE": "ZM",
				"ID": 447293,
				"NAME": "ぴぃ",
				"ENG_NAME": "ぴぃ",
				"STRING": "「……あおい」",
				"ENG_STRING": "「……あおい」"
			},
			{
				"TYPE": "ZM",
				"ID": 447294,
				"NAME": "葵",
				"ENG_NAME": "葵",
				"STRING": "「えっ！？」@n",
				"ENG_STRING": "「えっ！？」@n"
			},
			{
				"TYPE": "ZM",
				"ID": 447295,
				"NAME": "ぴぃ",
				"ENG_NAME": "ぴぃ",
				"STRING": "「あーおい♪」",
				"ENG_STRING": "「あーおい♪」"
			},
			{
				"TYPE": "ZM",
				"ID": 447296,
				"NAME": "葵",
				"ENG_NAME": "葵",
				"STRING": "「えっ！？　ぴぃちゃん！？」",
				"ENG_STRING": "「えっ！？　ぴぃちゃん！？」"
			},
			{
				"TYPE": "ZM",
				"ID": 447297,
				"NAME": "ぴぃ",
				"ENG_NAME": "ぴぃ",
				"STRING": "「みぃつけた」",
				"ENG_STRING": "「みぃつけた」"
			},
			{
				"TYPE": "ZM",
				"ID": 447298,
				"NAME": "葵",
				"ENG_NAME": "葵",
				"STRING": "「だ、だだだだめー！」@n",
				"ENG_STRING": "「だ、だだだだめー！」@n"
			},
			{
				"TYPE": "ZM",
				"ID": 447299,
				"NAME": "ぴぃ",
				"ENG_NAME": "ぴぃ",
				"STRING": "「ひゃあ……あおい、どうしてこんなとこ隠れる？」",
				"ENG_STRING": "「ひゃあ……あおい、どうしてこんなとこ隠れる？」"
			},
			{
				"TYPE": "ZM",
				"ID": 447300,
				"NAME": "葵",
				"ENG_NAME": "葵",
				"STRING": "「だ、だって誰かに見つかっちゃうでしょっ」",
				"ENG_STRING": "「だ、だって誰かに見つかっちゃうでしょっ」"
			},
			{
				"TYPE": "ZM",
				"ID": 447301,
				"NAME": "ぴぃ",
				"ENG_NAME": "ぴぃ",
				"STRING": "「だめなの？　あのね、ぴぃ、あおいが早くぴぃに会いたいって思ってたのわかった！　だからきたの」@n",
				"ENG_STRING": "「だめなの？　あのね、ぴぃ、あおいが早くぴぃに会いたいって思ってたのわかった！　だからきたの」@n"
			},
			{
				"TYPE": "ZM",
				"ID": 447302,
				"NAME": "葵",
				"ENG_NAME": "葵",
				"STRING": "「わたしのことを？」",
				"ENG_STRING": "「わたしのことを？」"
			},
			{
				"TYPE": "ZM",
				"ID": 447303,
				"NAME": "ぴぃ",
				"ENG_NAME": "ぴぃ",
				"STRING": "「そうだよお」",
				"ENG_STRING": "「そうだよお」"
			},
			{
				"TYPE": "ZM",
				"ID": 447304,
				"NAME": "葵",
				"ENG_NAME": "葵",
				"STRING": "「……ぴぃちゃん」",
				"ENG_STRING": "「……ぴぃちゃん」"
			},
			{
				"TYPE": "ZM",
				"ID": 447305,
				"NAME": "ぴぃ",
				"ENG_NAME": "ぴぃ",
				"STRING": "「えへへ、あおい、うれしそうだね」",
				"ENG_STRING": "「えへへ、あおい、うれしそうだね」"
			},
			{
				"TYPE": "ZM",
				"ID": 447306,
				"NAME": "アーデルハイト",
				"ENG_NAME": "アーデルハイト",
				"STRING": "「なによ、もう！　なによ、もう！　なによもうー！！」@n",
				"ENG_STRING": "「なによ、もう！　なによ、もう！　なによもうー！！」@n"
			},
			{
				"TYPE": "ZM",
				"ID": 447307,
				"STRING": "校舎を飛び出し、足の向くままに歩き続けていた時、頭の中は怒りでいっぱいだった。",
				"ENG_STRING": "校舎を飛び出し、足の向くままに歩き続けていた時、頭の中は怒りでいっぱいだった。"
			},
			{
				"TYPE": "ZM",
				"ID": 447308,
				"STRING": "どこへ向かっているのかなんて、何一つ考えていない。",
				"ENG_STRING": "どこへ向かっているのかなんて、何一つ考えていない。"
			},
			{
				"TYPE": "ZM",
				"ID": 447309,
				"STRING": "ふっと足元を見た時だった。",
				"ENG_STRING": "ふっと足元を見た時だった。"
			},
			{
				"TYPE": "ZM",
				"ID": 447310,
				"NAME": "アーデルハイト",
				"ENG_NAME": "アーデルハイト",
				"STRING": "（え……？）",
				"ENG_STRING": "（え……？）"
			},
			{
				"TYPE": "ZM",
				"ID": 447311,
				"STRING": "いつの間にか影が濃くなり伸びている。",
				"ENG_STRING": "いつの間にか影が濃くなり伸びている。"
			},
			{
				"TYPE": "ZM",
				"ID": 447312,
				"STRING": "夕刻だ。",
				"ENG_STRING": "夕刻だ。"
			},
			{
				"TYPE": "ZM",
				"ID": 447313,
				"NAME": "アーデルハイト",
				"ENG_NAME": "アーデルハイト",
				"STRING": "（ここ、寮とは違う方向……よね）",
				"ENG_STRING": "（ここ、寮とは違う方向……よね）"
			},
			{
				"TYPE": "ZM",
				"ID": 447314,
				"STRING": "ここでの『夕刻』は、他の場所にいる時とは意味が異なる。",
				"ENG_STRING": "ここでの『夕刻』は、他の場所にいる時とは意味が異なる。"
			},
			{
				"TYPE": "ZM",
				"ID": 447315,
				"STRING": "うかうかと外を歩いていてはいけない。",
				"ENG_STRING": "うかうかと外を歩いていてはいけない。"
			},
			{
				"TYPE": "ZM",
				"ID": 447316,
				"STRING": "ましてや迷子になんてなっては――笑われてしまう。",
				"ENG_STRING": "ましてや迷子になんてなっては――笑われてしまう。"
			},
			{
				"TYPE": "ZM",
				"ID": 447317,
				"NAME": "ルイ",
				"ENG_NAME": "ルイ",
				"STRING": "「一人で何もできないくせに、何かをしようとする者をなんと呼ぶか知っているか？　愚か者だ」",
				"ENG_STRING": "「一人で何もできないくせに、何かをしようとする者をなんと呼ぶか知っているか？　愚か者だ」"
			},
			{
				"TYPE": "ZM",
				"ID": 447318,
				"NAME": "アーデルハイト",
				"ENG_NAME": "アーデルハイト",
				"STRING": "「……さ、散歩よ、散歩！」@n",
				"ENG_STRING": "「……さ、散歩よ、散歩！」@n"
			},
			{
				"TYPE": "ZM",
				"ID": 447319,
				"STRING": "自分に言い聞かせながら歩みを速めた瞬間だった。",
				"ENG_STRING": "自分に言い聞かせながら歩みを速めた瞬間だった。"
			},
			{
				"TYPE": "ZM",
				"ID": 447320,
				"NAME": "？？？",
				"ENG_NAME": "？？？",
				"STRING": "@w1@h1「……わかった？ もしそんなことになったら、悲しいでしょ？」@w0@h0",
				"ENG_STRING": "@w1@h1「……わかった？ もしそんなことになったら、悲しいでしょ？」@w0@h0"
			},
			{
				"TYPE": "ZM",
				"ID": 447321,
				"NAME": "？？？",
				"ENG_NAME": "？？？",
				"STRING": "「そうなんだぁ」",
				"ENG_STRING": "「そうなんだぁ」"
			},
			{
				"TYPE": "ZM",
				"ID": 447322,
				"NAME": "？？？",
				"ENG_NAME": "？？？",
				"STRING": "@w1@h1「しーっ！ お外では小さい声じゃないといけないの」@w0@h0",
				"ENG_STRING": "@w1@h1「しーっ！ お外では小さい声じゃないといけないの」@w0@h0"
			},
			{
				"TYPE": "ZM",
				"ID": 447323,
				"NAME": "アーデルハイト",
				"ENG_NAME": "アーデルハイト",
				"STRING": "「……？」",
				"ENG_STRING": "「……？」"
			},
			{
				"TYPE": "ZM",
				"ID": 447324,
				"STRING": "小さく囁く声は、近くの茂みの陰から聞こえてきた。",
				"ENG_STRING": "小さく囁く声は、近くの茂みの陰から聞こえてきた。"
			},
			{
				"TYPE": "ZM",
				"ID": 447325,
				"NAME": "アーデルハイト",
				"ENG_NAME": "アーデルハイト",
				"STRING": "「――えっ」",
				"ENG_STRING": "「――えっ」"
			},
			{
				"TYPE": "ZM",
				"ID": 447326,
				"NAME": "葵",
				"ENG_NAME": "葵",
				"STRING": "「……っ！！」",
				"ENG_STRING": "「……っ！！」"
			},
			{
				"TYPE": "ZM",
				"ID": 447327,
				"NAME": "ぴぃ",
				"ENG_NAME": "ぴぃ",
				"STRING": "「わあ」",
				"ENG_STRING": "「わあ」"
			},
			{
				"TYPE": "ZM",
				"ID": 447328,
				"NAME": "アーデルハイト",
				"ENG_NAME": "アーデルハイト",
				"STRING": "（ど、どういうこと！？　人じゃ、ない！？）",
				"ENG_STRING": "（ど、どういうこと！？　人じゃ、ない！？）"
			},
			{
				"TYPE": "ZM",
				"ID": 447329,
				"NAME": "ぴぃ",
				"ENG_NAME": "ぴぃ",
				"STRING": "「あなた、だーれ？」",
				"ENG_STRING": "「あなた、だーれ？」"
			},
			{
				"TYPE": "ZM",
				"ID": 447330,
				"NAME": "アーデルハイト",
				"ENG_NAME": "アーデルハイト",
				"STRING": "「わ、私は……あの……」",
				"ENG_STRING": "「わ、私は……あの……」"
			},
			{
				"TYPE": "ZM",
				"ID": 447331,
				"NAME": "葵",
				"ENG_NAME": "葵",
				"STRING": "「わ、わわわ、だ、だめ…っ」",
				"ENG_STRING": "「わ、わわわ、だ、だめ…っ」"
			},
			{
				"TYPE": "ZM",
				"ID": 447332,
				"NAME": "ぴぃ",
				"ENG_NAME": "ぴぃ",
				"STRING": "「おなまえ、教えてほしーなあ」",
				"ENG_STRING": "「おなまえ、教えてほしーなあ」"
			},
			{
				"TYPE": "ZM",
				"ID": 447333,
				"NAME": "アーデルハイト",
				"ENG_NAME": "アーデルハイト",
				"STRING": "「ア、アーデルハイト・リッター・フォン・ヴァインベルガー。あの…そう、学園長にお招きいただいて、ここに……」",
				"ENG_STRING": "「ア、アーデルハイト・リッター・フォン・ヴァインベルガー。あの…そう、学園長にお招きいただいて、ここに……」"
			},
			{
				"TYPE": "ZM",
				"ID": 447334,
				"NAME": "ぴぃ",
				"ENG_NAME": "ぴぃ",
				"STRING": "「すごーいおなまえだね。ぴぃ覚えらんない」",
				"ENG_STRING": "「すごーいおなまえだね。ぴぃ覚えらんない」"
			},
			{
				"TYPE": "ZM",
				"ID": 447335,
				"NAME": "アーデルハイト",
				"ENG_NAME": "アーデルハイト",
				"STRING": "「待って。待って頂戴。あなた、この…この子は、一体…」",
				"ENG_STRING": "「待って。待って頂戴。あなた、この…この子は、一体…」"
			},
			{
				"TYPE": "ZM",
				"ID": 447336,
				"NAME": "葵",
				"ENG_NAME": "葵",
				"STRING": "「……」",
				"ENG_STRING": "「……」"
			},
			{
				"TYPE": "ZM",
				"ID": 447337,
				"NAME": "ぴぃ",
				"ENG_NAME": "ぴぃ",
				"STRING": "「ぴぃはね、ごしゅじんさまが作ってくれたんだよお」",
				"ENG_STRING": "「ぴぃはね、ごしゅじんさまが作ってくれたんだよお」"
			},
			{
				"TYPE": "ZM",
				"ID": 447338,
				"NAME": "アーデルハイト",
				"ENG_NAME": "アーデルハイト",
				"STRING": "「ご主人様？」",
				"ENG_STRING": "「ご主人様？」"
			},
			{
				"TYPE": "ZM",
				"ID": 447339,
				"NAME": "ぴぃ",
				"ENG_NAME": "ぴぃ",
				"STRING": "「あおいが、ぴぃのごしゅじんさまなの」",
				"ENG_STRING": "「あおいが、ぴぃのごしゅじんさまなの」"
			},
			{
				"TYPE": "ZM",
				"ID": 447340,
				"STRING": "自分のことを名前で呼ぶ、まるで人形のような小さな女の子――。",
				"ENG_STRING": "自分のことを名前で呼ぶ、まるで人形のような小さな女の子――。"
			},
			{
				"TYPE": "ZM",
				"ID": 447341,
				"STRING": "人でないことは確かだ。",
				"ENG_STRING": "人でないことは確かだ。"
			},
			{
				"TYPE": "ZM",
				"ID": 447342,
				"STRING": "妖精か精霊か……？",
				"ENG_STRING": "妖精か精霊か……？"
			},
			{
				"TYPE": "ZM",
				"ID": 447343,
				"STRING": "探るように息を呑み気配を辿る。",
				"ENG_STRING": "探るように息を呑み気配を辿る。"
			},
			{
				"TYPE": "ZM",
				"ID": 447344,
				"NAME": "アーデルハイト",
				"ENG_NAME": "アーデルハイト",
				"STRING": "（いいえ、違うわ。でも、どうして？）",
				"ENG_STRING": "（いいえ、違うわ。でも、どうして？）"
			},
			{
				"TYPE": "ZM",
				"ID": 447345,
				"STRING": "目の前にいる、制服姿の少女はご主人様と呼ばれていた。",
				"ENG_STRING": "目の前にいる、制服姿の少女はご主人様と呼ばれていた。"
			},
			{
				"TYPE": "ZM",
				"ID": 447346,
				"STRING": "けれど、彼女は違う。",
				"ENG_STRING": "けれど、彼女は違う。"
			},
			{
				"TYPE": "ZM",
				"ID": 447347,
				"STRING": "精霊の類を使役するような力を持つ気配など、微塵も感じさせない。",
				"ENG_STRING": "精霊の類を使役するような力を持つ気配など、微塵も感じさせない。"
			},
			{
				"TYPE": "ZM",
				"ID": 447348,
				"STRING": "この学園内のどこにでもいる、ただの女の子だ。",
				"ENG_STRING": "この学園内のどこにでもいる、ただの女の子だ。"
			},
			{
				"TYPE": "ZM",
				"ID": 447349,
				"NAME": "葵",
				"ENG_NAME": "葵",
				"STRING": "「あああ、あの、お願いします！！　誰にも言わないで…！」@n",
				"ENG_STRING": "「あああ、あの、お願いします！！　誰にも言わないで…！」@n"
			},
			{
				"TYPE": "ZM",
				"ID": 447350,
				"NAME": "ぴぃ",
				"ENG_NAME": "ぴぃ",
				"STRING": "「ひゃう、あおい…どうしたの？」",
				"ENG_STRING": "「ひゃう、あおい…どうしたの？」"
			},
			{
				"TYPE": "ZM",
				"ID": 447351,
				"NAME": "葵",
				"ENG_NAME": "葵",
				"STRING": "「ぴぃちゃんのこと、誰にも言わないでください、お願いします…」",
				"ENG_STRING": "「ぴぃちゃんのこと、誰にも言わないでください、お願いします…」"
			},
			{
				"TYPE": "ZM",
				"ID": 447352,
				"NAME": "ぴぃ",
				"ENG_NAME": "ぴぃ",
				"STRING": "「…あう、あおいが言わないでって言ってるから、言わないでー」",
				"ENG_STRING": "「…あう、あおいが言わないでって言ってるから、言わないでー」"
			},
			{
				"TYPE": "ZM",
				"ID": 447353,
				"STRING": "彼女が涙目で祈るように手を組むと、ぴぃちゃんも全く同じポーズをとった。",
				"ENG_STRING": "彼女が涙目で祈るように手を組むと、ぴぃちゃんも全く同じポーズをとった。"
			},
			{
				"TYPE": "ZM",
				"ID": 447354,
				"NAME": "アーデルハイト",
				"ENG_NAME": "アーデルハイト",
				"STRING": "「ふっ……うふふふふ」",
				"ENG_STRING": "「ふっ……うふふふふ」"
			},
			{
				"TYPE": "ZM",
				"ID": 447355,
				"STRING": "そんな姿に、悪意の気配なんて感じられるはずもない。",
				"ENG_STRING": "そんな姿に、悪意の気配なんて感じられるはずもない。"
			},
			{
				"TYPE": "ZM",
				"ID": 447356,
				"STRING": "肩に入っていた力がすっと抜けていった。",
				"ENG_STRING": "肩に入っていた力がすっと抜けていった。"
			},
			{
				"TYPE": "ZM",
				"ID": 447357,
				"NAME": "アーデルハイト",
				"ENG_NAME": "アーデルハイト",
				"STRING": "「あはは、おかしい、あなた達同じ格好して、ふふふ」",
				"ENG_STRING": "「あはは、おかしい、あなた達同じ格好して、ふふふ」"
			},
			{
				"TYPE": "ZM",
				"ID": 447358,
				"NAME": "葵",
				"ENG_NAME": "葵",
				"STRING": "「……え？　えっ？　あの、わたし……」",
				"ENG_STRING": "「……え？　えっ？　あの、わたし……」"
			},
			{
				"TYPE": "ZM",
				"ID": 447359,
				"NAME": "女子生徒Ａ",
				"ENG_NAME": "女子生徒Ａ",
				"STRING": "「……ね、時間大丈夫〜？」",
				"ENG_STRING": "「……ね、時間大丈夫〜？」"
			},
			{
				"TYPE": "ZM",
				"ID": 447360,
				"NAME": "女子生徒Ｂ",
				"ENG_NAME": "女子生徒Ｂ",
				"STRING": "「なんとか、ギリギリだけど早く寮まで帰らなきゃ〜」",
				"ENG_STRING": "「なんとか、ギリギリだけど早く寮まで帰らなきゃ〜」"
			},
			{
				"TYPE": "ZM",
				"ID": 447361,
				"NAME": "葵",
				"ENG_NAME": "葵",
				"STRING": "「……っ！！」@n",
				"ENG_STRING": "「……っ！！」@n"
			},
			{
				"TYPE": "ZM",
				"ID": 447362,
				"NAME": "アーデルハイト",
				"ENG_NAME": "アーデルハイト",
				"STRING": "「隠れてっ！」@n",
				"ENG_STRING": "「隠れてっ！」@n"
			},
			{
				"TYPE": "ZM",
				"ID": 447363,
				"NAME": "アーデルハイト",
				"ENG_NAME": "アーデルハイト",
				"STRING": "「話しちゃだめよ……二人とも」",
				"ENG_STRING": "「話しちゃだめよ……二人とも」"
			},
			{
				"TYPE": "ZM",
				"ID": 447364,
				"NAME": "女子生徒Ｂ",
				"ENG_NAME": "女子生徒Ｂ",
				"STRING": "「早く戻らなきゃ、急ごう」",
				"ENG_STRING": "「早く戻らなきゃ、急ごう」"
			},
			{
				"TYPE": "ZM",
				"ID": 447365,
				"STRING": "とっさに身を隠したのは、本能だった。",
				"ENG_STRING": "とっさに身を隠したのは、本能だった。"
			},
			{
				"TYPE": "ZM",
				"ID": 447366,
				"STRING": "すっかり声と足音が遠のいてから、辺りを見回す。",
				"ENG_STRING": "すっかり声と足音が遠のいてから、辺りを見回す。"
			},
			{
				"TYPE": "ZM",
				"ID": 447367,
				"STRING": "もう、近くに人影は見当たらなかった。",
				"ENG_STRING": "もう、近くに人影は見当たらなかった。"
			},
			{
				"TYPE": "ZM",
				"ID": 447368,
				"NAME": "アーデルハイト",
				"ENG_NAME": "アーデルハイト",
				"STRING": "「見つからなかったようね」",
				"ENG_STRING": "「見つからなかったようね」"
			},
			{
				"TYPE": "ZM",
				"ID": 447369,
				"NAME": "葵",
				"ENG_NAME": "葵",
				"STRING": "「……あ、あの」",
				"ENG_STRING": "「……あ、あの」"
			},
			{
				"TYPE": "ZM",
				"ID": 447370,
				"NAME": "アーデルハイト",
				"ENG_NAME": "アーデルハイト",
				"STRING": "「あら、ちょっと動かないでちょうだい。少しすりむいているようね」",
				"ENG_STRING": "「あら、ちょっと動かないでちょうだい。少しすりむいているようね」"
			},
			{
				"TYPE": "ZM",
				"ID": 447371,
				"NAME": "ぴぃ",
				"ENG_NAME": "ぴぃ",
				"STRING": "「あおい、だいじょうぶ？」",
				"ENG_STRING": "「あおい、だいじょうぶ？」"
			},
			{
				"TYPE": "ZM",
				"ID": 447372,
				"STRING": "ポケットの奥にある、小さな瓶を取り出す。",
				"ENG_STRING": "ポケットの奥にある、小さな瓶を取り出す。"
			},
			{
				"TYPE": "ZM",
				"ID": 447373,
				"STRING": "どこかで傷を付けた時にすぐ消毒できるようにと、いつも持ち歩いているものだ。",
				"ENG_STRING": "どこかで傷を付けた時にすぐ消毒できるようにと、いつも持ち歩いているものだ。"
			},
			{
				"TYPE": "ZM",
				"ID": 447374,
				"STRING": "ハンカチに薬を染ませて、彼女の傷口へと手を伸ばした。",
				"ENG_STRING": "ハンカチに薬を染ませて、彼女の傷口へと手を伸ばした。"
			},
			{
				"TYPE": "ZM",
				"ID": 447375,
				"NAME": "葵",
				"ENG_NAME": "葵",
				"STRING": "「だめ、汚れちゃいますっ」",
				"ENG_STRING": "「だめ、汚れちゃいますっ」"
			},
			{
				"TYPE": "ZM",
				"ID": 447376,
				"NAME": "アーデルハイト",
				"ENG_NAME": "アーデルハイト",
				"STRING": "「構わないわ。…この薬はあまり沁みないから安心して」",
				"ENG_STRING": "「構わないわ。…この薬はあまり沁みないから安心して」"
			},
			{
				"TYPE": "ZM",
				"ID": 447377,
				"NAME": "葵",
				"ENG_NAME": "葵",
				"STRING": "「は、はい……ごめんなさい…」",
				"ENG_STRING": "「は、はい……ごめんなさい…」"
			},
			{
				"TYPE": "ZM",
				"ID": 447378,
				"NAME": "アーデルハイト",
				"ENG_NAME": "アーデルハイト",
				"STRING": "「終わり。これは応急処置だから、帰ったらきちんとやりなおしてちょうだいね」",
				"ENG_STRING": "「終わり。これは応急処置だから、帰ったらきちんとやりなおしてちょうだいね」"
			},
			{
				"TYPE": "ZM",
				"ID": 447379,
				"NAME": "葵",
				"ENG_NAME": "葵",
				"STRING": "「あ、ありがとうございます…」",
				"ENG_STRING": "「あ、ありがとうございます…」"
			},
			{
				"TYPE": "ZM",
				"ID": 447380,
				"NAME": "ぴぃ",
				"ENG_NAME": "ぴぃ",
				"STRING": "「ありがと！　えと…アル…アーデ…あれ？」@n",
				"ENG_STRING": "「ありがと！　えと…アル…アーデ…あれ？」@n"
			},
			{
				"TYPE": "ZM",
				"ID": 447381,
				"NAME": "アーデルハイト",
				"ENG_NAME": "アーデルハイト",
				"STRING": "「ふふ、アーデルハイトよ」",
				"ENG_STRING": "「ふふ、アーデルハイトよ」"
			},
			{
				"TYPE": "ZM",
				"ID": 447382,
				"NAME": "ぴぃ",
				"ENG_NAME": "ぴぃ",
				"STRING": "「アーデル…ハイ…ト……ぴぃ、覚えたよ」@n",
				"ENG_STRING": "「アーデル…ハイ…ト……ぴぃ、覚えたよ」@n"
			},
			{
				"TYPE": "ZM",
				"ID": 447383,
				"STRING": "そっと手を伸ばし、ぴぃちゃんに触れると温かい。",
				"ENG_STRING": "そっと手を伸ばし、ぴぃちゃんに触れると温かい。"
			},
			{
				"TYPE": "ZM",
				"ID": 447384,
				"STRING": "その温かみは、『ここに存在する生き物』としての証しだ。",
				"ENG_STRING": "その温かみは、『ここに存在する生き物』としての証しだ。"
			},
			{
				"TYPE": "ZM",
				"ID": 447385,
				"NAME": "アーデルハイト",
				"ENG_NAME": "アーデルハイト",
				"STRING": "（もしかして、この小さな子は……ホムンクルス？）",
				"ENG_STRING": "（もしかして、この小さな子は……ホムンクルス？）"
			},
			{
				"TYPE": "ZM",
				"ID": 447386,
				"NAME": "葵",
				"ENG_NAME": "葵",
				"STRING": "「あの、わたし、<すわ>諏訪|<あおい>葵|っていいます。この学園の生徒で――」",
				"ENG_STRING": "「あの、わたし、<すわ>諏訪|<あおい>葵|っていいます。この学園の生徒で――」"
			},
			{
				"TYPE": "ZM",
				"ID": 447387,
				"NAME": "アーデルハイト",
				"ENG_NAME": "アーデルハイト",
				"STRING": "「ふふふ、それは見ればわかるわ。よろしく、アオイ」",
				"ENG_STRING": "「ふふふ、それは見ればわかるわ。よろしく、アオイ」"
			},
			{
				"TYPE": "ZM",
				"ID": 447388,
				"NAME": "葵",
				"ENG_NAME": "葵",
				"STRING": "「あ、そ、そうですよね…えへ、よろしくです」",
				"ENG_STRING": "「あ、そ、そうですよね…えへ、よろしくです」"
			},
			{
				"TYPE": "ZM",
				"ID": 447389,
				"STRING": "手を差し出すと、アオイはとまどうことなく握手をしてくれた。",
				"ENG_STRING": "手を差し出すと、アオイはとまどうことなく握手をしてくれた。"
			},
			{
				"TYPE": "ZM",
				"ID": 447390,
				"STRING": "人の心を読むことはできないが、アオイのはにかんだ笑みを見るとほっと安心する。",
				"ENG_STRING": "人の心を読むことはできないが、アオイのはにかんだ笑みを見るとほっと安心する。"
			},
			{
				"TYPE": "ZM",
				"ID": 447391,
				"STRING": "不思議な、出会ったばかりなのにそうでないような気持ちにさせる笑みだ。",
				"ENG_STRING": "不思議な、出会ったばかりなのにそうでないような気持ちにさせる笑みだ。"
			},
			{
				"TYPE": "ZM",
				"ID": 447392,
				"NAME": "アーデルハイト",
				"ENG_NAME": "アーデルハイト",
				"STRING": "「ねえ、その子…ぴぃちゃんのことを聞いてもかまわないかしら」@n",
				"ENG_STRING": "「ねえ、その子…ぴぃちゃんのことを聞いてもかまわないかしら」@n"
			},
			{
				"TYPE": "ZM",
				"ID": 447393,
				"NAME": "葵",
				"ENG_NAME": "葵",
				"STRING": "「は、はい！　でもあの…誰にも言わないでほしいんです。もしかしたら」@n",
				"ENG_STRING": "「は、はい！　でもあの…誰にも言わないでほしいんです。もしかしたら」@n"
			},
			{
				"TYPE": "ZM",
				"ID": 447394,
				"NAME": "アーデルハイト",
				"ENG_NAME": "アーデルハイト",
				"STRING": "「人ではないものだから、見つかったら連れていかれてしまう…と」",
				"ENG_STRING": "「人ではないものだから、見つかったら連れていかれてしまう…と」"
			},
			{
				"TYPE": "ZM",
				"ID": 447395,
				"STRING": "アオイは頷いた。@n",
				"ENG_STRING": "アオイは頷いた。@n"
			},
			{
				"TYPE": "ZM",
				"ID": 447396,
				"STRING": "ただの女の子――魔術も魔女にも関係のないアオイにとって、簡単に想像できることだ。",
				"ENG_STRING": "ただの女の子――魔術も魔女にも関係のないアオイにとって、簡単に想像できることだ。"
			},
			{
				"TYPE": "ZM",
				"ID": 447397,
				"STRING": "そしてそれは、きっと当たっている。",
				"ENG_STRING": "そしてそれは、きっと当たっている。"
			},
			{
				"TYPE": "ZM",
				"ID": 447398,
				"NAME": "葵",
				"ENG_NAME": "葵",
				"STRING": "「でも、アーデルハイトさんはそういう感じじゃないって気がします」",
				"ENG_STRING": "「でも、アーデルハイトさんはそういう感じじゃないって気がします」"
			},
			{
				"TYPE": "ZM",
				"ID": 447399,
				"NAME": "葵",
				"ENG_NAME": "葵",
				"STRING": "「ぴぃちゃんを見ても、驚いたり、怖いっていう風にならなかったから」",
				"ENG_STRING": "「ぴぃちゃんを見ても、驚いたり、怖いっていう風にならなかったから」"
			},
			{
				"TYPE": "ZM",
				"ID": 447400,
				"NAME": "アーデルハイト",
				"ENG_NAME": "アーデルハイト",
				"STRING": "「そう…そうね。もちろん秘密は守るわ。私がアオイから聞いたことや、この子のことは誰にも話しません」",
				"ENG_STRING": "「そう…そうね。もちろん秘密は守るわ。私がアオイから聞いたことや、この子のことは誰にも話しません」"
			},
			{
				"TYPE": "ZM",
				"ID": 447401,
				"NAME": "アーデルハイト",
				"ENG_NAME": "アーデルハイト",
				"STRING": "「それを信じてもらえるなら、ぜひ話を聞かせてほしいの」",
				"ENG_STRING": "「それを信じてもらえるなら、ぜひ話を聞かせてほしいの」"
			},
			{
				"TYPE": "ZM",
				"ID": 447402,
				"STRING": "アオイは再び頷き、ぴぃちゃんをそっと肩に乗せると話し始めた。",
				"ENG_STRING": "アオイは再び頷き、ぴぃちゃんをそっと肩に乗せると話し始めた。"
			},
			{
				"TYPE": "ZM",
				"ID": 447403,
				"NAME": "葵",
				"ENG_NAME": "葵",
				"STRING": "「今は持ってないんですけど、不思議な手紙みたいなものを見て」",
				"ENG_STRING": "「今は持ってないんですけど、不思議な手紙みたいなものを見て」"
			},
			{
				"TYPE": "ZM",
				"ID": 447404,
				"NAME": "アーデルハイト",
				"ENG_NAME": "アーデルハイト",
				"STRING": "「手紙？」",
				"ENG_STRING": "「手紙？」"
			},
			{
				"TYPE": "ZM",
				"ID": 447405,
				"NAME": "葵",
				"ENG_NAME": "葵",
				"STRING": "「…たぶん。字は読めなかったけど、とても詳しい図があったから試してみたんです。そこには、大事そうに何かをぎゅっと抱きしめてる絵があったから…」",
				"ENG_STRING": "「…たぶん。字は読めなかったけど、とても詳しい図があったから試してみたんです。そこには、大事そうに何かをぎゅっと抱きしめてる絵があったから…」"
			},
			{
				"TYPE": "ZM",
				"ID": 447406,
				"NAME": "葵",
				"ENG_NAME": "葵",
				"STRING": "「その図みたいに、もしも願いが叶うならって思って頑張ってみたら、ぴぃちゃんがやってきてくれたんです」@n",
				"ENG_STRING": "「その図みたいに、もしも願いが叶うならって思って頑張ってみたら、ぴぃちゃんがやってきてくれたんです」@n"
			},
			{
				"TYPE": "ZM",
				"ID": 447407,
				"NAME": "ぴぃ",
				"ENG_NAME": "ぴぃ",
				"STRING": "「やってきたんですう！」",
				"ENG_STRING": "「やってきたんですう！」"
			},
			{
				"TYPE": "ZM",
				"ID": 447408,
				"NAME": "アーデルハイト",
				"ENG_NAME": "アーデルハイト",
				"STRING": "（きっとアオイは、遺品を手に入れてこの子――ホムンクルスを作ったんだわ）",
				"ENG_STRING": "（きっとアオイは、遺品を手に入れてこの子――ホムンクルスを作ったんだわ）"
			},
			{
				"TYPE": "ZM",
				"ID": 447409,
				"STRING": "『遺品』のような魔術道具は、強い願いを持つ者の前に現れる。",
				"ENG_STRING": "『遺品』のような魔術道具は、強い願いを持つ者の前に現れる。"
			},
			{
				"TYPE": "ZM",
				"ID": 447410,
				"STRING": "莫大な魔力を持たない普通の人間の前にでも。",
				"ENG_STRING": "莫大な魔力を持たない普通の人間の前にでも。"
			},
			{
				"TYPE": "ZM",
				"ID": 447411,
				"STRING": "一つ一つ効果やもたらす力は違い、いくつもの遺品がある。",
				"ENG_STRING": "一つ一つ効果やもたらす力は違い、いくつもの遺品がある。"
			},
			{
				"TYPE": "ZM",
				"ID": 447412,
				"STRING": "それはあの図書館にある幾万もの本が教えてくれた。",
				"ENG_STRING": "それはあの図書館にある幾万もの本が教えてくれた。"
			},
			{
				"TYPE": "ZM",
				"ID": 447413,
				"NAME": "アーデルハイト",
				"ENG_NAME": "アーデルハイト",
				"STRING": "（ルイはもしかして、ホムンクルスを作れる遺品のことを調べているのかもしれない）",
				"ENG_STRING": "（ルイはもしかして、ホムンクルスを作れる遺品のことを調べているのかもしれない）"
			},
			{
				"TYPE": "ZM",
				"ID": 447414,
				"NAME": "アーデルハイト",
				"ENG_NAME": "アーデルハイト",
				"STRING": "（もしもそうなら、アオイが持っている遺品が正解だわ。それを調べれば、ルイを見返すことができるかもしれない）",
				"ENG_STRING": "（もしもそうなら、アオイが持っている遺品が正解だわ。それを調べれば、ルイを見返すことができるかもしれない）"
			},
			{
				"TYPE": "ZM",
				"ID": 447415,
				"STRING": "優秀な執事は、いつも自分がやろうとしていることを先周りして、お膳立てしてくる。",
				"ENG_STRING": "優秀な執事は、いつも自分がやろうとしていることを先周りして、お膳立てしてくる。"
			},
			{
				"TYPE": "ZM",
				"ID": 447416,
				"STRING": "今度は、反対のことをするのだ。",
				"ENG_STRING": "今度は、反対のことをするのだ。"
			},
			{
				"TYPE": "ZM",
				"ID": 447417,
				"NAME": "アーデルハイト",
				"ENG_NAME": "アーデルハイト",
				"STRING": "（そうしたら、ルイはどんな顔するかしら。泣いて喜ぶか、それとも……）",
				"ENG_STRING": "（そうしたら、ルイはどんな顔するかしら。泣いて喜ぶか、それとも……）"
			},
			{
				"TYPE": "ZM",
				"ID": 447418,
				"NAME": "葵",
				"ENG_NAME": "葵",
				"STRING": "「もしかして、アーデルハイトさんも…大事なものをなくしたのですか？」",
				"ENG_STRING": "「もしかして、アーデルハイトさんも…大事なものをなくしたのですか？」"
			},
			{
				"TYPE": "ZM",
				"ID": 447419,
				"NAME": "アーデルハイト",
				"ENG_NAME": "アーデルハイト",
				"STRING": "「えっ？」",
				"ENG_STRING": "「えっ？」"
			},
			{
				"TYPE": "ZM",
				"ID": 447420,
				"NAME": "葵",
				"ENG_NAME": "葵",
				"STRING": "「わたしはとても寂しくて、どうしてもそれが埋められなくて……」",
				"ENG_STRING": "「わたしはとても寂しくて、どうしてもそれが埋められなくて……」"
			},
			{
				"TYPE": "ZM",
				"ID": 447421,
				"NAME": "葵",
				"ENG_NAME": "葵",
				"STRING": "「ぴぃちゃんというのはもともと、わたしの家で飼っていたペットにつけていた名前なんです……」",
				"ENG_STRING": "「ぴぃちゃんというのはもともと、わたしの家で飼っていたペットにつけていた名前なんです……」"
			},
			{
				"TYPE": "ZM",
				"ID": 447422,
				"NAME": "ぴぃ",
				"ENG_NAME": "ぴぃ",
				"STRING": "「あおい、悲しい？　だいじょうぶ？」",
				"ENG_STRING": "「あおい、悲しい？　だいじょうぶ？」"
			},
			{
				"TYPE": "ZM",
				"ID": 447423,
				"NAME": "葵",
				"ENG_NAME": "葵",
				"STRING": "「……大丈夫だよ、ぴぃちゃんが生まれてきてくれたから」",
				"ENG_STRING": "「……大丈夫だよ、ぴぃちゃんが生まれてきてくれたから」"
			},
			{
				"TYPE": "ZM",
				"ID": 447424,
				"STRING": "はっと胸の奥を突かれたようだった。",
				"ENG_STRING": "はっと胸の奥を突かれたようだった。"
			},
			{
				"TYPE": "ZM",
				"ID": 447425,
				"STRING": "遺品は強い願いを持つ者の前に現れる。",
				"ENG_STRING": "遺品は強い願いを持つ者の前に現れる。"
			},
			{
				"TYPE": "ZM",
				"ID": 447426,
				"STRING": "その意味を忘れてはいけない。",
				"ENG_STRING": "その意味を忘れてはいけない。"
			},
			{
				"TYPE": "ZM",
				"ID": 447427,
				"STRING": "そして、魔術を扱う家に生まれた者としての誇りも。",
				"ENG_STRING": "そして、魔術を扱う家に生まれた者としての誇りも。"
			},
			{
				"TYPE": "ZM",
				"ID": 447428,
				"NAME": "アーデルハイト",
				"ENG_NAME": "アーデルハイト",
				"STRING": "「私はね、アオイ。あなたとは違うの…とてもそのことに興味があって、研究したいって思っているのよ」",
				"ENG_STRING": "「私はね、アオイ。あなたとは違うの…とてもそのことに興味があって、研究したいって思っているのよ」"
			},
			{
				"TYPE": "ZM",
				"ID": 447429,
				"NAME": "葵",
				"ENG_NAME": "葵",
				"STRING": "「研究……そういうのを学ぶ学科もあるんだ……」",
				"ENG_STRING": "「研究……そういうのを学ぶ学科もあるんだ……」"
			},
			{
				"TYPE": "ZM",
				"ID": 447430,
				"NAME": "アーデルハイト",
				"ENG_NAME": "アーデルハイト",
				"STRING": "「ええ。でも今、アオイを見て思ったわ。そういう気持ちの人を助けることも、この研究を学ぶ目的の一つになりえるんだって」",
				"ENG_STRING": "「ええ。でも今、アオイを見て思ったわ。そういう気持ちの人を助けることも、この研究を学ぶ目的の一つになりえるんだって」"
			},
			{
				"TYPE": "ZM",
				"ID": 447431,
				"STRING": "嘘ではなかった。",
				"ENG_STRING": "嘘ではなかった。"
			},
			{
				"TYPE": "ZM",
				"ID": 447432,
				"STRING": "屋敷から出て新しい場所に来て、ここで出会った全てが目新しかった。",
				"ENG_STRING": "屋敷から出て新しい場所に来て、ここで出会った全てが目新しかった。"
			},
			{
				"TYPE": "ZM",
				"ID": 447433,
				"STRING": "幼い頃から触れている魔術や魔法が、人々の胸の中でどんな意味を持つのか――",
				"ENG_STRING": "幼い頃から触れている魔術や魔法が、人々の胸の中でどんな意味を持つのか――"
			},
			{
				"TYPE": "ZM",
				"ID": 447434,
				"STRING": "初めて触れるような思いがたくさんあるのだ。",
				"ENG_STRING": "初めて触れるような思いがたくさんあるのだ。"
			},
			{
				"TYPE": "ZM",
				"ID": 447435,
				"NAME": "葵",
				"ENG_NAME": "葵",
				"STRING": "「それって、なんだか――とても素敵だと思います」",
				"ENG_STRING": "「それって、なんだか――とても素敵だと思います」"
			},
			{
				"TYPE": "ZM",
				"ID": 447436,
				"NAME": "ぴぃ",
				"ENG_NAME": "ぴぃ",
				"STRING": "「うん、うんうん！　すごいよ〜」",
				"ENG_STRING": "「うん、うんうん！　すごいよ〜」"
			},
			{
				"TYPE": "ZM",
				"ID": 447437,
				"NAME": "葵",
				"ENG_NAME": "葵",
				"STRING": "「わたしにできることなら、なんでも協力します！」",
				"ENG_STRING": "「わたしにできることなら、なんでも協力します！」"
			},
			{
				"TYPE": "ZM",
				"ID": 447438,
				"NAME": "ぴぃ",
				"ENG_NAME": "ぴぃ",
				"STRING": "「ぴぃも！　ぴぃもがんばるよー！」",
				"ENG_STRING": "「ぴぃも！　ぴぃもがんばるよー！」"
			},
			{
				"TYPE": "ZM",
				"ID": 447439,
				"NAME": "アーデルハイト",
				"ENG_NAME": "アーデルハイト",
				"STRING": "「ふふふ、ありがとう。あなた達ってなんだか似てるわ」",
				"ENG_STRING": "「ふふふ、ありがとう。あなた達ってなんだか似てるわ」"
			},
			{
				"TYPE": "ZM",
				"ID": 447440,
				"NAME": "葵",
				"ENG_NAME": "葵",
				"STRING": "「えっ……そ、そうですか」",
				"ENG_STRING": "「えっ……そ、そうですか」"
			},
			{
				"TYPE": "ZM",
				"ID": 447441,
				"NAME": "ぴぃ",
				"ENG_NAME": "ぴぃ",
				"STRING": "「似てる？　ぴぃとあおい一緒だねえ」",
				"ENG_STRING": "「似てる？　ぴぃとあおい一緒だねえ」"
			},
			{
				"TYPE": "ZM",
				"ID": 447442,
				"STRING": "次に会う日の約束をして、指きりをする。",
				"ENG_STRING": "次に会う日の約束をして、指きりをする。"
			},
			{
				"TYPE": "ZM",
				"ID": 447443,
				"STRING": "アオイも、ぴぃちゃんの小さな手も温かかった。",
				"ENG_STRING": "アオイも、ぴぃちゃんの小さな手も温かかった。"
			},
			{
				"TYPE": "ZM",
				"ID": 447444,
				"NAME": "アーデルハイト",
				"ENG_NAME": "アーデルハイト",
				"STRING": "（誰かを守ってあげたいと思う気持ちが、こんなに温かいものなんて――初めて知ったわ）",
				"ENG_STRING": "（誰かを守ってあげたいと思う気持ちが、こんなに温かいものなんて――初めて知ったわ）"
			},
			{
				"TYPE": "ZM",
				"ID": 447445,
				"STRING": "それはとても不思議な出会いだった。",
				"ENG_STRING": "それはとても不思議な出会いだった。"
			}
		],
		"CHAPTER_SUBNAME": "S03_14_01　遭遇"
	}
}