{
	"DEFAULT": {
		"MESSAGES": [
			{
				"TYPE": "ZM",
				"ID": 498946,
				"STRING": "――見張り１日目――",
				"ENG_STRING": "――見張り１日目――"
			},
			{
				"TYPE": "ZM",
				"ID": 499202,
				"STRING": "――見張り２日目――",
				"ENG_STRING": "――見張り２日目――"
			},
			{
				"TYPE": "ZM",
				"ID": 499458,
				"STRING": "――見張り３日目――",
				"ENG_STRING": "――見張り３日目――"
			},
			{
				"TYPE": "ZM",
				"ID": 499714,
				"STRING": "――見張り４日目――",
				"ENG_STRING": "――見張り４日目――"
			},
			{
				"TYPE": "ZM",
				"ID": 499970,
				"STRING": "――見張り５日目――",
				"ENG_STRING": "――見張り５日目――"
			}
		]
	}
}