{
	"S05_07": {
		"MESSAGES": [
			{
				"TYPE": "ZM",
				"ID": 486914,
				"NAME": "三厳",
				"ENG_NAME": "三厳",
				"STRING": "「……あれ？　黒谷？」",
				"ENG_STRING": "「……あれ？　黒谷？」"
			},
			{
				"TYPE": "ZM",
				"ID": 486915,
				"STRING": "放課後になり、お菓子を調達に行くと即座に教室を飛び出したはずの黒谷が廊下で先生に捕まっていた。",
				"ENG_STRING": "放課後になり、お菓子を調達に行くと即座に教室を飛び出したはずの黒谷が廊下で先生に捕まっていた。"
			},
			{
				"TYPE": "ZM",
				"ID": 486916,
				"NAME": "真弥",
				"ENG_NAME": "真弥",
				"STRING": "「あーん、もうついてない〜」",
				"ENG_STRING": "「あーん、もうついてない〜」"
			},
			{
				"TYPE": "ZM",
				"ID": 486917,
				"NAME": "先生",
				"ENG_NAME": "先生",
				"STRING": "「こらこら当番が文句言わないの。じゃ、頼んだわよ」",
				"ENG_STRING": "「こらこら当番が文句言わないの。じゃ、頼んだわよ」"
			},
			{
				"TYPE": "ZM",
				"ID": 486918,
				"NAME": "真弥",
				"ENG_NAME": "真弥",
				"STRING": "「はぁ〜い」",
				"ENG_STRING": "「はぁ〜い」"
			},
			{
				"TYPE": "ZM",
				"ID": 486919,
				"STRING": "どうやら先生に何か頼まれたらしい。",
				"ENG_STRING": "どうやら先生に何か頼まれたらしい。"
			},
			{
				"TYPE": "ZM",
				"ID": 486920,
				"STRING": "はあ、と肩を落としながら黒谷は先生を見送っていた。",
				"ENG_STRING": "はあ、と肩を落としながら黒谷は先生を見送っていた。"
			},
			{
				"TYPE": "ZM",
				"ID": 486921,
				"NAME": "三厳",
				"ENG_NAME": "三厳",
				"STRING": "「よお、どうした？」",
				"ENG_STRING": "「よお、どうした？」"
			},
			{
				"TYPE": "ZM",
				"ID": 486922,
				"NAME": "真弥",
				"ENG_NAME": "真弥",
				"STRING": "「あ、久我ぁ〜！　ごめーん、用事頼まれちゃったよ」",
				"ENG_STRING": "「あ、久我ぁ〜！　ごめーん、用事頼まれちゃったよ」"
			},
			{
				"TYPE": "ZM",
				"ID": 486923,
				"NAME": "三厳",
				"ENG_NAME": "三厳",
				"STRING": "「そっか、仕方ないな。手伝おうか？」",
				"ENG_STRING": "「そっか、仕方ないな。手伝おうか？」"
			},
			{
				"TYPE": "ZM",
				"ID": 486924,
				"NAME": "真弥",
				"ENG_NAME": "真弥",
				"STRING": "「ありがたいけど無理だと思うよ」",
				"ENG_STRING": "「ありがたいけど無理だと思うよ」"
			},
			{
				"TYPE": "ZM",
				"ID": 486925,
				"NAME": "三厳",
				"ENG_NAME": "三厳",
				"STRING": "「無理？」",
				"ENG_STRING": "「無理？」"
			},
			{
				"TYPE": "ZM",
				"ID": 486926,
				"NAME": "真弥",
				"ENG_NAME": "真弥",
				"STRING": "「寮の女子トイレの個室に節水の張り紙を貼って回るお仕事だから」",
				"ENG_STRING": "「寮の女子トイレの個室に節水の張り紙を貼って回るお仕事だから」"
			},
			{
				"TYPE": "ZM",
				"ID": 486927,
				"NAME": "三厳",
				"ENG_NAME": "三厳",
				"STRING": "「……すまん力になれそうにない」",
				"ENG_STRING": "「……すまん力になれそうにない」"
			},
			{
				"TYPE": "ZM",
				"ID": 486928,
				"NAME": "真弥",
				"ENG_NAME": "真弥",
				"STRING": "「だよねー。大丈夫行ける、とか言われたらどうしようかと……」@n",
				"ENG_STRING": "「だよねー。大丈夫行ける、とか言われたらどうしようかと……」@n"
			},
			{
				"TYPE": "ZM",
				"ID": 486929,
				"NAME": "三厳",
				"ENG_NAME": "三厳",
				"STRING": "「言うかっ！？　どう行けるんだよ！？」",
				"ENG_STRING": "「言うかっ！？　どう行けるんだよ！？」"
			},
			{
				"TYPE": "ZM",
				"ID": 486930,
				"NAME": "真弥",
				"ENG_NAME": "真弥",
				"STRING": "「特査権限で入れます、キリッ、とか」",
				"ENG_STRING": "「特査権限で入れます、キリッ、とか」"
			},
			{
				"TYPE": "ZM",
				"ID": 486931,
				"NAME": "三厳",
				"ENG_NAME": "三厳",
				"STRING": "「そんな変態的な権限ねえよっ！？　お前、特査をなんだと思ってんだ……」",
				"ENG_STRING": "「そんな変態的な権限ねえよっ！？　お前、特査をなんだと思ってんだ……」"
			},
			{
				"TYPE": "ZM",
				"ID": 486932,
				"NAME": "真弥",
				"ENG_NAME": "真弥",
				"STRING": "「あっはっは、冗談だってばー。久我って時々真面目だよねー」",
				"ENG_STRING": "「あっはっは、冗談だってばー。久我って時々真面目だよねー」"
			},
			{
				"TYPE": "ZM",
				"ID": 486933,
				"NAME": "三厳",
				"ENG_NAME": "三厳",
				"STRING": "「お前こそ……四六時中そのテンションで疲れないのか……？」",
				"ENG_STRING": "「お前こそ……四六時中そのテンションで疲れないのか……？」"
			},
			{
				"TYPE": "ZM",
				"ID": 486934,
				"NAME": "真弥",
				"ENG_NAME": "真弥",
				"STRING": "「は、よく言われます。が、まったく疲れません」@n",
				"ENG_STRING": "「は、よく言われます。が、まったく疲れません」@n"
			},
			{
				"TYPE": "ZM",
				"ID": 486935,
				"NAME": "三厳",
				"ENG_NAME": "三厳",
				"STRING": "「……………………お前とずっと付き合ってる吉田って意外と体力あるのな……」",
				"ENG_STRING": "「……………………お前とずっと付き合ってる吉田って意外と体力あるのな……」"
			},
			{
				"TYPE": "ZM",
				"ID": 486936,
				"NAME": "真弥",
				"ENG_NAME": "真弥",
				"STRING": "「あはは、そうかも。最初はマジ泣きしてたのにねえ」",
				"ENG_STRING": "「あはは、そうかも。最初はマジ泣きしてたのにねえ」"
			},
			{
				"TYPE": "ZM",
				"ID": 486937,
				"NAME": "三厳",
				"ENG_NAME": "三厳",
				"STRING": "「泣かすなよっ！？　何言ったんだ、お前？」",
				"ENG_STRING": "「泣かすなよっ！？　何言ったんだ、お前？」"
			},
			{
				"TYPE": "ZM",
				"ID": 486938,
				"NAME": "真弥",
				"ENG_NAME": "真弥",
				"STRING": "「この学園て古めかしいから、幽霊とか出そうだよねーって」",
				"ENG_STRING": "「この学園て古めかしいから、幽霊とか出そうだよねーって」"
			},
			{
				"TYPE": "ZM",
				"ID": 486939,
				"NAME": "三厳",
				"ENG_NAME": "三厳",
				"STRING": "「最初っからそれか」",
				"ENG_STRING": "「最初っからそれか」"
			},
			{
				"TYPE": "ZM",
				"ID": 486940,
				"NAME": "真弥",
				"ENG_NAME": "真弥",
				"STRING": "「うん、で、寮の部屋なんていかにもそんな雰囲気じゃない？　って言ってたら眠れなくなるようって泣かれちゃった」@n",
				"ENG_STRING": "「うん、で、寮の部屋なんていかにもそんな雰囲気じゃない？　って言ってたら眠れなくなるようって泣かれちゃった」@n"
			},
			{
				"TYPE": "ZM",
				"ID": 486941,
				"NAME": "真弥",
				"ENG_NAME": "真弥",
				"STRING": "「で、それから仲良くなったの」",
				"ENG_STRING": "「で、それから仲良くなったの」"
			},
			{
				"TYPE": "ZM",
				"ID": 486942,
				"NAME": "三厳",
				"ENG_NAME": "三厳",
				"STRING": "「なんでだよっ！？　原因と結果が合ってねーだろ！？」",
				"ENG_STRING": "「なんでだよっ！？　原因と結果が合ってねーだろ！？」"
			},
			{
				"TYPE": "ZM",
				"ID": 486943,
				"NAME": "真弥",
				"ENG_NAME": "真弥",
				"STRING": "「泣き止まないから一緒に寝てあげるって言ったら、黒谷さん優しいねって言い出して」",
				"ENG_STRING": "「泣き止まないから一緒に寝てあげるって言ったら、黒谷さん優しいねって言い出して」"
			},
			{
				"TYPE": "ZM",
				"ID": 486944,
				"NAME": "三厳",
				"ENG_NAME": "三厳",
				"STRING": "「どこのＤＶ男だ、お前」",
				"ENG_STRING": "「どこのＤＶ男だ、お前」"
			},
			{
				"TYPE": "ZM",
				"ID": 486945,
				"NAME": "真弥",
				"ENG_NAME": "真弥",
				"STRING": "「むしろ、そあらがヤバいよ。あれ駄目男を更に駄目にするタイプだよ」",
				"ENG_STRING": "「むしろ、そあらがヤバいよ。あれ駄目男を更に駄目にするタイプだよ」"
			},
			{
				"TYPE": "ZM",
				"ID": 486946,
				"NAME": "三厳",
				"ENG_NAME": "三厳",
				"STRING": "「否定は出来ないが、その駄目男の立ち位置にいるお前もどうなんだ」",
				"ENG_STRING": "「否定は出来ないが、その駄目男の立ち位置にいるお前もどうなんだ」"
			},
			{
				"TYPE": "ZM",
				"ID": 486947,
				"NAME": "真弥",
				"ENG_NAME": "真弥",
				"STRING": "「だからあれ以来、泣く前にやめてるってば。別に泣かせたいわけじゃないもんね」",
				"ENG_STRING": "「だからあれ以来、泣く前にやめてるってば。別に泣かせたいわけじゃないもんね」"
			},
			{
				"TYPE": "ZM",
				"ID": 486948,
				"NAME": "三厳",
				"ENG_NAME": "三厳",
				"STRING": "「泣く寸前まではよくやらかしてるよな……」",
				"ENG_STRING": "「泣く寸前まではよくやらかしてるよな……」"
			},
			{
				"TYPE": "ZM",
				"ID": 486949,
				"NAME": "真弥",
				"ENG_NAME": "真弥",
				"STRING": "「久我、人のこと言えないでしょ。烏丸しょっちゅう半泣きじゃん」",
				"ENG_STRING": "「久我、人のこと言えないでしょ。烏丸しょっちゅう半泣きじゃん」"
			},
			{
				"TYPE": "ZM",
				"ID": 486950,
				"NAME": "三厳",
				"ENG_NAME": "三厳",
				"STRING": "「……あれ？」",
				"ENG_STRING": "「……あれ？」"
			},
			{
				"TYPE": "ZM",
				"ID": 486951,
				"NAME": "真弥",
				"ENG_NAME": "真弥",
				"STRING": "「からかうと面白いんでしょ。わかるわかる」",
				"ENG_STRING": "「からかうと面白いんでしょ。わかるわかる」"
			},
			{
				"TYPE": "ZM",
				"ID": 486952,
				"NAME": "三厳",
				"ENG_NAME": "三厳",
				"STRING": "「……………………」",
				"ENG_STRING": "「……………………」"
			},
			{
				"TYPE": "ZM",
				"ID": 486953,
				"STRING": "しまった、言われてみれば、俺とおまるのやりとりとほとんど同じだった……。",
				"ENG_STRING": "しまった、言われてみれば、俺とおまるのやりとりとほとんど同じだった……。"
			},
			{
				"TYPE": "ZM",
				"ID": 486954,
				"NAME": "真弥",
				"ENG_NAME": "真弥",
				"STRING": "「久我ってドＳだよね」",
				"ENG_STRING": "「久我ってドＳだよね」"
			},
			{
				"TYPE": "ZM",
				"ID": 486955,
				"NAME": "三厳",
				"ENG_NAME": "三厳",
				"STRING": "「お前それ自爆だってわかってるか……？」",
				"ENG_STRING": "「お前それ自爆だってわかってるか……？」"
			},
			{
				"TYPE": "ZM",
				"ID": 486956,
				"NAME": "真弥",
				"ENG_NAME": "真弥",
				"STRING": "「私達、気が合うね。はっはっはー」",
				"ENG_STRING": "「私達、気が合うね。はっはっはー」"
			},
			{
				"TYPE": "ZM",
				"ID": 486957,
				"NAME": "三厳",
				"ENG_NAME": "三厳",
				"STRING": "「動じねーな、ちくしょう……」",
				"ENG_STRING": "「動じねーな、ちくしょう……」"
			},
			{
				"TYPE": "ZM",
				"ID": 486958,
				"NAME": "そあら",
				"ENG_NAME": "そあら",
				"STRING": "「まーやちゃーん」",
				"ENG_STRING": "「まーやちゃーん」"
			},
			{
				"TYPE": "ZM",
				"ID": 486959,
				"NAME": "真弥",
				"ENG_NAME": "真弥",
				"STRING": "「あ、そあら」",
				"ENG_STRING": "「あ、そあら」"
			},
			{
				"TYPE": "ZM",
				"ID": 486960,
				"STRING": "お菓子の入った袋らしき物をぶら下げた吉田が小走りにやってきた。@n",
				"ENG_STRING": "お菓子の入った袋らしき物をぶら下げた吉田が小走りにやってきた。@n"
			},
			{
				"TYPE": "ZM",
				"ID": 486961,
				"NAME": "真弥",
				"ENG_NAME": "真弥",
				"STRING": "「ごめーん、実は先生に用事頼まれちゃって」",
				"ENG_STRING": "「ごめーん、実は先生に用事頼まれちゃって」"
			},
			{
				"TYPE": "ZM",
				"ID": 486962,
				"NAME": "そあら",
				"ENG_NAME": "そあら",
				"STRING": "「なんだ、そうなの？　じゃあわたしも手伝うよ」@n",
				"ENG_STRING": "「なんだ、そうなの？　じゃあわたしも手伝うよ」@n"
			},
			{
				"TYPE": "ZM",
				"ID": 486963,
				"NAME": "真弥",
				"ENG_NAME": "真弥",
				"STRING": "「ありがとー！　久我は特査権限を持ってしても無理らしいから」@n",
				"ENG_STRING": "「ありがとー！　久我は特査権限を持ってしても無理らしいから」@n"
			},
			{
				"TYPE": "ZM",
				"ID": 486964,
				"NAME": "三厳",
				"ENG_NAME": "三厳",
				"STRING": "「だからそんな権限ねえってのに！」",
				"ENG_STRING": "「だからそんな権限ねえってのに！」"
			},
			{
				"TYPE": "ZM",
				"ID": 486965,
				"NAME": "そあら",
				"ENG_NAME": "そあら",
				"STRING": "「？？？　なんのこと？」",
				"ENG_STRING": "「？？？　なんのこと？」"
			},
			{
				"TYPE": "ZM",
				"ID": 486966,
				"NAME": "真弥",
				"ENG_NAME": "真弥",
				"STRING": "「女子トイレに入れるかどうかって話」",
				"ENG_STRING": "「女子トイレに入れるかどうかって話」"
			},
			{
				"TYPE": "ZM",
				"ID": 486967,
				"NAME": "そあら",
				"ENG_NAME": "そあら",
				"STRING": "「へ！？」@n",
				"ENG_STRING": "「へ！？」@n"
			},
			{
				"TYPE": "ZM",
				"ID": 486968,
				"NAME": "三厳",
				"ENG_NAME": "三厳",
				"STRING": "「だから俺には無理なんだ。すまん吉田、後は頼んだ」",
				"ENG_STRING": "「だから俺には無理なんだ。すまん吉田、後は頼んだ」"
			},
			{
				"TYPE": "ZM",
				"ID": 486969,
				"NAME": "そあら",
				"ENG_NAME": "そあら",
				"STRING": "「え、あ、うん。そ、それは無理だね……」",
				"ENG_STRING": "「え、あ、うん。そ、それは無理だね……」"
			},
			{
				"TYPE": "ZM",
				"ID": 486970,
				"NAME": "真弥",
				"ENG_NAME": "真弥",
				"STRING": "「じゃあね、久我。また今度、お茶しようねー」",
				"ENG_STRING": "「じゃあね、久我。また今度、お茶しようねー」"
			},
			{
				"TYPE": "ZM",
				"ID": 486971,
				"NAME": "三厳",
				"ENG_NAME": "三厳",
				"STRING": "「おう、またな」",
				"ENG_STRING": "「おう、またな」"
			},
			{
				"TYPE": "ZM",
				"ID": 486972,
				"NAME": "そあら",
				"ENG_NAME": "そあら",
				"STRING": "「お先にー」",
				"ENG_STRING": "「お先にー」"
			},
			{
				"TYPE": "ZM",
				"ID": 486973,
				"STRING": "黒谷と吉田は、きゃっきゃとはしゃぎながら帰って行った。",
				"ENG_STRING": "黒谷と吉田は、きゃっきゃとはしゃぎながら帰って行った。"
			},
			{
				"TYPE": "ZM",
				"ID": 486974,
				"NAME": "三厳",
				"ENG_NAME": "三厳",
				"STRING": "「なんだかんだ言ってあいつらも気は合うんだろうなあ……」",
				"ENG_STRING": "「なんだかんだ言ってあいつらも気は合うんだろうなあ……」"
			},
			{
				"TYPE": "ZM",
				"ID": 486975,
				"STRING": "吉田はおっとりしてるから、黒谷みたいな真逆のタイプの方が楽しいのかも知れない。",
				"ENG_STRING": "吉田はおっとりしてるから、黒谷みたいな真逆のタイプの方が楽しいのかも知れない。"
			},
			{
				"TYPE": "ZM",
				"ID": 486976,
				"STRING": "……おまるも似たようなもんなのかなあ。",
				"ENG_STRING": "……おまるも似たようなもんなのかなあ。"
			}
		],
		"CHAPTER_SUBNAME": "S05_EX_06　日常（真弥編）"
	}
}