{
	"3_S01_sigma04_NEW": {
		"MESSAGES": [
			{
				"TYPE": "ZM",
				"ID": 552194,
				"NAME": "三厳",
				"ENG_NAME": "三厳",
				"STRING": "「――…」",
				"ENG_STRING": "「――…」"
			},
			{
				"TYPE": "ZM",
				"ID": 552195,
				"STRING": "特査分室の扉を開けた時、部屋の奥の人影を見て一瞬はっとする。",
				"ENG_STRING": "特査分室の扉を開けた時、部屋の奥の人影を見て一瞬はっとする。"
			},
			{
				"TYPE": "ZM",
				"ID": 552196,
				"NAME": "シグマ",
				"ENG_NAME": "シグマ",
				"STRING": "「……今日はやけにみんな遅いな」",
				"ENG_STRING": "「……今日はやけにみんな遅いな」"
			},
			{
				"TYPE": "ZM",
				"ID": 552197,
				"NAME": "三厳",
				"ENG_NAME": "三厳",
				"STRING": "「ああ……ちょっとな」",
				"ENG_STRING": "「ああ……ちょっとな」"
			},
			{
				"TYPE": "ZM",
				"ID": 552198,
				"STRING": "そりゃそうだ。あいつがいるわけないんだから……。",
				"ENG_STRING": "そりゃそうだ。あいつがいるわけないんだから……。"
			},
			{
				"TYPE": "ZM",
				"ID": 552199,
				"STRING": "ただ一瞬――ほんの一瞬、人影が誰かを認識するまでの一秒にも満たない時間だけ、期待してしまった自分が確かにいた。",
				"ENG_STRING": "ただ一瞬――ほんの一瞬、人影が誰かを認識するまでの一秒にも満たない時間だけ、期待してしまった自分が確かにいた。"
			},
			{
				"TYPE": "ZM",
				"ID": 552200,
				"STRING": "すぐ後ろにいたモー子が、俺の様子を見て気づいたのか声をかけてきた。",
				"ENG_STRING": "すぐ後ろにいたモー子が、俺の様子を見て気づいたのか声をかけてきた。"
			},
			{
				"TYPE": "ZM",
				"ID": 552201,
				"NAME": "憂緒",
				"ENG_NAME": "憂緒",
				"STRING": "「……シグマさん、ですか？」",
				"ENG_STRING": "「……シグマさん、ですか？」"
			},
			{
				"TYPE": "ZM",
				"ID": 552202,
				"NAME": "三厳",
				"ENG_NAME": "三厳",
				"STRING": "「ああ、そこにいる」",
				"ENG_STRING": "「ああ、そこにいる」"
			},
			{
				"TYPE": "ZM",
				"ID": 552203,
				"NAME": "シグマ",
				"ENG_NAME": "シグマ",
				"STRING": "「何か、あったのか？」",
				"ENG_STRING": "「何か、あったのか？」"
			},
			{
				"TYPE": "ZM",
				"ID": 552204,
				"STRING": "俺達の様子がこの前とはまるで違っていることに気づいたようで、シグマは怪訝そうに首を傾げた。",
				"ENG_STRING": "俺達の様子がこの前とはまるで違っていることに気づいたようで、シグマは怪訝そうに首を傾げた。"
			},
			{
				"TYPE": "ZM",
				"ID": 552205,
				"NAME": "シグマ",
				"ENG_NAME": "シグマ",
				"STRING": "「――おまるは？」",
				"ENG_STRING": "「――おまるは？」"
			},
			{
				"TYPE": "ZM",
				"ID": 552206,
				"NAME": "三厳",
				"ENG_NAME": "三厳",
				"STRING": "「……………………」",
				"ENG_STRING": "「……………………」"
			},
			{
				"TYPE": "ZM",
				"ID": 552207,
				"STRING": "当然疑問に思うであろう事を口にされ、言葉に詰まる。",
				"ENG_STRING": "当然疑問に思うであろう事を口にされ、言葉に詰まる。"
			},
			{
				"TYPE": "ZM",
				"ID": 552208,
				"NAME": "三厳",
				"ENG_NAME": "三厳",
				"STRING": "「……もう、いないんだ」",
				"ENG_STRING": "「……もう、いないんだ」"
			},
			{
				"TYPE": "ZM",
				"ID": 552209,
				"NAME": "憂緒",
				"ENG_NAME": "憂緒",
				"STRING": "「……………………」",
				"ENG_STRING": "「……………………」"
			},
			{
				"TYPE": "ZM",
				"ID": 552210,
				"STRING": "モー子も、何を聞かれたのか察して無言で俯いた。",
				"ENG_STRING": "モー子も、何を聞かれたのか察して無言で俯いた。"
			},
			{
				"TYPE": "ZM",
				"ID": 552211,
				"NAME": "三厳",
				"ENG_NAME": "三厳",
				"STRING": "「色々あってな……あいつ、この時代の人間じゃなかったんだ」",
				"ENG_STRING": "「色々あってな……あいつ、この時代の人間じゃなかったんだ」"
			},
			{
				"TYPE": "ZM",
				"ID": 552212,
				"STRING": "おまるの事や、ここ数日で起きた信じ難い騒ぎをかいつまんで説明する。",
				"ENG_STRING": "おまるの事や、ここ数日で起きた信じ難い騒ぎをかいつまんで説明する。"
			},
			{
				"TYPE": "ZM",
				"ID": 552213,
				"STRING": "シグマは時折人形に目をやるだけで口を挟まず黙って聞いていた。",
				"ENG_STRING": "シグマは時折人形に目をやるだけで口を挟まず黙って聞いていた。"
			},
			{
				"TYPE": "ZM",
				"ID": 552214,
				"NAME": "三厳",
				"ENG_NAME": "三厳",
				"STRING": "「……まあ、そういうわけでさ。色々ありすぎて……」",
				"ENG_STRING": "「……まあ、そういうわけでさ。色々ありすぎて……」"
			},
			{
				"TYPE": "ZM",
				"ID": 552215,
				"NAME": "シグマ",
				"ENG_NAME": "シグマ",
				"STRING": "「……そうか。では今は、行方不明の学園長捜索が優先か」",
				"ENG_STRING": "「……そうか。では今は、行方不明の学園長捜索が優先か」"
			},
			{
				"TYPE": "ZM",
				"ID": 552216,
				"NAME": "三厳",
				"ENG_NAME": "三厳",
				"STRING": "「さすがに放っておけねえからな。あの学園長がそんな簡単に諦めて逃げるとも思えんし」",
				"ENG_STRING": "「さすがに放っておけねえからな。あの学園長がそんな簡単に諦めて逃げるとも思えんし」"
			},
			{
				"TYPE": "ZM",
				"ID": 552217,
				"NAME": "シグマ",
				"ENG_NAME": "シグマ",
				"STRING": "「ホムンクルスでは自己判断で逃亡するという思考が出来ないだろう」",
				"ENG_STRING": "「ホムンクルスでは自己判断で逃亡するという思考が出来ないだろう」"
			},
			{
				"TYPE": "ZM",
				"ID": 552218,
				"NAME": "三厳",
				"ENG_NAME": "三厳",
				"STRING": "「だよな……。でもヤヌスの鍵にも反応ないしなあ」",
				"ENG_STRING": "「だよな……。でもヤヌスの鍵にも反応ないしなあ」"
			},
			{
				"TYPE": "ZM",
				"ID": 552219,
				"NAME": "シグマ",
				"ENG_NAME": "シグマ",
				"STRING": "「他の遺品は今のところは大人しいのか？」",
				"ENG_STRING": "「他の遺品は今のところは大人しいのか？」"
			},
			{
				"TYPE": "ZM",
				"ID": 552220,
				"NAME": "三厳",
				"ENG_NAME": "三厳",
				"STRING": "「それだけが幸いだな。今、面倒臭い遺品に出て来られても、それどころじゃないっつーか、これ以上保留案件が増えても……」",
				"ENG_STRING": "「それだけが幸いだな。今、面倒臭い遺品に出て来られても、それどころじゃないっつーか、これ以上保留案件が増えても……」"
			},
			{
				"TYPE": "ZM",
				"ID": 552221,
				"NAME": "憂緒",
				"ENG_NAME": "憂緒",
				"STRING": "@w5@h5「久我くん！？」@w0@h0@n",
				"ENG_STRING": "@w5@h5「久我くん！？」@w0@h0@n"
			},
			{
				"TYPE": "ZM",
				"ID": 552222,
				"NAME": "三厳",
				"ENG_NAME": "三厳",
				"STRING": "「あ」",
				"ENG_STRING": "「あ」"
			},
			{
				"TYPE": "ZM",
				"ID": 552223,
				"NAME": "シグマ",
				"ENG_NAME": "シグマ",
				"STRING": "「……？　保留案件とは？」",
				"ENG_STRING": "「……？　保留案件とは？」"
			},
			{
				"TYPE": "ZM",
				"ID": 552224,
				"NAME": "三厳",
				"ENG_NAME": "三厳",
				"STRING": "「あーいやその、こっちの話だ」",
				"ENG_STRING": "「あーいやその、こっちの話だ」"
			},
			{
				"TYPE": "ZM",
				"ID": 552225,
				"NAME": "シグマ",
				"ENG_NAME": "シグマ",
				"STRING": "「そりゃあそうだろう」",
				"ENG_STRING": "「そりゃあそうだろう」"
			},
			{
				"TYPE": "ZM",
				"ID": 552226,
				"NAME": "三厳",
				"ENG_NAME": "三厳",
				"STRING": "「……うん。いやだから……えーと……」",
				"ENG_STRING": "「……うん。いやだから……えーと……」"
			},
			{
				"TYPE": "ZM",
				"ID": 552227,
				"NAME": "憂緒",
				"ENG_NAME": "憂緒",
				"STRING": "「きみと言う人は……ッ、うかつにもほどという物が……」",
				"ENG_STRING": "「きみと言う人は……ッ、うかつにもほどという物が……」"
			},
			{
				"TYPE": "ZM",
				"ID": 552228,
				"NAME": "シグマ",
				"ENG_NAME": "シグマ",
				"STRING": "「何を保留にしてるんだ一体。モー子が首筋まで赤くなっているというのは、その、痴話ゲンカか何か……」",
				"ENG_STRING": "「何を保留にしてるんだ一体。モー子が首筋まで赤くなっているというのは、その、痴話ゲンカか何か……」"
			},
			{
				"TYPE": "ZM",
				"ID": 552229,
				"NAME": "三厳",
				"ENG_NAME": "三厳",
				"STRING": "「聞くな。頼むから聞くな。プライバシー的なアレだから」",
				"ENG_STRING": "「聞くな。頼むから聞くな。プライバシー的なアレだから」"
			},
			{
				"TYPE": "ZM",
				"ID": 552230,
				"NAME": "憂緒",
				"ENG_NAME": "憂緒",
				"STRING": "「その件に関しては断固として黙秘権を行使します！」",
				"ENG_STRING": "「その件に関しては断固として黙秘権を行使します！」"
			},
			{
				"TYPE": "ZM",
				"ID": 552231,
				"NAME": "シグマ",
				"ENG_NAME": "シグマ",
				"STRING": "「……………………」",
				"ENG_STRING": "「……………………」"
			},
			{
				"TYPE": "ZM",
				"ID": 552232,
				"STRING": "モー子の様子と、俺の顔を交互に見て、シグマは頷いた。",
				"ENG_STRING": "モー子の様子と、俺の顔を交互に見て、シグマは頷いた。"
			},
			{
				"TYPE": "ZM",
				"ID": 552449,
				"NAME": "シグマ",
				"ENG_NAME": "シグマ",
				"STRING": "「……わかった、聞かない」",
				"ENG_STRING": "「……わかった、聞かない」"
			},
			{
				"TYPE": "ZM",
				"ID": 552450,
				"NAME": "三厳",
				"ENG_NAME": "三厳",
				"STRING": "「すまん、助かる」",
				"ENG_STRING": "「すまん、助かる」"
			},
			{
				"TYPE": "ZM",
				"ID": 552451,
				"NAME": "シグマ",
				"ENG_NAME": "シグマ",
				"STRING": "「どうやら――今は欠片どころじゃないみたいだ。それほど立て込んでいるなら、今回はいい」",
				"ENG_STRING": "「どうやら――今は欠片どころじゃないみたいだ。それほど立て込んでいるなら、今回はいい」"
			},
			{
				"TYPE": "ZM",
				"ID": 552452,
				"NAME": "三厳",
				"ENG_NAME": "三厳",
				"STRING": "「いいのか？」",
				"ENG_STRING": "「いいのか？」"
			},
			{
				"TYPE": "ZM",
				"ID": 552453,
				"NAME": "シグマ",
				"ENG_NAME": "シグマ",
				"STRING": "「うん、ごたごたが片付いた頃にまた来る。今までも随分待ったからな。もう少しくらい待てる」",
				"ENG_STRING": "「うん、ごたごたが片付いた頃にまた来る。今までも随分待ったからな。もう少しくらい待てる」"
			},
			{
				"TYPE": "ZM",
				"ID": 552454,
				"NAME": "三厳",
				"ENG_NAME": "三厳",
				"STRING": "「……ああ、ありがとう。こっちが片付いたら必ず協力するから」",
				"ENG_STRING": "「……ああ、ありがとう。こっちが片付いたら必ず協力するから」"
			},
			{
				"TYPE": "ZM",
				"ID": 552705,
				"NAME": "シグマ",
				"ENG_NAME": "シグマ",
				"STRING": "「うん、頼りにしてる。それじゃあ、気をつけて」",
				"ENG_STRING": "「うん、頼りにしてる。それじゃあ、気をつけて」"
			},
			{
				"TYPE": "ZM",
				"ID": 552706,
				"STRING": "そう言い残すと、シグマの姿はふっとかき消えた。",
				"ENG_STRING": "そう言い残すと、シグマの姿はふっとかき消えた。"
			},
			{
				"TYPE": "ZM",
				"ID": 552707,
				"NAME": "三厳",
				"ENG_NAME": "三厳",
				"STRING": "「帰ったぞ」",
				"ENG_STRING": "「帰ったぞ」"
			},
			{
				"TYPE": "ZM",
				"ID": 552708,
				"NAME": "憂緒",
				"ENG_NAME": "憂緒",
				"STRING": "「え…？」",
				"ENG_STRING": "「え…？」"
			},
			{
				"TYPE": "ZM",
				"ID": 552709,
				"STRING": "まだ焦っていたのか、モー子は露骨に逸らしていた目線をきょとんと戻す。",
				"ENG_STRING": "まだ焦っていたのか、モー子は露骨に逸らしていた目線をきょとんと戻す。"
			},
			{
				"TYPE": "ZM",
				"ID": 552710,
				"NAME": "憂緒",
				"ENG_NAME": "憂緒",
				"STRING": "「帰った？　シグマさんがですか？」",
				"ENG_STRING": "「帰った？　シグマさんがですか？」"
			},
			{
				"TYPE": "ZM",
				"ID": 552711,
				"NAME": "三厳",
				"ENG_NAME": "三厳",
				"STRING": "「さすがに、立て込んでるようだからまた来るってさ」",
				"ENG_STRING": "「さすがに、立て込んでるようだからまた来るってさ」"
			},
			{
				"TYPE": "ZM",
				"ID": 552712,
				"NAME": "憂緒",
				"ENG_NAME": "憂緒",
				"STRING": "「……そうですか。申し訳ないですが助かりました」",
				"ENG_STRING": "「……そうですか。申し訳ないですが助かりました」"
			},
			{
				"TYPE": "ZM",
				"ID": 552713,
				"NAME": "三厳",
				"ENG_NAME": "三厳",
				"STRING": "「まあな。ついでに欠片探してる余裕はねえよ」",
				"ENG_STRING": "「まあな。ついでに欠片探してる余裕はねえよ」"
			},
			{
				"TYPE": "ZM",
				"ID": 552714,
				"NAME": "憂緒",
				"ENG_NAME": "憂緒",
				"STRING": "「そうですね……」",
				"ENG_STRING": "「そうですね……」"
			},
			{
				"TYPE": "ZM",
				"ID": 552961,
				"STRING": "モー子はひとつ、深くため息を吐いて――",
				"ENG_STRING": "モー子はひとつ、深くため息を吐いて――"
			},
			{
				"TYPE": "ZM",
				"ID": 552962,
				"NAME": "憂緒",
				"ENG_NAME": "憂緒",
				"STRING": "「……早く見つけ出しましょう。２０年前の真実を」",
				"ENG_STRING": "「……早く見つけ出しましょう。２０年前の真実を」"
			},
			{
				"TYPE": "ZM",
				"ID": 552963,
				"NAME": "三厳",
				"ENG_NAME": "三厳",
				"STRING": "「ああ、片付けようぜ」",
				"ENG_STRING": "「ああ、片付けようぜ」"
			},
			{
				"TYPE": "ZM",
				"ID": 552964,
				"STRING": "シグマのためにも――おまる達夜の生徒のためにも。",
				"ENG_STRING": "シグマのためにも――おまる達夜の生徒のためにも。"
			}
		]
	}
}