{
	"Rito_04": {
		"MESSAGES": [
			{
				"TYPE": "ZM",
				"ID": 825346,
				"STRING": "もも先輩の思いつきから、俺が『特査』という役目についてから、恐ろしいほど毎日が慌ただしくなってしまった。",
				"ENG_STRING": "もも先輩の思いつきから、俺が『特査』という役目についてから、恐ろしいほど毎日が慌ただしくなってしまった。"
			},
			{
				"TYPE": "ZM",
				"ID": 825347,
				"STRING": "図書館で魔術の勉強をする――のが俺の目的のひとつなのに、なかなか進んでいない。",
				"ENG_STRING": "図書館で魔術の勉強をする――のが俺の目的のひとつなのに、なかなか進んでいない。"
			},
			{
				"TYPE": "ZM",
				"ID": 825348,
				"NAME": "三厳",
				"ENG_NAME": "三厳",
				"STRING": "（これも俺のためになるって、アンデルは言ってたけど、本当かな）",
				"ENG_STRING": "（これも俺のためになるって、アンデルは言ってたけど、本当かな）"
			},
			{
				"TYPE": "ZM",
				"ID": 825349,
				"STRING": "生徒たちでざわめく廊下を抜けて、図書館へと向かう。",
				"ENG_STRING": "生徒たちでざわめく廊下を抜けて、図書館へと向かう。"
			},
			{
				"TYPE": "ZM",
				"ID": 825350,
				"STRING": "昔は『特査』だけの部屋があったらしい。",
				"ENG_STRING": "昔は『特査』だけの部屋があったらしい。"
			},
			{
				"TYPE": "ZM",
				"ID": 825351,
				"STRING": "今は俺一人だから図書館の一角が『特査』の居場所扱いになっている。",
				"ENG_STRING": "今は俺一人だから図書館の一角が『特査』の居場所扱いになっている。"
			},
			{
				"TYPE": "ZM",
				"ID": 825352,
				"STRING": "――その時。",
				"ENG_STRING": "――その時。"
			},
			{
				"TYPE": "ZM",
				"ID": 825353,
				"STRING": "俺の目の前に、ニノマエ君が転がり落ちてきた。",
				"ENG_STRING": "俺の目の前に、ニノマエ君が転がり落ちてきた。"
			},
			{
				"TYPE": "ZM",
				"ID": 825354,
				"NAME": "一",
				"ENG_NAME": "一",
				"STRING": "「ちーちちちっ！！」@n",
				"ENG_STRING": "「ちーちちちっ！！」@n"
			},
			{
				"TYPE": "ZM",
				"ID": 825355,
				"NAME": "三厳",
				"ENG_NAME": "三厳",
				"STRING": "「うわわわわ」",
				"ENG_STRING": "「うわわわわ」"
			},
			{
				"TYPE": "ZM",
				"ID": 825356,
				"STRING": "ニノマエ君が俺の首に巻き付いてぐるぐると動き回る。",
				"ENG_STRING": "ニノマエ君が俺の首に巻き付いてぐるぐると動き回る。"
			},
			{
				"TYPE": "ZM",
				"ID": 825357,
				"STRING": "くすぐったくてたまらず、思わず身をよじってしまった。",
				"ENG_STRING": "くすぐったくてたまらず、思わず身をよじってしまった。"
			},
			{
				"TYPE": "ZM",
				"ID": 825358,
				"NAME": "三厳",
				"ENG_NAME": "三厳",
				"STRING": "「ちょ、やめてくれ、なんだよ」",
				"ENG_STRING": "「ちょ、やめてくれ、なんだよ」"
			},
			{
				"TYPE": "ZM",
				"ID": 825359,
				"NAME": "一",
				"ENG_NAME": "一",
				"STRING": "「ちち！　ちーちちちち！」@n",
				"ENG_STRING": "「ちち！　ちーちちちち！」@n"
			},
			{
				"TYPE": "ZM",
				"ID": 825360,
				"NAME": "三厳",
				"ENG_NAME": "三厳",
				"STRING": "「わかんねーってば」",
				"ENG_STRING": "「わかんねーってば」"
			},
			{
				"TYPE": "ZM",
				"ID": 825361,
				"NAME": "百花",
				"ENG_NAME": "百花",
				"STRING": "「あああー！　いたー！！」",
				"ENG_STRING": "「あああー！　いたー！！」"
			},
			{
				"TYPE": "ZM",
				"ID": 825362,
				"STRING": "もも先輩が、ぶかぶかの制服を揺らして走ってきた。",
				"ENG_STRING": "もも先輩が、ぶかぶかの制服を揺らして走ってきた。"
			},
			{
				"TYPE": "ZM",
				"ID": 825363,
				"STRING": "この状況は、たいがいやっかいな展開を予感させた。",
				"ENG_STRING": "この状況は、たいがいやっかいな展開を予感させた。"
			},
			{
				"TYPE": "ZM",
				"ID": 825364,
				"NAME": "百花",
				"ENG_NAME": "百花",
				"STRING": "「ニノマエ君、ありがとお！　はふー。久我！　特査出動です！！」@n",
				"ENG_STRING": "「ニノマエ君、ありがとお！　はふー。久我！　特査出動です！！」@n"
			},
			{
				"TYPE": "ZM",
				"ID": 825601,
				"NAME": "三厳",
				"ENG_NAME": "三厳",
				"STRING": "「は、はあ……いつものことですね」",
				"ENG_STRING": "「は、はあ……いつものことですね」"
			},
			{
				"TYPE": "ZM",
				"ID": 825602,
				"NAME": "百花",
				"ENG_NAME": "百花",
				"STRING": "「いつもと違うの！！」@n",
				"ENG_STRING": "「いつもと違うの！！」@n"
			},
			{
				"TYPE": "ZM",
				"ID": 825603,
				"NAME": "三厳",
				"ENG_NAME": "三厳",
				"STRING": "「……え？」",
				"ENG_STRING": "「……え？」"
			},
			{
				"TYPE": "ZM",
				"ID": 825604,
				"STRING": "もも先輩もさすがに真面目な顔になって、一息ついた。",
				"ENG_STRING": "もも先輩もさすがに真面目な顔になって、一息ついた。"
			},
			{
				"TYPE": "ZM",
				"ID": 825605,
				"NAME": "百花",
				"ENG_NAME": "百花",
				"STRING": "「今回は、別々の『遺品』が同時多発的に現れたの。こんなこと初めてだよ…風紀委員で一部はなんとかできたけど、ひとつすごく危険なのがあって」",
				"ENG_STRING": "「今回は、別々の『遺品』が同時多発的に現れたの。こんなこと初めてだよ…風紀委員で一部はなんとかできたけど、ひとつすごく危険なのがあって」"
			},
			{
				"TYPE": "ZM",
				"ID": 825606,
				"NAME": "三厳",
				"ENG_NAME": "三厳",
				"STRING": "「一体、どんな遺品なんですか？」",
				"ENG_STRING": "「一体、どんな遺品なんですか？」"
			},
			{
				"TYPE": "ZM",
				"ID": 825607,
				"NAME": "百花",
				"ENG_NAME": "百花",
				"STRING": "「光のボール。すごいスピードで飛び回る感じ。影響を受けた生徒は無事回収できて介抱してるけど、遺品自体はまだ封印できていないの」",
				"ENG_STRING": "「光のボール。すごいスピードで飛び回る感じ。影響を受けた生徒は無事回収できて介抱してるけど、遺品自体はまだ封印できていないの」"
			},
			{
				"TYPE": "ZM",
				"ID": 825608,
				"NAME": "三厳",
				"ENG_NAME": "三厳",
				"STRING": "「なるほど……わかりました。どこにいるんですか？」",
				"ENG_STRING": "「なるほど……わかりました。どこにいるんですか？」"
			},
			{
				"TYPE": "ZM",
				"ID": 825609,
				"NAME": "百花",
				"ENG_NAME": "百花",
				"STRING": "「風紀委員たちが礼拝堂に追い込んでるよ」",
				"ENG_STRING": "「風紀委員たちが礼拝堂に追い込んでるよ」"
			},
			{
				"TYPE": "ZM",
				"ID": 825610,
				"NAME": "三厳",
				"ENG_NAME": "三厳",
				"STRING": "「じゃ、このまますぐ向かいます」",
				"ENG_STRING": "「じゃ、このまますぐ向かいます」"
			},
			{
				"TYPE": "ZM",
				"ID": 825611,
				"STRING": "幸い封印に必要な札はいつでもポケットに入れてある。",
				"ENG_STRING": "幸い封印に必要な札はいつでもポケットに入れてある。"
			},
			{
				"TYPE": "ZM",
				"ID": 825612,
				"STRING": "しかし、走りだそうとした俺の腕を、もも先輩が掴んだ。",
				"ENG_STRING": "しかし、走りだそうとした俺の腕を、もも先輩が掴んだ。"
			},
			{
				"TYPE": "ZM",
				"ID": 825613,
				"NAME": "百花",
				"ENG_NAME": "百花",
				"STRING": "「久我、聞いて！　そいつはすごくヤバいの」@n",
				"ENG_STRING": "「久我、聞いて！　そいつはすごくヤバいの」@n"
			},
			{
				"TYPE": "ZM",
				"ID": 825614,
				"NAME": "三厳",
				"ENG_NAME": "三厳",
				"STRING": "「ヤバい？」",
				"ENG_STRING": "「ヤバい？」"
			},
			{
				"TYPE": "ZM",
				"ID": 825615,
				"NAME": "百花",
				"ENG_NAME": "百花",
				"STRING": "「最初に影響を受けたコも、追いかけてた風紀委員も倒れたんだ。あの『遺品』は、人を狙って飛んでくる、それでね」",
				"ENG_STRING": "「最初に影響を受けたコも、追いかけてた風紀委員も倒れたんだ。あの『遺品』は、人を狙って飛んでくる、それでね」"
			},
			{
				"TYPE": "ZM",
				"ID": 825616,
				"NAME": "百花",
				"ENG_NAME": "百花",
				"STRING": "「光のボールにぶつかると、魔力をぎゅううっと吸われちゃうみたい。それで、どんどん大きくなるのかも……」",
				"ENG_STRING": "「光のボールにぶつかると、魔力をぎゅううっと吸われちゃうみたい。それで、どんどん大きくなるのかも……」"
			},
			{
				"TYPE": "ZM",
				"ID": 825617,
				"STRING": "ここまで真剣な口調は初めてかもしれない。",
				"ENG_STRING": "ここまで真剣な口調は初めてかもしれない。"
			},
			{
				"TYPE": "ZM",
				"ID": 825618,
				"STRING": "もも先輩の後輩たちが倒れたってのも、あるのだろう。",
				"ENG_STRING": "もも先輩の後輩たちが倒れたってのも、あるのだろう。"
			},
			{
				"TYPE": "ZM",
				"ID": 825619,
				"NAME": "三厳",
				"ENG_NAME": "三厳",
				"STRING": "「わかりました。気をつけます。もも先輩、倒れた人たちちゃんと看てあげてください」",
				"ENG_STRING": "「わかりました。気をつけます。もも先輩、倒れた人たちちゃんと看てあげてください」"
			},
			{
				"TYPE": "ZM",
				"ID": 825620,
				"NAME": "百花",
				"ENG_NAME": "百花",
				"STRING": "「もちろん！　そこは心配ご無用だよ」@n",
				"ENG_STRING": "「もちろん！　そこは心配ご無用だよ」@n"
			},
			{
				"TYPE": "ZM",
				"ID": 825857,
				"STRING": "俺は強く頷き、礼拝堂に向かった。",
				"ENG_STRING": "俺は強く頷き、礼拝堂に向かった。"
			},
			{
				"TYPE": "ZM",
				"ID": 825858,
				"NAME": "風紀委員",
				"ENG_NAME": "風紀委員",
				"STRING": "「あ、久我さん！　こっちです。あそこの中に……」",
				"ENG_STRING": "「あ、久我さん！　こっちです。あそこの中に……」"
			},
			{
				"TYPE": "ZM",
				"ID": 825859,
				"NAME": "風紀委員",
				"ENG_NAME": "風紀委員",
				"STRING": "「きゃあ！！」",
				"ENG_STRING": "「きゃあ！！」"
			},
			{
				"TYPE": "ZM",
				"ID": 825860,
				"NAME": "三厳",
				"ENG_NAME": "三厳",
				"STRING": "「おっと……やべえな。俺一人でも行けるし、あんたは下がってな」",
				"ENG_STRING": "「おっと……やべえな。俺一人でも行けるし、あんたは下がってな」"
			},
			{
				"TYPE": "ZM",
				"ID": 825861,
				"NAME": "風紀委員",
				"ENG_NAME": "風紀委員",
				"STRING": "「は、はい、お気をつけて」",
				"ENG_STRING": "「は、はい、お気をつけて」"
			},
			{
				"TYPE": "ZM",
				"ID": 825862,
				"NAME": "三厳",
				"ENG_NAME": "三厳",
				"STRING": "「うわ、さっむ……なんだこりゃ？」",
				"ENG_STRING": "「うわ、さっむ……なんだこりゃ？」"
			},
			{
				"TYPE": "ZM",
				"ID": 825863,
				"STRING": "礼拝堂の中は、まるで巨大な冷蔵庫のように冷えていた。",
				"ENG_STRING": "礼拝堂の中は、まるで巨大な冷蔵庫のように冷えていた。"
			},
			{
				"TYPE": "ZM",
				"ID": 825864,
				"STRING": "もちろんクーラーなんか入ってはいない。",
				"ENG_STRING": "もちろんクーラーなんか入ってはいない。"
			},
			{
				"TYPE": "ZM",
				"ID": 825865,
				"STRING": "ここに飛び込んだ『遺品』の仕業だ。",
				"ENG_STRING": "ここに飛び込んだ『遺品』の仕業だ。"
			},
			{
				"TYPE": "ZM",
				"ID": 825866,
				"NAME": "三厳",
				"ENG_NAME": "三厳",
				"STRING": "「どこだ！　とっとと封印するから出てこい！」",
				"ENG_STRING": "「どこだ！　とっとと封印するから出てこい！」"
			},
			{
				"TYPE": "ZM",
				"ID": 825867,
				"NAME": "三厳",
				"ENG_NAME": "三厳",
				"STRING": "「うわわわっ」",
				"ENG_STRING": "「うわわわっ」"
			},
			{
				"TYPE": "ZM",
				"ID": 825868,
				"STRING": "ものすごいスピードで、バスケットボールぐらいの球体が飛んでいく。",
				"ENG_STRING": "ものすごいスピードで、バスケットボールぐらいの球体が飛んでいく。"
			},
			{
				"TYPE": "ZM",
				"ID": 825869,
				"STRING": "もも先輩や風紀委員の子が言っていた特徴と同じだ。",
				"ENG_STRING": "もも先輩や風紀委員の子が言っていた特徴と同じだ。"
			},
			{
				"TYPE": "ZM",
				"ID": 825870,
				"STRING": "光を放つ球体は、壁にぶつかるたびにバウンドしている。",
				"ENG_STRING": "光を放つ球体は、壁にぶつかるたびにバウンドしている。"
			},
			{
				"TYPE": "ZM",
				"ID": 825871,
				"NAME": "百花",
				"ENG_NAME": "百花",
				"STRING": "「光のボールにぶつかると、魔力をぎゅううっと吸われちゃうみたい。それで、どんどん大きくなるのかも……」",
				"ENG_STRING": "「光のボールにぶつかると、魔力をぎゅううっと吸われちゃうみたい。それで、どんどん大きくなるのかも……」"
			},
			{
				"TYPE": "ZM",
				"ID": 825872,
				"NAME": "三厳",
				"ENG_NAME": "三厳",
				"STRING": "「ほんと、アレにぶつかったらシャレになんねーな」",
				"ENG_STRING": "「ほんと、アレにぶつかったらシャレになんねーな」"
			},
			{
				"TYPE": "ZM",
				"ID": 825873,
				"NAME": "アンデル",
				"ENG_NAME": "アンデル",
				"STRING": "「その通り。万が一、三厳の力が吸収されてしまったら、この場所を破壊しつくすほどの威力を持つでしょうね」@n",
				"ENG_STRING": "「その通り。万が一、三厳の力が吸収されてしまったら、この場所を破壊しつくすほどの威力を持つでしょうね」@n"
			},
			{
				"TYPE": "ZM",
				"ID": 825874,
				"NAME": "三厳",
				"ENG_NAME": "三厳",
				"STRING": "（……おわ、びっくりした。その話、本当？）",
				"ENG_STRING": "（……おわ、びっくりした。その話、本当？）"
			},
			{
				"TYPE": "ZM",
				"ID": 825875,
				"NAME": "アンデル",
				"ENG_NAME": "アンデル",
				"STRING": "「偽るわけがないわ。やや気がかりになって、つい口を出してしまったの」@n",
				"ENG_STRING": "「偽るわけがないわ。やや気がかりになって、つい口を出してしまったの」@n"
			},
			{
				"TYPE": "ZM",
				"ID": 825876,
				"NAME": "三厳",
				"ENG_NAME": "三厳",
				"STRING": "（了解、すぐ封印する）",
				"ENG_STRING": "（了解、すぐ封印する）"
			},
			{
				"TYPE": "ZM",
				"ID": 825877,
				"STRING": "封印に使う札を取り出し、遺品に思いっきり投げつける。",
				"ENG_STRING": "封印に使う札を取り出し、遺品に思いっきり投げつける。"
			},
			{
				"TYPE": "ZM",
				"ID": 825878,
				"STRING": "この動作にもだいぶ慣れてきたもんだ。",
				"ENG_STRING": "この動作にもだいぶ慣れてきたもんだ。"
			},
			{
				"TYPE": "ZM",
				"ID": 825879,
				"NAME": "三厳",
				"ENG_NAME": "三厳",
				"STRING": "「よっしゃ！！」",
				"ENG_STRING": "「よっしゃ！！」"
			},
			{
				"TYPE": "ZM",
				"ID": 825880,
				"STRING": "遺品に札が貼りついたと同時に、俺は指先を噛んだ。",
				"ENG_STRING": "遺品に札が貼りついたと同時に、俺は指先を噛んだ。"
			},
			{
				"TYPE": "ZM",
				"ID": 825881,
				"NAME": "三厳",
				"ENG_NAME": "三厳",
				"STRING": "「久我三厳が、我が血と言霊とともに古き盟約の――」",
				"ENG_STRING": "「久我三厳が、我が血と言霊とともに古き盟約の――」"
			},
			{
				"TYPE": "ZM",
				"ID": 825882,
				"STRING": "言葉に呼応して、体の奥深くが熱くなる。",
				"ENG_STRING": "言葉に呼応して、体の奥深くが熱くなる。"
			},
			{
				"TYPE": "ZM",
				"ID": 825883,
				"STRING": "後は集中して、札を貼り付けるだけ……",
				"ENG_STRING": "後は集中して、札を貼り付けるだけ……"
			},
			{
				"TYPE": "ZM",
				"ID": 825884,
				"NAME": "アンデル",
				"ENG_NAME": "アンデル",
				"STRING": "「……っ」",
				"ENG_STRING": "「……っ」"
			},
			{
				"TYPE": "ZM",
				"ID": 825885,
				"NAME": "三厳",
				"ENG_NAME": "三厳",
				"STRING": "「なんだあっ！？」",
				"ENG_STRING": "「なんだあっ！？」"
			},
			{
				"TYPE": "ZM",
				"ID": 825886,
				"STRING": "光の球体が深呼吸するようにふくれあがり、札を弾き飛ばした。",
				"ENG_STRING": "光の球体が深呼吸するようにふくれあがり、札を弾き飛ばした。"
			},
			{
				"TYPE": "ZM",
				"ID": 825887,
				"NAME": "アンデル",
				"ENG_NAME": "アンデル",
				"STRING": "「三厳！　気をつけて」",
				"ENG_STRING": "「三厳！　気をつけて」"
			},
			{
				"TYPE": "ZM",
				"ID": 825888,
				"STRING": "アンデルの声と同時に、気づいた。",
				"ENG_STRING": "アンデルの声と同時に、気づいた。"
			},
			{
				"TYPE": "ZM",
				"ID": 825889,
				"STRING": "魔力を注ぐ途中だった札が、びゅんと俺に向かって飛んできている。",
				"ENG_STRING": "魔力を注ぐ途中だった札が、びゅんと俺に向かって飛んできている。"
			},
			{
				"TYPE": "ZM",
				"ID": 825890,
				"NAME": "三厳",
				"ENG_NAME": "三厳",
				"STRING": "「くっ！！」",
				"ENG_STRING": "「くっ！！」"
			},
			{
				"TYPE": "ZM",
				"ID": 825891,
				"STRING": "両手を前に出し、ギリギリのところで札を掴むことができた。",
				"ENG_STRING": "両手を前に出し、ギリギリのところで札を掴むことができた。"
			},
			{
				"TYPE": "ZM",
				"ID": 825892,
				"STRING": "紙とは思えないほど固く、アンデルが叫んでくれなければ怪我していただろう。",
				"ENG_STRING": "紙とは思えないほど固く、アンデルが叫んでくれなければ怪我していただろう。"
			},
			{
				"TYPE": "ZM",
				"ID": 825893,
				"NAME": "三厳",
				"ENG_NAME": "三厳",
				"STRING": "「一度貼りついたヤツが剥がれるなんて……初めてだ」",
				"ENG_STRING": "「一度貼りついたヤツが剥がれるなんて……初めてだ」"
			},
			{
				"TYPE": "ZM",
				"ID": 825894,
				"NAME": "アンデル",
				"ENG_NAME": "アンデル",
				"STRING": "「気を抜いてはいけません！」",
				"ENG_STRING": "「気を抜いてはいけません！」"
			},
			{
				"TYPE": "ZM",
				"ID": 825895,
				"STRING": "はっと顔をあげると、球体は反動をつけるようにゆらゆら漂っている。",
				"ENG_STRING": "はっと顔をあげると、球体は反動をつけるようにゆらゆら漂っている。"
			},
			{
				"TYPE": "ZM",
				"ID": 825896,
				"NAME": "三厳",
				"ENG_NAME": "三厳",
				"STRING": "「俺に向かって来るつもりなのか！？」",
				"ENG_STRING": "「俺に向かって来るつもりなのか！？」"
			},
			{
				"TYPE": "ZM",
				"ID": 825897,
				"NAME": "アンデル",
				"ENG_NAME": "アンデル",
				"STRING": "「三厳、手を！　『干渉して』みましょう」",
				"ENG_STRING": "「三厳、手を！　『干渉して』みましょう」"
			},
			{
				"TYPE": "ZM",
				"ID": 825898,
				"STRING": "頷き、腕を高く掲げる。",
				"ENG_STRING": "頷き、腕を高く掲げる。"
			},
			{
				"TYPE": "ZM",
				"ID": 825899,
				"STRING": "実体のアンデルの手と絡みあってひとつになる。",
				"ENG_STRING": "実体のアンデルの手と絡みあってひとつになる。"
			},
			{
				"TYPE": "ZM",
				"ID": 825900,
				"NAME": "アンデル",
				"ENG_NAME": "アンデル",
				"STRING": "「わずかな間しか効力はないけれど……できるかしら」@n",
				"ENG_STRING": "「わずかな間しか効力はないけれど……できるかしら」@n"
			},
			{
				"TYPE": "ZM",
				"ID": 825901,
				"NAME": "三厳",
				"ENG_NAME": "三厳",
				"STRING": "（わかった！）",
				"ENG_STRING": "（わかった！）"
			},
			{
				"TYPE": "ZM",
				"ID": 825902,
				"STRING": "俺にできるのは集中し、自分の中にある力を暴走させないことだけだ。",
				"ENG_STRING": "俺にできるのは集中し、自分の中にある力を暴走させないことだけだ。"
			},
			{
				"TYPE": "ZM",
				"ID": 825903,
				"STRING": "ただひたすらアンデルを信じ、魔女の力を使った。",
				"ENG_STRING": "ただひたすらアンデルを信じ、魔女の力を使った。"
			},
			{
				"TYPE": "ZM",
				"ID": 825904,
				"NAME": "三厳",
				"ENG_NAME": "三厳",
				"STRING": "「うまく……いった？」",
				"ENG_STRING": "「うまく……いった？」"
			},
			{
				"TYPE": "ZM",
				"ID": 825905,
				"STRING": "しん、と静まりかえった礼拝堂の中。",
				"ENG_STRING": "しん、と静まりかえった礼拝堂の中。"
			},
			{
				"TYPE": "ZM",
				"ID": 825906,
				"STRING": "さっきまで感じていた冷たい感覚すらない。",
				"ENG_STRING": "さっきまで感じていた冷たい感覚すらない。"
			},
			{
				"TYPE": "ZM",
				"ID": 825907,
				"STRING": "遺品は空中でぴたりと固まっている。",
				"ENG_STRING": "遺品は空中でぴたりと固まっている。"
			},
			{
				"TYPE": "ZM",
				"ID": 825908,
				"STRING": "この場に存在する時間そのものすべてが、停止しているように見えた。",
				"ENG_STRING": "この場に存在する時間そのものすべてが、停止しているように見えた。"
			},
			{
				"TYPE": "ZM",
				"ID": 825909,
				"STRING": "が、実際には、『止まって』いるわけではない……らしい。",
				"ENG_STRING": "が、実際には、『止まって』いるわけではない……らしい。"
			},
			{
				"TYPE": "ZM",
				"ID": 825910,
				"NAME": "アンデル",
				"ENG_NAME": "アンデル",
				"STRING": "「走って、三厳。わたしは封印に関する知識には疎いから……！」",
				"ENG_STRING": "「走って、三厳。わたしは封印に関する知識には疎いから……！」"
			},
			{
				"TYPE": "ZM",
				"ID": 825911,
				"NAME": "三厳",
				"ENG_NAME": "三厳",
				"STRING": "「はあ……はあ……はあ……」",
				"ENG_STRING": "「はあ……はあ……はあ……」"
			},
			{
				"TYPE": "ZM",
				"ID": 825912,
				"STRING": "図書館に飛び込むのが、マナー違反なのはわかってる。",
				"ENG_STRING": "図書館に飛び込むのが、マナー違反なのはわかってる。"
			},
			{
				"TYPE": "ZM",
				"ID": 825913,
				"STRING": "言葉も出ないほど息があがってしまった。",
				"ENG_STRING": "言葉も出ないほど息があがってしまった。"
			},
			{
				"TYPE": "ZM",
				"ID": 825914,
				"STRING": "しかし、一刻を争う事態だ。",
				"ENG_STRING": "しかし、一刻を争う事態だ。"
			},
			{
				"TYPE": "ZM",
				"ID": 825915,
				"NAME": "三厳",
				"ENG_NAME": "三厳",
				"STRING": "「リト、ごめんな……ちょっと困ったことになって」",
				"ENG_STRING": "「リト、ごめんな……ちょっと困ったことになって」"
			},
			{
				"TYPE": "ZM",
				"ID": 825916,
				"STRING": "少し待ってみても、返事がない。",
				"ENG_STRING": "少し待ってみても、返事がない。"
			},
			{
				"TYPE": "ZM",
				"ID": 825917,
				"NAME": "三厳",
				"ENG_NAME": "三厳",
				"STRING": "「リト……？　いないのか？」",
				"ENG_STRING": "「リト……？　いないのか？」"
			},
			{
				"TYPE": "ZM",
				"ID": 825918,
				"STRING": "リトがこの場所にいないなんて、初めてのことだ。",
				"ENG_STRING": "リトがこの場所にいないなんて、初めてのことだ。"
			},
			{
				"TYPE": "ZM",
				"ID": 825919,
				"STRING": "もちろん、ずっとここに座りっぱなしだなんてわけないだろうけど。",
				"ENG_STRING": "もちろん、ずっとここに座りっぱなしだなんてわけないだろうけど。"
			},
			{
				"TYPE": "ZM",
				"ID": 825920,
				"NAME": "三厳",
				"ENG_NAME": "三厳",
				"STRING": "（困ったな、俺ひとりで調べてたら間に合わない）",
				"ENG_STRING": "（困ったな、俺ひとりで調べてたら間に合わない）"
			},
			{
				"TYPE": "ZM",
				"ID": 825921,
				"STRING": "封印に関する本がある場所は、リトにだいたい聞いている。",
				"ENG_STRING": "封印に関する本がある場所は、リトにだいたい聞いている。"
			},
			{
				"TYPE": "ZM",
				"ID": 825922,
				"STRING": "だが遺品の種類を調べて、対処方法を調べてとなると膨大な本の数になってしまう。",
				"ENG_STRING": "だが遺品の種類を調べて、対処方法を調べてとなると膨大な本の数になってしまう。"
			},
			{
				"TYPE": "ZM",
				"ID": 825923,
				"NAME": "三厳",
				"ENG_NAME": "三厳",
				"STRING": "「時間いっぱいまでやるか、いっそ力技でいくしかないか――」",
				"ENG_STRING": "「時間いっぱいまでやるか、いっそ力技でいくしかないか――」"
			},
			{
				"TYPE": "ZM",
				"ID": 825924,
				"NAME": "三厳",
				"ENG_NAME": "三厳",
				"STRING": "「ん？」",
				"ENG_STRING": "「ん？」"
			},
			{
				"TYPE": "ZM",
				"ID": 825925,
				"STRING": "並びたつ書架の奥から物音がした。",
				"ENG_STRING": "並びたつ書架の奥から物音がした。"
			},
			{
				"TYPE": "ZM",
				"ID": 825926,
				"NAME": "三厳",
				"ENG_NAME": "三厳",
				"STRING": "「良かった！　ちょっと急ぎで聞きたいことが……」",
				"ENG_STRING": "「良かった！　ちょっと急ぎで聞きたいことが……」"
			},
			{
				"TYPE": "ZM",
				"ID": 825927,
				"NAME": "リト",
				"ENG_NAME": "リト",
				"STRING": "「あ……久我君」",
				"ENG_STRING": "「あ……久我君」"
			},
			{
				"TYPE": "ZM",
				"ID": 825928,
				"STRING": "まさかの出来事だった。",
				"ENG_STRING": "まさかの出来事だった。"
			},
			{
				"TYPE": "ZM",
				"ID": 825929,
				"STRING": "なぜ、こんなところで、とか。",
				"ENG_STRING": "なぜ、こんなところで、とか。"
			},
			{
				"TYPE": "ZM",
				"ID": 825930,
				"STRING": "一体何が起こったんだ、とか。",
				"ENG_STRING": "一体何が起こったんだ、とか。"
			},
			{
				"TYPE": "ZM",
				"ID": 825931,
				"STRING": "頭の中でそんな言葉がグルグル回っている。",
				"ENG_STRING": "頭の中でそんな言葉がグルグル回っている。"
			},
			{
				"TYPE": "ZM",
				"ID": 825932,
				"NAME": "三厳",
				"ENG_NAME": "三厳",
				"STRING": "「うわ、ご、ごめ」",
				"ENG_STRING": "「うわ、ご、ごめ」"
			},
			{
				"TYPE": "ZM",
				"ID": 825933,
				"NAME": "三厳",
				"ENG_NAME": "三厳",
				"STRING": "「な、なに、かあった？」",
				"ENG_STRING": "「な、なに、かあった？」"
			},
			{
				"TYPE": "ZM",
				"ID": 825934,
				"NAME": "リト",
				"ENG_NAME": "リト",
				"STRING": "「誤ってお茶をこぼしてしまったから」",
				"ENG_STRING": "「誤ってお茶をこぼしてしまったから」"
			},
			{
				"TYPE": "ZM",
				"ID": 825935,
				"NAME": "リト",
				"ENG_NAME": "リト",
				"STRING": "「調べてみると、なるべく早く水洗いしたほうが良いとあったから」",
				"ENG_STRING": "「調べてみると、なるべく早く水洗いしたほうが良いとあったから」"
			},
			{
				"TYPE": "ZM",
				"ID": 825936,
				"STRING": "リトはそのままの格好で、俺に話しかけている。",
				"ENG_STRING": "リトはそのままの格好で、俺に話しかけている。"
			},
			{
				"TYPE": "ZM",
				"ID": 825937,
				"STRING": "もちろん、何もかも見えたままで。",
				"ENG_STRING": "もちろん、何もかも見えたままで。"
			},
			{
				"TYPE": "ZM",
				"ID": 825938,
				"NAME": "リト",
				"ENG_NAME": "リト",
				"STRING": "「久我君、さっきとても急いでいる足音が聞こえたわ」",
				"ENG_STRING": "「久我君、さっきとても急いでいる足音が聞こえたわ」"
			},
			{
				"TYPE": "ZM",
				"ID": 825939,
				"NAME": "三厳",
				"ENG_NAME": "三厳",
				"STRING": "「ごめん……」",
				"ENG_STRING": "「ごめん……」"
			},
			{
				"TYPE": "ZM",
				"ID": 825940,
				"NAME": "リト",
				"ENG_NAME": "リト",
				"STRING": "「いいえ、久我君が特査として働くと決まった時から想定していたことだから」",
				"ENG_STRING": "「いいえ、久我君が特査として働くと決まった時から想定していたことだから」"
			},
			{
				"TYPE": "ZM",
				"ID": 825941,
				"NAME": "三厳",
				"ENG_NAME": "三厳",
				"STRING": "「あ、あのな」",
				"ENG_STRING": "「あ、あのな」"
			},
			{
				"TYPE": "ZM",
				"ID": 825942,
				"NAME": "リト",
				"ENG_NAME": "リト",
				"STRING": "「用件は、なにかしら」",
				"ENG_STRING": "「用件は、なにかしら」"
			},
			{
				"TYPE": "ZM",
				"ID": 825943,
				"NAME": "三厳",
				"ENG_NAME": "三厳",
				"STRING": "「えっ……」",
				"ENG_STRING": "「えっ……」"
			},
			{
				"TYPE": "ZM",
				"ID": 825944,
				"NAME": "リト",
				"ENG_NAME": "リト",
				"STRING": "「急いでここへやってきた、理由よ」",
				"ENG_STRING": "「急いでここへやってきた、理由よ」"
			},
			{
				"TYPE": "ZM",
				"ID": 825945,
				"STRING": "真面目に、いつもと何も変わらない口調で。",
				"ENG_STRING": "真面目に、いつもと何も変わらない口調で。"
			},
			{
				"TYPE": "ZM",
				"ID": 825946,
				"STRING": "俺は、もしかして、からかわれているのか？",
				"ENG_STRING": "俺は、もしかして、からかわれているのか？"
			},
			{
				"TYPE": "ZM",
				"ID": 825947,
				"STRING": "いや、まさか、リトがそんなことするわけない。",
				"ENG_STRING": "いや、まさか、リトがそんなことするわけない。"
			},
			{
				"TYPE": "ZM",
				"ID": 825948,
				"NAME": "リト",
				"ENG_NAME": "リト",
				"STRING": "「私のやるべきことを、教えて」",
				"ENG_STRING": "「私のやるべきことを、教えて」"
			},
			{
				"TYPE": "ZM",
				"ID": 825949,
				"NAME": "三厳",
				"ENG_NAME": "三厳",
				"STRING": "「そ、その、封印がうまくできない……『遺品』が……現れて」",
				"ENG_STRING": "「そ、その、封印がうまくできない……『遺品』が……現れて」"
			},
			{
				"TYPE": "ZM",
				"ID": 825950,
				"STRING": "リトがじっとこっちに視線をやっていて、俺も逸らすことができなかった。",
				"ENG_STRING": "リトがじっとこっちに視線をやっていて、俺も逸らすことができなかった。"
			},
			{
				"TYPE": "ZM",
				"ID": 825951,
				"NAME": "三厳",
				"ENG_NAME": "三厳",
				"STRING": "「人の魔力吸ってでかくなるやつで……ふ、札を貼りつけても……吹っ飛ばしてきて……」",
				"ENG_STRING": "「人の魔力吸ってでかくなるやつで……ふ、札を貼りつけても……吹っ飛ばしてきて……」"
			},
			{
				"TYPE": "ZM",
				"ID": 825952,
				"NAME": "リト",
				"ENG_NAME": "リト",
				"STRING": "「そうね、その事例に近いものは――」",
				"ENG_STRING": "「そうね、その事例に近いものは――」"
			},
			{
				"TYPE": "ZM",
				"ID": 825953,
				"NAME": "三厳",
				"ENG_NAME": "三厳",
				"STRING": "「ちょっと待った！　今、全部口で説明しなくていいから！　どこの本に載ってるか教えてくれればいいから！」",
				"ENG_STRING": "「ちょっと待った！　今、全部口で説明しなくていいから！　どこの本に載ってるか教えてくれればいいから！」"
			},
			{
				"TYPE": "ZM",
				"ID": 825954,
				"NAME": "リト",
				"ENG_NAME": "リト",
				"STRING": "「そう？　ならあの記録書に確か記述があったはず。第２７番書架の３段目ね」",
				"ENG_STRING": "「そう？　ならあの記録書に確か記述があったはず。第２７番書架の３段目ね」"
			},
			{
				"TYPE": "ZM",
				"ID": 825955,
				"NAME": "三厳",
				"ENG_NAME": "三厳",
				"STRING": "「…………」",
				"ENG_STRING": "「…………」"
			},
			{
				"TYPE": "ZM",
				"ID": 825956,
				"NAME": "リト",
				"ENG_NAME": "リト",
				"STRING": "「案内するわ」",
				"ENG_STRING": "「案内するわ」"
			},
			{
				"TYPE": "ZM",
				"ID": 825957,
				"NAME": "三厳",
				"ENG_NAME": "三厳",
				"STRING": "「ちょ、ちょっと待って！」",
				"ENG_STRING": "「ちょ、ちょっと待って！」"
			},
			{
				"TYPE": "ZM",
				"ID": 825958,
				"STRING": "リトは傍らにあった服に袖を通すことすらなく、そのままの姿で歩き出した。",
				"ENG_STRING": "リトは傍らにあった服に袖を通すことすらなく、そのままの姿で歩き出した。"
			},
			{
				"TYPE": "ZM",
				"ID": 825959,
				"NAME": "三厳",
				"ENG_NAME": "三厳",
				"STRING": "「いやいやいや！　だからほんとにちょっと待ってくれ！」",
				"ENG_STRING": "「いやいやいや！　だからほんとにちょっと待ってくれ！」"
			},
			{
				"TYPE": "ZM",
				"ID": 825960,
				"NAME": "リト",
				"ENG_NAME": "リト",
				"STRING": "「時間がないのでしょう」",
				"ENG_STRING": "「時間がないのでしょう」"
			},
			{
				"TYPE": "ZM",
				"ID": 825961,
				"NAME": "三厳",
				"ENG_NAME": "三厳",
				"STRING": "「そんな恰好のままで、ダメだってば！」",
				"ENG_STRING": "「そんな恰好のままで、ダメだってば！」"
			},
			{
				"TYPE": "ZM",
				"ID": 825962,
				"NAME": "リト",
				"ENG_NAME": "リト",
				"STRING": "「……ひゃっ」",
				"ENG_STRING": "「……ひゃっ」"
			},
			{
				"TYPE": "ZM",
				"ID": 825963,
				"STRING": "慌てて、俺はリトに向かって制服を投げ渡した。",
				"ENG_STRING": "慌てて、俺はリトに向かって制服を投げ渡した。"
			},
			{
				"TYPE": "ZM",
				"ID": 825964,
				"NAME": "リト",
				"ENG_NAME": "リト",
				"STRING": "「こっちの方が優先事項……ということ？」",
				"ENG_STRING": "「こっちの方が優先事項……ということ？」"
			},
			{
				"TYPE": "ZM",
				"ID": 825965,
				"NAME": "三厳",
				"ENG_NAME": "三厳",
				"STRING": "「あ、ああ。頼む」",
				"ENG_STRING": "「あ、ああ。頼む」"
			},
			{
				"TYPE": "ZM",
				"ID": 825966,
				"NAME": "リト",
				"ENG_NAME": "リト",
				"STRING": "「わかったわ」",
				"ENG_STRING": "「わかったわ」"
			},
			{
				"TYPE": "ZM",
				"ID": 825967,
				"NAME": "リト",
				"ENG_NAME": "リト",
				"STRING": "「これで、大丈夫？」",
				"ENG_STRING": "「これで、大丈夫？」"
			},
			{
				"TYPE": "ZM",
				"ID": 825968,
				"NAME": "三厳",
				"ENG_NAME": "三厳",
				"STRING": "「あ、ああ……うん……」",
				"ENG_STRING": "「あ、ああ……うん……」"
			},
			{
				"TYPE": "ZM",
				"ID": 825969,
				"STRING": "見慣れた格好に戻ったリト。",
				"ENG_STRING": "見慣れた格好に戻ったリト。"
			},
			{
				"TYPE": "ZM",
				"ID": 825970,
				"STRING": "だけど、俺の心臓はやけに早く脈打っていた。",
				"ENG_STRING": "だけど、俺の心臓はやけに早く脈打っていた。"
			},
			{
				"TYPE": "ZM",
				"ID": 825971,
				"STRING": "リトはというと、さっきの事などまるでなかったような態度だった。",
				"ENG_STRING": "リトはというと、さっきの事などまるでなかったような態度だった。"
			},
			{
				"TYPE": "ZM",
				"ID": 825972,
				"NAME": "リト",
				"ENG_NAME": "リト",
				"STRING": "「あった。この書物の……ここ」",
				"ENG_STRING": "「あった。この書物の……ここ」"
			},
			{
				"TYPE": "ZM",
				"ID": 825973,
				"NAME": "三厳",
				"ENG_NAME": "三厳",
				"STRING": "「本当だ、確かにこんな感じになったんだ」",
				"ENG_STRING": "「本当だ、確かにこんな感じになったんだ」"
			},
			{
				"TYPE": "ZM",
				"ID": 825974,
				"STRING": "そのページに描かれていた図は、礼拝堂の中で暴れまわっている『遺品』とそっくりだ。",
				"ENG_STRING": "そのページに描かれていた図は、礼拝堂の中で暴れまわっている『遺品』とそっくりだ。"
			},
			{
				"TYPE": "ZM",
				"ID": 825975,
				"NAME": "リト",
				"ENG_NAME": "リト",
				"STRING": "「それなら、札を張り付ける前に予備封印術が必要ね」",
				"ENG_STRING": "「それなら、札を張り付ける前に予備封印術が必要ね」"
			},
			{
				"TYPE": "ZM",
				"ID": 825976,
				"STRING": "俺が頷いていると、リトははっと顔をあげた。",
				"ENG_STRING": "俺が頷いていると、リトははっと顔をあげた。"
			},
			{
				"TYPE": "ZM",
				"ID": 825977,
				"NAME": "リト",
				"ENG_NAME": "リト",
				"STRING": "「力を使っている、のね」",
				"ENG_STRING": "「力を使っている、のね」"
			},
			{
				"TYPE": "ZM",
				"ID": 825978,
				"NAME": "三厳",
				"ENG_NAME": "三厳",
				"STRING": "「ああ、でも長くはもたない」",
				"ENG_STRING": "「ああ、でも長くはもたない」"
			},
			{
				"TYPE": "ZM",
				"ID": 825979,
				"NAME": "リト",
				"ENG_NAME": "リト",
				"STRING": "「なら私も、行くわ」",
				"ENG_STRING": "「なら私も、行くわ」"
			},
			{
				"TYPE": "ZM",
				"ID": 825980,
				"NAME": "三厳",
				"ENG_NAME": "三厳",
				"STRING": "「えっ……！？」",
				"ENG_STRING": "「えっ……！？」"
			},
			{
				"TYPE": "ZM",
				"ID": 825981,
				"NAME": "リト",
				"ENG_NAME": "リト",
				"STRING": "「この書物を久我君が読み解いていては、きっと間に合わないから」",
				"ENG_STRING": "「この書物を久我君が読み解いていては、きっと間に合わないから」"
			},
			{
				"TYPE": "ZM",
				"ID": 825982,
				"NAME": "三厳",
				"ENG_NAME": "三厳",
				"STRING": "「う……確かに……」",
				"ENG_STRING": "「う……確かに……」"
			},
			{
				"TYPE": "ZM",
				"ID": 825983,
				"NAME": "リト",
				"ENG_NAME": "リト",
				"STRING": "「だから私がそばで、必要な情報を教えます」",
				"ENG_STRING": "「だから私がそばで、必要な情報を教えます」"
			},
			{
				"TYPE": "ZM",
				"ID": 825984,
				"STRING": "予想外な申し出だった。",
				"ENG_STRING": "予想外な申し出だった。"
			},
			{
				"TYPE": "ZM",
				"ID": 825985,
				"STRING": "俺にはリトが図書館を離れることが、想像できなかったのだ。",
				"ENG_STRING": "俺にはリトが図書館を離れることが、想像できなかったのだ。"
			},
			{
				"TYPE": "ZM",
				"ID": 825986,
				"NAME": "リト",
				"ENG_NAME": "リト",
				"STRING": "「……すう」@n",
				"ENG_STRING": "「……すう」@n"
			},
			{
				"TYPE": "ZM",
				"ID": 825987,
				"NAME": "三厳",
				"ENG_NAME": "三厳",
				"STRING": "「リト？」",
				"ENG_STRING": "「リト？」"
			},
			{
				"TYPE": "ZM",
				"ID": 825988,
				"NAME": "リト",
				"ENG_NAME": "リト",
				"STRING": "「…………」",
				"ENG_STRING": "「…………」"
			},
			{
				"TYPE": "ZM",
				"ID": 825989,
				"STRING": "リトの眼差しは、どこか遠くを見ているようだった。",
				"ENG_STRING": "リトの眼差しは、どこか遠くを見ているようだった。"
			},
			{
				"TYPE": "ZM",
				"ID": 825990,
				"STRING": "寂しいとか、恐いとか、そんなたったひとつの言葉では表せない色だった。",
				"ENG_STRING": "寂しいとか、恐いとか、そんなたったひとつの言葉では表せない色だった。"
			},
			{
				"TYPE": "ZM",
				"ID": 825991,
				"NAME": "三厳",
				"ENG_NAME": "三厳",
				"STRING": "「リト、頼むな」@n",
				"ENG_STRING": "「リト、頼むな」@n"
			},
			{
				"TYPE": "ZM",
				"ID": 825992,
				"NAME": "リト",
				"ENG_NAME": "リト",
				"STRING": "「あっ…」",
				"ENG_STRING": "「あっ…」"
			},
			{
				"TYPE": "ZM",
				"ID": 825993,
				"STRING": "俺はリトの手をぎゅっと握った。",
				"ENG_STRING": "俺はリトの手をぎゅっと握った。"
			},
			{
				"TYPE": "ZM",
				"ID": 825994,
				"STRING": "冷たい指先から、かすかな力が伝わってくる。",
				"ENG_STRING": "冷たい指先から、かすかな力が伝わってくる。"
			},
			{
				"TYPE": "ZM",
				"ID": 825995,
				"STRING": "不器用な、ささやかな、リトの感触だった。",
				"ENG_STRING": "不器用な、ささやかな、リトの感触だった。"
			},
			{
				"TYPE": "ZM",
				"ID": 825996,
				"NAME": "三厳",
				"ENG_NAME": "三厳",
				"STRING": "「走るよ」",
				"ENG_STRING": "「走るよ」"
			},
			{
				"TYPE": "ZM",
				"ID": 825997,
				"NAME": "リト",
				"ENG_NAME": "リト",
				"STRING": "「はい」",
				"ENG_STRING": "「はい」"
			},
			{
				"TYPE": "ZM",
				"ID": 825998,
				"STRING": "俺はリトの手を取り、走り出した。",
				"ENG_STRING": "俺はリトの手を取り、走り出した。"
			},
			{
				"TYPE": "ZM",
				"ID": 825999,
				"NAME": "三厳",
				"ENG_NAME": "三厳",
				"STRING": "「間に合った……か？」",
				"ENG_STRING": "「間に合った……か？」"
			},
			{
				"TYPE": "ZM",
				"ID": 826000,
				"NAME": "リト",
				"ENG_NAME": "リト",
				"STRING": "「……」",
				"ENG_STRING": "「……」"
			},
			{
				"TYPE": "ZM",
				"ID": 826001,
				"STRING": "礼拝堂は、外から見る限り被害があるようには見えなかった。",
				"ENG_STRING": "礼拝堂は、外から見る限り被害があるようには見えなかった。"
			},
			{
				"TYPE": "ZM",
				"ID": 826002,
				"STRING": "風紀委員たちが人払いをしてくれているおかけで、誰かが扉を開けた様子もない。",
				"ENG_STRING": "風紀委員たちが人払いをしてくれているおかけで、誰かが扉を開けた様子もない。"
			},
			{
				"TYPE": "ZM",
				"ID": 826003,
				"NAME": "リト",
				"ENG_NAME": "リト",
				"STRING": "「強い魔術……これは、久我君が施したもの？」@n",
				"ENG_STRING": "「強い魔術……これは、久我君が施したもの？」@n"
			},
			{
				"TYPE": "ZM",
				"ID": 826004,
				"NAME": "三厳",
				"ENG_NAME": "三厳",
				"STRING": "「ああ、時間を止めている――っぽい」",
				"ENG_STRING": "「ああ、時間を止めている――っぽい」"
			},
			{
				"TYPE": "ZM",
				"ID": 826005,
				"NAME": "リト",
				"ENG_NAME": "リト",
				"STRING": "「なるほど。厳密には止めているのではなさそうだけれど……でも、揺らぎが生じている…」@n",
				"ENG_STRING": "「なるほど。厳密には止めているのではなさそうだけれど……でも、揺らぎが生じている…」@n"
			},
			{
				"TYPE": "ZM",
				"ID": 826006,
				"NAME": "三厳",
				"ENG_NAME": "三厳",
				"STRING": "「本当に！？　やべ、もうそろそろ効力が切れてきたのかもな」",
				"ENG_STRING": "「本当に！？　やべ、もうそろそろ効力が切れてきたのかもな」"
			},
			{
				"TYPE": "ZM",
				"ID": 826113,
				"STRING": "リトは頷くと、礼拝堂の扉に手を伸ばした。",
				"ENG_STRING": "リトは頷くと、礼拝堂の扉に手を伸ばした。"
			},
			{
				"TYPE": "ZM",
				"ID": 826114,
				"NAME": "三厳",
				"ENG_NAME": "三厳",
				"STRING": "「待て！　危ないから俺が開ける。中にいる『遺品』、やっかいなんだ」",
				"ENG_STRING": "「待て！　危ないから俺が開ける。中にいる『遺品』、やっかいなんだ」"
			},
			{
				"TYPE": "ZM",
				"ID": 826115,
				"NAME": "リト",
				"ENG_NAME": "リト",
				"STRING": "「……危ない？　でも、それは久我君も同じじゃないかしら」",
				"ENG_STRING": "「……危ない？　でも、それは久我君も同じじゃないかしら」"
			},
			{
				"TYPE": "ZM",
				"ID": 826116,
				"NAME": "三厳",
				"ENG_NAME": "三厳",
				"STRING": "「同じじゃないって」",
				"ENG_STRING": "「同じじゃないって」"
			},
			{
				"TYPE": "ZM",
				"ID": 826117,
				"STRING": "俺は重い扉に手をかけ、息をのんだ。",
				"ENG_STRING": "俺は重い扉に手をかけ、息をのんだ。"
			},
			{
				"TYPE": "ZM",
				"ID": 826118,
				"NAME": "三厳",
				"ENG_NAME": "三厳",
				"STRING": "「もし開けたとたんに動き出したら……リトはそのまま逃げてくれよ」",
				"ENG_STRING": "「もし開けたとたんに動き出したら……リトはそのまま逃げてくれよ」"
			},
			{
				"TYPE": "ZM",
				"ID": 826119,
				"STRING": "空気がキンと固まっていた。",
				"ENG_STRING": "空気がキンと固まっていた。"
			},
			{
				"TYPE": "ZM",
				"ID": 826120,
				"STRING": "幸いにも、俺とアンデルがこの場所にかけていた魔術はまだ生きていた。",
				"ENG_STRING": "幸いにも、俺とアンデルがこの場所にかけていた魔術はまだ生きていた。"
			},
			{
				"TYPE": "ZM",
				"ID": 826121,
				"STRING": "だけど、その効力が弱まりつつあるのは、俺の中に流れる何かが感じている。",
				"ENG_STRING": "だけど、その効力が弱まりつつあるのは、俺の中に流れる何かが感じている。"
			},
			{
				"TYPE": "ZM",
				"ID": 826122,
				"NAME": "リト",
				"ENG_NAME": "リト",
				"STRING": "「久我君、この魔術が場を支配している間は予備封印術は使えない」",
				"ENG_STRING": "「久我君、この魔術が場を支配している間は予備封印術は使えない」"
			},
			{
				"TYPE": "ZM",
				"ID": 826123,
				"NAME": "三厳",
				"ENG_NAME": "三厳",
				"STRING": "「ってことは、時間が元のように動き出す瞬間が勝負ってことか」",
				"ENG_STRING": "「ってことは、時間が元のように動き出す瞬間が勝負ってことか」"
			},
			{
				"TYPE": "ZM",
				"ID": 826124,
				"NAME": "リト",
				"ENG_NAME": "リト",
				"STRING": "「ええ、その時ならばおそらくあの『遺品』も本来の能力を発揮できないと思うから」",
				"ENG_STRING": "「ええ、その時ならばおそらくあの『遺品』も本来の能力を発揮できないと思うから」"
			},
			{
				"TYPE": "ZM",
				"ID": 826125,
				"NAME": "三厳",
				"ENG_NAME": "三厳",
				"STRING": "「了解」",
				"ENG_STRING": "「了解」"
			},
			{
				"TYPE": "ZM",
				"ID": 826126,
				"STRING": "リトが俺の横に並ぶ。",
				"ENG_STRING": "リトが俺の横に並ぶ。"
			},
			{
				"TYPE": "ZM",
				"ID": 826127,
				"STRING": "光の球体を二人で見上げたのはどれくらいの時間だったろう。",
				"ENG_STRING": "光の球体を二人で見上げたのはどれくらいの時間だったろう。"
			},
			{
				"TYPE": "ZM",
				"ID": 826128,
				"STRING": "わずかに、輪郭がぶれたのを俺たちは見逃さなかった。",
				"ENG_STRING": "わずかに、輪郭がぶれたのを俺たちは見逃さなかった。"
			},
			{
				"TYPE": "ZM",
				"ID": 826129,
				"NAME": "リト",
				"ENG_NAME": "リト",
				"STRING": "「この言葉を、心の中で鎖を生みながら囁くの」",
				"ENG_STRING": "「この言葉を、心の中で鎖を生みながら囁くの」"
			},
			{
				"TYPE": "ZM",
				"ID": 826130,
				"NAME": "三厳",
				"ENG_NAME": "三厳",
				"STRING": "「……わかった」",
				"ENG_STRING": "「……わかった」"
			},
			{
				"TYPE": "ZM",
				"ID": 826131,
				"STRING": "リトが手にした書物を開き、その言葉を指さす。",
				"ENG_STRING": "リトが手にした書物を開き、その言葉を指さす。"
			},
			{
				"TYPE": "ZM",
				"ID": 826132,
				"NAME": "リト",
				"ENG_NAME": "リト",
				"STRING": "「私が言葉にすることができないから、間違わないようにだけ気をつけて」",
				"ENG_STRING": "「私が言葉にすることができないから、間違わないようにだけ気をつけて」"
			},
			{
				"TYPE": "ZM",
				"ID": 826133,
				"STRING": "球体のぶれが次第に大きくなり、俺たちを取り巻く空気の温度が一気に下がった。",
				"ENG_STRING": "球体のぶれが次第に大きくなり、俺たちを取り巻く空気の温度が一気に下がった。"
			},
			{
				"TYPE": "ZM",
				"ID": 826134,
				"NAME": "三厳",
				"ENG_NAME": "三厳",
				"STRING": "「……動き出した」",
				"ENG_STRING": "「……動き出した」"
			},
			{
				"TYPE": "ZM",
				"ID": 826135,
				"STRING": "緊張が体中から溢れだしそうだった。",
				"ENG_STRING": "緊張が体中から溢れだしそうだった。"
			},
			{
				"TYPE": "ZM",
				"ID": 826136,
				"STRING": "リトは冷静に、そばで俺のすべきことを示してくれる。",
				"ENG_STRING": "リトは冷静に、そばで俺のすべきことを示してくれる。"
			},
			{
				"TYPE": "ZM",
				"ID": 826137,
				"NAME": "三厳",
				"ENG_NAME": "三厳",
				"STRING": "（イメージ、鎖、アレを捕獲する感じ……）",
				"ENG_STRING": "（イメージ、鎖、アレを捕獲する感じ……）"
			},
			{
				"TYPE": "ZM",
				"ID": 826138,
				"STRING": "封印用の札を手にしたまま、俺は集中し、リトに教えられた通りに言葉を囁いた。",
				"ENG_STRING": "封印用の札を手にしたまま、俺は集中し、リトに教えられた通りに言葉を囁いた。"
			},
			{
				"TYPE": "ZM",
				"ID": 826139,
				"NAME": "アンデル",
				"ENG_NAME": "アンデル",
				"STRING": "「なかなか上手になっているわね」",
				"ENG_STRING": "「なかなか上手になっているわね」"
			},
			{
				"TYPE": "ZM",
				"ID": 826140,
				"NAME": "三厳",
				"ENG_NAME": "三厳",
				"STRING": "（……え？）",
				"ENG_STRING": "（……え？）"
			},
			{
				"TYPE": "ZM",
				"ID": 826141,
				"NAME": "アンデル",
				"ENG_NAME": "アンデル",
				"STRING": "「気を逸らしてはだめ。さあ、力を放って！」",
				"ENG_STRING": "「気を逸らしてはだめ。さあ、力を放って！」"
			},
			{
				"TYPE": "ZM",
				"ID": 826142,
				"STRING": "見えざる力が俺の腕を動かした。",
				"ENG_STRING": "見えざる力が俺の腕を動かした。"
			},
			{
				"TYPE": "ZM",
				"ID": 826143,
				"STRING": "一瞬、鎖のようなものがすばやく飛び交ったように見えた。",
				"ENG_STRING": "一瞬、鎖のようなものがすばやく飛び交ったように見えた。"
			},
			{
				"TYPE": "ZM",
				"ID": 826144,
				"NAME": "アンデル",
				"ENG_NAME": "アンデル",
				"STRING": "「魂の魔術の干渉が、完全に消えたわ」",
				"ENG_STRING": "「魂の魔術の干渉が、完全に消えたわ」"
			},
			{
				"TYPE": "ZM",
				"ID": 826145,
				"STRING": "光の球体は、確かに何かに縛られている様子だった。",
				"ENG_STRING": "光の球体は、確かに何かに縛られている様子だった。"
			},
			{
				"TYPE": "ZM",
				"ID": 826146,
				"STRING": "俺は札を投げ、再び封印の言葉を口にする。",
				"ENG_STRING": "俺は札を投げ、再び封印の言葉を口にする。"
			},
			{
				"TYPE": "ZM",
				"ID": 826147,
				"NAME": "三厳",
				"ENG_NAME": "三厳",
				"STRING": "「……刻を、止めよ！」",
				"ENG_STRING": "「……刻を、止めよ！」"
			},
			{
				"TYPE": "ZM",
				"ID": 826148,
				"STRING": "視界が閃光に飲まれて真っ白になる。",
				"ENG_STRING": "視界が閃光に飲まれて真っ白になる。"
			},
			{
				"TYPE": "ZM",
				"ID": 826149,
				"STRING": "俺は隣に立つリトに手をのばした。",
				"ENG_STRING": "俺は隣に立つリトに手をのばした。"
			},
			{
				"TYPE": "ZM",
				"ID": 826150,
				"STRING": "そこに、間違いなくリトは立っていた。",
				"ENG_STRING": "そこに、間違いなくリトは立っていた。"
			},
			{
				"TYPE": "ZM",
				"ID": 826151,
				"STRING": "ゆっくりと、視界がいつもの光景を映しはじめ――",
				"ENG_STRING": "ゆっくりと、視界がいつもの光景を映しはじめ――"
			},
			{
				"TYPE": "ZM",
				"ID": 826152,
				"NAME": "リト",
				"ENG_NAME": "リト",
				"STRING": "「封印、成功したようね」",
				"ENG_STRING": "「封印、成功したようね」"
			},
			{
				"TYPE": "ZM",
				"ID": 826153,
				"STRING": "近づいてみると、光の球体はなくなり、代わりに小さな指輪が転がっていた。",
				"ENG_STRING": "近づいてみると、光の球体はなくなり、代わりに小さな指輪が転がっていた。"
			},
			{
				"TYPE": "ZM",
				"ID": 826154,
				"STRING": "これが『遺品』の本当の姿だったのだ。",
				"ENG_STRING": "これが『遺品』の本当の姿だったのだ。"
			},
			{
				"TYPE": "ZM",
				"ID": 826155,
				"NAME": "百花",
				"ENG_NAME": "百花",
				"STRING": "「だいじょおぶー！？」",
				"ENG_STRING": "「だいじょおぶー！？」"
			},
			{
				"TYPE": "ZM",
				"ID": 826156,
				"NAME": "百花",
				"ENG_NAME": "百花",
				"STRING": "「さっき、すごい魔術波を感じたって聞いたの！　だからもお心配で心配で……ああよかった」@n",
				"ENG_STRING": "「さっき、すごい魔術波を感じたって聞いたの！　だからもお心配で心配で……ああよかった」@n"
			},
			{
				"TYPE": "ZM",
				"ID": 826369,
				"NAME": "三厳",
				"ENG_NAME": "三厳",
				"STRING": "「リトが手助けしてくれたから、なんとかなったんだ」",
				"ENG_STRING": "「リトが手助けしてくれたから、なんとかなったんだ」"
			},
			{
				"TYPE": "ZM",
				"ID": 826370,
				"NAME": "百花",
				"ENG_NAME": "百花",
				"STRING": "「リト……え！？　リト、ここにいたの！？」@n",
				"ENG_STRING": "「リト……え！？　リト、ここにいたの！？」@n"
			},
			{
				"TYPE": "ZM",
				"ID": 826625,
				"STRING": "もも先輩は心底びっくりした顔で、リトを見つめていた。",
				"ENG_STRING": "もも先輩は心底びっくりした顔で、リトを見つめていた。"
			},
			{
				"TYPE": "ZM",
				"ID": 826626,
				"NAME": "三厳",
				"ENG_NAME": "三厳",
				"STRING": "「もも先輩？」",
				"ENG_STRING": "「もも先輩？」"
			},
			{
				"TYPE": "ZM",
				"ID": 826627,
				"NAME": "百花",
				"ENG_NAME": "百花",
				"STRING": "「ううん、なんでもない。め、珍しいなあって思って……あ」@n",
				"ENG_STRING": "「ううん、なんでもない。め、珍しいなあって思って……あ」@n"
			},
			{
				"TYPE": "ZM",
				"ID": 826881,
				"NAME": "百花",
				"ENG_NAME": "百花",
				"STRING": "「案外いいかも！　うん。久我とリト、コンビで封印したらどう？　リトの知識と久我の魔力。結構最強かもしれない！！　うんうんっ！」@n",
				"ENG_STRING": "「案外いいかも！　うん。久我とリト、コンビで封印したらどう？　リトの知識と久我の魔力。結構最強かもしれない！！　うんうんっ！」@n"
			},
			{
				"TYPE": "ZM",
				"ID": 827137,
				"NAME": "三厳",
				"ENG_NAME": "三厳",
				"STRING": "「ちょ、ちょっと待って、もも先輩」",
				"ENG_STRING": "「ちょ、ちょっと待って、もも先輩」"
			},
			{
				"TYPE": "ZM",
				"ID": 827138,
				"STRING": "俺が止めるよりも先に、もも先輩は走り出していた。",
				"ENG_STRING": "俺が止めるよりも先に、もも先輩は走り出していた。"
			},
			{
				"TYPE": "ZM",
				"ID": 827139,
				"NAME": "百花",
				"ENG_NAME": "百花",
				"STRING": "「さっそくー、学園長に、報告してくるねええー！」",
				"ENG_STRING": "「さっそくー、学園長に、報告してくるねええー！」"
			},
			{
				"TYPE": "ZM",
				"ID": 827140,
				"NAME": "三厳",
				"ENG_NAME": "三厳",
				"STRING": "「ああ……また……リト、ごめんな」",
				"ENG_STRING": "「ああ……また……リト、ごめんな」"
			},
			{
				"TYPE": "ZM",
				"ID": 827141,
				"NAME": "リト",
				"ENG_NAME": "リト",
				"STRING": "「何についての、謝罪？」",
				"ENG_STRING": "「何についての、謝罪？」"
			},
			{
				"TYPE": "ZM",
				"ID": 827142,
				"NAME": "三厳",
				"ENG_NAME": "三厳",
				"STRING": "「なんだか、巻き込んでしまったからさ」",
				"ENG_STRING": "「なんだか、巻き込んでしまったからさ」"
			},
			{
				"TYPE": "ZM",
				"ID": 827143,
				"NAME": "リト",
				"ENG_NAME": "リト",
				"STRING": "「聖護院百花の分析は、かなり正しいと思うわ。^『蝕』の前後は何が起こるかわからないから」",
				"ENG_STRING": "「聖護院百花の分析は、かなり正しいと思うわ。^『蝕』の前後は何が起こるかわからないから」"
			},
			{
				"TYPE": "ZM",
				"ID": 827144,
				"NAME": "三厳",
				"ENG_NAME": "三厳",
				"STRING": "「それって……ＯＫってことなのか」",
				"ENG_STRING": "「それって……ＯＫってことなのか」"
			},
			{
				"TYPE": "ZM",
				"ID": 827145,
				"NAME": "リト",
				"ENG_NAME": "リト",
				"STRING": "「対策案としては、とても良いことね」",
				"ENG_STRING": "「対策案としては、とても良いことね」"
			},
			{
				"TYPE": "ZM",
				"ID": 827146,
				"STRING": "こうして、俺とリトが初めて一緒に『遺品』を封印した日は終わった。",
				"ENG_STRING": "こうして、俺とリトが初めて一緒に『遺品』を封印した日は終わった。"
			},
			{
				"TYPE": "ZM",
				"ID": 827147,
				"STRING": "そして、リトとともに駆け巡る日が、始まったのだ。",
				"ENG_STRING": "そして、リトとともに駆け巡る日が、始まったのだ。"
			},
			{
				"TYPE": "ZM",
				"ID": 827148,
				"STRING": "もう放課後に、図書館へ足を運ぶことは、俺にとって当たり前になりつつあった。",
				"ENG_STRING": "もう放課後に、図書館へ足を運ぶことは、俺にとって当たり前になりつつあった。"
			},
			{
				"TYPE": "ZM",
				"ID": 827149,
				"STRING": "だいぶ慣れてきたせいか、分厚くて読みづらい魔術書を前にしてもげんなりすることは少なくなってきている。",
				"ENG_STRING": "だいぶ慣れてきたせいか、分厚くて読みづらい魔術書を前にしてもげんなりすることは少なくなってきている。"
			},
			{
				"TYPE": "ZM",
				"ID": 827150,
				"NAME": "リト",
				"ENG_NAME": "リト",
				"STRING": "「こんにちは」",
				"ENG_STRING": "「こんにちは」"
			},
			{
				"TYPE": "ZM",
				"ID": 827151,
				"NAME": "三厳",
				"ENG_NAME": "三厳",
				"STRING": "「今日もよろしくな」",
				"ENG_STRING": "「今日もよろしくな」"
			},
			{
				"TYPE": "ZM",
				"ID": 827152,
				"NAME": "リト",
				"ENG_NAME": "リト",
				"STRING": "「ええ。今日こそ一冊読み終えられるといいのだけど……」",
				"ENG_STRING": "「ええ。今日こそ一冊読み終えられるといいのだけど……」"
			},
			{
				"TYPE": "ZM",
				"ID": 827153,
				"STRING": "リトがわずかに苦笑する。",
				"ENG_STRING": "リトがわずかに苦笑する。"
			},
			{
				"TYPE": "ZM",
				"ID": 827154,
				"STRING": "俺も同じ表情を浮かべるしかない。",
				"ENG_STRING": "俺も同じ表情を浮かべるしかない。"
			},
			{
				"TYPE": "ZM",
				"ID": 827155,
				"STRING": "ここ数日、『遺品』が発生することが続いていて、俺とリトは何度も封印のため奔走していた。",
				"ENG_STRING": "ここ数日、『遺品』が発生することが続いていて、俺とリトは何度も封印のため奔走していた。"
			},
			{
				"TYPE": "ZM",
				"ID": 827156,
				"NAME": "三厳",
				"ENG_NAME": "三厳",
				"STRING": "「本当にそうだよな――って」@n",
				"ENG_STRING": "「本当にそうだよな――って」@n"
			},
			{
				"TYPE": "ZM",
				"ID": 827157,
				"STRING": "その瞬間、聞こえてきたのは駆け寄ってくる足音だった。",
				"ENG_STRING": "その瞬間、聞こえてきたのは駆け寄ってくる足音だった。"
			},
			{
				"TYPE": "ZM",
				"ID": 827158,
				"STRING": "どうやら今日も、勉強どころではないようだ。",
				"ENG_STRING": "どうやら今日も、勉強どころではないようだ。"
			},
			{
				"TYPE": "ZM",
				"ID": 827159,
				"NAME": "二人",
				"ENG_NAME": "二人",
				"STRING": "「おー！　いたいた！　良かったあ〜」@n",
				"ENG_STRING": "「おー！　いたいた！　良かったあ〜」@n"
			},
			{
				"TYPE": "ZM",
				"ID": 827393,
				"NAME": "一",
				"ENG_NAME": "一",
				"STRING": "「ちぃ、ちちちちっ」",
				"ENG_STRING": "「ちぃ、ちちちちっ」"
			},
			{
				"TYPE": "ZM",
				"ID": 827394,
				"NAME": "三厳",
				"ENG_NAME": "三厳",
				"STRING": "「が、学園長！？」",
				"ENG_STRING": "「が、学園長！？」"
			},
			{
				"TYPE": "ZM",
				"ID": 827395,
				"STRING": "学園長が直接やってくるなんて。",
				"ENG_STRING": "学園長が直接やってくるなんて。"
			},
			{
				"TYPE": "ZM",
				"ID": 827396,
				"STRING": "俺は首を傾げつつ、椅子から立ち上がった。",
				"ENG_STRING": "俺は首を傾げつつ、椅子から立ち上がった。"
			},
			{
				"TYPE": "ZM",
				"ID": 827397,
				"NAME": "三厳",
				"ENG_NAME": "三厳",
				"STRING": "「どうして学園長が、わざわざここに？」",
				"ENG_STRING": "「どうして学園長が、わざわざここに？」"
			},
			{
				"TYPE": "ZM",
				"ID": 827398,
				"NAME": "二人",
				"ENG_NAME": "二人",
				"STRING": "「いやあ、私が頼んだ用事で聖護院さんや風紀委員の子たちが出払っていてね。まったく困ったタイミングだよ」@n",
				"ENG_STRING": "「いやあ、私が頼んだ用事で聖護院さんや風紀委員の子たちが出払っていてね。まったく困ったタイミングだよ」@n"
			},
			{
				"TYPE": "ZM",
				"ID": 827649,
				"NAME": "三厳",
				"ENG_NAME": "三厳",
				"STRING": "「『遺品』が現れたんですか」",
				"ENG_STRING": "「『遺品』が現れたんですか」"
			},
			{
				"TYPE": "ZM",
				"ID": 827650,
				"NAME": "二人",
				"ENG_NAME": "二人",
				"STRING": "「正解〜！　目撃した子の話だと、見てくれはうさぎの形のぬいぐるみらしい」@n",
				"ENG_STRING": "「正解〜！　目撃した子の話だと、見てくれはうさぎの形のぬいぐるみらしい」@n"
			},
			{
				"TYPE": "ZM",
				"ID": 827905,
				"NAME": "三厳",
				"ENG_NAME": "三厳",
				"STRING": "「ぬいぐるみ型の遺品なんてあったのか」",
				"ENG_STRING": "「ぬいぐるみ型の遺品なんてあったのか」"
			},
			{
				"TYPE": "ZM",
				"ID": 827906,
				"STRING": "俺がそう呟くと、学園長は『そうではない』と手早くそのぬいぐるみについての情報を説明してくれた。",
				"ENG_STRING": "俺がそう呟くと、学園長は『そうではない』と手早くそのぬいぐるみについての情報を説明してくれた。"
			},
			{
				"TYPE": "ZM",
				"ID": 827907,
				"STRING": "ぬいぐるみ自体は卒業生の忘れ物であって遺品そのものではない、と。",
				"ENG_STRING": "ぬいぐるみ自体は卒業生の忘れ物であって遺品そのものではない、と。"
			},
			{
				"TYPE": "ZM",
				"ID": 827908,
				"NAME": "二人",
				"ENG_NAME": "二人",
				"STRING": "「『遺品』に影響された生徒のほうは私でなんとか手配した。大事になるまえにちゃちゃっと封印に向かってくれるね？」",
				"ENG_STRING": "「『遺品』に影響された生徒のほうは私でなんとか手配した。大事になるまえにちゃちゃっと封印に向かってくれるね？」"
			},
			{
				"TYPE": "ZM",
				"ID": 827909,
				"NAME": "三厳",
				"ENG_NAME": "三厳",
				"STRING": "「ちゃちゃっとって……まあ、わかりました」",
				"ENG_STRING": "「ちゃちゃっとって……まあ、わかりました」"
			},
			{
				"TYPE": "ZM",
				"ID": 827910,
				"NAME": "二人",
				"ENG_NAME": "二人",
				"STRING": "「うむ！　東寮の屋上にいるらしいから、よろしく頼むよ〜」@n",
				"ENG_STRING": "「うむ！　東寮の屋上にいるらしいから、よろしく頼むよ〜」@n"
			},
			{
				"TYPE": "ZM",
				"ID": 828161,
				"NAME": "一",
				"ENG_NAME": "一",
				"STRING": "「ちっちちちー！」",
				"ENG_STRING": "「ちっちちちー！」"
			},
			{
				"TYPE": "ZM",
				"ID": 828162,
				"STRING": "やってきた時と同じく、学園長は嵐のように立ち去っていった。",
				"ENG_STRING": "やってきた時と同じく、学園長は嵐のように立ち去っていった。"
			},
			{
				"TYPE": "ZM",
				"ID": 828163,
				"NAME": "リト",
				"ENG_NAME": "リト",
				"STRING": "「東寮の屋上……行きましょう」@n",
				"ENG_STRING": "「東寮の屋上……行きましょう」@n"
			},
			{
				"TYPE": "ZM",
				"ID": 828164,
				"NAME": "三厳",
				"ENG_NAME": "三厳",
				"STRING": "「ああ、やっかいなヤツじゃないといいな」",
				"ENG_STRING": "「ああ、やっかいなヤツじゃないといいな」"
			},
			{
				"TYPE": "ZM",
				"ID": 828165,
				"STRING": "リトとともに現場にかけつけると、物陰からひょっこりと顔を出すぬいぐるみがいた。",
				"ENG_STRING": "リトとともに現場にかけつけると、物陰からひょっこりと顔を出すぬいぐるみがいた。"
			},
			{
				"TYPE": "ZM",
				"ID": 828166,
				"STRING": "どうやらあれが今回の『遺品』らしい。",
				"ENG_STRING": "どうやらあれが今回の『遺品』らしい。"
			},
			{
				"TYPE": "ZM",
				"ID": 828167,
				"NAME": null,
				"ENG_NAME": null,
				"STRING": "――イタイ、イタイ。イッショ。",
				"ENG_STRING": "――イタイ、イタイ。イッショ。"
			},
			{
				"TYPE": "ZM",
				"ID": 828168,
				"NAME": "三厳",
				"ENG_NAME": "三厳",
				"STRING": "「うわっ！」@n",
				"ENG_STRING": "「うわっ！」@n"
			},
			{
				"TYPE": "ZM",
				"ID": 828169,
				"STRING": "『遺品』の叫び声は、まるで超音波みたいだった。",
				"ENG_STRING": "『遺品』の叫び声は、まるで超音波みたいだった。"
			},
			{
				"TYPE": "ZM",
				"ID": 828170,
				"STRING": "鼓膜どころか、脳みそまで揺さぶられる感覚が走った。",
				"ENG_STRING": "鼓膜どころか、脳みそまで揺さぶられる感覚が走った。"
			},
			{
				"TYPE": "ZM",
				"ID": 828171,
				"NAME": null,
				"ENG_NAME": null,
				"STRING": "――アレモ、コレモ、ソバニイテヨ。",
				"ENG_STRING": "――アレモ、コレモ、ソバニイテヨ。"
			},
			{
				"TYPE": "ZM",
				"ID": 828172,
				"NAME": "リト",
				"ENG_NAME": "リト",
				"STRING": "「久我君！」",
				"ENG_STRING": "「久我君！」"
			},
			{
				"TYPE": "ZM",
				"ID": 828173,
				"NAME": "三厳",
				"ENG_NAME": "三厳",
				"STRING": "「やべっ」",
				"ENG_STRING": "「やべっ」"
			},
			{
				"TYPE": "ZM",
				"ID": 828174,
				"STRING": "リトの頭をかばいつつ、その場に伏せる。",
				"ENG_STRING": "リトの頭をかばいつつ、その場に伏せる。"
			},
			{
				"TYPE": "ZM",
				"ID": 828175,
				"STRING": "勢いよく飛んできたのはリボンやブローチといった細々したものだった。",
				"ENG_STRING": "勢いよく飛んできたのはリボンやブローチといった細々したものだった。"
			},
			{
				"TYPE": "ZM",
				"ID": 828176,
				"STRING": "ぬいぐるみは、柔らかい手足を器用に使い、それらを自分の身につけていった。",
				"ENG_STRING": "ぬいぐるみは、柔らかい手足を器用に使い、それらを自分の身につけていった。"
			},
			{
				"TYPE": "ZM",
				"ID": 828177,
				"NAME": "三厳",
				"ENG_NAME": "三厳",
				"STRING": "「……ぱっと見は可愛い見た目だけど、やばいな」",
				"ENG_STRING": "「……ぱっと見は可愛い見た目だけど、やばいな」"
			},
			{
				"TYPE": "ZM",
				"ID": 828178,
				"NAME": "リト",
				"ENG_NAME": "リト",
				"STRING": "「あの人形はただのもの。中に宿っている『遺品』がこれらを起こしているの」",
				"ENG_STRING": "「あの人形はただのもの。中に宿っている『遺品』がこれらを起こしているの」"
			},
			{
				"TYPE": "ZM",
				"ID": 828179,
				"NAME": "三厳",
				"ENG_NAME": "三厳",
				"STRING": "「一体なんのために、ガラクタ集めてるんだ」",
				"ENG_STRING": "「一体なんのために、ガラクタ集めてるんだ」"
			},
			{
				"TYPE": "ZM",
				"ID": 828180,
				"NAME": "リト",
				"ENG_NAME": "リト",
				"STRING": "「それは起動させた人間でないとわからないわ。でもきっと、一番欲しているものが手に入るまで止まらない」@n",
				"ENG_STRING": "「それは起動させた人間でないとわからないわ。でもきっと、一番欲しているものが手に入るまで止まらない」@n"
			},
			{
				"TYPE": "ZM",
				"ID": 828181,
				"STRING": "俺は学園長の言葉を思い出した。",
				"ENG_STRING": "俺は学園長の言葉を思い出した。"
			},
			{
				"TYPE": "ZM",
				"ID": 828182,
				"STRING": "あのぬいぐるみは、ここを卒業した生徒の忘れ物だと。",
				"ENG_STRING": "あのぬいぐるみは、ここを卒業した生徒の忘れ物だと。"
			},
			{
				"TYPE": "ZM",
				"ID": 828183,
				"STRING": "もし、『遺品』があのぬいぐるみに込められた思いとシンクロしていたとしたら……",
				"ENG_STRING": "もし、『遺品』があのぬいぐるみに込められた思いとシンクロしていたとしたら……"
			},
			{
				"TYPE": "ZM",
				"ID": 828184,
				"NAME": "三厳",
				"ENG_NAME": "三厳",
				"STRING": "「最後に、持ち主だった人を呼び寄せてしまうってことか」",
				"ENG_STRING": "「最後に、持ち主だった人を呼び寄せてしまうってことか」"
			},
			{
				"TYPE": "ZM",
				"ID": 828185,
				"NAME": "リト",
				"ENG_NAME": "リト",
				"STRING": "「そのままならいい。けれどあの『遺品』は魂を食べる性質を持っているの」",
				"ENG_STRING": "「そのままならいい。けれどあの『遺品』は魂を食べる性質を持っているの」"
			},
			{
				"TYPE": "ZM",
				"ID": 828186,
				"NAME": "三厳",
				"ENG_NAME": "三厳",
				"STRING": "「わかった。じゃあとっとと片づけるか」@n",
				"ENG_STRING": "「わかった。じゃあとっとと片づけるか」@n"
			},
			{
				"TYPE": "ZM",
				"ID": 828187,
				"STRING": "リトが『遺品』の特徴を分析し、俺に教えてくれる。",
				"ENG_STRING": "リトが『遺品』の特徴を分析し、俺に教えてくれる。"
			},
			{
				"TYPE": "ZM",
				"ID": 828188,
				"STRING": "ぬいぐるみに引き寄せられて飛んでくる物にさえ注意すれば、今回の封印は難しくなさそうだ。",
				"ENG_STRING": "ぬいぐるみに引き寄せられて飛んでくる物にさえ注意すれば、今回の封印は難しくなさそうだ。"
			},
			{
				"TYPE": "ZM",
				"ID": 828189,
				"NAME": "三厳",
				"ENG_NAME": "三厳",
				"STRING": "「リト、怪我しないようにな」",
				"ENG_STRING": "「リト、怪我しないようにな」"
			},
			{
				"TYPE": "ZM",
				"ID": 828190,
				"NAME": "リト",
				"ENG_NAME": "リト",
				"STRING": "「わかったわ」",
				"ENG_STRING": "「わかったわ」"
			},
			{
				"TYPE": "ZM",
				"ID": 828191,
				"STRING": "少しずつ距離をつめて、封印に必要な札を思い切り投げつける。",
				"ENG_STRING": "少しずつ距離をつめて、封印に必要な札を思い切り投げつける。"
			},
			{
				"TYPE": "ZM",
				"ID": 828192,
				"STRING": "幸いなことに、一発でぬいぐるみの背中にぴたりと貼りついてくれた。",
				"ENG_STRING": "幸いなことに、一発でぬいぐるみの背中にぴたりと貼りついてくれた。"
			},
			{
				"TYPE": "ZM",
				"ID": 828193,
				"NAME": null,
				"ENG_NAME": null,
				"STRING": "――コレハ、イラナイ、イラナイ！",
				"ENG_STRING": "――コレハ、イラナイ、イラナイ！"
			},
			{
				"TYPE": "ZM",
				"ID": 828194,
				"NAME": "三厳",
				"ENG_NAME": "三厳",
				"STRING": "「……うっ、耳やられそうだな」",
				"ENG_STRING": "「……うっ、耳やられそうだな」"
			},
			{
				"TYPE": "ZM",
				"ID": 828195,
				"NAME": null,
				"ENG_NAME": null,
				"STRING": "――オイテカナイデ、イッショ、イタイ！",
				"ENG_STRING": "――オイテカナイデ、イッショ、イタイ！"
			},
			{
				"TYPE": "ZM",
				"ID": 828196,
				"NAME": "三厳",
				"ENG_NAME": "三厳",
				"STRING": "「我が血と言霊とともに古き盟約の札にて命じる！」",
				"ENG_STRING": "「我が血と言霊とともに古き盟約の札にて命じる！」"
			},
			{
				"TYPE": "ZM",
				"ID": 828197,
				"NAME": "三厳",
				"ENG_NAME": "三厳",
				"STRING": "「……刻を、止めよ！」",
				"ENG_STRING": "「……刻を、止めよ！」"
			},
			{
				"TYPE": "ZM",
				"ID": 828198,
				"NAME": null,
				"ENG_NAME": null,
				"STRING": "――オイテカナイデ！",
				"ENG_STRING": "――オイテカナイデ！"
			},
			{
				"TYPE": "ZM",
				"ID": 828199,
				"NAME": "リト",
				"ENG_NAME": "リト",
				"STRING": "「……っ」",
				"ENG_STRING": "「……っ」"
			},
			{
				"TYPE": "ZM",
				"ID": 828200,
				"STRING": "ぱたり、とぬいぐるみが倒れた。",
				"ENG_STRING": "ぱたり、とぬいぐるみが倒れた。"
			},
			{
				"TYPE": "ZM",
				"ID": 828201,
				"STRING": "さっきまで辺りに張りつめていた『遺品』の空気はもうどこにもない。",
				"ENG_STRING": "さっきまで辺りに張りつめていた『遺品』の空気はもうどこにもない。"
			},
			{
				"TYPE": "ZM",
				"ID": 828202,
				"NAME": "三厳",
				"ENG_NAME": "三厳",
				"STRING": "「成功したな」",
				"ENG_STRING": "「成功したな」"
			},
			{
				"TYPE": "ZM",
				"ID": 828203,
				"NAME": "リト",
				"ENG_NAME": "リト",
				"STRING": "「そうね……」",
				"ENG_STRING": "「そうね……」"
			},
			{
				"TYPE": "ZM",
				"ID": 828204,
				"STRING": "リトは地面に転がるぬいぐるみを不意に抱きあげた。",
				"ENG_STRING": "リトは地面に転がるぬいぐるみを不意に抱きあげた。"
			},
			{
				"TYPE": "ZM",
				"ID": 828205,
				"STRING": "封印さえ施せば、ただの古ぼけたぬいぐるみだ。",
				"ENG_STRING": "封印さえ施せば、ただの古ぼけたぬいぐるみだ。"
			},
			{
				"TYPE": "ZM",
				"ID": 828206,
				"NAME": "三厳",
				"ENG_NAME": "三厳",
				"STRING": "「それは念のため回収して、学園長にでも調査してもらうか」",
				"ENG_STRING": "「それは念のため回収して、学園長にでも調査してもらうか」"
			},
			{
				"TYPE": "ZM",
				"ID": 828207,
				"STRING": "ふわりと、涼しい風が屋上を駆け抜けた。",
				"ENG_STRING": "ふわりと、涼しい風が屋上を駆け抜けた。"
			},
			{
				"TYPE": "ZM",
				"ID": 828208,
				"STRING": "リトは帽子を押さえて、空を仰いだ。",
				"ENG_STRING": "リトは帽子を押さえて、空を仰いだ。"
			},
			{
				"TYPE": "ZM",
				"ID": 828209,
				"NAME": "リト",
				"ENG_NAME": "リト",
				"STRING": "「……空、こんな色をしていたの」",
				"ENG_STRING": "「……空、こんな色をしていたの」"
			},
			{
				"TYPE": "ZM",
				"ID": 828210,
				"NAME": "三厳",
				"ENG_NAME": "三厳",
				"STRING": "「もうすぐ日が暮れるな」",
				"ENG_STRING": "「もうすぐ日が暮れるな」"
			},
			{
				"TYPE": "ZM",
				"ID": 828211,
				"NAME": "リト",
				"ENG_NAME": "リト",
				"STRING": "「私の知っている中で、一番綺麗と思う色よ」",
				"ENG_STRING": "「私の知っている中で、一番綺麗と思う色よ」"
			},
			{
				"TYPE": "ZM",
				"ID": 828212,
				"STRING": "頭上は見事な茜色に染まっている。",
				"ENG_STRING": "頭上は見事な茜色に染まっている。"
			},
			{
				"TYPE": "ZM",
				"ID": 828213,
				"STRING": "リトは黙ったまま、ずっと空の色を見つめ続けた。",
				"ENG_STRING": "リトは黙ったまま、ずっと空の色を見つめ続けた。"
			},
			{
				"TYPE": "ZM",
				"ID": 828214,
				"STRING": "俺はそんなリトを見ながら……リトの瞳がこの夕空に似ていることに気付いた。",
				"ENG_STRING": "俺はそんなリトを見ながら……リトの瞳がこの夕空に似ていることに気付いた。"
			}
		]
	}
}