{
	"Rito_06": {
		"MESSAGES": [
			{
				"TYPE": "ZM",
				"ID": 830466,
				"STRING": "その日は、朝から時々背中に寒気を感じていた。",
				"ENG_STRING": "その日は、朝から時々背中に寒気を感じていた。"
			},
			{
				"TYPE": "ZM",
				"ID": 830467,
				"STRING": "昼すぎには顔のあたりがやけに熱く火照り始めた。",
				"ENG_STRING": "昼すぎには顔のあたりがやけに熱く火照り始めた。"
			},
			{
				"TYPE": "ZM",
				"ID": 830468,
				"STRING": "年に一度かかるかどうかというほどの、風邪にかかっていると気づいた時だった。",
				"ENG_STRING": "年に一度かかるかどうかというほどの、風邪にかかっていると気づいた時だった。"
			},
			{
				"TYPE": "ZM",
				"ID": 830469,
				"STRING": "教室中の声が歪んで聞こえて、視界がブラックアウトした。",
				"ENG_STRING": "教室中の声が歪んで聞こえて、視界がブラックアウトした。"
			},
			{
				"TYPE": "ZM",
				"ID": 830470,
				"NAME": "三厳",
				"ENG_NAME": "三厳",
				"STRING": "「……ん」@n",
				"ENG_STRING": "「……ん」@n"
			},
			{
				"TYPE": "ZM",
				"ID": 830471,
				"STRING": "目が覚めたのは、自分の部屋だった。",
				"ENG_STRING": "目が覚めたのは、自分の部屋だった。"
			},
			{
				"TYPE": "ZM",
				"ID": 830472,
				"STRING": "少し気怠かったけれど、不思議と不快感はない。",
				"ENG_STRING": "少し気怠かったけれど、不思議と不快感はない。"
			},
			{
				"TYPE": "ZM",
				"ID": 830473,
				"STRING": "額に手をやってみると、熱はまだあるのに汗はかいていなかった。",
				"ENG_STRING": "額に手をやってみると、熱はまだあるのに汗はかいていなかった。"
			},
			{
				"TYPE": "ZM",
				"ID": 830474,
				"NAME": "リト",
				"ENG_NAME": "リト",
				"STRING": "「目が覚めたようね」",
				"ENG_STRING": "「目が覚めたようね」"
			},
			{
				"TYPE": "ZM",
				"ID": 830475,
				"NAME": "三厳",
				"ENG_NAME": "三厳",
				"STRING": "「……え？」",
				"ENG_STRING": "「……え？」"
			},
			{
				"TYPE": "ZM",
				"ID": 830476,
				"STRING": "ふと視線を巡らせると、リトがベッドの傍らにいた。",
				"ENG_STRING": "ふと視線を巡らせると、リトがベッドの傍らにいた。"
			},
			{
				"TYPE": "ZM",
				"ID": 830477,
				"STRING": "手元には水の張った洗面器があって、リトはその中でタオルを絞っている。",
				"ENG_STRING": "手元には水の張った洗面器があって、リトはその中でタオルを絞っている。"
			},
			{
				"TYPE": "ZM",
				"ID": 830478,
				"NAME": "リト",
				"ENG_NAME": "リト",
				"STRING": "「やっと熱が下がりだしたようだわ。汗が止まったから」",
				"ENG_STRING": "「やっと熱が下がりだしたようだわ。汗が止まったから」"
			},
			{
				"TYPE": "ZM",
				"ID": 830479,
				"NAME": "三厳",
				"ENG_NAME": "三厳",
				"STRING": "「もしかして、ずっといてくれてたのか」",
				"ENG_STRING": "「もしかして、ずっといてくれてたのか」"
			},
			{
				"TYPE": "ZM",
				"ID": 830480,
				"STRING": "リトは冷たいタオルを俺の額に乗せてから、頷いた。@n",
				"ENG_STRING": "リトは冷たいタオルを俺の額に乗せてから、頷いた。@n"
			},
			{
				"TYPE": "ZM",
				"ID": 830721,
				"NAME": "リト",
				"ENG_NAME": "リト",
				"STRING": "「いつもの時間に来ないから、聖護院百花に聞いてみたの」",
				"ENG_STRING": "「いつもの時間に来ないから、聖護院百花に聞いてみたの」"
			},
			{
				"TYPE": "ZM",
				"ID": 830722,
				"NAME": "三厳",
				"ENG_NAME": "三厳",
				"STRING": "「ああ……俺いきなりぶっ倒れたのかな」",
				"ENG_STRING": "「ああ……俺いきなりぶっ倒れたのかな」"
			},
			{
				"TYPE": "ZM",
				"ID": 830723,
				"NAME": "リト",
				"ENG_NAME": "リト",
				"STRING": "「幸い近くにいたクラスメイトが支えてくれたそうよ。怪我はないわ」",
				"ENG_STRING": "「幸い近くにいたクラスメイトが支えてくれたそうよ。怪我はないわ」"
			},
			{
				"TYPE": "ZM",
				"ID": 830724,
				"NAME": "三厳",
				"ENG_NAME": "三厳",
				"STRING": "「そっか。めったに風邪なんて引かないのに、倒れるとはな」",
				"ENG_STRING": "「そっか。めったに風邪なんて引かないのに、倒れるとはな」"
			},
			{
				"TYPE": "ZM",
				"ID": 830725,
				"NAME": "リト",
				"ENG_NAME": "リト",
				"STRING": "「疲れていることもひとつ。それから、魔力による影響もあるかもしれないわね」",
				"ENG_STRING": "「疲れていることもひとつ。それから、魔力による影響もあるかもしれないわね」"
			},
			{
				"TYPE": "ZM",
				"ID": 830726,
				"NAME": "三厳",
				"ENG_NAME": "三厳",
				"STRING": "「えっ、そんなことってあるのかよ」@n",
				"ENG_STRING": "「えっ、そんなことってあるのかよ」@n"
			},
			{
				"TYPE": "ZM",
				"ID": 830727,
				"STRING": "驚いて思わず起き上がりそうになった俺を、リトが諌めた。",
				"ENG_STRING": "驚いて思わず起き上がりそうになった俺を、リトが諌めた。"
			},
			{
				"TYPE": "ZM",
				"ID": 830728,
				"NAME": "リト",
				"ENG_NAME": "リト",
				"STRING": "「熱が下がったとしても、まだ起きるのは良くないわ」",
				"ENG_STRING": "「熱が下がったとしても、まだ起きるのは良くないわ」"
			},
			{
				"TYPE": "ZM",
				"ID": 830729,
				"NAME": "三厳",
				"ENG_NAME": "三厳",
				"STRING": "「は、はい……」",
				"ENG_STRING": "「は、はい……」"
			},
			{
				"TYPE": "ZM",
				"ID": 830730,
				"STRING": "ここはリトの言う通りにしておこう。",
				"ENG_STRING": "ここはリトの言う通りにしておこう。"
			},
			{
				"TYPE": "ZM",
				"ID": 830731,
				"STRING": "再び体を横たえると、リトがおもむろに立ち上がった。",
				"ENG_STRING": "再び体を横たえると、リトがおもむろに立ち上がった。"
			},
			{
				"TYPE": "ZM",
				"ID": 830732,
				"NAME": "三厳",
				"ENG_NAME": "三厳",
				"STRING": "「……ん？」",
				"ENG_STRING": "「……ん？」"
			},
			{
				"TYPE": "ZM",
				"ID": 830733,
				"STRING": "リトはやや大きな鞄を持ってきているようだ。",
				"ENG_STRING": "リトはやや大きな鞄を持ってきているようだ。"
			},
			{
				"TYPE": "ZM",
				"ID": 830734,
				"STRING": "それを椅子の上で開け、何かを取り出している。",
				"ENG_STRING": "それを椅子の上で開け、何かを取り出している。"
			},
			{
				"TYPE": "ZM",
				"ID": 830735,
				"NAME": "三厳",
				"ENG_NAME": "三厳",
				"STRING": "「なにしてるの？」",
				"ENG_STRING": "「なにしてるの？」"
			},
			{
				"TYPE": "ZM",
				"ID": 830736,
				"NAME": "リト",
				"ENG_NAME": "リト",
				"STRING": "「熱が下がったから、次のものを作ろうと思っているの」",
				"ENG_STRING": "「熱が下がったから、次のものを作ろうと思っているの」"
			},
			{
				"TYPE": "ZM",
				"ID": 830737,
				"NAME": "三厳",
				"ENG_NAME": "三厳",
				"STRING": "「次？」",
				"ENG_STRING": "「次？」"
			},
			{
				"TYPE": "ZM",
				"ID": 830738,
				"STRING": "リトが取り出したのは、弁当箱ほどの木箱だった。",
				"ENG_STRING": "リトが取り出したのは、弁当箱ほどの木箱だった。"
			},
			{
				"TYPE": "ZM",
				"ID": 830739,
				"STRING": "何が入っているんだろう、と聞く前に……",
				"ENG_STRING": "何が入っているんだろう、と聞く前に……"
			},
			{
				"TYPE": "ZM",
				"ID": 830740,
				"NAME": "三厳",
				"ENG_NAME": "三厳",
				"STRING": "「えっえっ……リト、それ……なんだ」",
				"ENG_STRING": "「えっえっ……リト、それ……なんだ」"
			},
			{
				"TYPE": "ZM",
				"ID": 830741,
				"NAME": "リト",
				"ENG_NAME": "リト",
				"STRING": "「材料よ」",
				"ENG_STRING": "「材料よ」"
			},
			{
				"TYPE": "ZM",
				"ID": 830742,
				"STRING": "最初は、何かの葉っぱや枝のようなものが出てきていた。",
				"ENG_STRING": "最初は、何かの葉っぱや枝のようなものが出てきていた。"
			},
			{
				"TYPE": "ZM",
				"ID": 830743,
				"STRING": "だけど次第に雲行は怪しくなってくる。",
				"ENG_STRING": "だけど次第に雲行は怪しくなってくる。"
			},
			{
				"TYPE": "ZM",
				"ID": 830744,
				"STRING": "ずいぶんと足の多いシルエットや、小さなカエルの声が聞こえてきたのだ。",
				"ENG_STRING": "ずいぶんと足の多いシルエットや、小さなカエルの声が聞こえてきたのだ。"
			},
			{
				"TYPE": "ZM",
				"ID": 830745,
				"NAME": "三厳",
				"ENG_NAME": "三厳",
				"STRING": "「ちょっと待って、材料ってまさか……なあ」",
				"ENG_STRING": "「ちょっと待って、材料ってまさか……なあ」"
			},
			{
				"TYPE": "ZM",
				"ID": 830746,
				"NAME": "リト",
				"ENG_NAME": "リト",
				"STRING": "「薬よ。あまり匂いはしないように作れるから安心して」",
				"ENG_STRING": "「薬よ。あまり匂いはしないように作れるから安心して」"
			},
			{
				"TYPE": "ZM",
				"ID": 830747,
				"NAME": "三厳",
				"ENG_NAME": "三厳",
				"STRING": "「いやいや、飲むの？　本当に！？」@n",
				"ENG_STRING": "「いやいや、飲むの？　本当に！？」@n"
			},
			{
				"TYPE": "ZM",
				"ID": 830748,
				"STRING": "リトは俺の事などおかまいなしに、わけのわからない材料をどんどん混ぜはじめた。",
				"ENG_STRING": "リトは俺の事などおかまいなしに、わけのわからない材料をどんどん混ぜはじめた。"
			},
			{
				"TYPE": "ZM",
				"ID": 830749,
				"NAME": "リト",
				"ENG_NAME": "リト",
				"STRING": "「きちんと量も材料も守っているから。それに文献も確かなものよ」",
				"ENG_STRING": "「きちんと量も材料も守っているから。それに文献も確かなものよ」"
			},
			{
				"TYPE": "ZM",
				"ID": 830750,
				"STRING": "不満げな俺を納得させるように、リトは一冊の本を目の前に掲げた。",
				"ENG_STRING": "不満げな俺を納得させるように、リトは一冊の本を目の前に掲げた。"
			},
			{
				"TYPE": "ZM",
				"ID": 830751,
				"STRING": "魔術と植物に関する記述――というタイトルだろうか。",
				"ENG_STRING": "魔術と植物に関する記述――というタイトルだろうか。"
			},
			{
				"TYPE": "ZM",
				"ID": 830752,
				"STRING": "見るからに不吉そうな、毒でも染み込んでいそうな装丁だ。",
				"ENG_STRING": "見るからに不吉そうな、毒でも染み込んでいそうな装丁だ。"
			},
			{
				"TYPE": "ZM",
				"ID": 830753,
				"NAME": "三厳",
				"ENG_NAME": "三厳",
				"STRING": "「ありがたいけど……たぶんよく効くんだろうけど……さ」",
				"ENG_STRING": "「ありがたいけど……たぶんよく効くんだろうけど……さ」"
			},
			{
				"TYPE": "ZM",
				"ID": 830754,
				"NAME": "リト",
				"ENG_NAME": "リト",
				"STRING": "「ええ、とてもよく効いたようだわ」",
				"ENG_STRING": "「ええ、とてもよく効いたようだわ」"
			},
			{
				"TYPE": "ZM",
				"ID": 830755,
				"NAME": "三厳",
				"ENG_NAME": "三厳",
				"STRING": "「……え？」",
				"ENG_STRING": "「……え？」"
			},
			{
				"TYPE": "ZM",
				"ID": 830756,
				"STRING": "リトはベッドサイドを指さした。",
				"ENG_STRING": "リトはベッドサイドを指さした。"
			},
			{
				"TYPE": "ZM",
				"ID": 830757,
				"STRING": "そこにはひとつのカップが置かれている。",
				"ENG_STRING": "そこにはひとつのカップが置かれている。"
			},
			{
				"TYPE": "ZM",
				"ID": 830758,
				"STRING": "そっと覗いてみると……謎の生物の、小さな足が一つ残っていた。",
				"ENG_STRING": "そっと覗いてみると……謎の生物の、小さな足が一つ残っていた。"
			},
			{
				"TYPE": "ZM",
				"ID": 830759,
				"NAME": "リト",
				"ENG_NAME": "リト",
				"STRING": "「そっちは熱を下げるための調合だったの。古いレシピだけれど、効果が確実ね」",
				"ENG_STRING": "「そっちは熱を下げるための調合だったの。古いレシピだけれど、効果が確実ね」"
			},
			{
				"TYPE": "ZM",
				"ID": 830760,
				"STRING": "……確かに、熱は下がっている。",
				"ENG_STRING": "……確かに、熱は下がっている。"
			},
			{
				"TYPE": "ZM",
				"ID": 830761,
				"STRING": "下がっているけれど、少しばかり納得がいかなかった。",
				"ENG_STRING": "下がっているけれど、少しばかり納得がいかなかった。"
			},
			{
				"TYPE": "ZM",
				"ID": 830762,
				"NAME": "三厳",
				"ENG_NAME": "三厳",
				"STRING": "（はあ……味がわからなかっただけマシか）",
				"ENG_STRING": "（はあ……味がわからなかっただけマシか）"
			},
			{
				"TYPE": "ZM",
				"ID": 830763,
				"STRING": "こぽこぽと、湯が沸く音がした。",
				"ENG_STRING": "こぽこぽと、湯が沸く音がした。"
			},
			{
				"TYPE": "ZM",
				"ID": 830764,
				"STRING": "リトの横顔を見てみると、どことなく満足げだった。",
				"ENG_STRING": "リトの横顔を見てみると、どことなく満足げだった。"
			},
			{
				"TYPE": "ZM",
				"ID": 830765,
				"NAME": "リト",
				"ENG_NAME": "リト",
				"STRING": "「どうぞ。回復が早くなるわ」",
				"ENG_STRING": "「どうぞ。回復が早くなるわ」"
			},
			{
				"TYPE": "ZM",
				"ID": 830766,
				"NAME": "三厳",
				"ENG_NAME": "三厳",
				"STRING": "「う……うん、そうだな……」",
				"ENG_STRING": "「う……うん、そうだな……」"
			},
			{
				"TYPE": "ZM",
				"ID": 830767,
				"STRING": "カップを覗いてみると、幸い色味は真っ黒で中身がわからなかった。",
				"ENG_STRING": "カップを覗いてみると、幸い色味は真っ黒で中身がわからなかった。"
			},
			{
				"TYPE": "ZM",
				"ID": 830768,
				"STRING": "しかしあの過程を見ていると……やっぱりなかなか飲みづらい。",
				"ENG_STRING": "しかしあの過程を見ていると……やっぱりなかなか飲みづらい。"
			},
			{
				"TYPE": "ZM",
				"ID": 830769,
				"NAME": "リト",
				"ENG_NAME": "リト",
				"STRING": "「熱いかしら」",
				"ENG_STRING": "「熱いかしら」"
			},
			{
				"TYPE": "ZM",
				"ID": 830770,
				"NAME": "三厳",
				"ENG_NAME": "三厳",
				"STRING": "「いや、そうじゃないけれど」",
				"ENG_STRING": "「いや、そうじゃないけれど」"
			},
			{
				"TYPE": "ZM",
				"ID": 830771,
				"STRING": "俺が口ごもっていると、不意にリトがカップを口にやった。",
				"ENG_STRING": "俺が口ごもっていると、不意にリトがカップを口にやった。"
			},
			{
				"TYPE": "ZM",
				"ID": 830772,
				"NAME": "三厳",
				"ENG_NAME": "三厳",
				"STRING": "「え、ちょっと、リト！！」",
				"ENG_STRING": "「え、ちょっと、リト！！」"
			},
			{
				"TYPE": "ZM",
				"ID": 830773,
				"NAME": "リト",
				"ENG_NAME": "リト",
				"STRING": "「……こくこく」",
				"ENG_STRING": "「……こくこく」"
			},
			{
				"TYPE": "ZM",
				"ID": 830774,
				"STRING": "細い喉がふるふる揺れて、あの薬を飲みこんでゆく。",
				"ENG_STRING": "細い喉がふるふる揺れて、あの薬を飲みこんでゆく。"
			},
			{
				"TYPE": "ZM",
				"ID": 830775,
				"NAME": "リト",
				"ENG_NAME": "リト",
				"STRING": "「平気よ。どうぞ」",
				"ENG_STRING": "「平気よ。どうぞ」"
			},
			{
				"TYPE": "ZM",
				"ID": 830776,
				"STRING": "リトは自分の唇をつけたカップを俺のほうに再び差し出した。",
				"ENG_STRING": "リトは自分の唇をつけたカップを俺のほうに再び差し出した。"
			},
			{
				"TYPE": "ZM",
				"ID": 830777,
				"STRING": "ここまでされたら、飲むしかない。",
				"ENG_STRING": "ここまでされたら、飲むしかない。"
			},
			{
				"TYPE": "ZM",
				"ID": 830778,
				"NAME": "三厳",
				"ENG_NAME": "三厳",
				"STRING": "「いただき…ます」",
				"ENG_STRING": "「いただき…ます」"
			},
			{
				"TYPE": "ZM",
				"ID": 830779,
				"STRING": "俺は覚悟を決めて、一気にカップの中身を飲み干した。@n",
				"ENG_STRING": "俺は覚悟を決めて、一気にカップの中身を飲み干した。@n"
			},
			{
				"TYPE": "ZM",
				"ID": 830780,
				"NAME": "三厳",
				"ENG_NAME": "三厳",
				"STRING": "「うう……なんかちょっと、感触が……」",
				"ENG_STRING": "「うう……なんかちょっと、感触が……」"
			},
			{
				"TYPE": "ZM",
				"ID": 830781,
				"NAME": "リト",
				"ENG_NAME": "リト",
				"STRING": "「カップをいただくわ」",
				"ENG_STRING": "「カップをいただくわ」"
			},
			{
				"TYPE": "ZM",
				"ID": 830782,
				"NAME": "三厳",
				"ENG_NAME": "三厳",
				"STRING": "「そういえばさ、一杯目のやつって、俺どうやって飲んだんだ。結構な量みたいだけど……」@n",
				"ENG_STRING": "「そういえばさ、一杯目のやつって、俺どうやって飲んだんだ。結構な量みたいだけど……」@n"
			},
			{
				"TYPE": "ZM",
				"ID": 830783,
				"NAME": "リト",
				"ENG_NAME": "リト",
				"STRING": "「それは、意識のない状態で飲む方法を使ったの」",
				"ENG_STRING": "「それは、意識のない状態で飲む方法を使ったの」"
			},
			{
				"TYPE": "ZM",
				"ID": 830784,
				"NAME": "三厳",
				"ENG_NAME": "三厳",
				"STRING": "「なにそれ、どんな……」",
				"ENG_STRING": "「なにそれ、どんな……」"
			},
			{
				"TYPE": "ZM",
				"ID": 830785,
				"NAME": "リト",
				"ENG_NAME": "リト",
				"STRING": "「ここに図解があるわ」",
				"ENG_STRING": "「ここに図解があるわ」"
			},
			{
				"TYPE": "ZM",
				"ID": 830786,
				"STRING": "リトの開いたページには、思いっきり口移しをしている図があった。",
				"ENG_STRING": "リトの開いたページには、思いっきり口移しをしている図があった。"
			},
			{
				"TYPE": "ZM",
				"ID": 830787,
				"NAME": "三厳",
				"ENG_NAME": "三厳",
				"STRING": "@w3@h3「は、え、これを、したのか！？」@w0@h0@n",
				"ENG_STRING": "@w3@h3「は、え、これを、したのか！？」@w0@h0@n"
			},
			{
				"TYPE": "ZM",
				"ID": 830788,
				"NAME": "リト",
				"ENG_NAME": "リト",
				"STRING": "「そう。効率的だから」",
				"ENG_STRING": "「そう。効率的だから」"
			},
			{
				"TYPE": "ZM",
				"ID": 830789,
				"STRING": "顔が熱くなったのは、また熱が上がってきたからではないと思う。",
				"ENG_STRING": "顔が熱くなったのは、また熱が上がってきたからではないと思う。"
			},
			{
				"TYPE": "ZM",
				"ID": 830790,
				"NAME": "三厳",
				"ENG_NAME": "三厳",
				"STRING": "（なんだよ、そういうのが初めてってないよな……せめて意識がある時であってほしかった…）",
				"ENG_STRING": "（なんだよ、そういうのが初めてってないよな……せめて意識がある時であってほしかった…）"
			},
			{
				"TYPE": "ZM",
				"ID": 830791,
				"STRING": "そんなことを思ううちに、さっきの薬が効いてきたらしい。",
				"ENG_STRING": "そんなことを思ううちに、さっきの薬が効いてきたらしい。"
			},
			{
				"TYPE": "ZM",
				"ID": 830792,
				"NAME": "リト",
				"ENG_NAME": "リト",
				"STRING": "「あと一眠りで、きっとよくなるわ」",
				"ENG_STRING": "「あと一眠りで、きっとよくなるわ」"
			},
			{
				"TYPE": "ZM",
				"ID": 830793,
				"STRING": "体から力が抜けていく。",
				"ENG_STRING": "体から力が抜けていく。"
			},
			{
				"TYPE": "ZM",
				"ID": 830794,
				"NAME": "三厳",
				"ENG_NAME": "三厳",
				"STRING": "「確かにあの薬、効くみたいだな……」",
				"ENG_STRING": "「確かにあの薬、効くみたいだな……」"
			},
			{
				"TYPE": "ZM",
				"ID": 830795,
				"NAME": "リト",
				"ENG_NAME": "リト",
				"STRING": "「ふふ、調合に間違いはなかったもの」",
				"ENG_STRING": "「ふふ、調合に間違いはなかったもの」"
			},
			{
				"TYPE": "ZM",
				"ID": 830796,
				"STRING": "リトはそのまま、俺の部屋にいてくれた。",
				"ENG_STRING": "リトはそのまま、俺の部屋にいてくれた。"
			},
			{
				"TYPE": "ZM",
				"ID": 830797,
				"STRING": "ずっと座らせているわけにいかないといっても、リトは微笑むばかりだ。",
				"ENG_STRING": "ずっと座らせているわけにいかないといっても、リトは微笑むばかりだ。"
			},
			{
				"TYPE": "ZM",
				"ID": 830798,
				"STRING": "それどころか、緩やかな眠気に包まれた俺の傍らで、ずっと本を読みながら起きている。",
				"ENG_STRING": "それどころか、緩やかな眠気に包まれた俺の傍らで、ずっと本を読みながら起きている。"
			},
			{
				"TYPE": "ZM",
				"ID": 830799,
				"NAME": "三厳",
				"ENG_NAME": "三厳",
				"STRING": "（リト、いつ眠るんだよ……）",
				"ENG_STRING": "（リト、いつ眠るんだよ……）"
			},
			{
				"TYPE": "ZM",
				"ID": 830800,
				"STRING": "声にする前に瞼が重くなった。",
				"ENG_STRING": "声にする前に瞼が重くなった。"
			},
			{
				"TYPE": "ZM",
				"ID": 830801,
				"NAME": "三厳",
				"ENG_NAME": "三厳",
				"STRING": "（ずっとそばにいてくれて、ありがとな）",
				"ENG_STRING": "（ずっとそばにいてくれて、ありがとな）"
			},
			{
				"TYPE": "ZM",
				"ID": 830802,
				"STRING": "不思議と、リトは俺の心を読むように立ち上がって灯りを消した。",
				"ENG_STRING": "不思議と、リトは俺の心を読むように立ち上がって灯りを消した。"
			},
			{
				"TYPE": "ZM",
				"ID": 830803,
				"STRING": "本を読むのに必要なほどの小さなランプだけを残して、部屋の中は静かな闇に包まれていった。",
				"ENG_STRING": "本を読むのに必要なほどの小さなランプだけを残して、部屋の中は静かな闇に包まれていった。"
			},
			{
				"TYPE": "ZM",
				"ID": 830804,
				"STRING": "真夜中すぎ。",
				"ENG_STRING": "真夜中すぎ。"
			},
			{
				"TYPE": "ZM",
				"ID": 830805,
				"STRING": "金属が触れ合うような音に俺は目を覚ました。",
				"ENG_STRING": "金属が触れ合うような音に俺は目を覚ました。"
			},
			{
				"TYPE": "ZM",
				"ID": 830806,
				"NAME": "三厳",
				"ENG_NAME": "三厳",
				"STRING": "「リト、大丈夫か」",
				"ENG_STRING": "「リト、大丈夫か」"
			},
			{
				"TYPE": "ZM",
				"ID": 830807,
				"NAME": "リト",
				"ENG_NAME": "リト",
				"STRING": "「ええ。ずっとここにいたわ」",
				"ENG_STRING": "「ええ。ずっとここにいたわ」"
			},
			{
				"TYPE": "ZM",
				"ID": 830808,
				"NAME": "三厳",
				"ENG_NAME": "三厳",
				"STRING": "「――なんだ、今の音は」",
				"ENG_STRING": "「――なんだ、今の音は」"
			},
			{
				"TYPE": "ZM",
				"ID": 830809,
				"NAME": "リト",
				"ENG_NAME": "リト",
				"STRING": "「久我君、何かがおかしい気がする。これを見て」",
				"ENG_STRING": "「久我君、何かがおかしい気がする。これを見て」"
			},
			{
				"TYPE": "ZM",
				"ID": 830810,
				"STRING": "リトは持っていた魔術書を俺の前に掲げた。",
				"ENG_STRING": "リトは持っていた魔術書を俺の前に掲げた。"
			},
			{
				"TYPE": "ZM",
				"ID": 830811,
				"STRING": "なめした革でできた表紙に刻印されている文字が、かすかに震えているように見える。",
				"ENG_STRING": "なめした革でできた表紙に刻印されている文字が、かすかに震えているように見える。"
			},
			{
				"TYPE": "ZM",
				"ID": 830812,
				"NAME": "リト",
				"ENG_NAME": "リト",
				"STRING": "「この書物は植物学と魔術に優れた魔女の血が含まれているの」",
				"ENG_STRING": "「この書物は植物学と魔術に優れた魔女の血が含まれているの」"
			},
			{
				"TYPE": "ZM",
				"ID": 830813,
				"NAME": "三厳",
				"ENG_NAME": "三厳",
				"STRING": "「まさか、その血って……」",
				"ENG_STRING": "「まさか、その血って……」"
			},
			{
				"TYPE": "ZM",
				"ID": 830814,
				"NAME": "リト",
				"ENG_NAME": "リト",
				"STRING": "「ええ。魔女の血は半永久的にその命と力を宿しているわ」",
				"ENG_STRING": "「ええ。魔女の血は半永久的にその命と力を宿しているわ」"
			},
			{
				"TYPE": "ZM",
				"ID": 830815,
				"STRING": "魔女の血とやらが反応するということは――『遺品』が現れたのかもしれない。",
				"ENG_STRING": "魔女の血とやらが反応するということは――『遺品』が現れたのかもしれない。"
			},
			{
				"TYPE": "ZM",
				"ID": 830816,
				"STRING": "俺はベッドから立ち上がって、上着を羽織った。",
				"ENG_STRING": "俺はベッドから立ち上がって、上着を羽織った。"
			},
			{
				"TYPE": "ZM",
				"ID": 830817,
				"NAME": "リト",
				"ENG_NAME": "リト",
				"STRING": "「もう大丈夫なの？」",
				"ENG_STRING": "「もう大丈夫なの？」"
			},
			{
				"TYPE": "ZM",
				"ID": 830818,
				"NAME": "三厳",
				"ENG_NAME": "三厳",
				"STRING": "「ああ、リトの薬やっぱりすげーわ」@n",
				"ENG_STRING": "「ああ、リトの薬やっぱりすげーわ」@n"
			},
			{
				"TYPE": "ZM",
				"ID": 830819,
				"NAME": "リト",
				"ENG_NAME": "リト",
				"STRING": "「良かった…では、私も一緒に行くわね」@n",
				"ENG_STRING": "「良かった…では、私も一緒に行くわね」@n"
			},
			{
				"TYPE": "ZM",
				"ID": 830820,
				"STRING": "音のした方へ飛び出てみたが、何かが壊れた様子はなかった。",
				"ENG_STRING": "音のした方へ飛び出てみたが、何かが壊れた様子はなかった。"
			},
			{
				"TYPE": "ZM",
				"ID": 830821,
				"STRING": "こんな時間のせいか、人気もない。",
				"ENG_STRING": "こんな時間のせいか、人気もない。"
			},
			{
				"TYPE": "ZM",
				"ID": 830822,
				"STRING": "それは幸いだったが、もう一つ気になる点があった。",
				"ENG_STRING": "それは幸いだったが、もう一つ気になる点があった。"
			},
			{
				"TYPE": "ZM",
				"ID": 830823,
				"NAME": "三厳",
				"ENG_NAME": "三厳",
				"STRING": "「あれは、なんだ」",
				"ENG_STRING": "「あれは、なんだ」"
			},
			{
				"TYPE": "ZM",
				"ID": 830824,
				"NAME": "リト",
				"ENG_NAME": "リト",
				"STRING": "「魔力の軌跡……と呼んでいるものよ」",
				"ENG_STRING": "「魔力の軌跡……と呼んでいるものよ」"
			},
			{
				"TYPE": "ZM",
				"ID": 830825,
				"STRING": "巨大ななめくじが這った跡というのが、正しいかもしれない。",
				"ENG_STRING": "巨大ななめくじが這った跡というのが、正しいかもしれない。"
			},
			{
				"TYPE": "ZM",
				"ID": 830826,
				"STRING": "わずかに光る帯が、そこらじゅうに残っていたのだ。",
				"ENG_STRING": "わずかに光る帯が、そこらじゅうに残っていたのだ。"
			},
			{
				"TYPE": "ZM",
				"ID": 830827,
				"NAME": "リト",
				"ENG_NAME": "リト",
				"STRING": "「このタイプは、危険かもしれない。特殊型の『遺品』の特徴なの」",
				"ENG_STRING": "「このタイプは、危険かもしれない。特殊型の『遺品』の特徴なの」"
			},
			{
				"TYPE": "ZM",
				"ID": 830828,
				"STRING": "リトはやや緊張しながら、手短に遺品について教えてくれた。",
				"ENG_STRING": "リトはやや緊張しながら、手短に遺品について教えてくれた。"
			},
			{
				"TYPE": "ZM",
				"ID": 830829,
				"STRING": "どうやらここに現れた『遺品』は、いつものとは成り立ちが違うらしい。",
				"ENG_STRING": "どうやらここに現れた『遺品』は、いつものとは成り立ちが違うらしい。"
			},
			{
				"TYPE": "ZM",
				"ID": 830830,
				"NAME": "三厳",
				"ENG_NAME": "三厳",
				"STRING": "「なんでそんなのが、急に……」",
				"ENG_STRING": "「なんでそんなのが、急に……」"
			},
			{
				"TYPE": "ZM",
				"ID": 830831,
				"NAME": "リト",
				"ENG_NAME": "リト",
				"STRING": "「わからないわ。封印も厳重にしてあるのに……でも現れる理由は基本的には同じはず。『遺品』が持つ望みと同じものを、誰かが強く願った時よ」@n",
				"ENG_STRING": "「わからないわ。封印も厳重にしてあるのに……でも現れる理由は基本的には同じはず。『遺品』が持つ望みと同じものを、誰かが強く願った時よ」@n"
			},
			{
				"TYPE": "ZM",
				"ID": 830832,
				"STRING": "その時だった。",
				"ENG_STRING": "その時だった。"
			},
			{
				"TYPE": "ZM",
				"ID": 830833,
				"NAME": "三厳",
				"ENG_NAME": "三厳",
				"STRING": "「……くっ」@n",
				"ENG_STRING": "「……くっ」@n"
			},
			{
				"TYPE": "ZM",
				"ID": 830834,
				"NAME": "リト",
				"ENG_NAME": "リト",
				"STRING": "「いけない！！」@n",
				"ENG_STRING": "「いけない！！」@n"
			},
			{
				"TYPE": "ZM",
				"ID": 830835,
				"STRING": "どん、と体に衝撃が走った。",
				"ENG_STRING": "どん、と体に衝撃が走った。"
			},
			{
				"TYPE": "ZM",
				"ID": 830836,
				"STRING": "リトが思いきり俺の腰のあたりに飛び込んできたのだ。",
				"ENG_STRING": "リトが思いきり俺の腰のあたりに飛び込んできたのだ。"
			},
			{
				"TYPE": "ZM",
				"ID": 830837,
				"STRING": "一瞬よろけた時に、俺はそれを見た。",
				"ENG_STRING": "一瞬よろけた時に、俺はそれを見た。"
			},
			{
				"TYPE": "ZM",
				"ID": 830838,
				"NAME": "三厳",
				"ENG_NAME": "三厳",
				"STRING": "「リト、危ない……っ」",
				"ENG_STRING": "「リト、危ない……っ」"
			},
			{
				"TYPE": "ZM",
				"ID": 830839,
				"STRING": "耳鳴りのような金属音を出していたのは、ガラスの筒だった。",
				"ENG_STRING": "耳鳴りのような金属音を出していたのは、ガラスの筒だった。"
			},
			{
				"TYPE": "ZM",
				"ID": 830840,
				"STRING": "二の腕ほどのガラス管の中で、何かが揺れている。",
				"ENG_STRING": "二の腕ほどのガラス管の中で、何かが揺れている。"
			},
			{
				"TYPE": "ZM",
				"ID": 830841,
				"STRING": "目をこらすと――それは小さな芽を出している種だった。",
				"ENG_STRING": "目をこらすと――それは小さな芽を出している種だった。"
			},
			{
				"TYPE": "ZM",
				"ID": 830842,
				"NAME": "リト",
				"ENG_NAME": "リト",
				"STRING": "「……んっ」@n",
				"ENG_STRING": "「……んっ」@n"
			},
			{
				"TYPE": "ZM",
				"ID": 830843,
				"NAME": "三厳",
				"ENG_NAME": "三厳",
				"STRING": "「リトっ！！」",
				"ENG_STRING": "「リトっ！！」"
			},
			{
				"TYPE": "ZM",
				"ID": 830844,
				"STRING": "ガラス管は、リトの頭上で破裂した。",
				"ENG_STRING": "ガラス管は、リトの頭上で破裂した。"
			},
			{
				"TYPE": "ZM",
				"ID": 830845,
				"STRING": "まるで中から破裂したように、四方八方にガラスが飛び散る。",
				"ENG_STRING": "まるで中から破裂したように、四方八方にガラスが飛び散る。"
			},
			{
				"TYPE": "ZM",
				"ID": 830846,
				"STRING": "思わず閉ざした目を開けると、リトがその場で倒れていた。",
				"ENG_STRING": "思わず閉ざした目を開けると、リトがその場で倒れていた。"
			},
			{
				"TYPE": "ZM",
				"ID": 830847,
				"NAME": "三厳",
				"ENG_NAME": "三厳",
				"STRING": "「リト！！　怪我はないか！」",
				"ENG_STRING": "「リト！！　怪我はないか！」"
			},
			{
				"TYPE": "ZM",
				"ID": 830848,
				"STRING": "リトの背中に乗っていたガラスを払いのけ、慌てて抱きおこす。",
				"ENG_STRING": "リトの背中に乗っていたガラスを払いのけ、慌てて抱きおこす。"
			},
			{
				"TYPE": "ZM",
				"ID": 830849,
				"STRING": "ぱっと見た限り、転んだ時のかすり傷くらいしか見当たらなかった。",
				"ENG_STRING": "ぱっと見た限り、転んだ時のかすり傷くらいしか見当たらなかった。"
			},
			{
				"TYPE": "ZM",
				"ID": 830850,
				"NAME": "三厳",
				"ENG_NAME": "三厳",
				"STRING": "「良かった。リト…」",
				"ENG_STRING": "「良かった。リト…」"
			},
			{
				"TYPE": "ZM",
				"ID": 830851,
				"NAME": "リト",
				"ENG_NAME": "リト",
				"STRING": "「……ん……久我君こそ、指……切れているわ」@n",
				"ENG_STRING": "「……ん……久我君こそ、指……切れているわ」@n"
			},
			{
				"TYPE": "ZM",
				"ID": 830852,
				"NAME": "三厳",
				"ENG_NAME": "三厳",
				"STRING": "「こんなのどうでもないって！　それよりさっきのやつ、どこにいった」",
				"ENG_STRING": "「こんなのどうでもないって！　それよりさっきのやつ、どこにいった」"
			},
			{
				"TYPE": "ZM",
				"ID": 830853,
				"STRING": "俺は上着のポケットに手をやり、そこに封印用の札があることを確認した。",
				"ENG_STRING": "俺は上着のポケットに手をやり、そこに封印用の札があることを確認した。"
			},
			{
				"TYPE": "ZM",
				"ID": 830854,
				"STRING": "間違いなく、あれは『遺品』だ。",
				"ENG_STRING": "間違いなく、あれは『遺品』だ。"
			},
			{
				"TYPE": "ZM",
				"ID": 830855,
				"STRING": "こんな真夜中に現れるとは思わなかった。",
				"ENG_STRING": "こんな真夜中に現れるとは思わなかった。"
			},
			{
				"TYPE": "ZM",
				"ID": 830856,
				"NAME": "三厳",
				"ENG_NAME": "三厳",
				"STRING": "「さっきのガラス管の中にいたのが、たぶん本体だと思う」",
				"ENG_STRING": "「さっきのガラス管の中にいたのが、たぶん本体だと思う」"
			},
			{
				"TYPE": "ZM",
				"ID": 830857,
				"NAME": "リト",
				"ENG_NAME": "リト",
				"STRING": "「…………」",
				"ENG_STRING": "「…………」"
			},
			{
				"TYPE": "ZM",
				"ID": 830858,
				"NAME": "三厳",
				"ENG_NAME": "三厳",
				"STRING": "「早く探さないと……なんかヤバい気がするんだ」",
				"ENG_STRING": "「早く探さないと……なんかヤバい気がするんだ」"
			},
			{
				"TYPE": "ZM",
				"ID": 830859,
				"STRING": "辺りを見回しても、『遺品』の気配はなかった。",
				"ENG_STRING": "辺りを見回しても、『遺品』の気配はなかった。"
			},
			{
				"TYPE": "ZM",
				"ID": 830860,
				"STRING": "恐ろしく晴れた夜空が、頭上に広がっている。",
				"ENG_STRING": "恐ろしく晴れた夜空が、頭上に広がっている。"
			},
			{
				"TYPE": "ZM",
				"ID": 830861,
				"STRING": "もしもこんな時でなければ――きっとリトと一緒にこの夜空を見上げていただろう。",
				"ENG_STRING": "もしもこんな時でなければ――きっとリトと一緒にこの夜空を見上げていただろう。"
			},
			{
				"TYPE": "ZM",
				"ID": 830862,
				"NAME": "リト",
				"ENG_NAME": "リト",
				"STRING": "「……こ…が……くん」",
				"ENG_STRING": "「……こ…が……くん」"
			},
			{
				"TYPE": "ZM",
				"ID": 830863,
				"NAME": "三厳",
				"ENG_NAME": "三厳",
				"STRING": "「リト？」",
				"ENG_STRING": "「リト？」"
			},
			{
				"TYPE": "ZM",
				"ID": 830864,
				"STRING": "気付いた時には、リトはもう二つ折りになり、苦しげに肩を揺らしていた。",
				"ENG_STRING": "気付いた時には、リトはもう二つ折りになり、苦しげに肩を揺らしていた。"
			},
			{
				"TYPE": "ZM",
				"ID": 830865,
				"NAME": "リト",
				"ENG_NAME": "リト",
				"STRING": "「はあ……は……はあ……はあ……」",
				"ENG_STRING": "「はあ……は……はあ……はあ……」"
			},
			{
				"TYPE": "ZM",
				"ID": 830866,
				"NAME": "三厳",
				"ENG_NAME": "三厳",
				"STRING": "「……リト！」",
				"ENG_STRING": "「……リト！」"
			},
			{
				"TYPE": "ZM",
				"ID": 830867,
				"STRING": "ついに地面に横たわったリトの体が、大きく痙攣した。",
				"ENG_STRING": "ついに地面に横たわったリトの体が、大きく痙攣した。"
			},
			{
				"TYPE": "ZM",
				"ID": 830868,
				"STRING": "そして俺は――信じられないものを目にすることになった。",
				"ENG_STRING": "そして俺は――信じられないものを目にすることになった。"
			},
			{
				"TYPE": "ZM",
				"ID": 830869,
				"NAME": "リト",
				"ENG_NAME": "リト",
				"STRING": "「ん……っくふぅ……んん」",
				"ENG_STRING": "「ん……っくふぅ……んん」"
			},
			{
				"TYPE": "ZM",
				"ID": 830870,
				"STRING": "最初、俺は何かがリトの体を縛りつけているものだと思っていた。",
				"ENG_STRING": "最初、俺は何かがリトの体を縛りつけているものだと思っていた。"
			},
			{
				"TYPE": "ZM",
				"ID": 830871,
				"STRING": "それさえ解ければ、リトを助けられるかもしれないと。",
				"ENG_STRING": "それさえ解ければ、リトを助けられるかもしれないと。"
			},
			{
				"TYPE": "ZM",
				"ID": 830872,
				"STRING": "だが、違った。",
				"ENG_STRING": "だが、違った。"
			},
			{
				"TYPE": "ZM",
				"ID": 830873,
				"NAME": "リト",
				"ENG_NAME": "リト",
				"STRING": "「近寄らないで！」",
				"ENG_STRING": "「近寄らないで！」"
			},
			{
				"TYPE": "ZM",
				"ID": 830874,
				"STRING": "リトの体の中を、何かが蠢いている。",
				"ENG_STRING": "リトの体の中を、何かが蠢いている。"
			},
			{
				"TYPE": "ZM",
				"ID": 830875,
				"STRING": "それはコンクリートを蝕む植物に似ていた。",
				"ENG_STRING": "それはコンクリートを蝕む植物に似ていた。"
			},
			{
				"TYPE": "ZM",
				"ID": 830876,
				"STRING": "わずかな隙間から内部に浸食し、いつしかそれを縛りつけるように育っていくもの。",
				"ENG_STRING": "わずかな隙間から内部に浸食し、いつしかそれを縛りつけるように育っていくもの。"
			},
			{
				"TYPE": "ZM",
				"ID": 830877,
				"NAME": "三厳",
				"ENG_NAME": "三厳",
				"STRING": "「これが……遺品なのか……？」",
				"ENG_STRING": "「これが……遺品なのか……？」"
			},
			{
				"TYPE": "ZM",
				"ID": 830878,
				"NAME": "リト",
				"ENG_NAME": "リト",
				"STRING": "「ええ……気づくのが……遅れてしまったの……私の中にいるものは……遺品……プロイオス」",
				"ENG_STRING": "「ええ……気づくのが……遅れてしまったの……私の中にいるものは……遺品……プロイオス」"
			},
			{
				"TYPE": "ZM",
				"ID": 830879,
				"NAME": "三厳",
				"ENG_NAME": "三厳",
				"STRING": "「す、すぐ取ってやるから、いま、すぐ……っ！」",
				"ENG_STRING": "「す、すぐ取ってやるから、いま、すぐ……っ！」"
			},
			{
				"TYPE": "ZM",
				"ID": 830880,
				"NAME": "リト",
				"ENG_NAME": "リト",
				"STRING": "「……触れてはだめっ……この『遺品』は……んんっ」",
				"ENG_STRING": "「……触れてはだめっ……この『遺品』は……んんっ」"
			},
			{
				"TYPE": "ZM",
				"ID": 830881,
				"STRING": "リトが仰け反り、何度も小さな嗚咽を漏らしている。",
				"ENG_STRING": "リトが仰け反り、何度も小さな嗚咽を漏らしている。"
			},
			{
				"TYPE": "ZM",
				"ID": 830882,
				"STRING": "その度に俺はすぐさま駆け寄り、リトの体を侵しているものをすべてを薙ぎ払いたい衝動に駆られた。",
				"ENG_STRING": "その度に俺はすぐさま駆け寄り、リトの体を侵しているものをすべてを薙ぎ払いたい衝動に駆られた。"
			},
			{
				"TYPE": "ZM",
				"ID": 830883,
				"NAME": "リト",
				"ENG_NAME": "リト",
				"STRING": "「……はっ…はあ……この『遺品』は、今までのものと……違う…久我君…わかるでしょう……」",
				"ENG_STRING": "「……はっ…はあ……この『遺品』は、今までのものと……違う…久我君…わかるでしょう……」"
			},
			{
				"TYPE": "ZM",
				"ID": 830884,
				"STRING": "俺は、小さく頷いた。",
				"ENG_STRING": "俺は、小さく頷いた。"
			},
			{
				"TYPE": "ZM",
				"ID": 830885,
				"STRING": "『遺品』の種類や性質については、リトが様々な知識を教えてくれた。",
				"ENG_STRING": "『遺品』の種類や性質については、リトが様々な知識を教えてくれた。"
			},
			{
				"TYPE": "ZM",
				"ID": 830886,
				"STRING": "『遺品』は、生前残された思いに沿った働きをする。",
				"ENG_STRING": "『遺品』は、生前残された思いに沿った働きをする。"
			},
			{
				"TYPE": "ZM",
				"ID": 830887,
				"STRING": "その願いに近いものに引き寄せられ、力を持つ。",
				"ENG_STRING": "その願いに近いものに引き寄せられ、力を持つ。"
			},
			{
				"TYPE": "ZM",
				"ID": 830888,
				"NAME": "三厳",
				"ENG_NAME": "三厳",
				"STRING": "「でも、おかしいじゃないか！　こんな…まるでリトを食おうとするような…」",
				"ENG_STRING": "「でも、おかしいじゃないか！　こんな…まるでリトを食おうとするような…」"
			},
			{
				"TYPE": "ZM",
				"ID": 830889,
				"STRING": "涙がこらえきれなかった。",
				"ENG_STRING": "涙がこらえきれなかった。"
			},
			{
				"TYPE": "ZM",
				"ID": 830890,
				"STRING": "体を蝕まれ、苦痛を受けているのはリトなのに――…。",
				"ENG_STRING": "体を蝕まれ、苦痛を受けているのはリトなのに――…。"
			},
			{
				"TYPE": "ZM",
				"ID": 830891,
				"NAME": "リト",
				"ENG_NAME": "リト",
				"STRING": "「そう…そうよ…この『遺品』は…あうっ……く、未来を…望んだ未来のために…運命を変えたがってる……みたいね…」",
				"ENG_STRING": "「そう…そうよ…この『遺品』は…あうっ……く、未来を…望んだ未来のために…運命を変えたがってる……みたいね…」"
			},
			{
				"TYPE": "ZM",
				"ID": 830892,
				"NAME": "三厳",
				"ENG_NAME": "三厳",
				"STRING": "「望んだ未来……？　リト、何を望んだんだ。それを叶えるためになんでもするから…だから、リト……」",
				"ENG_STRING": "「望んだ未来……？　リト、何を望んだんだ。それを叶えるためになんでもするから…だから、リト……」"
			},
			{
				"TYPE": "ZM",
				"ID": 830893,
				"STRING": "リトは、その瞬間だけ――微笑んだ。",
				"ENG_STRING": "リトは、その瞬間だけ――微笑んだ。"
			},
			{
				"TYPE": "ZM",
				"ID": 830894,
				"STRING": "ほんのわずかな、一瞬だけの笑顔。",
				"ENG_STRING": "ほんのわずかな、一瞬だけの笑顔。"
			},
			{
				"TYPE": "ZM",
				"ID": 830895,
				"STRING": "その意味すらわからずに、俺は叫び、手を伸ばした。",
				"ENG_STRING": "その意味すらわからずに、俺は叫び、手を伸ばした。"
			},
			{
				"TYPE": "ZM",
				"ID": 830896,
				"NAME": "三厳",
				"ENG_NAME": "三厳",
				"STRING": "「……くっ」",
				"ENG_STRING": "「……くっ」"
			},
			{
				"TYPE": "ZM",
				"ID": 830897,
				"STRING": "はだけたブラウスの下に、リトの白い胸が見えた。",
				"ENG_STRING": "はだけたブラウスの下に、リトの白い胸が見えた。"
			},
			{
				"TYPE": "ZM",
				"ID": 830898,
				"STRING": "恐ろしく冷たく、そして――あの茎のようなものが蠢いていた。",
				"ENG_STRING": "恐ろしく冷たく、そして――あの茎のようなものが蠢いていた。"
			},
			{
				"TYPE": "ZM",
				"ID": 830899,
				"NAME": "リト",
				"ENG_NAME": "リト",
				"STRING": "「……だめっ……あ、ああ…っ」",
				"ENG_STRING": "「……だめっ……あ、ああ…っ」"
			},
			{
				"TYPE": "ZM",
				"ID": 830900,
				"NAME": "リト",
				"ENG_NAME": "リト",
				"STRING": "「久我君…聞いて…いつものように『封印』するの…それでいい」",
				"ENG_STRING": "「久我君…聞いて…いつものように『封印』するの…それでいい」"
			},
			{
				"TYPE": "ZM",
				"ID": 830901,
				"NAME": "三厳",
				"ENG_NAME": "三厳",
				"STRING": "「何を……え……？」",
				"ENG_STRING": "「何を……え……？」"
			},
			{
				"TYPE": "ZM",
				"ID": 830902,
				"NAME": "リト",
				"ENG_NAME": "リト",
				"STRING": "「『遺品』を……封印する……いつもと同じ……あああっ」@n",
				"ENG_STRING": "「『遺品』を……封印する……いつもと同じ……あああっ」@n"
			},
			{
				"TYPE": "ZM",
				"ID": 830903,
				"STRING": "俺には、リトの言葉が理解できなかった。",
				"ENG_STRING": "俺には、リトの言葉が理解できなかった。"
			},
			{
				"TYPE": "ZM",
				"ID": 830904,
				"STRING": "封印の仕方も、言葉も、全部わかっている。",
				"ENG_STRING": "封印の仕方も、言葉も、全部わかっている。"
			},
			{
				"TYPE": "ZM",
				"ID": 830905,
				"STRING": "だけど――。",
				"ENG_STRING": "だけど――。"
			},
			{
				"TYPE": "ZM",
				"ID": 830906,
				"NAME": "三厳",
				"ENG_NAME": "三厳",
				"STRING": "（俺が封印すべき『遺品』は、どこだ？）",
				"ENG_STRING": "（俺が封印すべき『遺品』は、どこだ？）"
			},
			{
				"TYPE": "ZM",
				"ID": 830907,
				"NAME": "リト",
				"ENG_NAME": "リト",
				"STRING": "「魂を作り出す力は……ないから…器がすべて呑み込まれた時よ……間違えてはだめ……」",
				"ENG_STRING": "「魂を作り出す力は……ないから…器がすべて呑み込まれた時よ……間違えてはだめ……」"
			},
			{
				"TYPE": "ZM",
				"ID": 830908,
				"NAME": "三厳",
				"ENG_NAME": "三厳",
				"STRING": "「何言ってるんだよ、リト、なあ」",
				"ENG_STRING": "「何言ってるんだよ、リト、なあ」"
			},
			{
				"TYPE": "ZM",
				"ID": 830909,
				"NAME": "リト",
				"ENG_NAME": "リト",
				"STRING": "「私の……声が聞こえなくなった瞬間が……合図だから……くっうう……」",
				"ENG_STRING": "「私の……声が聞こえなくなった瞬間が……合図だから……くっうう……」"
			},
			{
				"TYPE": "ZM",
				"ID": 830910,
				"STRING": "リトの体の中で這い回るものが、次第に上へ上へと向かっている。",
				"ENG_STRING": "リトの体の中で這い回るものが、次第に上へ上へと向かっている。"
			},
			{
				"TYPE": "ZM",
				"ID": 830911,
				"STRING": "爪をたて、引きはがそうとしても、リトの体を傷つけてしまうばかりだ。",
				"ENG_STRING": "爪をたて、引きはがそうとしても、リトの体を傷つけてしまうばかりだ。"
			},
			{
				"TYPE": "ZM",
				"ID": 830912,
				"NAME": "三厳",
				"ENG_NAME": "三厳",
				"STRING": "「なんでだよ……なんでリトがこんな目にあうんだ…」",
				"ENG_STRING": "「なんでだよ……なんでリトがこんな目にあうんだ…」"
			},
			{
				"TYPE": "ZM",
				"ID": 830913,
				"NAME": "リト",
				"ENG_NAME": "リト",
				"STRING": "「それは…ね…久我君……魂がないから」",
				"ENG_STRING": "「それは…ね…久我君……魂がないから」"
			},
			{
				"TYPE": "ZM",
				"ID": 830914,
				"NAME": "三厳",
				"ENG_NAME": "三厳",
				"STRING": "「リト？」",
				"ENG_STRING": "「リト？」"
			},
			{
				"TYPE": "ZM",
				"ID": 830915,
				"STRING": "音が消えた。耳の奥の鼓膜を震わせる音の一切が、消えていた。",
				"ENG_STRING": "音が消えた。耳の奥の鼓膜を震わせる音の一切が、消えていた。"
			},
			{
				"TYPE": "ZM",
				"ID": 830916,
				"NAME": "リト",
				"ENG_NAME": "リト",
				"STRING": "「ホムンクルスの私には、魂がないから」",
				"ENG_STRING": "「ホムンクルスの私には、魂がないから」"
			},
			{
				"TYPE": "ZM",
				"ID": 830917,
				"STRING": "聞こえるのは、俺の中を流れる血流の響きだけだった。",
				"ENG_STRING": "聞こえるのは、俺の中を流れる血流の響きだけだった。"
			},
			{
				"TYPE": "ZM",
				"ID": 830918,
				"NAME": "リト",
				"ENG_NAME": "リト",
				"STRING": "「ふっ…うう……はあぁ……あ……っ」",
				"ENG_STRING": "「ふっ…うう……はあぁ……あ……っ」"
			},
			{
				"TYPE": "ZM",
				"ID": 830919,
				"STRING": "リトの喉から、苦しげな息が吐きだされた。",
				"ENG_STRING": "リトの喉から、苦しげな息が吐きだされた。"
			},
			{
				"TYPE": "ZM",
				"ID": 830920,
				"STRING": "荒い呼吸音。時々混じるかすかな嗚咽。",
				"ENG_STRING": "荒い呼吸音。時々混じるかすかな嗚咽。"
			},
			{
				"TYPE": "ZM",
				"ID": 830921,
				"STRING": "声が、リトの声が聞こえない。",
				"ENG_STRING": "声が、リトの声が聞こえない。"
			},
			{
				"TYPE": "ZM",
				"ID": 830922,
				"NAME": "三厳",
				"ENG_NAME": "三厳",
				"STRING": "「――嫌だ」",
				"ENG_STRING": "「――嫌だ」"
			},
			{
				"TYPE": "ZM",
				"ID": 830923,
				"STRING": "唐突に、理解した。",
				"ENG_STRING": "唐突に、理解した。"
			},
			{
				"TYPE": "ZM",
				"ID": 830924,
				"STRING": "この『遺品』は魂のないものを器にして、乗っ取るのだ。",
				"ENG_STRING": "この『遺品』は魂のないものを器にして、乗っ取るのだ。"
			},
			{
				"TYPE": "ZM",
				"ID": 830925,
				"STRING": "器を完全に支配したとき、それ自身が、『遺品』となる。",
				"ENG_STRING": "器を完全に支配したとき、それ自身が、『遺品』となる。"
			},
			{
				"TYPE": "ZM",
				"ID": 830926,
				"NAME": "三厳",
				"ENG_NAME": "三厳",
				"STRING": "「嫌だ」",
				"ENG_STRING": "「嫌だ」"
			},
			{
				"TYPE": "ZM",
				"ID": 830927,
				"STRING": "リトのものでなくなった肉体を、俺に、封印しろというのか。",
				"ENG_STRING": "リトのものでなくなった肉体を、俺に、封印しろというのか。"
			},
			{
				"TYPE": "ZM",
				"ID": 830928,
				"NAME": "三厳",
				"ENG_NAME": "三厳",
				"STRING": "「嫌だ……リト！！」",
				"ENG_STRING": "「嫌だ……リト！！」"
			},
			{
				"TYPE": "ZM",
				"ID": 830929,
				"NAME": "アンデル",
				"ENG_NAME": "アンデル",
				"STRING": "「――み…つよ…し」",
				"ENG_STRING": "「――み…つよ…し」"
			},
			{
				"TYPE": "ZM",
				"ID": 830930,
				"STRING": "瞬間、かすかにアンデルの声が聞こえた気がした。",
				"ENG_STRING": "瞬間、かすかにアンデルの声が聞こえた気がした。"
			},
			{
				"TYPE": "ZM",
				"ID": 830931,
				"STRING": "すべての温度が放たれたような感覚だった。",
				"ENG_STRING": "すべての温度が放たれたような感覚だった。"
			},
			{
				"TYPE": "ZM",
				"ID": 830932,
				"STRING": "何かを願う隙間すらなく、けれど強大な力が噴出している。",
				"ENG_STRING": "何かを願う隙間すらなく、けれど強大な力が噴出している。"
			},
			{
				"TYPE": "ZM",
				"ID": 830933,
				"NAME": "リト",
				"ENG_NAME": "リト",
				"STRING": "「…………」",
				"ENG_STRING": "「…………」"
			},
			{
				"TYPE": "ZM",
				"ID": 830934,
				"STRING": "『災厄の魔女』と呼ばれた力と初めて向き合った時と、少し似ていた。",
				"ENG_STRING": "『災厄の魔女』と呼ばれた力と初めて向き合った時と、少し似ていた。"
			},
			{
				"TYPE": "ZM",
				"ID": 830935,
				"STRING": "願いというにはあまりにも強すぎる、欲望に近い魔術の力。",
				"ENG_STRING": "願いというにはあまりにも強すぎる、欲望に近い魔術の力。"
			},
			{
				"TYPE": "ZM",
				"ID": 830936,
				"STRING": "そこには呪文もなく、形式もない。",
				"ENG_STRING": "そこには呪文もなく、形式もない。"
			},
			{
				"TYPE": "ZM",
				"ID": 830937,
				"NAME": "三厳",
				"ENG_NAME": "三厳",
				"STRING": "「リトーっ！！」",
				"ENG_STRING": "「リトーっ！！」"
			},
			{
				"TYPE": "ZM",
				"ID": 830938,
				"NAME": "リト",
				"ENG_NAME": "リト",
				"STRING": "「…………あっ」",
				"ENG_STRING": "「…………あっ」"
			},
			{
				"TYPE": "ZM",
				"ID": 830939,
				"NAME": "リト",
				"ENG_NAME": "リト",
				"STRING": "「……久我…君」",
				"ENG_STRING": "「……久我…君」"
			},
			{
				"TYPE": "ZM",
				"ID": 830940,
				"STRING": "瞳が開き、聞きなれた声が唇から零れている。",
				"ENG_STRING": "瞳が開き、聞きなれた声が唇から零れている。"
			},
			{
				"TYPE": "ZM",
				"ID": 830941,
				"STRING": "俺は手を伸ばし、リトの体に触れた。",
				"ENG_STRING": "俺は手を伸ばし、リトの体に触れた。"
			},
			{
				"TYPE": "ZM",
				"ID": 830942,
				"NAME": "リト",
				"ENG_NAME": "リト",
				"STRING": "「ふっ……くすぐったい」",
				"ENG_STRING": "「ふっ……くすぐったい」"
			},
			{
				"TYPE": "ZM",
				"ID": 830943,
				"STRING": "肌の下にある鼓動が、伝わってくる。",
				"ENG_STRING": "肌の下にある鼓動が、伝わってくる。"
			},
			{
				"TYPE": "ZM",
				"ID": 830944,
				"STRING": "リトが生きているという証が、俺の指に溶け込んでくる。",
				"ENG_STRING": "リトが生きているという証が、俺の指に溶け込んでくる。"
			},
			{
				"TYPE": "ZM",
				"ID": 830945,
				"NAME": "三厳",
				"ENG_NAME": "三厳",
				"STRING": "「……良かった」",
				"ENG_STRING": "「……良かった」"
			},
			{
				"TYPE": "ZM",
				"ID": 830946,
				"NAME": "リト",
				"ENG_NAME": "リト",
				"STRING": "「どうしてそんな顔、しているの？」",
				"ENG_STRING": "「どうしてそんな顔、しているの？」"
			},
			{
				"TYPE": "ZM",
				"ID": 830947,
				"NAME": "リト",
				"ENG_NAME": "リト",
				"STRING": "「何かしたのかしら………久我君にそんな顔をさせること……」",
				"ENG_STRING": "「何かしたのかしら………久我君にそんな顔をさせること……」"
			},
			{
				"TYPE": "ZM",
				"ID": 830948,
				"NAME": "三厳",
				"ENG_NAME": "三厳",
				"STRING": "「違うよ、リトは悪くない、大丈夫…」",
				"ENG_STRING": "「違うよ、リトは悪くない、大丈夫…」"
			},
			{
				"TYPE": "ZM",
				"ID": 830949,
				"NAME": "リト",
				"ENG_NAME": "リト",
				"STRING": "「いいえ。嘘だと久我君の顔が言っているわ。心配をかけたのね」",
				"ENG_STRING": "「いいえ。嘘だと久我君の顔が言っているわ。心配をかけたのね」"
			},
			{
				"TYPE": "ZM",
				"ID": 830950,
				"NAME": "三厳",
				"ENG_NAME": "三厳",
				"STRING": "「……」",
				"ENG_STRING": "「……」"
			},
			{
				"TYPE": "ZM",
				"ID": 830951,
				"STRING": "抑えきれず涙を流した俺の目元を、リトが拭ってくれた。",
				"ENG_STRING": "抑えきれず涙を流した俺の目元を、リトが拭ってくれた。"
			},
			{
				"TYPE": "ZM",
				"ID": 830952,
				"NAME": "三厳",
				"ENG_NAME": "三厳",
				"STRING": "「お願いだから、自分を封印してくれなんて言わないでくれ」",
				"ENG_STRING": "「お願いだから、自分を封印してくれなんて言わないでくれ」"
			},
			{
				"TYPE": "ZM",
				"ID": 830953,
				"NAME": "リト",
				"ENG_NAME": "リト",
				"STRING": "「……」",
				"ENG_STRING": "「……」"
			},
			{
				"TYPE": "ZM",
				"ID": 830954,
				"NAME": "三厳",
				"ENG_NAME": "三厳",
				"STRING": "「ずっと一緒にいる時間を壊したくなかったから、伝えられなかったんだ」",
				"ENG_STRING": "「ずっと一緒にいる時間を壊したくなかったから、伝えられなかったんだ」"
			},
			{
				"TYPE": "ZM",
				"ID": 830955,
				"NAME": "リト",
				"ENG_NAME": "リト",
				"STRING": "「……どうしたの」",
				"ENG_STRING": "「……どうしたの」"
			},
			{
				"TYPE": "ZM",
				"ID": 830956,
				"NAME": "三厳",
				"ENG_NAME": "三厳",
				"STRING": "「一緒にいたい。俺はリトのことが好きなんだ。やっと気づいた。ずっとこう言いたかったんだ」",
				"ENG_STRING": "「一緒にいたい。俺はリトのことが好きなんだ。やっと気づいた。ずっとこう言いたかったんだ」"
			},
			{
				"TYPE": "ZM",
				"ID": 830957,
				"NAME": "リト",
				"ENG_NAME": "リト",
				"STRING": "「……久我君」",
				"ENG_STRING": "「……久我君」"
			},
			{
				"TYPE": "ZM",
				"ID": 830958,
				"STRING": "一呼吸ぶんの、わずかな間が俺にはとても長かった。",
				"ENG_STRING": "一呼吸ぶんの、わずかな間が俺にはとても長かった。"
			},
			{
				"TYPE": "ZM",
				"ID": 830959,
				"NAME": "リト",
				"ENG_NAME": "リト",
				"STRING": "「私も、同じよ」",
				"ENG_STRING": "「私も、同じよ」"
			},
			{
				"TYPE": "ZM",
				"ID": 830960,
				"STRING": "柔らかい手のひらが、俺の頬に触れた。",
				"ENG_STRING": "柔らかい手のひらが、俺の頬に触れた。"
			},
			{
				"TYPE": "ZM",
				"ID": 830961,
				"STRING": "優しい声が答えてくれた。",
				"ENG_STRING": "優しい声が答えてくれた。"
			},
			{
				"TYPE": "ZM",
				"ID": 830962,
				"NAME": "雛",
				"ENG_NAME": "雛",
				"STRING": "「……っ！！」@n",
				"ENG_STRING": "「……っ！！」@n"
			},
			{
				"TYPE": "ZM",
				"ID": 830963,
				"NAME": "二人",
				"ENG_NAME": "二人",
				"STRING": "「どうされました？　お母様」",
				"ENG_STRING": "「どうされました？　お母様」"
			},
			{
				"TYPE": "ZM",
				"ID": 830964,
				"NAME": "雛",
				"ENG_NAME": "雛",
				"STRING": "「今放たれた力…これは何？　魔術と呼ぶにはあまりにも……強すぎる」",
				"ENG_STRING": "「今放たれた力…これは何？　魔術と呼ぶにはあまりにも……強すぎる」"
			},
			{
				"TYPE": "ZM",
				"ID": 830965,
				"NAME": "二人",
				"ENG_NAME": "二人",
				"STRING": "「そんなことができるのは――まさか」",
				"ENG_STRING": "「そんなことができるのは――まさか」"
			},
			{
				"TYPE": "ZM",
				"ID": 830966,
				"NAME": "雛",
				"ENG_NAME": "雛",
				"STRING": "「もしもそうなら……少し考えなければいけない……」",
				"ENG_STRING": "「もしもそうなら……少し考えなければいけない……」"
			}
		]
	}
}