{
	"S02_04_01：保健室にて": {
		"MESSAGES": [
			{
				"TYPE": "ZM",
				"ID": 557058,
				"NAME": "三厳",
				"ENG_NAME": "三厳",
				"STRING": "「うわ、人だかり出来てる……」",
				"ENG_STRING": "「うわ、人だかり出来てる……」"
			},
			{
				"TYPE": "ZM",
				"ID": 557059,
				"STRING": "噂は予想以上に広まっているらしく、保健室前の廊下には野次馬らしき生徒がたまっていた。",
				"ENG_STRING": "噂は予想以上に広まっているらしく、保健室前の廊下には野次馬らしき生徒がたまっていた。"
			},
			{
				"TYPE": "ZM",
				"ID": 557060,
				"STRING": "露骨に興味津々な奴から、さり気ないフリして保健室を横目に見ながら通り過ぎる奴まで色々と。",
				"ENG_STRING": "露骨に興味津々な奴から、さり気ないフリして保健室を横目に見ながら通り過ぎる奴まで色々と。"
			},
			{
				"TYPE": "ZM",
				"ID": 557061,
				"NAME": "憂緒",
				"ENG_NAME": "憂緒",
				"STRING": "「――久我くん」",
				"ENG_STRING": "「――久我くん」"
			},
			{
				"TYPE": "ZM",
				"ID": 557062,
				"NAME": "三厳",
				"ENG_NAME": "三厳",
				"STRING": "「あ、モー子。花立も」",
				"ENG_STRING": "「あ、モー子。花立も」"
			},
			{
				"TYPE": "ZM",
				"ID": 557063,
				"STRING": "その中に、モー子と花立の姿もあった。",
				"ENG_STRING": "その中に、モー子と花立の姿もあった。"
			},
			{
				"TYPE": "ZM",
				"ID": 557064,
				"STRING": "この二人はもちろん、興味本位ではなく俺と同じく遺品の関与を疑っての事だろう。",
				"ENG_STRING": "この二人はもちろん、興味本位ではなく俺と同じく遺品の関与を疑っての事だろう。"
			},
			{
				"TYPE": "ZM",
				"ID": 557065,
				"NAME": "睦月",
				"ENG_NAME": "睦月",
				"STRING": "「やほー。みっちーも、例の噂聞いてきたんだ？」@n",
				"ENG_STRING": "「やほー。みっちーも、例の噂聞いてきたんだ？」@n"
			},
			{
				"TYPE": "ZM",
				"ID": 557313,
				"NAME": "三厳",
				"ENG_NAME": "三厳",
				"STRING": "「黒谷に聞いたよ。なりたい自分になれるとかいうやつだろ？」@n",
				"ENG_STRING": "「黒谷に聞いたよ。なりたい自分になれるとかいうやつだろ？」@n"
			},
			{
				"TYPE": "ZM",
				"ID": 557314,
				"NAME": "睦月",
				"ENG_NAME": "睦月",
				"STRING": "「そうそう、それ。うちのクラスでも噂でもちきりになってたよ」@n",
				"ENG_STRING": "「そうそう、それ。うちのクラスでも噂でもちきりになってたよ」@n"
			},
			{
				"TYPE": "ZM",
				"ID": 557569,
				"NAME": "三厳",
				"ENG_NAME": "三厳",
				"STRING": "「でも、一時的になんだろ？　なんなんだその中途半端な願いの叶い方」",
				"ENG_STRING": "「でも、一時的になんだろ？　なんなんだその中途半端な願いの叶い方」"
			},
			{
				"TYPE": "ZM",
				"ID": 557570,
				"NAME": "睦月",
				"ENG_NAME": "睦月",
				"STRING": "「さー？　もーちゃんどう思う？」",
				"ENG_STRING": "「さー？　もーちゃんどう思う？」"
			},
			{
				"TYPE": "ZM",
				"ID": 557571,
				"NAME": "憂緒",
				"ENG_NAME": "憂緒",
				"STRING": "「そうですね……」",
				"ENG_STRING": "「そうですね……」"
			},
			{
				"TYPE": "ZM",
				"ID": 557572,
				"STRING": "小首を傾げ、少しのんびりした口調でモー子が口を開く。",
				"ENG_STRING": "小首を傾げ、少しのんびりした口調でモー子が口を開く。"
			},
			{
				"TYPE": "ZM",
				"ID": 557573,
				"NAME": "憂緒",
				"ENG_NAME": "憂緒",
				"STRING": "「遺品が半端な発動をしていた例は、今までにもありましたから、その類かも」",
				"ENG_STRING": "「遺品が半端な発動をしていた例は、今までにもありましたから、その類かも」"
			},
			{
				"TYPE": "ZM",
				"ID": 557574,
				"NAME": "睦月",
				"ENG_NAME": "睦月",
				"STRING": "「やっぱり遺品なのかな？」",
				"ENG_STRING": "「やっぱり遺品なのかな？」"
			},
			{
				"TYPE": "ZM",
				"ID": 557575,
				"NAME": "憂緒",
				"ENG_NAME": "憂緒",
				"STRING": "「ただの噂、という可能性もありますし、そうであってくれた方が有り難いですけれどね」",
				"ENG_STRING": "「ただの噂、という可能性もありますし、そうであってくれた方が有り難いですけれどね」"
			},
			{
				"TYPE": "ZM",
				"ID": 557576,
				"NAME": "睦月",
				"ENG_NAME": "睦月",
				"STRING": "「まあねー。こっちはあのアンブ……ええと、白黒ノートの件があるし……」@n",
				"ENG_STRING": "「まあねー。こっちはあのアンブ……ええと、白黒ノートの件があるし……」@n"
			},
			{
				"TYPE": "ZM",
				"ID": 557577,
				"STRING": "生徒が大勢周りにいるので、下手に遺品の名前は言わない方がと思って言い直したんだろうけど。",
				"ENG_STRING": "生徒が大勢周りにいるので、下手に遺品の名前は言わない方がと思って言い直したんだろうけど。"
			},
			{
				"TYPE": "ZM",
				"ID": 557578,
				"NAME": "三厳",
				"ENG_NAME": "三厳",
				"STRING": "「余計に謎の単語になってるぞ。なんだ白黒ノートって」",
				"ENG_STRING": "「余計に謎の単語になってるぞ。なんだ白黒ノートって」"
			},
			{
				"TYPE": "ZM",
				"ID": 557579,
				"NAME": "睦月",
				"ENG_NAME": "睦月",
				"STRING": "「えへへ、他になんて呼べばいいか、咄嗟に出て来なかった」",
				"ENG_STRING": "「えへへ、他になんて呼べばいいか、咄嗟に出て来なかった」"
			},
			{
				"TYPE": "ZM",
				"ID": 557580,
				"NAME": "睦月",
				"ENG_NAME": "睦月",
				"STRING": "「けどあれの件があるから、今は変な騒動は起きないで欲しいよねー」",
				"ENG_STRING": "「けどあれの件があるから、今は変な騒動は起きないで欲しいよねー」"
			},
			{
				"TYPE": "ZM",
				"ID": 557581,
				"NAME": "憂緒",
				"ENG_NAME": "憂緒",
				"STRING": "「そうね」",
				"ENG_STRING": "「そうね」"
			},
			{
				"TYPE": "ZM",
				"ID": 557582,
				"STRING": "柔らかく微笑むモー子。",
				"ENG_STRING": "柔らかく微笑むモー子。"
			},
			{
				"TYPE": "ZM",
				"ID": 557583,
				"STRING": "俺が相手の時とは、えらい違いだ。",
				"ENG_STRING": "俺が相手の時とは、えらい違いだ。"
			},
			{
				"TYPE": "ZM",
				"ID": 557584,
				"NAME": "三厳",
				"ENG_NAME": "三厳",
				"STRING": "（まあ、相手は親友なんだから当たり前っちゃ当たり前だけどな……）",
				"ENG_STRING": "（まあ、相手は親友なんだから当たり前っちゃ当たり前だけどな……）"
			},
			{
				"TYPE": "ZM",
				"ID": 557585,
				"NAME": "校内放送",
				"ENG_NAME": "校内放送",
				"STRING": "『下校時刻になりました。生徒の皆さんはすみやかに帰寮して下さい』",
				"ENG_STRING": "『下校時刻になりました。生徒の皆さんはすみやかに帰寮して下さい』"
			},
			{
				"TYPE": "ZM",
				"ID": 557586,
				"STRING": "チャイムと共に、おなじみの帰寮放送が流れる。",
				"ENG_STRING": "チャイムと共に、おなじみの帰寮放送が流れる。"
			},
			{
				"TYPE": "ZM",
				"ID": 557587,
				"STRING": "もう時間かー、などと言いつつも、生徒達はぞろぞろと保健室前を離れて行った。",
				"ENG_STRING": "もう時間かー、などと言いつつも、生徒達はぞろぞろと保健室前を離れて行った。"
			},
			{
				"TYPE": "ZM",
				"ID": 557588,
				"NAME": "三厳",
				"ENG_NAME": "三厳",
				"STRING": "「ベッド見ていくか？」",
				"ENG_STRING": "「ベッド見ていくか？」"
			},
			{
				"TYPE": "ZM",
				"ID": 557589,
				"NAME": "憂緒",
				"ENG_NAME": "憂緒",
				"STRING": "「ええ、もちろんです」",
				"ENG_STRING": "「ええ、もちろんです」"
			},
			{
				"TYPE": "ZM",
				"ID": 557590,
				"STRING": "一般生徒のいなくなった保健室へ入る。",
				"ENG_STRING": "一般生徒のいなくなった保健室へ入る。"
			},
			{
				"TYPE": "ZM",
				"ID": 557591,
				"STRING": "保険医の先生も職員室へ引き上げていったので、室内は俺達三人だけだ。",
				"ENG_STRING": "保険医の先生も職員室へ引き上げていったので、室内は俺達三人だけだ。"
			},
			{
				"TYPE": "ZM",
				"ID": 557592,
				"NAME": "憂緒",
				"ENG_NAME": "憂緒",
				"STRING": "「睦月、室内の他の場所をお願い」",
				"ENG_STRING": "「睦月、室内の他の場所をお願い」"
			},
			{
				"TYPE": "ZM",
				"ID": 557593,
				"NAME": "睦月",
				"ENG_NAME": "睦月",
				"STRING": "「おっけー」@n",
				"ENG_STRING": "「おっけー」@n"
			},
			{
				"TYPE": "ZM",
				"ID": 557825,
				"STRING": "そう言うと、モー子はベッドに近づき、布団からシーツから子細に点検を始める。",
				"ENG_STRING": "そう言うと、モー子はベッドに近づき、布団からシーツから子細に点検を始める。"
			},
			{
				"TYPE": "ZM",
				"ID": 557826,
				"STRING": "花立はというと、きょろきょろと保健室内を見回しうろうろする。",
				"ENG_STRING": "花立はというと、きょろきょろと保健室内を見回しうろうろする。"
			},
			{
				"TYPE": "ZM",
				"ID": 557827,
				"NAME": "睦月",
				"ENG_NAME": "睦月",
				"STRING": "「あんまり来ないから、前と違うとかはわかんないけど……普通だよね」@n",
				"ENG_STRING": "「あんまり来ないから、前と違うとかはわかんないけど……普通だよね」@n"
			},
			{
				"TYPE": "ZM",
				"ID": 557828,
				"NAME": "憂緒",
				"ENG_NAME": "憂緒",
				"STRING": "「そうですね」",
				"ENG_STRING": "「そうですね」"
			},
			{
				"TYPE": "ZM",
				"ID": 557829,
				"STRING": "視線はベッドに向けたまま、点検の手を休めず返事をするモー子。",
				"ENG_STRING": "視線はベッドに向けたまま、点検の手を休めず返事をするモー子。"
			},
			{
				"TYPE": "ZM",
				"ID": 557830,
				"STRING": "それでいて適当な相づち、という印象ではなかった。",
				"ENG_STRING": "それでいて適当な相づち、という印象ではなかった。"
			},
			{
				"TYPE": "ZM",
				"ID": 557831,
				"NAME": "睦月",
				"ENG_NAME": "睦月",
				"STRING": "「うわー、保健室に来た人の名簿、すんごい数になってるー」@n",
				"ENG_STRING": "「うわー、保健室に来た人の名簿、すんごい数になってるー」@n"
			},
			{
				"TYPE": "ZM",
				"ID": 558081,
				"NAME": "三厳",
				"ENG_NAME": "三厳",
				"STRING": "「今日だけで十何人来てんだ……」",
				"ENG_STRING": "「今日だけで十何人来てんだ……」"
			},
			{
				"TYPE": "ZM",
				"ID": 558082,
				"STRING": "保健室利用者は、扉近くに置いてあるノートに、名前とクラス学年を記入する決まりになっている。",
				"ENG_STRING": "保健室利用者は、扉近くに置いてあるノートに、名前とクラス学年を記入する決まりになっている。"
			},
			{
				"TYPE": "ZM",
				"ID": 558083,
				"STRING": "そのリストがあり得ない数だった。",
				"ENG_STRING": "そのリストがあり得ない数だった。"
			},
			{
				"TYPE": "ZM",
				"ID": 558084,
				"NAME": "三厳",
				"ENG_NAME": "三厳",
				"STRING": "「噂を聞いて、仮病使ってきた奴が大量にいたんだろうなあ……」",
				"ENG_STRING": "「噂を聞いて、仮病使ってきた奴が大量にいたんだろうなあ……」"
			},
			{
				"TYPE": "ZM",
				"ID": 558085,
				"NAME": "睦月",
				"ENG_NAME": "睦月",
				"STRING": "「こんな大勢ってことは、保健の先生も仮病っぽいのはすぐ追い返したんだろうね」",
				"ENG_STRING": "「こんな大勢ってことは、保健の先生も仮病っぽいのはすぐ追い返したんだろうね」"
			},
			{
				"TYPE": "ZM",
				"ID": 558086,
				"NAME": "憂緒",
				"ENG_NAME": "憂緒",
				"STRING": "「……クラスや学年に偏りは？」@n",
				"ENG_STRING": "「……クラスや学年に偏りは？」@n"
			},
			{
				"TYPE": "ZM",
				"ID": 558087,
				"NAME": "睦月",
				"ENG_NAME": "睦月",
				"STRING": "「特にないよ。バラバラ」",
				"ENG_STRING": "「特にないよ。バラバラ」"
			},
			{
				"TYPE": "ZM",
				"ID": 558088,
				"STRING": "やっぱりモー子はこちらを見てもいないが、話だけはちゃんと聞いているらしい。",
				"ENG_STRING": "やっぱりモー子はこちらを見てもいないが、話だけはちゃんと聞いているらしい。"
			},
			{
				"TYPE": "ZM",
				"ID": 558089,
				"NAME": "睦月",
				"ENG_NAME": "睦月",
				"STRING": "「あとはー、うーん……特にないかな」@n",
				"ENG_STRING": "「あとはー、うーん……特にないかな」@n"
			},
			{
				"TYPE": "ZM",
				"ID": 558090,
				"NAME": "憂緒",
				"ENG_NAME": "憂緒",
				"STRING": "「そうですか。こちらも異常ありません」",
				"ENG_STRING": "「そうですか。こちらも異常ありません」"
			},
			{
				"TYPE": "ZM",
				"ID": 558091,
				"NAME": "睦月",
				"ENG_NAME": "睦月",
				"STRING": "「うん、普通のベッドだね。ベッドの下にも何も無し、と」",
				"ENG_STRING": "「うん、普通のベッドだね。ベッドの下にも何も無し、と」"
			},
			{
				"TYPE": "ZM",
				"ID": 558092,
				"NAME": "憂緒",
				"ENG_NAME": "憂緒",
				"STRING": "「マットレスの下も見てみましたが、何もないようでした」",
				"ENG_STRING": "「マットレスの下も見てみましたが、何もないようでした」"
			},
			{
				"TYPE": "ZM",
				"ID": 558093,
				"NAME": "睦月",
				"ENG_NAME": "睦月",
				"STRING": "「てことは、部屋とかベッドになんか異常が起きてるわけじゃないってことだね」",
				"ENG_STRING": "「てことは、部屋とかベッドになんか異常が起きてるわけじゃないってことだね」"
			},
			{
				"TYPE": "ZM",
				"ID": 558094,
				"NAME": "憂緒",
				"ENG_NAME": "憂緒",
				"STRING": "「ではなぜ保健室限定の噂なのか……」",
				"ENG_STRING": "「ではなぜ保健室限定の噂なのか……」"
			},
			{
				"TYPE": "ZM",
				"ID": 558095,
				"NAME": "三厳",
				"ENG_NAME": "三厳",
				"STRING": "「……………………」",
				"ENG_STRING": "「……………………」"
			},
			{
				"TYPE": "ZM",
				"ID": 558096,
				"STRING": "モー子は思案顔ではあるが、気のせいかいつもより口調も表情も柔らかく見えた。",
				"ENG_STRING": "モー子は思案顔ではあるが、気のせいかいつもより口調も表情も柔らかく見えた。"
			},
			{
				"TYPE": "ZM",
				"ID": 558097,
				"NAME": "三厳",
				"ENG_NAME": "三厳",
				"STRING": "（やっぱ相棒がいるからかねえ……）",
				"ENG_STRING": "（やっぱ相棒がいるからかねえ……）"
			},
			{
				"TYPE": "ZM",
				"ID": 558098,
				"STRING": "手慣れた感じといい、やりとりといい、昔からこの二人はこうだったんだろうな、といった印象だ。",
				"ENG_STRING": "手慣れた感じといい、やりとりといい、昔からこの二人はこうだったんだろうな、といった印象だ。"
			},
			{
				"TYPE": "ZM",
				"ID": 558099,
				"NAME": "三厳",
				"ENG_NAME": "三厳",
				"STRING": "（……モー子はずっと、花立を探していたからな……）",
				"ENG_STRING": "（……モー子はずっと、花立を探していたからな……）"
			},
			{
				"TYPE": "ZM",
				"ID": 558100,
				"STRING": "戻って来たのは喜ばしい話だ。",
				"ENG_STRING": "戻って来たのは喜ばしい話だ。"
			},
			{
				"TYPE": "ZM",
				"ID": 558101,
				"STRING": "もちろんそう思う、けれど……。",
				"ENG_STRING": "もちろんそう思う、けれど……。"
			},
			{
				"TYPE": "ZM",
				"ID": 558102,
				"NAME": "三厳",
				"ENG_NAME": "三厳",
				"STRING": "（なんだろうな、この微妙な感じは）",
				"ENG_STRING": "（なんだろうな、この微妙な感じは）"
			},
			{
				"TYPE": "ZM",
				"ID": 558103,
				"STRING": "認めたくないが、俺の中にほんの少しだけれど面白くない気持ちがある、のだろうか。",
				"ENG_STRING": "認めたくないが、俺の中にほんの少しだけれど面白くない気持ちがある、のだろうか。"
			},
			{
				"TYPE": "ZM",
				"ID": 558104,
				"STRING": "今まで、衝突しつつもモー子の隣にいたつもりだったけれど、やっぱり長年の相棒には勝てない、というか……。",
				"ENG_STRING": "今まで、衝突しつつもモー子の隣にいたつもりだったけれど、やっぱり長年の相棒には勝てない、というか……。"
			},
			{
				"TYPE": "ZM",
				"ID": 558105,
				"NAME": "三厳",
				"ENG_NAME": "三厳",
				"STRING": "（あー、不毛だな。こういうこと考えちまうのは……重症だな……）",
				"ENG_STRING": "（あー、不毛だな。こういうこと考えちまうのは……重症だな……）"
			},
			{
				"TYPE": "ZM",
				"ID": 558106,
				"NAME": "憂緒",
				"ENG_NAME": "憂緒",
				"STRING": "「……？　久我くん、何をぼーっとしてるんです？」@n",
				"ENG_STRING": "「……？　久我くん、何をぼーっとしてるんです？」@n"
			},
			{
				"TYPE": "ZM",
				"ID": 558107,
				"NAME": "三厳",
				"ENG_NAME": "三厳",
				"STRING": "「あ？　いや、考え込んでた、悪い」",
				"ENG_STRING": "「あ？　いや、考え込んでた、悪い」"
			},
			{
				"TYPE": "ZM",
				"ID": 558108,
				"NAME": "憂緒",
				"ENG_NAME": "憂緒",
				"STRING": "「何をです？」",
				"ENG_STRING": "「何をです？」"
			},
			{
				"TYPE": "SELR",
				"ID": 0,
				"STRING": "噂のこと",
				"ENG_STRING": "噂のこと"
			},
			{
				"TYPE": "SELR",
				"ID": 1,
				"STRING": "睦月のこと",
				"ENG_STRING": "睦月のこと"
			},
			{
				"TYPE": "SELR",
				"ID": 2,
				"STRING": "晩飯のこと",
				"ENG_STRING": "晩飯のこと"
			}
		],
		"CHAPTER_SUBNAME": "S02_04_01：保健室にて"
	},
	"S02_04_02：噂のこと": {
		"MESSAGES": [
			{
				"TYPE": "ZM",
				"ID": 558338,
				"NAME": "三厳",
				"ENG_NAME": "三厳",
				"STRING": "「いやそりゃ、噂のことだよ」",
				"ENG_STRING": "「いやそりゃ、噂のことだよ」"
			},
			{
				"TYPE": "ZM",
				"ID": 558339,
				"STRING": "本当のことなど言えるわけもなく、咄嗟に適当な事を言って誤魔化す。",
				"ENG_STRING": "本当のことなど言えるわけもなく、咄嗟に適当な事を言って誤魔化す。"
			}
		],
		"CHAPTER_SUBNAME": "S02_04_02：噂のこと"
	},
	"S02_04_03：睦月のこと": {
		"MESSAGES": [
			{
				"TYPE": "ZM",
				"ID": 558594,
				"NAME": "三厳",
				"ENG_NAME": "三厳",
				"STRING": "「随分花立の手際がいいなって感心してたんだ」",
				"ENG_STRING": "「随分花立の手際がいいなって感心してたんだ」"
			},
			{
				"TYPE": "ZM",
				"ID": 558595,
				"STRING": "本当のことなど言えるわけもなく、咄嗟に話を少しずらして誤魔化す。",
				"ENG_STRING": "本当のことなど言えるわけもなく、咄嗟に話を少しずらして誤魔化す。"
			},
			{
				"TYPE": "ZM",
				"ID": 558596,
				"NAME": "睦月",
				"ENG_NAME": "睦月",
				"STRING": "「えっ、そうかな？　ありがとー！　えへへもーちゃん、みっちーに褒められちゃったよー！」@n",
				"ENG_STRING": "「えっ、そうかな？　ありがとー！　えへへもーちゃん、みっちーに褒められちゃったよー！」@n"
			},
			{
				"TYPE": "ZM",
				"ID": 558849,
				"NAME": "憂緒",
				"ENG_NAME": "憂緒",
				"STRING": "「調査が手際良く進むのは良いことです」",
				"ENG_STRING": "「調査が手際良く進むのは良いことです」"
			},
			{
				"TYPE": "ZM",
				"ID": 558850,
				"STRING": "親友を褒められて、モー子は少し誇らしげにも見えた。",
				"ENG_STRING": "親友を褒められて、モー子は少し誇らしげにも見えた。"
			},
			{
				"TYPE": "ZM",
				"ID": 558851,
				"STRING": "複雑な感情を押し殺しつつ、話を戻す。",
				"ENG_STRING": "複雑な感情を押し殺しつつ、話を戻す。"
			},
			{
				"TYPE": "ZM",
				"ID": 558852,
				"NAME": "三厳",
				"ENG_NAME": "三厳",
				"STRING": "「それにしても、変な噂だよな」",
				"ENG_STRING": "「それにしても、変な噂だよな」"
			}
		],
		"CHAPTER_SUBNAME": "S02_04_03：睦月のこと"
	},
	"S02_04_04：晩飯のこと": {
		"MESSAGES": [
			{
				"TYPE": "ZM",
				"ID": 559106,
				"NAME": "三厳",
				"ENG_NAME": "三厳",
				"STRING": "「腹が減ったなーと思って」",
				"ENG_STRING": "「腹が減ったなーと思って」"
			},
			{
				"TYPE": "ZM",
				"ID": 559107,
				"STRING": "本当のことなど言えるわけもなく、咄嗟に適当な事を言って誤魔化す。",
				"ENG_STRING": "本当のことなど言えるわけもなく、咄嗟に適当な事を言って誤魔化す。"
			},
			{
				"TYPE": "ZM",
				"ID": 559108,
				"NAME": "睦月",
				"ENG_NAME": "睦月",
				"STRING": "「あ！　わたしもちょっと空いてきたと思ってた！」@n",
				"ENG_STRING": "「あ！　わたしもちょっと空いてきたと思ってた！」@n"
			},
			{
				"TYPE": "ZM",
				"ID": 559361,
				"NAME": "憂緒",
				"ENG_NAME": "憂緒",
				"STRING": "「………大丈夫ですか？」",
				"ENG_STRING": "「………大丈夫ですか？」"
			},
			{
				"TYPE": "ZM",
				"ID": 559362,
				"NAME": "三厳",
				"ENG_NAME": "三厳",
				"STRING": "「え？」",
				"ENG_STRING": "「え？」"
			},
			{
				"TYPE": "ZM",
				"ID": 559363,
				"NAME": "憂緒",
				"ENG_NAME": "憂緒",
				"STRING": "「あ、いえ……お腹がすいて倒れそうなのかと……」@n",
				"ENG_STRING": "「あ、いえ……お腹がすいて倒れそうなのかと……」@n"
			},
			{
				"TYPE": "ZM",
				"ID": 559617,
				"NAME": "三厳",
				"ENG_NAME": "三厳",
				"STRING": "「いや、そこまでじゃないから。大丈夫だって。悪い、どうでもいいこと考えてたな」",
				"ENG_STRING": "「いや、そこまでじゃないから。大丈夫だって。悪い、どうでもいいこと考えてたな」"
			},
			{
				"TYPE": "ZM",
				"ID": 559618,
				"STRING": "呆れられるかと思ったが、意外にも普通に心配されてしまった。",
				"ENG_STRING": "呆れられるかと思ったが、意外にも普通に心配されてしまった。"
			},
			{
				"TYPE": "ZM",
				"ID": 559619,
				"STRING": "少し申し訳ない気持ちになりながら、話を戻す。",
				"ENG_STRING": "少し申し訳ない気持ちになりながら、話を戻す。"
			},
			{
				"TYPE": "ZM",
				"ID": 559620,
				"NAME": "三厳",
				"ENG_NAME": "三厳",
				"STRING": "「それにしても、変な噂だよな」",
				"ENG_STRING": "「それにしても、変な噂だよな」"
			}
		],
		"CHAPTER_SUBNAME": "S02_04_04：晩飯のこと"
	},
	"S02_04_05": {
		"MESSAGES": [
			{
				"TYPE": "ZM",
				"ID": 559874,
				"NAME": "三厳",
				"ENG_NAME": "三厳",
				"STRING": "「なりたい自分になれる、って何だろうな。一時的にでもそんなになってみたいもんかね？」",
				"ENG_STRING": "「なりたい自分になれる、って何だろうな。一時的にでもそんなになってみたいもんかね？」"
			},
			{
				"TYPE": "ZM",
				"ID": 559875,
				"NAME": "睦月",
				"ENG_NAME": "睦月",
				"STRING": "「んー、性格にコンプレックス持ってる人ってけっこういると思うよ？　人見知り、とかさ」",
				"ENG_STRING": "「んー、性格にコンプレックス持ってる人ってけっこういると思うよ？　人見知り、とかさ」"
			},
			{
				"TYPE": "ZM",
				"ID": 559876,
				"NAME": "三厳",
				"ENG_NAME": "三厳",
				"STRING": "「それ、しばらくの間だけ治って嬉しいもんなのか？」",
				"ENG_STRING": "「それ、しばらくの間だけ治って嬉しいもんなのか？」"
			},
			{
				"TYPE": "ZM",
				"ID": 559877,
				"NAME": "睦月",
				"ENG_NAME": "睦月",
				"STRING": "「人見知りが治ってる間に、気になる彼に告白タイム、とかかもよ」",
				"ENG_STRING": "「人見知りが治ってる間に、気になる彼に告白タイム、とかかもよ」"
			},
			{
				"TYPE": "ZM",
				"ID": 559878,
				"NAME": "三厳",
				"ENG_NAME": "三厳",
				"STRING": "「あー、なるほど……たとえ短時間でも使い道はあるもんだな」",
				"ENG_STRING": "「あー、なるほど……たとえ短時間でも使い道はあるもんだな」"
			},
			{
				"TYPE": "ZM",
				"ID": 559879,
				"NAME": "憂緒",
				"ENG_NAME": "憂緒",
				"STRING": "「単純に、拡大解釈をして試そうとした人もいるのでは？」",
				"ENG_STRING": "「単純に、拡大解釈をして試そうとした人もいるのでは？」"
			},
			{
				"TYPE": "ZM",
				"ID": 559880,
				"NAME": "睦月",
				"ENG_NAME": "睦月",
				"STRING": "「拡大解釈？」",
				"ENG_STRING": "「拡大解釈？」"
			},
			{
				"TYPE": "ZM",
				"ID": 559881,
				"NAME": "憂緒",
				"ENG_NAME": "憂緒",
				"STRING": "「性格が変わるだけじゃないかも、と、苦手教科の小テストの前に天才になりたいと願ってみる、とか」",
				"ENG_STRING": "「性格が変わるだけじゃないかも、と、苦手教科の小テストの前に天才になりたいと願ってみる、とか」"
			},
			{
				"TYPE": "ZM",
				"ID": 559882,
				"NAME": "三厳",
				"ENG_NAME": "三厳",
				"STRING": "「あー……似たようなこと黒谷も言ってたな。英語がペラペラになったりしないかな、って」",
				"ENG_STRING": "「あー……似たようなこと黒谷も言ってたな。英語がペラペラになったりしないかな、って」"
			},
			{
				"TYPE": "ZM",
				"ID": 559883,
				"NAME": "睦月",
				"ENG_NAME": "睦月",
				"STRING": "「なるほどー！　そういう変化もアリかもって、試しに来た人はいるかもね」@n",
				"ENG_STRING": "「なるほどー！　そういう変化もアリかもって、試しに来た人はいるかもね」@n"
			},
			{
				"TYPE": "ZM",
				"ID": 560129,
				"NAME": "憂緒",
				"ENG_NAME": "憂緒",
				"STRING": "「実際、遺品だったとしても、どこまでの変化が有効なのかは、まだ不明ですからね」",
				"ENG_STRING": "「実際、遺品だったとしても、どこまでの変化が有効なのかは、まだ不明ですからね」"
			},
			{
				"TYPE": "ZM",
				"ID": 560130,
				"NAME": "睦月",
				"ENG_NAME": "睦月",
				"STRING": "「んー、なりたい自分ねえ。もーちゃん、何かある？」@n",
				"ENG_STRING": "「んー、なりたい自分ねえ。もーちゃん、何かある？」@n"
			},
			{
				"TYPE": "WHST",
				"STRING": "L3_vo_usio20021,憂緒,「…………いえ、特に」,1",
				"ENG_STRING": "L3_vo_usio20021,憂緒,「…………いえ、特に」,1"
			},
			{
				"TYPE": "ZM",
				"ID": 560131,
				"NAME": "憂緒",
				"ENG_NAME": "憂緒",
				"STRING": "「…………@n, 870",
				"ENG_STRING": "「…………@n, 870"
			},
			{
				"TYPE": "ZM",
				"ID": 560132,
				"NAME": "三厳",
				"ENG_NAME": "三厳",
				"STRING": "「なんだ今の間は」",
				"ENG_STRING": "「なんだ今の間は」"
			},
			{
				"TYPE": "ZM",
				"ID": 560133,
				"NAME": "憂緒",
				"ENG_NAME": "憂緒",
				"STRING": "「何がですか」",
				"ENG_STRING": "「何がですか」"
			},
			{
				"TYPE": "ZM",
				"ID": 560134,
				"NAME": "三厳",
				"ENG_NAME": "三厳",
				"STRING": "「一瞬、なんか頭に浮かんだだろ。ツンデレがすぎるからもうちょっと素直になりたいとか」",
				"ENG_STRING": "「一瞬、なんか頭に浮かんだだろ。ツンデレがすぎるからもうちょっと素直になりたいとか」"
			},
			{
				"TYPE": "ZM",
				"ID": 560135,
				"NAME": "憂緒",
				"ENG_NAME": "憂緒",
				"STRING": "「浮かんでませんっ！！　しかもツンデレでもありませんから！！」@n",
				"ENG_STRING": "「浮かんでませんっ！！　しかもツンデレでもありませんから！！」@n"
			},
			{
				"TYPE": "ZM",
				"ID": 560136,
				"NAME": "三厳",
				"ENG_NAME": "三厳",
				"STRING": "「どこがだよ」",
				"ENG_STRING": "「どこがだよ」"
			},
			{
				"TYPE": "ZM",
				"ID": 560137,
				"NAME": "憂緒",
				"ENG_NAME": "憂緒",
				"STRING": "「それを言うなら君の方こそでしょう。口の悪さを正してみようと思ったことはないのですか」",
				"ENG_STRING": "「それを言うなら君の方こそでしょう。口の悪さを正してみようと思ったことはないのですか」"
			},
			{
				"TYPE": "ZM",
				"ID": 560138,
				"NAME": "三厳",
				"ENG_NAME": "三厳",
				"STRING": "「俺は正直なだけだぞ？」",
				"ENG_STRING": "「俺は正直なだけだぞ？」"
			},
			{
				"TYPE": "ZM",
				"ID": 560139,
				"NAME": "憂緒",
				"ENG_NAME": "憂緒",
				"STRING": "「村雲くんが聞いたら全力で否定してくれると思いますが」",
				"ENG_STRING": "「村雲くんが聞いたら全力で否定してくれると思いますが」"
			},
			{
				"TYPE": "ZM",
				"ID": 560140,
				"NAME": "三厳",
				"ENG_NAME": "三厳",
				"STRING": "「あれよりはマシだろ！？　あいつの方がよっぽど口も悪けりゃ性格も歪んでる」",
				"ENG_STRING": "「あれよりはマシだろ！？　あいつの方がよっぽど口も悪けりゃ性格も歪んでる」"
			},
			{
				"TYPE": "ZM",
				"ID": 560141,
				"NAME": "憂緒",
				"ENG_NAME": "憂緒",
				"STRING": "「良い勝負ですが。まさに類は友を呼ぶですね」",
				"ENG_STRING": "「良い勝負ですが。まさに類は友を呼ぶですね」"
			},
			{
				"TYPE": "ZM",
				"ID": 560142,
				"NAME": "三厳",
				"ENG_NAME": "三厳",
				"STRING": "「誰が友だ、気色悪い」",
				"ENG_STRING": "「誰が友だ、気色悪い」"
			},
			{
				"TYPE": "ZM",
				"ID": 560143,
				"NAME": "憂緒",
				"ENG_NAME": "憂緒",
				"STRING": "「そういう所です」",
				"ENG_STRING": "「そういう所です」"
			},
			{
				"TYPE": "ZM",
				"ID": 560144,
				"NAME": "三厳",
				"ENG_NAME": "三厳",
				"STRING": "「何が？」",
				"ENG_STRING": "「何が？」"
			},
			{
				"TYPE": "ZM",
				"ID": 560145,
				"NAME": "憂緒",
				"ENG_NAME": "憂緒",
				"STRING": "「今の返し方、村雲くんに同じ事を言ったら、まったく同じ返答があると思いませんか」",
				"ENG_STRING": "「今の返し方、村雲くんに同じ事を言ったら、まったく同じ返答があると思いませんか」"
			},
			{
				"TYPE": "ZM",
				"ID": 560146,
				"NAME": "三厳",
				"ENG_NAME": "三厳",
				"STRING": "「……………………」",
				"ENG_STRING": "「……………………」"
			},
			{
				"TYPE": "ZM",
				"ID": 560147,
				"NAME": "睦月",
				"ENG_NAME": "睦月",
				"STRING": "「あっはっは、もーちゃんの勝ちー」@n",
				"ENG_STRING": "「あっはっは、もーちゃんの勝ちー」@n"
			},
			{
				"TYPE": "ZM",
				"ID": 560385,
				"NAME": "三厳",
				"ENG_NAME": "三厳",
				"STRING": "「花立……笑ってないで、止めようとは思わなかったか」",
				"ENG_STRING": "「花立……笑ってないで、止めようとは思わなかったか」"
			},
			{
				"TYPE": "ZM",
				"ID": 560386,
				"NAME": "睦月",
				"ENG_NAME": "睦月",
				"STRING": "「だって面白かったもん。仲良いねえ、さすが一緒に戦ってただけあるよねー」@n",
				"ENG_STRING": "「だって面白かったもん。仲良いねえ、さすが一緒に戦ってただけあるよねー」@n"
			},
			{
				"TYPE": "ZM",
				"ID": 560387,
				"NAME": "憂緒",
				"ENG_NAME": "憂緒",
				"STRING": "「どこが仲良く見えたんですか！？」@n",
				"ENG_STRING": "「どこが仲良く見えたんですか！？」@n"
			},
			{
				"TYPE": "ZM",
				"ID": 560388,
				"NAME": "睦月",
				"ENG_NAME": "睦月",
				"STRING": "「仲良しさんにしか、見えなかったよ？」",
				"ENG_STRING": "「仲良しさんにしか、見えなかったよ？」"
			},
			{
				"TYPE": "ZM",
				"ID": 560389,
				"NAME": "憂緒",
				"ENG_NAME": "憂緒",
				"STRING": "「………………………」",
				"ENG_STRING": "「………………………」"
			},
			{
				"TYPE": "ZM",
				"ID": 560390,
				"NAME": "三厳",
				"ENG_NAME": "三厳",
				"STRING": "（こいつも、おまるが入ってただけのことはあるなー……）",
				"ENG_STRING": "（こいつも、おまるが入ってただけのことはあるなー……）"
			},
			{
				"TYPE": "ZM",
				"ID": 560391,
				"STRING": "なんか変な焼きもち妬いてたのが、虚しくなってきた。",
				"ENG_STRING": "なんか変な焼きもち妬いてたのが、虚しくなってきた。"
			},
			{
				"TYPE": "ZM",
				"ID": 560392,
				"NAME": "憂緒",
				"ENG_NAME": "憂緒",
				"STRING": "「ま、まあ、保健室には異常なし、ということで」",
				"ENG_STRING": "「ま、まあ、保健室には異常なし、ということで」"
			},
			{
				"TYPE": "ZM",
				"ID": 560393,
				"STRING": "無理矢理、話を変えるモー子。",
				"ENG_STRING": "無理矢理、話を変えるモー子。"
			},
			{
				"TYPE": "ZM",
				"ID": 560394,
				"STRING": "異論はないので突っ込まないでおこう。",
				"ENG_STRING": "異論はないので突っ込まないでおこう。"
			},
			{
				"TYPE": "ZM",
				"ID": 560395,
				"NAME": "憂緒",
				"ENG_NAME": "憂緒",
				"STRING": "「遺品の形跡も見当たりませんし、分室へ行きましょう。今日は、遺品のインクが溜まっているはずですから」@n",
				"ENG_STRING": "「遺品の形跡も見当たりませんし、分室へ行きましょう。今日は、遺品のインクが溜まっているはずですから」@n"
			},
			{
				"TYPE": "ZM",
				"ID": 560396,
				"STRING": "例の、２０年前の記憶を辿るペンとインクの遺品。",
				"ENG_STRING": "例の、２０年前の記憶を辿るペンとインクの遺品。"
			},
			{
				"TYPE": "ZM",
				"ID": 560397,
				"STRING": "昨日確認した時点で、そろそろ再開出来そうなくらいインクが溜まってきたとの事だったので、今日また分室に集まる予定になっていた。",
				"ENG_STRING": "昨日確認した時点で、そろそろ再開出来そうなくらいインクが溜まってきたとの事だったので、今日また分室に集まる予定になっていた。"
			},
			{
				"TYPE": "ZM",
				"ID": 560398,
				"NAME": "睦月",
				"ENG_NAME": "睦月",
				"STRING": "「そうそう、待ち遠しかったよー！　すっごい気になる所で終わっちゃったもんね」@n",
				"ENG_STRING": "「そうそう、待ち遠しかったよー！　すっごい気になる所で終わっちゃったもんね」@n"
			},
			{
				"TYPE": "ZM",
				"ID": 560641,
				"NAME": "憂緒",
				"ENG_NAME": "憂緒",
				"STRING": "「ええ、行きましょう」",
				"ENG_STRING": "「ええ、行きましょう」"
			},
			{
				"TYPE": "ZM",
				"ID": 560642,
				"STRING": "モー子がふわりとスカートを翻し歩き出す。",
				"ENG_STRING": "モー子がふわりとスカートを翻し歩き出す。"
			},
			{
				"TYPE": "ZM",
				"ID": 560643,
				"STRING": "俺と花立はその後をついて行った。",
				"ENG_STRING": "俺と花立はその後をついて行った。"
			}
		],
		"CHAPTER_SUBNAME": "S02_04_05"
	}
}