{
	"S03_12_01：中庭の銅像": {
		"MESSAGES": [
			{
				"TYPE": "ZM",
				"ID": 602114,
				"STRING": "モー子の提案でやってきたのは、かつて俺が踏み壊したあの銅像の前だった。",
				"ENG_STRING": "モー子の提案でやってきたのは、かつて俺が踏み壊したあの銅像の前だった。"
			},
			{
				"TYPE": "ZM",
				"ID": 602115,
				"STRING": "もちろん以前壊れたままの状態で、修復されていない。",
				"ENG_STRING": "もちろん以前壊れたままの状態で、修復されていない。"
			},
			{
				"TYPE": "ZM",
				"ID": 602116,
				"NAME": "睦月",
				"ENG_NAME": "睦月",
				"STRING": "「こんなのが折れちゃう勢いって、とんでもないね、みっちー」",
				"ENG_STRING": "「こんなのが折れちゃう勢いって、とんでもないね、みっちー」"
			},
			{
				"TYPE": "ZM",
				"ID": 602117,
				"NAME": "三厳",
				"ENG_NAME": "三厳",
				"STRING": "「お前が降ってくるから――あ、いや、中身お前のおまるがだけど」",
				"ENG_STRING": "「お前が降ってくるから――あ、いや、中身お前のおまるがだけど」"
			},
			{
				"TYPE": "ZM",
				"ID": 602118,
				"NAME": "睦月",
				"ENG_NAME": "睦月",
				"STRING": "「あっははは。そういううっかりさんな所、やっぱり他人とは思えないかなあ」",
				"ENG_STRING": "「あっははは。そういううっかりさんな所、やっぱり他人とは思えないかなあ」"
			},
			{
				"TYPE": "ZM",
				"ID": 602119,
				"NAME": "静春",
				"ENG_NAME": "静春",
				"STRING": "「窓から落ちるって、うっかりですむレベルか……？」",
				"ENG_STRING": "「窓から落ちるって、うっかりですむレベルか……？」"
			},
			{
				"TYPE": "ZM",
				"ID": 602120,
				"NAME": "ルイ",
				"ENG_NAME": "ルイ",
				"STRING": "「……………………」",
				"ENG_STRING": "「……………………」"
			},
			{
				"TYPE": "ZM",
				"ID": 602121,
				"STRING": "微妙に気の抜けた話をしている俺達を尻目に、ルイは折れた銅像を子細に観察していた。",
				"ENG_STRING": "微妙に気の抜けた話をしている俺達を尻目に、ルイは折れた銅像を子細に観察していた。"
			},
			{
				"TYPE": "ZM",
				"ID": 602122,
				"NAME": "憂緒",
				"ENG_NAME": "憂緒",
				"STRING": "「かつてここに、宝物庫から遺品が飛び出さないように抑制するための封印があったのです」",
				"ENG_STRING": "「かつてここに、宝物庫から遺品が飛び出さないように抑制するための封印があったのです」"
			},
			{
				"TYPE": "ZM",
				"ID": 602123,
				"STRING": "それを俺が壊してしまい、その時から校内に遺品が現れる確率が爆発的に跳ね上がってしまった。",
				"ENG_STRING": "それを俺が壊してしまい、その時から校内に遺品が現れる確率が爆発的に跳ね上がってしまった。"
			},
			{
				"TYPE": "ZM",
				"ID": 602124,
				"NAME": "憂緒",
				"ENG_NAME": "憂緒",
				"STRING": "「どう考えても、宝物庫に入って封印の札をすべて遺品に貼るよりも、ここの封印を強力に修繕した方が早いでしょう」",
				"ENG_STRING": "「どう考えても、宝物庫に入って封印の札をすべて遺品に貼るよりも、ここの封印を強力に修繕した方が早いでしょう」"
			},
			{
				"TYPE": "ZM",
				"ID": 602125,
				"NAME": "憂緒",
				"ENG_NAME": "憂緒",
				"STRING": "「なのに学園はそうはしなかった…それには何らかの理由があるのではないでしょうか？」",
				"ENG_STRING": "「なのに学園はそうはしなかった…それには何らかの理由があるのではないでしょうか？」"
			},
			{
				"TYPE": "ZM",
				"ID": 602126,
				"STRING": "モー子の話を、聞いていると示すためにか、ルイは時折頷きながら銅像の周りを一周する。",
				"ENG_STRING": "モー子の話を、聞いていると示すためにか、ルイは時折頷きながら銅像の周りを一周する。"
			},
			{
				"TYPE": "ZM",
				"ID": 602127,
				"STRING": "そして、台座までくまなく調べてみた後、モー子の方へ向き直って口を開いた。",
				"ENG_STRING": "そして、台座までくまなく調べてみた後、モー子の方へ向き直って口を開いた。"
			},
			{
				"TYPE": "ZM",
				"ID": 602128,
				"NAME": "ルイ",
				"ENG_NAME": "ルイ",
				"STRING": "「この銅像自体には、今は何の仕掛けも無いようだが……」",
				"ENG_STRING": "「この銅像自体には、今は何の仕掛けも無いようだが……」"
			},
			{
				"TYPE": "ZM",
				"ID": 602129,
				"NAME": "ルイ",
				"ENG_NAME": "ルイ",
				"STRING": "「おそらくポイントになる部分に魔術的要素の強いものを一定数配置した上で、その中心に封印を施すタイプだろう」",
				"ENG_STRING": "「おそらくポイントになる部分に魔術的要素の強いものを一定数配置した上で、その中心に封印を施すタイプだろう」"
			},
			{
				"TYPE": "ZM",
				"ID": 602130,
				"NAME": "ルイ",
				"ENG_NAME": "ルイ",
				"STRING": "「ならば修繕しない理由はひとつしかない……同じように魔術要素の複数配置で行う、他の魔術の妨げになるからだ」",
				"ENG_STRING": "「ならば修繕しない理由はひとつしかない……同じように魔術要素の複数配置で行う、他の魔術の妨げになるからだ」"
			},
			{
				"TYPE": "ZM",
				"ID": 602131,
				"NAME": "憂緒",
				"ENG_NAME": "憂緒",
				"STRING": "「これを修復すると、他の魔術に影響が出るから出来ない、そういうことですね？」@n",
				"ENG_STRING": "「これを修復すると、他の魔術に影響が出るから出来ない、そういうことですね？」@n"
			},
			{
				"TYPE": "ZM",
				"ID": 602132,
				"STRING": "そう言えば、以前にもルイはそんな事を言ってた気がする。",
				"ENG_STRING": "そう言えば、以前にもルイはそんな事を言ってた気がする。"
			},
			{
				"TYPE": "ZM",
				"ID": 602133,
				"STRING": "モー子はそれを確認しに来たのか。",
				"ENG_STRING": "モー子はそれを確認しに来たのか。"
			},
			{
				"TYPE": "ZM",
				"ID": 602134,
				"NAME": "ルイ",
				"ENG_NAME": "ルイ",
				"STRING": "「そうだ。学園側にとっては、そちらの魔術の方が重要だ、ということだな」",
				"ENG_STRING": "「そうだ。学園側にとっては、そちらの魔術の方が重要だ、ということだな」"
			},
			{
				"TYPE": "ZM",
				"ID": 602135,
				"NAME": "憂緒",
				"ENG_NAME": "憂緒",
				"STRING": "「学園側はまだ何か仕掛けをしていたということです。もっと早く気付くべきだった……」@n",
				"ENG_STRING": "「学園側はまだ何か仕掛けをしていたということです。もっと早く気付くべきだった……」@n"
			},
			{
				"TYPE": "ZM",
				"ID": 602136,
				"STRING": "悔しそうに唇を噛むモー子。",
				"ENG_STRING": "悔しそうに唇を噛むモー子。"
			},
			{
				"TYPE": "ZM",
				"ID": 602137,
				"STRING": "仕方ないよ、と花立がなぐさめている。",
				"ENG_STRING": "仕方ないよ、と花立がなぐさめている。"
			},
			{
				"TYPE": "ZM",
				"ID": 602138,
				"NAME": "三厳",
				"ENG_NAME": "三厳",
				"STRING": "「この銅像をもう一回壊したら、その、他の魔術とやら、何とかできないのか？」",
				"ENG_STRING": "「この銅像をもう一回壊したら、その、他の魔術とやら、何とかできないのか？」"
			},
			{
				"TYPE": "ZM",
				"ID": 602139,
				"NAME": "ルイ",
				"ENG_NAME": "ルイ",
				"STRING": "「これはもう今はただの銅像だから、意味がないな」",
				"ENG_STRING": "「これはもう今はただの銅像だから、意味がないな」"
			},
			{
				"TYPE": "ZM",
				"ID": 602140,
				"NAME": "三厳",
				"ENG_NAME": "三厳",
				"STRING": "「うーん、そうか……」",
				"ENG_STRING": "「うーん、そうか……」"
			},
			{
				"TYPE": "ZM",
				"ID": 602141,
				"NAME": "憂緒",
				"ENG_NAME": "憂緒",
				"STRING": "「……他の魔術について、何か手がかりはないでしょうか？」",
				"ENG_STRING": "「……他の魔術について、何か手がかりはないでしょうか？」"
			},
			{
				"TYPE": "ZM",
				"ID": 602142,
				"NAME": "ルイ",
				"ENG_NAME": "ルイ",
				"STRING": "「この場所を通過するような形で、学園内のどこかに、魔術的なものがこっそりと配置されているはずだ」",
				"ENG_STRING": "「この場所を通過するような形で、学園内のどこかに、魔術的なものがこっそりと配置されているはずだ」"
			},
			{
				"TYPE": "ZM",
				"ID": 602143,
				"NAME": "ルイ",
				"ENG_NAME": "ルイ",
				"STRING": "「問題はどこにそれがあるのかだが……」",
				"ENG_STRING": "「問題はどこにそれがあるのかだが……」"
			},
			{
				"TYPE": "ZM",
				"ID": 602144,
				"NAME": "睦月",
				"ENG_NAME": "睦月",
				"STRING": "「通過するような形、って言っても、結局は学園のどっか、としか言いようがないよね」",
				"ENG_STRING": "「通過するような形、って言っても、結局は学園のどっか、としか言いようがないよね」"
			},
			{
				"TYPE": "ZM",
				"ID": 602145,
				"NAME": "ルイ",
				"ENG_NAME": "ルイ",
				"STRING": "「そうなるな。しかし、やはり俺たちを遠ざけるようなことをしている以上、西寮も確認した方がいいだろう」@n",
				"ENG_STRING": "「そうなるな。しかし、やはり俺たちを遠ざけるようなことをしている以上、西寮も確認した方がいいだろう」@n"
			},
			{
				"TYPE": "ZM",
				"ID": 602146,
				"NAME": "静春",
				"ENG_NAME": "静春",
				"STRING": "「なんかやらかすとしたら、あそこだろうからなあ……行くか」@n",
				"ENG_STRING": "「なんかやらかすとしたら、あそこだろうからなあ……行くか」@n"
			},
			{
				"TYPE": "ZM",
				"ID": 602147,
				"STRING": "村雲はそう言ってヤヌスの鍵をポケットから取り出す。",
				"ENG_STRING": "村雲はそう言ってヤヌスの鍵をポケットから取り出す。"
			},
			{
				"TYPE": "ZM",
				"ID": 602148,
				"NAME": "三厳",
				"ENG_NAME": "三厳",
				"STRING": "「鍵まだ使えるか？」",
				"ENG_STRING": "「鍵まだ使えるか？」"
			},
			{
				"TYPE": "ZM",
				"ID": 602149,
				"NAME": "静春",
				"ENG_NAME": "静春",
				"STRING": "「まだいける。んじゃ……」",
				"ENG_STRING": "「まだいける。んじゃ……」"
			},
			{
				"TYPE": "ZM",
				"ID": 602150,
				"NAME": "アーデルハイト",
				"ENG_NAME": "アーデルハイト",
				"STRING": "「ルイ――！！」",
				"ENG_STRING": "「ルイ――！！」"
			},
			{
				"TYPE": "ZM",
				"ID": 602151,
				"STRING": "村雲が鍵を回すより早く、校舎の方からハイジの声が飛んできた。",
				"ENG_STRING": "村雲が鍵を回すより早く、校舎の方からハイジの声が飛んできた。"
			},
			{
				"TYPE": "ZM",
				"ID": 602152,
				"NAME": "アーリック",
				"ENG_NAME": "アーリック",
				"STRING": "「やっと見つけた！　無事か？　無事だな？」",
				"ENG_STRING": "「やっと見つけた！　無事か？　無事だな？」"
			},
			{
				"TYPE": "ZM",
				"ID": 602153,
				"STRING": "ハイジとアーリックが、同時にルイに駆け寄って来る。",
				"ENG_STRING": "ハイジとアーリックが、同時にルイに駆け寄って来る。"
			}
		],
		"CHAPTER_SUBNAME": "S03_12_01：中庭の銅像"
	},
	"S03_13_01：裏切り": {
		"MESSAGES": [
			{
				"TYPE": "ZM",
				"ID": 602154,
				"NAME": "ルイ",
				"ENG_NAME": "ルイ",
				"STRING": "「ちょうどいい、この場ではっきりさせてしまおう」",
				"ENG_STRING": "「ちょうどいい、この場ではっきりさせてしまおう」"
			},
			{
				"TYPE": "ZM",
				"ID": 602155,
				"STRING": "アーリックの姿を見て、ルイはすっと前に出ようとした。",
				"ENG_STRING": "アーリックの姿を見て、ルイはすっと前に出ようとした。"
			},
			{
				"TYPE": "ZM",
				"ID": 602156,
				"STRING": "急いでモー子が近寄り小声で声を掛ける。",
				"ENG_STRING": "急いでモー子が近寄り小声で声を掛ける。"
			},
			{
				"TYPE": "ZM",
				"ID": 602157,
				"NAME": "憂緒",
				"ENG_NAME": "憂緒",
				"STRING": "「推測がもし間違っていて、敵ではなかったらどうするんですか？」",
				"ENG_STRING": "「推測がもし間違っていて、敵ではなかったらどうするんですか？」"
			},
			{
				"TYPE": "ZM",
				"ID": 602158,
				"NAME": "ルイ",
				"ENG_NAME": "ルイ",
				"STRING": "「もちろん加減する、その時は数分気絶するだけだ」",
				"ENG_STRING": "「もちろん加減する、その時は数分気絶するだけだ」"
			},
			{
				"TYPE": "ZM",
				"ID": 602159,
				"NAME": "静春",
				"ENG_NAME": "静春",
				"STRING": "「なんだ、おい？」@n",
				"ENG_STRING": "「なんだ、おい？」@n"
			},
			{
				"TYPE": "ZM",
				"ID": 602160,
				"NAME": "三厳",
				"ENG_NAME": "三厳",
				"STRING": "「――下がってろ」",
				"ENG_STRING": "「――下がってろ」"
			},
			{
				"TYPE": "ZM",
				"ID": 602161,
				"STRING": "以前も先輩を吹き飛ばしたあれだろうと予想はついたので、村雲に素早く目配せしつつ言う。",
				"ENG_STRING": "以前も先輩を吹き飛ばしたあれだろうと予想はついたので、村雲に素早く目配せしつつ言う。"
			},
			{
				"TYPE": "ZM",
				"ID": 602162,
				"STRING": "村雲も、即座にただ事ではないと察したらしく花立を背後にかばう格好で数歩下がった。",
				"ENG_STRING": "村雲も、即座にただ事ではないと察したらしく花立を背後にかばう格好で数歩下がった。"
			},
			{
				"TYPE": "ZM",
				"ID": 602163,
				"STRING": "ルイは逆に前に出て、俺達とアーリックとの間を遮るような位置へと移動する。",
				"ENG_STRING": "ルイは逆に前に出て、俺達とアーリックとの間を遮るような位置へと移動する。"
			},
			{
				"TYPE": "ZM",
				"ID": 602164,
				"NAME": "ルイ",
				"ENG_NAME": "ルイ",
				"STRING": "「アーデルハイト！　アーリックから離れろ！！」@n",
				"ENG_STRING": "「アーデルハイト！　アーリックから離れろ！！」@n"
			},
			{
				"TYPE": "ZM",
				"ID": 602165,
				"STRING": "ルイがハイジに向かって鋭く言うと、ハイジの方もすぐさま従い距離を置く。",
				"ENG_STRING": "ルイがハイジに向かって鋭く言うと、ハイジの方もすぐさま従い距離を置く。"
			},
			{
				"TYPE": "ZM",
				"ID": 602166,
				"STRING": "そして無造作に眼帯を剥ぎ取ると、その下から赤く輝く瞳が姿を現した。",
				"ENG_STRING": "そして無造作に眼帯を剥ぎ取ると、その下から赤く輝く瞳が姿を現した。"
			},
			{
				"TYPE": "ZM",
				"ID": 602167,
				"NAME": "ルイ",
				"ENG_NAME": "ルイ",
				"STRING": "「悪く思うなよ――」",
				"ENG_STRING": "「悪く思うなよ――」"
			},
			{
				"TYPE": "ZM",
				"ID": 602168,
				"STRING": "どん、と空気が振動する音が聞こえた。",
				"ENG_STRING": "どん、と空気が振動する音が聞こえた。"
			},
			{
				"TYPE": "ZM",
				"ID": 602169,
				"STRING": "が、俺達の方にはもちろん、何の衝撃もなく――そして、アーリックもまた平然と立っていた。",
				"ENG_STRING": "が、俺達の方にはもちろん、何の衝撃もなく――そして、アーリックもまた平然と立っていた。"
			},
			{
				"TYPE": "ZM",
				"ID": 602170,
				"NAME": "ルイ",
				"ENG_NAME": "ルイ",
				"STRING": "「……なに？」",
				"ENG_STRING": "「……なに？」"
			},
			{
				"TYPE": "ZM",
				"ID": 602171,
				"NAME": "アーリック",
				"ENG_NAME": "アーリック",
				"STRING": "「今、お前は私を攻撃したのか？」",
				"ENG_STRING": "「今、お前は私を攻撃したのか？」"
			},
			{
				"TYPE": "ZM",
				"ID": 602172,
				"STRING": "涼しい顔で言いながら、アーリックはルイにゆっくりと近づく。",
				"ENG_STRING": "涼しい顔で言いながら、アーリックはルイにゆっくりと近づく。"
			},
			{
				"TYPE": "ZM",
				"ID": 602173,
				"NAME": "ルイ",
				"ENG_NAME": "ルイ",
				"STRING": "「……ッ！　コガ！　全員退避させろ！！」@n",
				"ENG_STRING": "「……ッ！　コガ！　全員退避させろ！！」@n"
			},
			{
				"TYPE": "ZM",
				"ID": 602174,
				"STRING": "ルイは一瞬動揺した顔を見せたが、すぐに俺に向かって叫ぶ。",
				"ENG_STRING": "ルイは一瞬動揺した顔を見せたが、すぐに俺に向かって叫ぶ。"
			},
			{
				"TYPE": "ZM",
				"ID": 602175,
				"STRING": "そして自分はアーリックから目を離さずに、俺達から離れた位置へと移動した。",
				"ENG_STRING": "そして自分はアーリックから目を離さずに、俺達から離れた位置へと移動した。"
			},
			{
				"TYPE": "ZM",
				"ID": 602176,
				"STRING": "どん、とまたルイが衝撃波を放ったらしい振動だけが伝わってきた。",
				"ENG_STRING": "どん、とまたルイが衝撃波を放ったらしい振動だけが伝わってきた。"
			},
			{
				"TYPE": "ZM",
				"ID": 602177,
				"STRING": "しかしアーリックはやはり平然と立っている。",
				"ENG_STRING": "しかしアーリックはやはり平然と立っている。"
			},
			{
				"TYPE": "ZM",
				"ID": 602178,
				"NAME": "ルイ",
				"ENG_NAME": "ルイ",
				"STRING": "「急げ！　アーデルハイトを頼む！！」",
				"ENG_STRING": "「急げ！　アーデルハイトを頼む！！」"
			},
			{
				"TYPE": "ZM",
				"ID": 602179,
				"STRING": "走ってきたハイジの腕を掴み引き寄せると、俺達の方へ突き飛ばす。",
				"ENG_STRING": "走ってきたハイジの腕を掴み引き寄せると、俺達の方へ突き飛ばす。"
			},
			{
				"TYPE": "ZM",
				"ID": 602180,
				"NAME": "アーデルハイト",
				"ENG_NAME": "アーデルハイト",
				"STRING": "「えっ……ちょっと、何！？」@n",
				"ENG_STRING": "「えっ……ちょっと、何！？」@n"
			},
			{
				"TYPE": "ZM",
				"ID": 602181,
				"NAME": "ルイ",
				"ENG_NAME": "ルイ",
				"STRING": "「早く行け！！」",
				"ENG_STRING": "「早く行け！！」"
			},
			{
				"TYPE": "ZM",
				"ID": 602182,
				"NAME": "三厳",
				"ENG_NAME": "三厳",
				"STRING": "「おい！　村雲、鍵！！」",
				"ENG_STRING": "「おい！　村雲、鍵！！」"
			},
			{
				"TYPE": "ZM",
				"ID": 602183,
				"NAME": "静春",
				"ENG_NAME": "静春",
				"STRING": "「お、おう！！」@n",
				"ENG_STRING": "「お、おう！！」@n"
			},
			{
				"TYPE": "ZM",
				"ID": 602184,
				"STRING": "村雲は既に使おうと構えていたヤヌスの鍵を回転させ、扉を開いた。",
				"ENG_STRING": "村雲は既に使おうと構えていたヤヌスの鍵を回転させ、扉を開いた。"
			},
			{
				"TYPE": "ZM",
				"ID": 602185,
				"NAME": "三厳",
				"ENG_NAME": "三厳",
				"STRING": "「急げ、ハイジも！！」@n",
				"ENG_STRING": "「急げ、ハイジも！！」@n"
			},
			{
				"TYPE": "ZM",
				"ID": 602186,
				"NAME": "アーデルハイト",
				"ENG_NAME": "アーデルハイト",
				"STRING": "「なんなのよ……！！」",
				"ENG_STRING": "「なんなのよ……！！」"
			},
			{
				"TYPE": "ZM",
				"ID": 602187,
				"STRING": "呆然としていたハイジの腕を引っ張って、強引に扉の中に押し込む。@n",
				"ENG_STRING": "呆然としていたハイジの腕を引っ張って、強引に扉の中に押し込む。@n"
			},
			{
				"TYPE": "ZM",
				"ID": 602188,
				"NAME": "三厳",
				"ENG_NAME": "三厳",
				"STRING": "（ルイは――無理か……！）",
				"ENG_STRING": "（ルイは――無理か……！）"
			},
			{
				"TYPE": "ZM",
				"ID": 602189,
				"STRING": "アーリックがこちらへ近寄らないよう、ルイは今も義兄と睨みあったまま、じりじりと扉から離れて行く。",
				"ENG_STRING": "アーリックがこちらへ近寄らないよう、ルイは今も義兄と睨みあったまま、じりじりと扉から離れて行く。"
			},
			{
				"TYPE": "ZM",
				"ID": 602190,
				"NAME": "三厳",
				"ENG_NAME": "三厳",
				"STRING": "「仕方ねえっ……！！」",
				"ENG_STRING": "「仕方ねえっ……！！」"
			},
			{
				"TYPE": "ZM",
				"ID": 602191,
				"STRING": "他全員も駆け込んだのを見て、扉を閉めた。",
				"ENG_STRING": "他全員も駆け込んだのを見て、扉を閉めた。"
			},
			{
				"TYPE": "ZM",
				"ID": 602192,
				"STRING": "迅速な行動。",
				"ENG_STRING": "迅速な行動。"
			},
			{
				"TYPE": "ZM",
				"ID": 602193,
				"STRING": "やはり、こういう時にはコガは頼りになる。",
				"ENG_STRING": "やはり、こういう時にはコガは頼りになる。"
			},
			{
				"TYPE": "ZM",
				"ID": 602194,
				"STRING": "話しておく相手はあの二人にしておいて正解だったようだ。",
				"ENG_STRING": "話しておく相手はあの二人にしておいて正解だったようだ。"
			},
			{
				"TYPE": "ZM",
				"ID": 602195,
				"NAME": "ルイ",
				"ENG_NAME": "ルイ",
				"STRING": "（………しかし……）",
				"ENG_STRING": "（………しかし……）"
			},
			{
				"TYPE": "ZM",
				"ID": 602196,
				"STRING": "事態は最悪だな。",
				"ENG_STRING": "事態は最悪だな。"
			},
			{
				"TYPE": "ZM",
				"ID": 602197,
				"STRING": "何故、俺の攻撃がまったく効かないのか。",
				"ENG_STRING": "何故、俺の攻撃がまったく効かないのか。"
			},
			{
				"TYPE": "ZM",
				"ID": 602198,
				"STRING": "怪訝そうな俺に、アーリックは皮肉っぽい笑みを浮かべて見せた。",
				"ENG_STRING": "怪訝そうな俺に、アーリックは皮肉っぽい笑みを浮かべて見せた。"
			},
			{
				"TYPE": "ZM",
				"ID": 602199,
				"NAME": "アーリック",
				"ENG_NAME": "アーリック",
				"STRING": "「お前は知らなかっただろうな」",
				"ENG_STRING": "「お前は知らなかっただろうな」"
			},
			{
				"TYPE": "ZM",
				"ID": 602200,
				"STRING": "と、言いつつ手袋を少しめくる。",
				"ENG_STRING": "と、言いつつ手袋を少しめくる。"
			},
			{
				"TYPE": "ZM",
				"ID": 602201,
				"STRING": "そこには腕輪のようなものがはめられていた。",
				"ENG_STRING": "そこには腕輪のようなものがはめられていた。"
			},
			{
				"TYPE": "ZM",
				"ID": 602202,
				"NAME": "アーリック",
				"ENG_NAME": "アーリック",
				"STRING": "「これは、当主には絶対に存在を知られないようにしてある魔術品だ」",
				"ENG_STRING": "「これは、当主には絶対に存在を知られないようにしてある魔術品だ」"
			},
			{
				"TYPE": "ZM",
				"ID": 602203,
				"NAME": "ルイ",
				"ENG_NAME": "ルイ",
				"STRING": "「魔術品……」",
				"ENG_STRING": "「魔術品……」"
			},
			{
				"TYPE": "ZM",
				"ID": 602204,
				"STRING": "その言い草からして、遺品ではなくヴァインベルガー家の所有していた魔術道具なのだろうと知れる。",
				"ENG_STRING": "その言い草からして、遺品ではなくヴァインベルガー家の所有していた魔術道具なのだろうと知れる。"
			},
			{
				"TYPE": "ZM",
				"ID": 602205,
				"NAME": "ルイ",
				"ENG_NAME": "ルイ",
				"STRING": "（しかも当主には隠してある、と……）",
				"ENG_STRING": "（しかも当主には隠してある、と……）"
			},
			{
				"TYPE": "ZM",
				"ID": 602206,
				"STRING": "おそらくヴァインベルガーの当主が一族に不利益な存在になったときのための、ヴァインベルガーの魔女封じに特化した魔術品か。",
				"ENG_STRING": "おそらくヴァインベルガーの当主が一族に不利益な存在になったときのための、ヴァインベルガーの魔女封じに特化した魔術品か。"
			},
			{
				"TYPE": "ZM",
				"ID": 602207,
				"STRING": "道理で俺の力がまるで効かないわけだ。",
				"ENG_STRING": "道理で俺の力がまるで効かないわけだ。"
			},
			{
				"TYPE": "ZM",
				"ID": 602208,
				"NAME": "ルイ",
				"ENG_NAME": "ルイ",
				"STRING": "（つまり形勢は絶対不利……）",
				"ENG_STRING": "（つまり形勢は絶対不利……）"
			},
			{
				"TYPE": "ZM",
				"ID": 602209,
				"STRING": "とっとと自分も退避すべきなのだが、アーリックがその隙を与えてくれるかどうか。",
				"ENG_STRING": "とっとと自分も退避すべきなのだが、アーリックがその隙を与えてくれるかどうか。"
			},
			{
				"TYPE": "ZM",
				"ID": 602210,
				"NAME": "アーリック",
				"ENG_NAME": "アーリック",
				"STRING": "「お前の疑問は晴れたと思うが」",
				"ENG_STRING": "「お前の疑問は晴れたと思うが」"
			},
			{
				"TYPE": "ZM",
				"ID": 602211,
				"NAME": "ルイ",
				"ENG_NAME": "ルイ",
				"STRING": "「ああ、晴れた」",
				"ENG_STRING": "「ああ、晴れた」"
			},
			{
				"TYPE": "ZM",
				"ID": 602212,
				"NAME": "アーリック",
				"ENG_NAME": "アーリック",
				"STRING": "「なら、もう一度聞く。何故私は攻撃されたんだ？　お前を連れ帰る件については、しばらく考えさせてくれと言ったはずだが」@n",
				"ENG_STRING": "「なら、もう一度聞く。何故私は攻撃されたんだ？　お前を連れ帰る件については、しばらく考えさせてくれと言ったはずだが」@n"
			},
			{
				"TYPE": "ZM",
				"ID": 602213,
				"NAME": "アーリック",
				"ENG_NAME": "アーリック",
				"STRING": "「それとも何か、他の理由でも……？」",
				"ENG_STRING": "「それとも何か、他の理由でも……？」"
			},
			{
				"TYPE": "ZM",
				"ID": 602214,
				"STRING": "質問しながら、アーリックはじわじわと距離を詰めてくる。",
				"ENG_STRING": "質問しながら、アーリックはじわじわと距離を詰めてくる。"
			},
			{
				"TYPE": "ZM",
				"ID": 602215,
				"STRING": "コガにも話したとおり、こいつ相手では接近されるとそれだけで不利だが……。",
				"ENG_STRING": "コガにも話したとおり、こいつ相手では接近されるとそれだけで不利だが……。"
			},
			{
				"TYPE": "ZM",
				"ID": 602216,
				"NAME": "ルイ",
				"ENG_NAME": "ルイ",
				"STRING": "（話を聞く気はあるのか……ならば……）",
				"ENG_STRING": "（話を聞く気はあるのか……ならば……）"
			},
			{
				"TYPE": "ZM",
				"ID": 602217,
				"NAME": "ルイ",
				"ENG_NAME": "ルイ",
				"STRING": "「あの迷路を生み出すパズルの魔術道具、起動させたのは偶然か？」",
				"ENG_STRING": "「あの迷路を生み出すパズルの魔術道具、起動させたのは偶然か？」"
			},
			{
				"TYPE": "ZM",
				"ID": 602218,
				"NAME": "アーリック",
				"ENG_NAME": "アーリック",
				"STRING": "「偶然？　偶然とは？」",
				"ENG_STRING": "「偶然？　偶然とは？」"
			},
			{
				"TYPE": "ZM",
				"ID": 602219,
				"NAME": "ルイ",
				"ENG_NAME": "ルイ",
				"STRING": "「あれを遺品だと知らずに弄んでいたのか？　ただの暇つぶしに？」",
				"ENG_STRING": "「あれを遺品だと知らずに弄んでいたのか？　ただの暇つぶしに？」"
			},
			{
				"TYPE": "ZM",
				"ID": 602220,
				"NAME": "アーリック",
				"ENG_NAME": "アーリック",
				"STRING": "「そう言わなかったか？」",
				"ENG_STRING": "「そう言わなかったか？」"
			},
			{
				"TYPE": "ZM",
				"ID": 602221,
				"STRING": "こちらの問いの意味がよくわからない、と言った雰囲気だ。",
				"ENG_STRING": "こちらの問いの意味がよくわからない、と言った雰囲気だ。"
			},
			{
				"TYPE": "ZM",
				"ID": 602222,
				"STRING": "これは本当に知らないのか、それとも……。",
				"ENG_STRING": "これは本当に知らないのか、それとも……。"
			},
			{
				"TYPE": "ZM",
				"ID": 602223,
				"NAME": "ルイ",
				"ENG_NAME": "ルイ",
				"STRING": "「勝手に他人のものに触れるような性格ではなかったと思うが。何故あれで遊ぶ気になった？」@n",
				"ENG_STRING": "「勝手に他人のものに触れるような性格ではなかったと思うが。何故あれで遊ぶ気になった？」@n"
			},
			{
				"TYPE": "ZM",
				"ID": 602224,
				"NAME": "アーリック",
				"ENG_NAME": "アーリック",
				"STRING": "「単に待ち時間が長かったからだ。それにあれは客用のソファの前にあった」",
				"ENG_STRING": "「単に待ち時間が長かったからだ。それにあれは客用のソファの前にあった」"
			},
			{
				"TYPE": "ZM",
				"ID": 602225,
				"NAME": "ルイ",
				"ENG_NAME": "ルイ",
				"STRING": "「何の疑問も持たなかったのか？」",
				"ENG_STRING": "「何の疑問も持たなかったのか？」"
			},
			{
				"TYPE": "ZM",
				"ID": 602226,
				"NAME": "アーリック",
				"ENG_NAME": "アーリック",
				"STRING": "「疑問とは？」",
				"ENG_STRING": "「疑問とは？」"
			},
			{
				"TYPE": "ZM",
				"ID": 602227,
				"NAME": "ルイ",
				"ENG_NAME": "ルイ",
				"STRING": "「なぜこんな所に、こんなものが、とか」",
				"ENG_STRING": "「なぜこんな所に、こんなものが、とか」"
			},
			{
				"TYPE": "ZM",
				"ID": 602228,
				"NAME": "アーリック",
				"ENG_NAME": "アーリック",
				"STRING": "「特には。子供の遊び道具だろうと思い込んでいたからな」",
				"ENG_STRING": "「特には。子供の遊び道具だろうと思い込んでいたからな」"
			},
			{
				"TYPE": "ZM",
				"ID": 602229,
				"NAME": "ルイ",
				"ENG_NAME": "ルイ",
				"STRING": "「……『子供の』ね」",
				"ENG_STRING": "「……『子供の』ね」"
			},
			{
				"TYPE": "ZM",
				"ID": 602230,
				"STRING": "捕らえた、と思ったが同時に微かな期待が打ち消された失望感が沸き上がる。",
				"ENG_STRING": "捕らえた、と思ったが同時に微かな期待が打ち消された失望感が沸き上がる。"
			},
			{
				"TYPE": "ZM",
				"ID": 602231,
				"NAME": "ルイ",
				"ENG_NAME": "ルイ",
				"STRING": "「今のは失言だったな」",
				"ENG_STRING": "「今のは失言だったな」"
			},
			{
				"TYPE": "ZM",
				"ID": 602232,
				"STRING": "完全な失言、というほどではなかった。",
				"ENG_STRING": "完全な失言、というほどではなかった。"
			},
			{
				"TYPE": "ZM",
				"ID": 602233,
				"STRING": "ただ、これにどう反応してくるかによって、おそらく答えはわかる。",
				"ENG_STRING": "ただ、これにどう反応してくるかによって、おそらく答えはわかる。"
			},
			{
				"TYPE": "ZM",
				"ID": 602234,
				"NAME": "アーリック",
				"ENG_NAME": "アーリック",
				"STRING": "「……………………」",
				"ENG_STRING": "「……………………」"
			},
			{
				"TYPE": "ZM",
				"ID": 602235,
				"STRING": "要は引っかけだったが――",
				"ENG_STRING": "要は引っかけだったが――"
			},
			{
				"TYPE": "ZM",
				"ID": 602236,
				"STRING": "一瞬黙ったアーリックは、途端に地を蹴り一気に距離を詰めてきた。",
				"ENG_STRING": "一瞬黙ったアーリックは、途端に地を蹴り一気に距離を詰めてきた。"
			},
			{
				"TYPE": "ZM",
				"ID": 602237,
				"NAME": "ルイ",
				"ENG_NAME": "ルイ",
				"STRING": "「――ッ！！」",
				"ENG_STRING": "「――ッ！！」"
			},
			{
				"TYPE": "ZM",
				"ID": 602238,
				"STRING": "来る、とわかったが捌ききれず、その場に引き倒されてしまう。",
				"ENG_STRING": "来る、とわかったが捌ききれず、その場に引き倒されてしまう。"
			},
			{
				"TYPE": "ZM",
				"ID": 602239,
				"NAME": "アーリック",
				"ENG_NAME": "アーリック",
				"STRING": "「そうか。確かに報告には、学園長が『子供』だとは書いてなかったな。なるほど失言だった」",
				"ENG_STRING": "「そうか。確かに報告には、学園長が『子供』だとは書いてなかったな。なるほど失言だった」"
			},
			{
				"TYPE": "ZM",
				"ID": 602240,
				"STRING": "……かかった。",
				"ENG_STRING": "……かかった。"
			},
			{
				"TYPE": "ZM",
				"ID": 602241,
				"STRING": "これで完全にこいつは敵だとは知れた。",
				"ENG_STRING": "これで完全にこいつは敵だとは知れた。"
			},
			{
				"TYPE": "ZM",
				"ID": 602242,
				"NAME": "ルイ",
				"ENG_NAME": "ルイ",
				"STRING": "「学園長の見た目が子供だと知っている……つまり、お前は学園長に会ったことがある」",
				"ENG_STRING": "「学園長の見た目が子供だと知っている……つまり、お前は学園長に会ったことがある」"
			},
			{
				"TYPE": "ZM",
				"ID": 602243,
				"NAME": "ルイ",
				"ENG_NAME": "ルイ",
				"STRING": "「さっき学園長室で、学園の上層部には誰にも会っていないといっていたのにな……」",
				"ENG_STRING": "「さっき学園長室で、学園の上層部には誰にも会っていないといっていたのにな……」"
			},
			{
				"TYPE": "ZM",
				"ID": 602244,
				"STRING": "アーリックが自らの意思でそんな嘘をつく理由はない。",
				"ENG_STRING": "アーリックが自らの意思でそんな嘘をつく理由はない。"
			},
			{
				"TYPE": "ZM",
				"ID": 602245,
				"STRING": "やはり推察通り、暗示に掛けられて学園長側に協力するのが正しいと思い込まされている……。",
				"ENG_STRING": "やはり推察通り、暗示に掛けられて学園長側に協力するのが正しいと思い込まされている……。"
			},
			{
				"TYPE": "ZM",
				"ID": 602246,
				"NAME": "ルイ",
				"ENG_NAME": "ルイ",
				"STRING": "（確定はしたが、状況は最悪だな……）",
				"ENG_STRING": "（確定はしたが、状況は最悪だな……）"
			},
			{
				"TYPE": "ZM",
				"ID": 602247,
				"STRING": "体術ではまるでかなわない。",
				"ENG_STRING": "体術ではまるでかなわない。"
			},
			{
				"TYPE": "ZM",
				"ID": 602248,
				"STRING": "もがく余裕もないほど完全に押さえ込まれている。",
				"ENG_STRING": "もがく余裕もないほど完全に押さえ込まれている。"
			},
			{
				"TYPE": "ZM",
				"ID": 602249,
				"STRING": "とはいえ役目上、こいつが当主である俺自身に直接的な危害を及ぼすことはおそらくない。",
				"ENG_STRING": "とはいえ役目上、こいつが当主である俺自身に直接的な危害を及ぼすことはおそらくない。"
			},
			{
				"TYPE": "ZM",
				"ID": 602250,
				"STRING": "いまのところそれだけが唯一の救いであり、強みだが……。",
				"ENG_STRING": "いまのところそれだけが唯一の救いであり、強みだが……。"
			},
			{
				"TYPE": "ZM",
				"ID": 602251,
				"STRING": "どうにか――せめてこの事だけでも、特査の連中に伝えなければ……。",
				"ENG_STRING": "どうにか――せめてこの事だけでも、特査の連中に伝えなければ……。"
			},
			{
				"TYPE": "ZM",
				"ID": 602252,
				"NAME": "アーリック",
				"ENG_NAME": "アーリック",
				"STRING": "「心配するな、お前の正体――本当は当主であることについてまでは話していない」",
				"ENG_STRING": "「心配するな、お前の正体――本当は当主であることについてまでは話していない」"
			},
			{
				"TYPE": "ZM",
				"ID": 602253,
				"NAME": "アーリック",
				"ENG_NAME": "アーリック",
				"STRING": "「お前たちが<・>学|<・>園|<・>に|<・>迷|<・>惑|<・>を|<・>か|<・>け|<・>た|分の穴埋めはもちろんするが、私の目的はお前を無事にドイツに連れ帰ることだし――」",
				"ENG_STRING": "「お前たちが<・>学|<・>園|<・>に|<・>迷|<・>惑|<・>を|<・>か|<・>け|<・>た|分の穴埋めはもちろんするが、私の目的はお前を無事にドイツに連れ帰ることだし――」"
			},
			{
				"TYPE": "ZM",
				"ID": 602254,
				"NAME": "アーリック",
				"ENG_NAME": "アーリック",
				"STRING": "「わざわざ危険を増やすようなことはしない」",
				"ENG_STRING": "「わざわざ危険を増やすようなことはしない」"
			},
			{
				"TYPE": "ZM",
				"ID": 602255,
				"STRING": "すっと右目に手を当ててくる。",
				"ENG_STRING": "すっと右目に手を当ててくる。"
			},
			{
				"TYPE": "ZM",
				"ID": 602256,
				"STRING": "腕輪をしていた方の手だ、と気づいて振り払おうと首を動かそうとしたが――",
				"ENG_STRING": "腕輪をしていた方の手だ、と気づいて振り払おうと首を動かそうとしたが――"
			},
			{
				"TYPE": "ZM",
				"ID": 602257,
				"NAME": "アーリック",
				"ENG_NAME": "アーリック",
				"STRING": "「これの本当の使い方は、お前の能力を無効化することではないぞ、ルートヴィヒ」",
				"ENG_STRING": "「これの本当の使い方は、お前の能力を無効化することではないぞ、ルートヴィヒ」"
			},
			{
				"TYPE": "ZM",
				"ID": 602258,
				"NAME": "ルイ",
				"ENG_NAME": "ルイ",
				"STRING": "「っ…！　やめろ！！」",
				"ENG_STRING": "「っ…！　やめろ！！」"
			},
			{
				"TYPE": "ZM",
				"ID": 602259,
				"NAME": "アーリック",
				"ENG_NAME": "アーリック",
				"STRING": "「ヴァインベルガーの始祖の名において永遠なる赤き瞳に命ず。――魔女に眠りを」",
				"ENG_STRING": "「ヴァインベルガーの始祖の名において永遠なる赤き瞳に命ず。――魔女に眠りを」"
			},
			{
				"TYPE": "ZM",
				"ID": 602260,
				"STRING": "光が――義眼であるはずの赤い眼から光が急速に失せていくのが感じ取れた。",
				"ENG_STRING": "光が――義眼であるはずの赤い眼から光が急速に失せていくのが感じ取れた。"
			},
			{
				"TYPE": "ZM",
				"ID": 602261,
				"STRING": "身体中に満ちていた魔女の力が、消えていく。",
				"ENG_STRING": "身体中に満ちていた魔女の力が、消えていく。"
			},
			{
				"TYPE": "ZM",
				"ID": 602262,
				"STRING": "それと同時にすさまじい眠気が俺自身にも襲ってくる。",
				"ENG_STRING": "それと同時にすさまじい眠気が俺自身にも襲ってくる。"
			},
			{
				"TYPE": "ZM",
				"ID": 602263,
				"NAME": "ルイ",
				"ENG_NAME": "ルイ",
				"STRING": "「……っ……う…………」",
				"ENG_STRING": "「……っ……う…………」"
			},
			{
				"TYPE": "ZM",
				"ID": 602264,
				"NAME": "アーリック",
				"ENG_NAME": "アーリック",
				"STRING": "「ああ。お前は右目との同化が強いから、魔女の眠りの影響も強く受けるのか。これは好都合だったな、助かる」",
				"ENG_STRING": "「ああ。お前は右目との同化が強いから、魔女の眠りの影響も強く受けるのか。これは好都合だったな、助かる」"
			},
			{
				"TYPE": "ZM",
				"ID": 602265,
				"NAME": "アーリック",
				"ENG_NAME": "アーリック",
				"STRING": "「そのまま大人しく眠っていてくれ」",
				"ENG_STRING": "「そのまま大人しく眠っていてくれ」"
			}
		],
		"CHAPTER_SUBNAME": "S03_13_01：裏切り"
	}
}