{
	"S04_05_01：リトの帰還": {
		"MESSAGES": [
			{
				"TYPE": "ZM",
				"ID": 623874,
				"STRING": "図書館は相変わらず、しんと静まりかえっていた。",
				"ENG_STRING": "図書館は相変わらず、しんと静まりかえっていた。"
			},
			{
				"TYPE": "ZM",
				"ID": 623875,
				"STRING": "毎日ここを通り抜けて、分室へと通っていた日々がずいぶん昔のことのように思えてしまう。",
				"ENG_STRING": "毎日ここを通り抜けて、分室へと通っていた日々がずいぶん昔のことのように思えてしまう。"
			},
			{
				"TYPE": "ZM",
				"ID": 623876,
				"NAME": "アーデルハイト",
				"ENG_NAME": "アーデルハイト",
				"STRING": "「……異空間、異空間……うーん、分類としてはこの辺りのはずなのだけど」@n",
				"ENG_STRING": "「……異空間、異空間……うーん、分類としてはこの辺りのはずなのだけど」@n"
			},
			{
				"TYPE": "ZM",
				"ID": 623877,
				"NAME": "憂緒",
				"ENG_NAME": "憂緒",
				"STRING": "「あの空間を構成している形式や情報が載っている本ですよね……この辺りじゃないですね……」@n",
				"ENG_STRING": "「あの空間を構成している形式や情報が載っている本ですよね……この辺りじゃないですね……」@n"
			},
			{
				"TYPE": "ZM",
				"ID": 623878,
				"STRING": "モー子とハイジは、巨大な書架を見上げて話しながら必要な情報が載っている本を探す。",
				"ENG_STRING": "モー子とハイジは、巨大な書架を見上げて話しながら必要な情報が載っている本を探す。"
			},
			{
				"TYPE": "ZM",
				"ID": 623879,
				"STRING": "俺にはいまいちわからないので、周囲を警戒しておくことにした。",
				"ENG_STRING": "俺にはいまいちわからないので、周囲を警戒しておくことにした。"
			},
			{
				"TYPE": "ZM",
				"ID": 623880,
				"NAME": "憂緒",
				"ENG_NAME": "憂緒",
				"STRING": "「これは？　魔法陣ではありませんが、このイラスト、あの装置の近くにあったきのこに似ていませんか？」",
				"ENG_STRING": "「これは？　魔法陣ではありませんが、このイラスト、あの装置の近くにあったきのこに似ていませんか？」"
			},
			{
				"TYPE": "ZM",
				"ID": 623881,
				"NAME": "アーデルハイト",
				"ENG_NAME": "アーデルハイト",
				"STRING": "「見せて。……ラテン語ね、ちょっと古い言い回しだからかなり昔の本だわ」@n",
				"ENG_STRING": "「見せて。……ラテン語ね、ちょっと古い言い回しだからかなり昔の本だわ」@n"
			},
			{
				"TYPE": "ZM",
				"ID": 623882,
				"NAME": "憂緒",
				"ENG_NAME": "憂緒",
				"STRING": "「読めますか？」",
				"ENG_STRING": "「読めますか？」"
			},
			{
				"TYPE": "ZM",
				"ID": 623883,
				"NAME": "アーデルハイト",
				"ENG_NAME": "アーデルハイト",
				"STRING": "「なんとか……ああ、あのきのこも魔術装置のためのものだったみたいよ」@n",
				"ENG_STRING": "「なんとか……ああ、あのきのこも魔術装置のためのものだったみたいよ」@n"
			},
			{
				"TYPE": "ZM",
				"ID": 623884,
				"NAME": "憂緒",
				"ENG_NAME": "憂緒",
				"STRING": "「……そうなんですか？　魔術の気配はしなかったのでは？」",
				"ENG_STRING": "「……そうなんですか？　魔術の気配はしなかったのでは？」"
			},
			{
				"TYPE": "ZM",
				"ID": 623885,
				"NAME": "アーデルハイト",
				"ENG_NAME": "アーデルハイト",
				"STRING": "「あれそのものが魔術的なものってわけじゃないのよ。でも植物の中では自然に含有している魔力の量が多い品種だったみたい」",
				"ENG_STRING": "「あれそのものが魔術的なものってわけじゃないのよ。でも植物の中では自然に含有している魔力の量が多い品種だったみたい」"
			},
			{
				"TYPE": "ZM",
				"ID": 623886,
				"NAME": "憂緒",
				"ENG_NAME": "憂緒",
				"STRING": "「なるほど……。あの遺品のインクが自然にたまるのと同じ様に、魔力を蓄えていたということですね？」@n",
				"ENG_STRING": "「なるほど……。あの遺品のインクが自然にたまるのと同じ様に、魔力を蓄えていたということですね？」@n"
			},
			{
				"TYPE": "ZM",
				"ID": 623887,
				"NAME": "アーデルハイト",
				"ENG_NAME": "アーデルハイト",
				"STRING": "「ええ、魔力の多いものを周囲に配置して自然に溜まる分も促進していたのね」",
				"ENG_STRING": "「ええ、魔力の多いものを周囲に配置して自然に溜まる分も促進していたのね」"
			},
			{
				"TYPE": "ZM",
				"ID": 623888,
				"NAME": "憂緒",
				"ENG_NAME": "憂緒",
				"STRING": "「では、あのきのこは魔術的に生やされたものではなく、どこか別の世界では自然に生えている植物なのですか」",
				"ENG_STRING": "「では、あのきのこは魔術的に生やされたものではなく、どこか別の世界では自然に生えている植物なのですか」"
			},
			{
				"TYPE": "ZM",
				"ID": 623889,
				"NAME": "アーデルハイト",
				"ENG_NAME": "アーデルハイト",
				"STRING": "「そのようね……。これは手がかりになるかも。ウシオ、これが地名だと思うの。この単語が載っている本を探してみて」@n",
				"ENG_STRING": "「そのようね……。これは手がかりになるかも。ウシオ、これが地名だと思うの。この単語が載っている本を探してみて」@n"
			},
			{
				"TYPE": "ZM",
				"ID": 623890,
				"NAME": "アーデルハイト",
				"ENG_NAME": "アーデルハイト",
				"STRING": "「この地名の異世界が、異空間の構成にいくつか取り入れられていたら、魔法陣の方にも何か使われているかも」",
				"ENG_STRING": "「この地名の異世界が、異空間の構成にいくつか取り入れられていたら、魔法陣の方にも何か使われているかも」"
			},
			{
				"TYPE": "ZM",
				"ID": 623891,
				"NAME": "憂緒",
				"ENG_NAME": "憂緒",
				"STRING": "「了解しました」",
				"ENG_STRING": "「了解しました」"
			},
			{
				"TYPE": "ZM",
				"ID": 623892,
				"NAME": "三厳",
				"ENG_NAME": "三厳",
				"STRING": "（大変だなあ……）",
				"ENG_STRING": "（大変だなあ……）"
			},
			{
				"TYPE": "ZM",
				"ID": 623893,
				"STRING": "雲を掴むような話だが、今はどんな手がかりでも欲しいということなのだろう。",
				"ENG_STRING": "雲を掴むような話だが、今はどんな手がかりでも欲しいということなのだろう。"
			},
			{
				"TYPE": "ZM",
				"ID": 623894,
				"STRING": "手伝いたいが、ラテン語とか言われたら魔術知識以前に俺にはお手上げだ。",
				"ENG_STRING": "手伝いたいが、ラテン語とか言われたら魔術知識以前に俺にはお手上げだ。"
			},
			{
				"TYPE": "ZM",
				"ID": 623895,
				"STRING": "仕方なく、死角から急に誰かが現れたりしないようにと他の本棚の間を見て回る。",
				"ENG_STRING": "仕方なく、死角から急に誰かが現れたりしないようにと他の本棚の間を見て回る。"
			},
			{
				"TYPE": "ZM",
				"ID": 623896,
				"NAME": "三厳",
				"ENG_NAME": "三厳",
				"STRING": "「――――……！？」",
				"ENG_STRING": "「――――……！？」"
			},
			{
				"TYPE": "ZM",
				"ID": 623897,
				"STRING": "ふわり、と視界の端を見慣れた色が横切った。",
				"ENG_STRING": "ふわり、と視界の端を見慣れた色が横切った。"
			},
			{
				"TYPE": "ZM",
				"ID": 623898,
				"STRING": "制服――女子の制服のスカートの色だ。",
				"ENG_STRING": "制服――女子の制服のスカートの色だ。"
			},
			{
				"TYPE": "ZM",
				"ID": 623899,
				"NAME": "三厳",
				"ENG_NAME": "三厳",
				"STRING": "（誰かいるのか！？）",
				"ENG_STRING": "（誰かいるのか！？）"
			},
			{
				"TYPE": "ZM",
				"ID": 623900,
				"STRING": "まさか黒谷の他に残っている生徒でもいたんじゃないだろうな。",
				"ENG_STRING": "まさか黒谷の他に残っている生徒でもいたんじゃないだろうな。"
			},
			{
				"TYPE": "ZM",
				"ID": 623901,
				"STRING": "慌てて、大きな音を立てないように気をつけながら、制服が翻り消えた本棚の向こうへと駆け寄った。",
				"ENG_STRING": "慌てて、大きな音を立てないように気をつけながら、制服が翻り消えた本棚の向こうへと駆け寄った。"
			},
			{
				"TYPE": "ZM",
				"ID": 623902,
				"NAME": "三厳",
				"ENG_NAME": "三厳",
				"STRING": "「えっ……」",
				"ENG_STRING": "「えっ……」"
			},
			{
				"TYPE": "ZM",
				"ID": 623903,
				"STRING": "驚いた様子もなく、振り向いた姿。",
				"ENG_STRING": "驚いた様子もなく、振り向いた姿。"
			},
			{
				"TYPE": "ZM",
				"ID": 623904,
				"STRING": "いつも通り巨大な本を抱えたそれは――",
				"ENG_STRING": "いつも通り巨大な本を抱えたそれは――"
			},
			{
				"TYPE": "ZM",
				"ID": 623905,
				"NAME": "三厳",
				"ENG_NAME": "三厳",
				"STRING": "「リト！？」",
				"ENG_STRING": "「リト！？」"
			},
			{
				"TYPE": "ZM",
				"ID": 623906,
				"NAME": "リト",
				"ENG_NAME": "リト",
				"STRING": "「あら、お久しぶりね」",
				"ENG_STRING": "「あら、お久しぶりね」"
			},
			{
				"TYPE": "ZM",
				"ID": 623907,
				"STRING": "瓦解したはずの日常のままの姿で、何事もなかったかのようにリトは軽く微笑んだ。",
				"ENG_STRING": "瓦解したはずの日常のままの姿で、何事もなかったかのようにリトは軽く微笑んだ。"
			},
			{
				"TYPE": "ZM",
				"ID": 623908,
				"NAME": "憂緒",
				"ENG_NAME": "憂緒",
				"STRING": "「リトさん……！？」",
				"ENG_STRING": "「リトさん……！？」"
			},
			{
				"TYPE": "ZM",
				"ID": 623909,
				"STRING": "俺の声に気づいたようで、モー子とハイジも駆けつけて来た。",
				"ENG_STRING": "俺の声に気づいたようで、モー子とハイジも駆けつけて来た。"
			},
			{
				"TYPE": "ZM",
				"ID": 623910,
				"NAME": "アーデルハイト",
				"ENG_NAME": "アーデルハイト",
				"STRING": "「ほ、本当に……リトなの？」",
				"ENG_STRING": "「ほ、本当に……リトなの？」"
			},
			{
				"TYPE": "ZM",
				"ID": 623911,
				"STRING": "また偽者では、と疑ったのだろう。",
				"ENG_STRING": "また偽者では、と疑ったのだろう。"
			},
			{
				"TYPE": "ZM",
				"ID": 623912,
				"STRING": "ハイジは少し警戒した様子で、足を止めリトの姿を上から下まで見回す。",
				"ENG_STRING": "ハイジは少し警戒した様子で、足を止めリトの姿を上から下まで見回す。"
			},
			{
				"TYPE": "ZM",
				"ID": 623913,
				"NAME": "リト",
				"ENG_NAME": "リト",
				"STRING": "「本当に？　ええ、私は私よ」@n",
				"ENG_STRING": "「本当に？　ええ、私は私よ」@n"
			},
			{
				"TYPE": "ZM",
				"ID": 623914,
				"STRING": "どう見てもリトだが……いやしかし、リトもホムンクルスだから例の小さくなるランプの遺品では偽者かどうか確認出来ない。",
				"ENG_STRING": "どう見てもリトだが……いやしかし、リトもホムンクルスだから例の小さくなるランプの遺品では偽者かどうか確認出来ない。"
			},
			{
				"TYPE": "ZM",
				"ID": 623915,
				"STRING": "モー子もまた、少し疑いの眼差しではあるが、冷静にリトに尋ねた。",
				"ENG_STRING": "モー子もまた、少し疑いの眼差しではあるが、冷静にリトに尋ねた。"
			},
			{
				"TYPE": "ZM",
				"ID": 623916,
				"NAME": "憂緒",
				"ENG_NAME": "憂緒",
				"STRING": "「リトさん、いつ戻られたのです？　連れ去られていたのでは？」",
				"ENG_STRING": "「リトさん、いつ戻られたのです？　連れ去られていたのでは？」"
			},
			{
				"TYPE": "ZM",
				"ID": 623917,
				"NAME": "リト",
				"ENG_NAME": "リト",
				"STRING": "「ええ、閉じ込められて困ったわ」",
				"ENG_STRING": "「ええ、閉じ込められて困ったわ」"
			},
			{
				"TYPE": "ZM",
				"ID": 623918,
				"NAME": "アーデルハイト",
				"ENG_NAME": "アーデルハイト",
				"STRING": "「どうやって抜け出したの？」",
				"ENG_STRING": "「どうやって抜け出したの？」"
			},
			{
				"TYPE": "ZM",
				"ID": 623919,
				"NAME": "リト",
				"ENG_NAME": "リト",
				"STRING": "「出してくれたわ。壬生鍔姫と村雲春霞が連れてこられて、私は代わりに解放されたの」",
				"ENG_STRING": "「出してくれたわ。壬生鍔姫と村雲春霞が連れてこられて、私は代わりに解放されたの」"
			},
			{
				"TYPE": "ZM",
				"ID": 623920,
				"NAME": "憂緒",
				"ENG_NAME": "憂緒",
				"STRING": "「……どういうことでしょう？　スケープゴートの二人とリトさんとではさらわれた理由が違うはずでは？」",
				"ENG_STRING": "「……どういうことでしょう？　スケープゴートの二人とリトさんとではさらわれた理由が違うはずでは？」"
			},
			{
				"TYPE": "ZM",
				"ID": 623921,
				"NAME": "リト",
				"ENG_NAME": "リト",
				"STRING": "「あの空間は、あまり大人数がいると空間を作っている魔女の負担になるからじゃないかしら」@n",
				"ENG_STRING": "「あの空間は、あまり大人数がいると空間を作っている魔女の負担になるからじゃないかしら」@n"
			},
			{
				"TYPE": "ZM",
				"ID": 623922,
				"NAME": "憂緒",
				"ENG_NAME": "憂緒",
				"STRING": "「あの空間というのは、現在の時間の流れとは断絶した空間のことですね？」",
				"ENG_STRING": "「あの空間というのは、現在の時間の流れとは断絶した空間のことですね？」"
			},
			{
				"TYPE": "ZM",
				"ID": 623923,
				"NAME": "リト",
				"ENG_NAME": "リト",
				"STRING": "「そうよ」",
				"ENG_STRING": "「そうよ」"
			},
			{
				"TYPE": "ZM",
				"ID": 623924,
				"NAME": "アーデルハイト",
				"ENG_NAME": "アーデルハイト",
				"STRING": "「そういう仕組みなのね。存在する人数…リトが解放されたなら魂の数ではなく純粋に空間内の存在する人数ということね？」@n",
				"ENG_STRING": "「そういう仕組みなのね。存在する人数…リトが解放されたなら魂の数ではなく純粋に空間内の存在する人数ということね？」@n"
			},
			{
				"TYPE": "ZM",
				"ID": 623925,
				"NAME": "リト",
				"ENG_NAME": "リト",
				"STRING": "「ええ、そういうこと」",
				"ENG_STRING": "「ええ、そういうこと」"
			},
			{
				"TYPE": "ZM",
				"ID": 623926,
				"NAME": "三厳",
				"ENG_NAME": "三厳",
				"STRING": "「つまり定員オーバーか」",
				"ENG_STRING": "「つまり定員オーバーか」"
			},
			{
				"TYPE": "ZM",
				"ID": 623927,
				"NAME": "憂緒",
				"ENG_NAME": "憂緒",
				"STRING": "「しかも、リトさんが戻った所で、遺品はすべて札を貼られていますしね……」",
				"ENG_STRING": "「しかも、リトさんが戻った所で、遺品はすべて札を貼られていますしね……」"
			},
			{
				"TYPE": "ZM",
				"ID": 623928,
				"NAME": "リト",
				"ENG_NAME": "リト",
				"STRING": "「九折坂二人もそう言っていたわ。『どのみち遺品は札を貼ってあるからしばらく使えないでしょう』って」",
				"ENG_STRING": "「九折坂二人もそう言っていたわ。『どのみち遺品は札を貼ってあるからしばらく使えないでしょう』って」"
			},
			{
				"TYPE": "ZM",
				"ID": 623929,
				"NAME": "憂緒",
				"ENG_NAME": "憂緒",
				"STRING": "「使えないでしょう……？　つまり学園長が敬語で話す相手がそこにいた？」@n",
				"ENG_STRING": "「使えないでしょう……？　つまり学園長が敬語で話す相手がそこにいた？」@n"
			},
			{
				"TYPE": "ZM",
				"ID": 623930,
				"NAME": "リト",
				"ENG_NAME": "リト",
				"STRING": "「そう話していたわよ」",
				"ENG_STRING": "「そう話していたわよ」"
			},
			{
				"TYPE": "ZM",
				"ID": 623931,
				"NAME": "憂緒",
				"ENG_NAME": "憂緒",
				"STRING": "「その場には、誰がいましたか？　正確に名前を挙げていって下さい」@n",
				"ENG_STRING": "「その場には、誰がいましたか？　正確に名前を挙げていって下さい」@n"
			},
			{
				"TYPE": "ZM",
				"ID": 623932,
				"NAME": "リト",
				"ENG_NAME": "リト",
				"STRING": "「九折坂二人、聖護院百花、村雲春霞、壬生鍔姫、それからもう一人」",
				"ENG_STRING": "「九折坂二人、聖護院百花、村雲春霞、壬生鍔姫、それからもう一人」"
			},
			{
				"TYPE": "ZM",
				"ID": 623933,
				"NAME": "憂緒",
				"ENG_NAME": "憂緒",
				"STRING": "「もう一人というのは？」",
				"ENG_STRING": "「もう一人というのは？」"
			},
			{
				"TYPE": "ZM",
				"ID": 623934,
				"NAME": "リト",
				"ENG_NAME": "リト",
				"STRING": "「それは答えられない。守秘義務に違反するから」@n",
				"ENG_STRING": "「それは答えられない。守秘義務に違反するから」@n"
			},
			{
				"TYPE": "ZM",
				"ID": 623935,
				"NAME": "憂緒",
				"ENG_NAME": "憂緒",
				"STRING": "「守秘義務……ですか」",
				"ENG_STRING": "「守秘義務……ですか」"
			},
			{
				"TYPE": "ZM",
				"ID": 623936,
				"NAME": "リト",
				"ENG_NAME": "リト",
				"STRING": "「ええ、私はそれを破れない」",
				"ENG_STRING": "「ええ、私はそれを破れない」"
			},
			{
				"TYPE": "ZM",
				"ID": 623937,
				"NAME": "憂緒",
				"ENG_NAME": "憂緒",
				"STRING": "「そうでしたね……」",
				"ENG_STRING": "「そうでしたね……」"
			},
			{
				"TYPE": "ZM",
				"ID": 623938,
				"STRING": "そう言えば、先日モー子に全力で口止めされていた時も、リトは『聞かれたら守秘義務に違反すると答える』と言ってたな。",
				"ENG_STRING": "そう言えば、先日モー子に全力で口止めされていた時も、リトは『聞かれたら守秘義務に違反すると答える』と言ってたな。"
			},
			{
				"TYPE": "ZM",
				"ID": 623939,
				"NAME": "三厳",
				"ENG_NAME": "三厳",
				"STRING": "（あれは本当だったって事か……）",
				"ENG_STRING": "（あれは本当だったって事か……）"
			},
			{
				"TYPE": "ZM",
				"ID": 623940,
				"STRING": "強引に聞き出すことはおそらく不可能だろうとわかっているので、モー子もそれ以上は追及しなかった。",
				"ENG_STRING": "強引に聞き出すことはおそらく不可能だろうとわかっているので、モー子もそれ以上は追及しなかった。"
			},
			{
				"TYPE": "ZM",
				"ID": 623941,
				"NAME": "三厳",
				"ENG_NAME": "三厳",
				"STRING": "「ん？　待てよ、でも……リトがいるなら、あれだけは使えるんじゃないのか？　羽根ペン」",
				"ENG_STRING": "「ん？　待てよ、でも……リトがいるなら、あれだけは使えるんじゃないのか？　羽根ペン」"
			},
			{
				"TYPE": "ZM",
				"ID": 623942,
				"STRING": "もちろん本物のリトなら、であるが。",
				"ENG_STRING": "もちろん本物のリトなら、であるが。"
			},
			{
				"TYPE": "ZM",
				"ID": 623943,
				"STRING": "しかし羽根ペンが正常に反応すれば、リトは間違いなく本物と言う事にもなる。",
				"ENG_STRING": "しかし羽根ペンが正常に反応すれば、リトは間違いなく本物と言う事にもなる。"
			},
			{
				"TYPE": "ZM",
				"ID": 623944,
				"STRING": "モー子もそう考えたらしく、俺の意見に頷いた。@n",
				"ENG_STRING": "モー子もそう考えたらしく、俺の意見に頷いた。@n"
			},
			{
				"TYPE": "ZM",
				"ID": 624129,
				"NAME": "憂緒",
				"ENG_NAME": "憂緒",
				"STRING": "「……そうですね。ラズリットの記憶を辿ることは出来るはず」",
				"ENG_STRING": "「……そうですね。ラズリットの記憶を辿ることは出来るはず」"
			},
			{
				"TYPE": "ZM",
				"ID": 624130,
				"NAME": "アーデルハイト",
				"ENG_NAME": "アーデルハイト",
				"STRING": "「手分けしましょう。私はもう少し魔法陣について調べたいから、そちらは任せるわ」@n",
				"ENG_STRING": "「手分けしましょう。私はもう少し魔法陣について調べたいから、そちらは任せるわ」@n"
			},
			{
				"TYPE": "ZM",
				"ID": 624131,
				"NAME": "三厳",
				"ENG_NAME": "三厳",
				"STRING": "「一人で大丈夫か？」@n",
				"ENG_STRING": "「一人で大丈夫か？」@n"
			},
			{
				"TYPE": "ZM",
				"ID": 624132,
				"NAME": "アーデルハイト",
				"ENG_NAME": "アーデルハイト",
				"STRING": "「気絶させる香水は持ってきているから、何かあったらすぐ逃げるわよ」",
				"ENG_STRING": "「気絶させる香水は持ってきているから、何かあったらすぐ逃げるわよ」"
			},
			{
				"TYPE": "ZM",
				"ID": 624133,
				"NAME": "憂緒",
				"ENG_NAME": "憂緒",
				"STRING": "「……わかりました。なら調べ物はお任せします。私達とリトさんは部屋へ」@n",
				"ENG_STRING": "「……わかりました。なら調べ物はお任せします。私達とリトさんは部屋へ」@n"
			},
			{
				"TYPE": "ZM",
				"ID": 624134,
				"NAME": "憂緒",
				"ENG_NAME": "憂緒",
				"STRING": "「リトさん、申し訳ありませんが、お手伝い下さい」",
				"ENG_STRING": "「リトさん、申し訳ありませんが、お手伝い下さい」"
			},
			{
				"TYPE": "ZM",
				"ID": 624135,
				"NAME": "リト",
				"ENG_NAME": "リト",
				"STRING": "「構わないわよ」",
				"ENG_STRING": "「構わないわよ」"
			},
			{
				"TYPE": "ZM",
				"ID": 624136,
				"NAME": "三厳",
				"ENG_NAME": "三厳",
				"STRING": "「満琉が起きてくれりゃいいが……」",
				"ENG_STRING": "「満琉が起きてくれりゃいいが……」"
			},
			{
				"TYPE": "ZM",
				"ID": 624137,
				"STRING": "ヤヌスの鍵は村雲に預けているので、徒歩で部屋まで戻るしかない。",
				"ENG_STRING": "ヤヌスの鍵は村雲に預けているので、徒歩で部屋まで戻るしかない。"
			},
			{
				"TYPE": "ZM",
				"ID": 624138,
				"STRING": "幸い俺達は、感知阻止の香水があるが、リトが見つかったら一巻の終わりだ。",
				"ENG_STRING": "幸い俺達は、感知阻止の香水があるが、リトが見つかったら一巻の終わりだ。"
			},
			{
				"TYPE": "ZM",
				"ID": 624139,
				"NAME": "三厳",
				"ENG_NAME": "三厳",
				"STRING": "「とりあえず、俺が先行するからモー子はリト連れて付いてきてくれ」",
				"ENG_STRING": "「とりあえず、俺が先行するからモー子はリト連れて付いてきてくれ」"
			},
			{
				"TYPE": "ZM",
				"ID": 624140,
				"NAME": "憂緒",
				"ENG_NAME": "憂緒",
				"STRING": "「わかりました。リトさん、風紀委員が見回っていますが姿を見られないよう気をつけて下さい」@n",
				"ENG_STRING": "「わかりました。リトさん、風紀委員が見回っていますが姿を見られないよう気をつけて下さい」@n"
			},
			{
				"TYPE": "ZM",
				"ID": 624385,
				"NAME": "リト",
				"ENG_NAME": "リト",
				"STRING": "「わかったわ」@n",
				"ENG_STRING": "「わかったわ」@n"
			},
			{
				"TYPE": "ZM",
				"ID": 624641,
				"STRING": "特に何故、などと聞いて来ることもなく、リトは素直に俺達に従った。",
				"ENG_STRING": "特に何故、などと聞いて来ることもなく、リトは素直に俺達に従った。"
			},
			{
				"TYPE": "ZM",
				"ID": 624642,
				"NAME": "三厳",
				"ENG_NAME": "三厳",
				"STRING": "（その行動に何の意味があるのか、とか、リトには関係ないって事か……）",
				"ENG_STRING": "（その行動に何の意味があるのか、とか、リトには関係ないって事か……）"
			},
			{
				"TYPE": "ZM",
				"ID": 624643,
				"STRING": "理解はしていたはずだが、やっぱりホムンクルスだということを見せつけられると、どうしても複雑な気分になるな。",
				"ENG_STRING": "理解はしていたはずだが、やっぱりホムンクルスだということを見せつけられると、どうしても複雑な気分になるな。"
			},
			{
				"TYPE": "ZM",
				"ID": 624644,
				"NAME": "三厳",
				"ENG_NAME": "三厳",
				"STRING": "「……よし、行くぞ」",
				"ENG_STRING": "「……よし、行くぞ」"
			},
			{
				"TYPE": "ZM",
				"ID": 624645,
				"STRING": "気持ちを切り替えるように口に出し、モー子とリトを連れて図書館を出た。",
				"ENG_STRING": "気持ちを切り替えるように口に出し、モー子とリトを連れて図書館を出た。"
			},
			{
				"TYPE": "ZM",
				"ID": 624646,
				"STRING": "何度か風紀委員の姿を見かけはしたが、俺達は感知されない状態だけに大きな物音さえ立てないようにしていれば、移動はさほど困難ではなかった。",
				"ENG_STRING": "何度か風紀委員の姿を見かけはしたが、俺達は感知されない状態だけに大きな物音さえ立てないようにしていれば、移動はさほど困難ではなかった。"
			},
			{
				"TYPE": "ZM",
				"ID": 624647,
				"STRING": "意外に早く鍔姫ちゃんの部屋に辿り着けたので、安堵しながら扉を開く。",
				"ENG_STRING": "意外に早く鍔姫ちゃんの部屋に辿り着けたので、安堵しながら扉を開く。"
			},
			{
				"TYPE": "ZM",
				"ID": 624648,
				"NAME": "静春",
				"ENG_NAME": "静春",
				"STRING": "「――えっ！？　リト！？」@n",
				"ENG_STRING": "「――えっ！？　リト！？」@n"
			},
			{
				"TYPE": "ZM",
				"ID": 624897,
				"STRING": "入って来た俺達を見て、村雲が驚愕の声を上げる。",
				"ENG_STRING": "入って来た俺達を見て、村雲が驚愕の声を上げる。"
			},
			{
				"TYPE": "ZM",
				"ID": 624898,
				"NAME": "静春",
				"ENG_NAME": "静春",
				"STRING": "「お前、捕まってたんじゃなかったのか！？」",
				"ENG_STRING": "「お前、捕まってたんじゃなかったのか！？」"
			},
			{
				"TYPE": "ZM",
				"ID": 624899,
				"NAME": "リト",
				"ENG_NAME": "リト",
				"STRING": "「ええ、そうよ」",
				"ENG_STRING": "「ええ、そうよ」"
			},
			{
				"TYPE": "ZM",
				"ID": 624900,
				"NAME": "静春",
				"ENG_NAME": "静春",
				"STRING": "「なんでいるんだ？」@n",
				"ENG_STRING": "「なんでいるんだ？」@n"
			},
			{
				"TYPE": "ZM",
				"ID": 624901,
				"NAME": "憂緒",
				"ENG_NAME": "憂緒",
				"STRING": "「解放されたそうです」",
				"ENG_STRING": "「解放されたそうです」"
			},
			{
				"TYPE": "ZM",
				"ID": 624902,
				"NAME": "静春",
				"ENG_NAME": "静春",
				"STRING": "「え！？　学園長たちが解放したってことか？」",
				"ENG_STRING": "「え！？　学園長たちが解放したってことか？」"
			},
			{
				"TYPE": "ZM",
				"ID": 624903,
				"NAME": "憂緒",
				"ENG_NAME": "憂緒",
				"STRING": "「ですが、悪い知らせもあります」",
				"ENG_STRING": "「ですが、悪い知らせもあります」"
			},
			{
				"TYPE": "ZM",
				"ID": 624904,
				"STRING": "リトは、鍔姫ちゃんとスミちゃんと入れ替わりに外に出されたそうだと告げると、村雲は案の定口惜しそうに唇を噛んだ。@n",
				"ENG_STRING": "リトは、鍔姫ちゃんとスミちゃんと入れ替わりに外に出されたそうだと告げると、村雲は案の定口惜しそうに唇を噛んだ。@n"
			},
			{
				"TYPE": "ZM",
				"ID": 624905,
				"NAME": "静春",
				"ENG_NAME": "静春",
				"STRING": "「やっぱりか。捕まってるだろうとは思ってたけどよ……」",
				"ENG_STRING": "「やっぱりか。捕まってるだろうとは思ってたけどよ……」"
			},
			{
				"TYPE": "ZM",
				"ID": 624906,
				"STRING": "ヤヌスの鍵が反応しなかった時点で、それはほぼ確定的ではあった。",
				"ENG_STRING": "ヤヌスの鍵が反応しなかった時点で、それはほぼ確定的ではあった。"
			},
			{
				"TYPE": "ZM",
				"ID": 624907,
				"STRING": "しかし魔女二人だけに、もしかしたら身動きは取れないものの何らかの方法で身を隠していてはくれないかと微かな希望を抱いてもいたが……。",
				"ENG_STRING": "しかし魔女二人だけに、もしかしたら身動きは取れないものの何らかの方法で身を隠していてはくれないかと微かな希望を抱いてもいたが……。"
			},
			{
				"TYPE": "ZM",
				"ID": 624908,
				"NAME": "三厳",
				"ENG_NAME": "三厳",
				"STRING": "（完全にそれもなくなった、と、わかりゃさすがにショックだわな）",
				"ENG_STRING": "（完全にそれもなくなった、と、わかりゃさすがにショックだわな）"
			},
			{
				"TYPE": "ZM",
				"ID": 624909,
				"NAME": "静春",
				"ENG_NAME": "静春",
				"STRING": "「……まあ、リトだけでも戻ったのは朗報だ」",
				"ENG_STRING": "「……まあ、リトだけでも戻ったのは朗報だ」"
			},
			{
				"TYPE": "ZM",
				"ID": 624910,
				"STRING": "ふう、と息をついて村雲は気を取り直したように言った。",
				"ENG_STRING": "ふう、と息をついて村雲は気を取り直したように言った。"
			},
			{
				"TYPE": "ZM",
				"ID": 624911,
				"STRING": "こいつはこいつで、意外と肝が据わってる。",
				"ENG_STRING": "こいつはこいつで、意外と肝が据わってる。"
			},
			{
				"TYPE": "ZM",
				"ID": 624912,
				"NAME": "三厳",
				"ENG_NAME": "三厳",
				"STRING": "（スミちゃんのことで暴走してたあの頃よりはちょっとは成長した……ってことかな）",
				"ENG_STRING": "（スミちゃんのことで暴走してたあの頃よりはちょっとは成長した……ってことかな）"
			},
			{
				"TYPE": "ZM",
				"ID": 624913,
				"NAME": "静春",
				"ENG_NAME": "静春",
				"STRING": "「あれ使うんだろ、羽根ペン」",
				"ENG_STRING": "「あれ使うんだろ、羽根ペン」"
			},
			{
				"TYPE": "ZM",
				"ID": 624914,
				"NAME": "憂緒",
				"ENG_NAME": "憂緒",
				"STRING": "「ええ、そのつもりです」@n",
				"ENG_STRING": "「ええ、そのつもりです」@n"
			},
			{
				"TYPE": "ZM",
				"ID": 625153,
				"NAME": "静春",
				"ENG_NAME": "静春",
				"STRING": "「ならオレがやるしかねーな」",
				"ENG_STRING": "「ならオレがやるしかねーな」"
			},
			{
				"TYPE": "ZM",
				"ID": 625154,
				"NAME": "三厳",
				"ENG_NAME": "三厳",
				"STRING": "「大丈夫か？」@n",
				"ENG_STRING": "「大丈夫か？」@n"
			},
			{
				"TYPE": "ZM",
				"ID": 625155,
				"NAME": "静春",
				"ENG_NAME": "静春",
				"STRING": "「てめーが心配すんな、気色悪ぃ。んなにヤワじゃねーよ」@n",
				"ENG_STRING": "「てめーが心配すんな、気色悪ぃ。んなにヤワじゃねーよ」@n"
			},
			{
				"TYPE": "ZM",
				"ID": 625156,
				"NAME": "三厳",
				"ENG_NAME": "三厳",
				"STRING": "「心配じゃないから。静春ちゃんがいないといざと言う時、ヤヌスの鍵が使えないから」",
				"ENG_STRING": "「心配じゃないから。静春ちゃんがいないといざと言う時、ヤヌスの鍵が使えないから」"
			},
			{
				"TYPE": "ZM",
				"ID": 625157,
				"NAME": "静春",
				"ENG_NAME": "静春",
				"STRING": "@w5@h5「いちいちちゃん言うなっ！！」@w0@h0@n",
				"ENG_STRING": "@w5@h5「いちいちちゃん言うなっ！！」@w0@h0@n"
			},
			{
				"TYPE": "ZM",
				"ID": 625158,
				"NAME": "三厳",
				"ENG_NAME": "三厳",
				"STRING": "「満琉が起きてくれりゃあ……」",
				"ENG_STRING": "「満琉が起きてくれりゃあ……」"
			},
			{
				"TYPE": "ZM",
				"ID": 625159,
				"NAME": "満琉",
				"ENG_NAME": "満琉",
				"STRING": "「んん……？　呼んだ？」@n",
				"ENG_STRING": "「んん……？　呼んだ？」@n"
			},
			{
				"TYPE": "ZM",
				"ID": 625160,
				"STRING": "ごそごそ、と布団が動く音がして、満琉がこちらに寝返りを打ち目を開けた。",
				"ENG_STRING": "ごそごそ、と布団が動く音がして、満琉がこちらに寝返りを打ち目を開けた。"
			},
			{
				"TYPE": "ZM",
				"ID": 625161,
				"NAME": "三厳",
				"ENG_NAME": "三厳",
				"STRING": "「あれ、起きた」",
				"ENG_STRING": "「あれ、起きた」"
			},
			{
				"TYPE": "ZM",
				"ID": 625162,
				"NAME": "憂緒",
				"ENG_NAME": "憂緒",
				"STRING": "「枕元であれだけ騒げば、目も覚めると思いますが」",
				"ENG_STRING": "「枕元であれだけ騒げば、目も覚めると思いますが」"
			},
			{
				"TYPE": "ZM",
				"ID": 625163,
				"NAME": "静春",
				"ENG_NAME": "静春",
				"STRING": "「す、すまん。大丈夫か、満琉？」",
				"ENG_STRING": "「す、すまん。大丈夫か、満琉？」"
			},
			{
				"TYPE": "ZM",
				"ID": 625164,
				"NAME": "満琉",
				"ENG_NAME": "満琉",
				"STRING": "「なにが……？　えっ……あ、えと……」@n",
				"ENG_STRING": "「なにが……？　えっ……あ、えと……」@n"
			},
			{
				"TYPE": "ZM",
				"ID": 625165,
				"STRING": "なんか急にもじもじし始めたと思ったら、満琉はリトの顔を見て戸惑った顔をしていた。",
				"ENG_STRING": "なんか急にもじもじし始めたと思ったら、満琉はリトの顔を見て戸惑った顔をしていた。"
			},
			{
				"TYPE": "ZM",
				"ID": 625166,
				"NAME": "リト",
				"ENG_NAME": "リト",
				"STRING": "「……こんにちは」",
				"ENG_STRING": "「……こんにちは」"
			},
			{
				"TYPE": "ZM",
				"ID": 625167,
				"NAME": "満琉",
				"ENG_NAME": "満琉",
				"STRING": "「あっ、えっ、こ、こんにち……わ……」",
				"ENG_STRING": "「あっ、えっ、こ、こんにち……わ……」"
			},
			{
				"TYPE": "ZM",
				"ID": 625168,
				"NAME": "三厳",
				"ENG_NAME": "三厳",
				"STRING": "「起き抜けに人見知るな。器用な奴だな」",
				"ENG_STRING": "「起き抜けに人見知るな。器用な奴だな」"
			},
			{
				"TYPE": "ZM",
				"ID": 625169,
				"NAME": "憂緒",
				"ENG_NAME": "憂緒",
				"STRING": "「この人がリトさんですよ。いつもは図書館にいて遺品の管理をされているホムンクルスです」",
				"ENG_STRING": "「この人がリトさんですよ。いつもは図書館にいて遺品の管理をされているホムンクルスです」"
			},
			{
				"TYPE": "ZM",
				"ID": 625170,
				"NAME": "三厳",
				"ENG_NAME": "三厳",
				"STRING": "「いなくなったって言ってたろ」",
				"ENG_STRING": "「いなくなったって言ってたろ」"
			},
			{
				"TYPE": "ZM",
				"ID": 625171,
				"NAME": "満琉",
				"ENG_NAME": "満琉",
				"STRING": "「……あー、なんか……そんな話してた……ような気がする……」",
				"ENG_STRING": "「……あー、なんか……そんな話してた……ような気がする……」"
			},
			{
				"TYPE": "ZM",
				"ID": 625172,
				"STRING": "たまに起きてる時に話はしているが、大抵ほぼ寝ぼけてるからなこいつ。覚えてないか。",
				"ENG_STRING": "たまに起きてる時に話はしているが、大抵ほぼ寝ぼけてるからなこいつ。覚えてないか。"
			},
			{
				"TYPE": "ZM",
				"ID": 625173,
				"NAME": "憂緒",
				"ENG_NAME": "憂緒",
				"STRING": "「リトさん、彼女は久我くんの妹さんで満琉さんです」",
				"ENG_STRING": "「リトさん、彼女は久我くんの妹さんで満琉さんです」"
			},
			{
				"TYPE": "ZM",
				"ID": 625174,
				"NAME": "リト",
				"ENG_NAME": "リト",
				"STRING": "「久我、満琉？　同じ名前なの？」",
				"ENG_STRING": "「久我、満琉？　同じ名前なの？」"
			},
			{
				"TYPE": "ZM",
				"ID": 625175,
				"NAME": "三厳",
				"ENG_NAME": "三厳",
				"STRING": "「あ」",
				"ENG_STRING": "「あ」"
			},
			{
				"TYPE": "ZM",
				"ID": 625176,
				"NAME": "静春",
				"ENG_NAME": "静春",
				"STRING": "「そっちが本物の満琉で、この久我は…………なんてった？」@n",
				"ENG_STRING": "「そっちが本物の満琉で、この久我は…………なんてった？」@n"
			},
			{
				"TYPE": "ZM",
				"ID": 625177,
				"NAME": "三厳",
				"ENG_NAME": "三厳",
				"STRING": "「忘れんの早すぎだろ。三厳だ」@n",
				"ENG_STRING": "「忘れんの早すぎだろ。三厳だ」@n"
			},
			{
				"TYPE": "ZM",
				"ID": 625178,
				"NAME": "リト",
				"ENG_NAME": "リト",
				"STRING": "「あなたが久我三厳。そしてこちらが妹の久我満琉ね。わかったわ」@n",
				"ENG_STRING": "「あなたが久我三厳。そしてこちらが妹の久我満琉ね。わかったわ」@n"
			},
			{
				"TYPE": "ZM",
				"ID": 625179,
				"STRING": "まったく驚きもせず、すんなりと受け入れるリト。",
				"ENG_STRING": "まったく驚きもせず、すんなりと受け入れるリト。"
			},
			{
				"TYPE": "ZM",
				"ID": 625180,
				"NAME": "満琉",
				"ENG_NAME": "満琉",
				"STRING": "「……………………」",
				"ENG_STRING": "「……………………」"
			},
			{
				"TYPE": "ZM",
				"ID": 625181,
				"STRING": "そんなリトを、怪訝そうに見つめる満琉。",
				"ENG_STRING": "そんなリトを、怪訝そうに見つめる満琉。"
			},
			{
				"TYPE": "ZM",
				"ID": 625182,
				"NAME": "三厳",
				"ENG_NAME": "三厳",
				"STRING": "「あー、色々説明するから、起きれるなら起きてくれ」@n",
				"ENG_STRING": "「あー、色々説明するから、起きれるなら起きてくれ」@n"
			},
			{
				"TYPE": "ZM",
				"ID": 625183,
				"NAME": "満琉",
				"ENG_NAME": "満琉",
				"STRING": "「……わかった」",
				"ENG_STRING": "「……わかった」"
			},
			{
				"TYPE": "ZM",
				"ID": 625184,
				"STRING": "いつもなら寝てろ、という俺の態度が違うので、何かあったと悟ったのか満琉は素直に頷き起き上がってベッドから出て来た。",
				"ENG_STRING": "いつもなら寝てろ、という俺の態度が違うので、何かあったと悟ったのか満琉は素直に頷き起き上がってベッドから出て来た。"
			},
			{
				"TYPE": "ZM",
				"ID": 625185,
				"NAME": "三厳",
				"ENG_NAME": "三厳",
				"STRING": "「――というわけで、リトが戻ったんで羽根ペン使いたいんだよ」",
				"ENG_STRING": "「――というわけで、リトが戻ったんで羽根ペン使いたいんだよ」"
			},
			{
				"TYPE": "ZM",
				"ID": 625186,
				"NAME": "満琉",
				"ENG_NAME": "満琉",
				"STRING": "「……そっか」",
				"ENG_STRING": "「……そっか」"
			},
			{
				"TYPE": "ZM",
				"ID": 625187,
				"STRING": "ちらりと横目で村雲の方を一瞥する満琉。",
				"ENG_STRING": "ちらりと横目で村雲の方を一瞥する満琉。"
			},
			{
				"TYPE": "ZM",
				"ID": 625188,
				"STRING": "こいつも、姉のスミちゃんがやっぱり捕まっていたと聞いて心配になったらしい。",
				"ENG_STRING": "こいつも、姉のスミちゃんがやっぱり捕まっていたと聞いて心配になったらしい。"
			},
			{
				"TYPE": "ZM",
				"ID": 625189,
				"STRING": "それを察したらしく、村雲もリトに向かって改めて聞く。",
				"ENG_STRING": "それを察したらしく、村雲もリトに向かって改めて聞く。"
			},
			{
				"TYPE": "ZM",
				"ID": 625190,
				"NAME": "静春",
				"ENG_NAME": "静春",
				"STRING": "「……別に、春霞も壬生さんも、何もされてねーんだよな？」@n",
				"ENG_STRING": "「……別に、春霞も壬生さんも、何もされてねーんだよな？」@n"
			},
			{
				"TYPE": "ZM",
				"ID": 625191,
				"NAME": "リト",
				"ENG_NAME": "リト",
				"STRING": "「ええ、特に何も。眠っていたわ」",
				"ENG_STRING": "「ええ、特に何も。眠っていたわ」"
			},
			{
				"TYPE": "ZM",
				"ID": 625192,
				"NAME": "静春",
				"ENG_NAME": "静春",
				"STRING": "「なら当面そっちは大丈夫だ。悪いな、心配させちまって」",
				"ENG_STRING": "「なら当面そっちは大丈夫だ。悪いな、心配させちまって」"
			},
			{
				"TYPE": "ZM",
				"ID": 625193,
				"NAME": "満琉",
				"ENG_NAME": "満琉",
				"STRING": "「う、ううん」@n",
				"ENG_STRING": "「う、ううん」@n"
			},
			{
				"TYPE": "ZM",
				"ID": 625194,
				"STRING": "おずおずと首を振る満琉。",
				"ENG_STRING": "おずおずと首を振る満琉。"
			},
			{
				"TYPE": "ZM",
				"ID": 625195,
				"NAME": "満琉",
				"ENG_NAME": "満琉",
				"STRING": "「無事なら……よかった。じゃあ早く遺品使ってみよう？」@n",
				"ENG_STRING": "「無事なら……よかった。じゃあ早く遺品使ってみよう？」@n"
			},
			{
				"TYPE": "ZM",
				"ID": 625196,
				"STRING": "満琉なりに、力になりたいと思っているのだろう。",
				"ENG_STRING": "満琉なりに、力になりたいと思っているのだろう。"
			},
			{
				"TYPE": "ZM",
				"ID": 625197,
				"STRING": "積極的に羽根ペンとインク入りの箱に手を伸ばし、自分で開いて黒い羽根ペンを手に取った。",
				"ENG_STRING": "積極的に羽根ペンとインク入りの箱に手を伸ばし、自分で開いて黒い羽根ペンを手に取った。"
			},
			{
				"TYPE": "ZM",
				"ID": 625198,
				"NAME": "憂緒",
				"ENG_NAME": "憂緒",
				"STRING": "「では、お願いします。無理をしない程度でいいですから」",
				"ENG_STRING": "「では、お願いします。無理をしない程度でいいですから」"
			},
			{
				"TYPE": "ZM",
				"ID": 625199,
				"STRING": "モー子が黒いノートを開いて満琉の前に置く。",
				"ENG_STRING": "モー子が黒いノートを開いて満琉の前に置く。"
			},
			{
				"TYPE": "ZM",
				"ID": 625200,
				"NAME": "満琉",
				"ENG_NAME": "満琉",
				"STRING": "「……だいじょーぶ。前にやった時も、しんどくはならなかったから」",
				"ENG_STRING": "「……だいじょーぶ。前にやった時も、しんどくはならなかったから」"
			},
			{
				"TYPE": "ZM",
				"ID": 625201,
				"STRING": "魔力を流すだけなら、負担はないという話だったからな。",
				"ENG_STRING": "魔力を流すだけなら、負担はないという話だったからな。"
			},
			{
				"TYPE": "ZM",
				"ID": 625202,
				"NAME": "満琉",
				"ENG_NAME": "満琉",
				"STRING": "「じゃあ……始めるね」",
				"ENG_STRING": "「じゃあ……始めるね」"
			},
			{
				"TYPE": "ZM",
				"ID": 625203,
				"STRING": "満琉はノートの上に羽根ペンを置き、手をかざして魔力を注ぐ。",
				"ENG_STRING": "満琉はノートの上に羽根ペンを置き、手をかざして魔力を注ぐ。"
			},
			{
				"TYPE": "ZM",
				"ID": 625204,
				"STRING": "一度やってみて、少しコツがわかったのか、今度は奇妙な動きをすることもなく羽根ペンは文字を綴り始めた――",
				"ENG_STRING": "一度やってみて、少しコツがわかったのか、今度は奇妙な動きをすることもなく羽根ペンは文字を綴り始めた――"
			}
		],
		"CHAPTER_SUBNAME": "S04_05_01：リトの帰還"
	},
	"S04_06_01：黒い日記・７": {
		"MESSAGES": [
			{
				"TYPE": "ZM",
				"ID": 625410,
				"STRING": "彼女がずっと大事にしていた、陶器の人形が壊れてしまった。",
				"ENG_STRING": "彼女がずっと大事にしていた、陶器の人形が壊れてしまった。"
			},
			{
				"TYPE": "ZM",
				"ID": 625411,
				"STRING": "ここへ来る前から、大事に大事に抱きかかえていたものだ。",
				"ENG_STRING": "ここへ来る前から、大事に大事に抱きかかえていたものだ。"
			},
			{
				"TYPE": "ZM",
				"ID": 625412,
				"STRING": "『わたしのせいだよね……うっかり落としちゃうなんて……』",
				"ENG_STRING": "『わたしのせいだよね……うっかり落としちゃうなんて……』"
			},
			{
				"TYPE": "ZM",
				"ID": 625413,
				"STRING": "さすがに落ち込んだ様子で、壊れた人形の欠片を綺麗な布の上に並べて涙を浮かべている。",
				"ENG_STRING": "さすがに落ち込んだ様子で、壊れた人形の欠片を綺麗な布の上に並べて涙を浮かべている。"
			},
			{
				"TYPE": "ZM",
				"ID": 625414,
				"STRING": "『わざと落としたわけじゃないのだから、お人形だってわかっているわよ』",
				"ENG_STRING": "『わざと落としたわけじゃないのだから、お人形だってわかっているわよ』"
			},
			{
				"TYPE": "ZM",
				"ID": 625415,
				"STRING": "『お母様……うん、でも……』",
				"ENG_STRING": "『お母様……うん、でも……』"
			},
			{
				"TYPE": "ZM",
				"ID": 625416,
				"STRING": "『泣かないで。そんなに泣いていては、お人形も困ってしまうわ』",
				"ENG_STRING": "『泣かないで。そんなに泣いていては、お人形も困ってしまうわ』"
			},
			{
				"TYPE": "ZM",
				"ID": 625417,
				"STRING": "『……うん……』",
				"ENG_STRING": "『……うん……』"
			},
			{
				"TYPE": "ZM",
				"ID": 625418,
				"STRING": "どうしたものだろう。",
				"ENG_STRING": "どうしたものだろう。"
			},
			{
				"TYPE": "ZM",
				"ID": 625419,
				"STRING": "人形は粉々になってしまっていて、とうてい元に戻せる状態ではない。",
				"ENG_STRING": "人形は粉々になってしまっていて、とうてい元に戻せる状態ではない。"
			},
			{
				"TYPE": "ZM",
				"ID": 625420,
				"STRING": "それに――",
				"ENG_STRING": "それに――"
			},
			{
				"TYPE": "ZM",
				"ID": 625421,
				"STRING": "魔術なら、復元は出来るかも知れない。",
				"ENG_STRING": "魔術なら、復元は出来るかも知れない。"
			},
			{
				"TYPE": "ZM",
				"ID": 625422,
				"STRING": "だけどそうしてしまっていいものか。",
				"ENG_STRING": "だけどそうしてしまっていいものか。"
			},
			{
				"TYPE": "ZM",
				"ID": 625423,
				"STRING": "壊れても、魔術なら簡単に取り返しがつく。",
				"ENG_STRING": "壊れても、魔術なら簡単に取り返しがつく。"
			},
			{
				"TYPE": "ZM",
				"ID": 625424,
				"STRING": "そんな危険な思い込みを、彼女に与えてしまうかも知れない。",
				"ENG_STRING": "そんな危険な思い込みを、彼女に与えてしまうかも知れない。"
			},
			{
				"TYPE": "ZM",
				"ID": 625425,
				"STRING": "そう思うと、残酷なことかもしれないけれど、私には安易に復元してあげる事は出来なかった。",
				"ENG_STRING": "そう思うと、残酷なことかもしれないけれど、私には安易に復元してあげる事は出来なかった。"
			},
			{
				"TYPE": "ZM",
				"ID": 625426,
				"STRING": "『……埋めてあげましょう？』",
				"ENG_STRING": "『……埋めてあげましょう？』"
			},
			{
				"TYPE": "ZM",
				"ID": 625427,
				"STRING": "さんざん悩んだが、私はやはり壊れた人形と彼女を決別させることを選んだ。",
				"ENG_STRING": "さんざん悩んだが、私はやはり壊れた人形と彼女を決別させることを選んだ。"
			},
			{
				"TYPE": "ZM",
				"ID": 625428,
				"STRING": "安易に魔術に頼る子になって欲しくない。",
				"ENG_STRING": "安易に魔術に頼る子になって欲しくない。"
			},
			{
				"TYPE": "ZM",
				"ID": 625429,
				"STRING": "失われたものを取り戻すことは、簡単なことではないのだと学んで欲しかった。",
				"ENG_STRING": "失われたものを取り戻すことは、簡単なことではないのだと学んで欲しかった。"
			},
			{
				"TYPE": "ZM",
				"ID": 625430,
				"STRING": "彼女と一緒に綺麗な布に包んだお人形を、庭の片隅に埋めて、お墓を作ってあげた。",
				"ENG_STRING": "彼女と一緒に綺麗な布に包んだお人形を、庭の片隅に埋めて、お墓を作ってあげた。"
			},
			{
				"TYPE": "ZM",
				"ID": 625431,
				"STRING": "『ごめんね……今まで、ずっと一緒にいてくれて、ありがとう……さよなら……』",
				"ENG_STRING": "『ごめんね……今まで、ずっと一緒にいてくれて、ありがとう……さよなら……』"
			},
			{
				"TYPE": "ZM",
				"ID": 625432,
				"STRING": "手を合わせ、長い時間彼女は祈っていた。",
				"ENG_STRING": "手を合わせ、長い時間彼女は祈っていた。"
			},
			{
				"TYPE": "ZM",
				"ID": 625433,
				"STRING": "その姿を、学園の級友達が見かけていたらしい。",
				"ENG_STRING": "その姿を、学園の級友達が見かけていたらしい。"
			},
			{
				"TYPE": "ZM",
				"ID": 625434,
				"STRING": "『お母様、見て！』",
				"ENG_STRING": "『お母様、見て！』"
			},
			{
				"TYPE": "ZM",
				"ID": 625435,
				"STRING": "久しぶりに見る輝くような笑顔。",
				"ENG_STRING": "久しぶりに見る輝くような笑顔。"
			},
			{
				"TYPE": "ZM",
				"ID": 625436,
				"STRING": "彼女の腕には布製の人形が抱かれていた。",
				"ENG_STRING": "彼女の腕には布製の人形が抱かれていた。"
			},
			{
				"TYPE": "ZM",
				"ID": 625437,
				"STRING": "『あら、可愛い。どうしたの、その子？』",
				"ENG_STRING": "『あら、可愛い。どうしたの、その子？』"
			},
			{
				"TYPE": "ZM",
				"ID": 625438,
				"STRING": "『お友達がくれたの！　この子なら、落としても壊れないから、元気出して、って！』",
				"ENG_STRING": "『お友達がくれたの！　この子なら、落としても壊れないから、元気出して、って！』"
			},
			{
				"TYPE": "ZM",
				"ID": 625439,
				"STRING": "『まあ、そうなの……』",
				"ENG_STRING": "『まあ、そうなの……』"
			},
			{
				"TYPE": "ZM",
				"ID": 625440,
				"STRING": "『わたし、みんなに心配掛けちゃってた。だからみんなが相談してくれたんだって』",
				"ENG_STRING": "『わたし、みんなに心配掛けちゃってた。だからみんなが相談してくれたんだって』"
			},
			{
				"TYPE": "ZM",
				"ID": 625441,
				"STRING": "『……そう。よかったわね、素敵なお友達ね』",
				"ENG_STRING": "『……そう。よかったわね、素敵なお友達ね』"
			},
			{
				"TYPE": "ZM",
				"ID": 625442,
				"STRING": "『ええ、お母様！　わたし、嬉しい……』",
				"ENG_STRING": "『ええ、お母様！　わたし、嬉しい……』"
			},
			{
				"TYPE": "ZM",
				"ID": 625443,
				"STRING": "彼女はきっと、新しい人形を得たことよりも、友達が彼女を気遣ってくれたことが嬉しいのだろう。",
				"ENG_STRING": "彼女はきっと、新しい人形を得たことよりも、友達が彼女を気遣ってくれたことが嬉しいのだろう。"
			},
			{
				"TYPE": "ZM",
				"ID": 625444,
				"STRING": "そっと学園での彼女の様子を見に行ってみた。",
				"ENG_STRING": "そっと学園での彼女の様子を見に行ってみた。"
			},
			{
				"TYPE": "ZM",
				"ID": 625445,
				"STRING": "『よかったー、すっかり元気になったね』",
				"ENG_STRING": "『よかったー、すっかり元気になったね』"
			},
			{
				"TYPE": "ZM",
				"ID": 625446,
				"STRING": "『うん、ありがとう！　心配掛けてごめんね？』",
				"ENG_STRING": "『うん、ありがとう！　心配掛けてごめんね？』"
			},
			{
				"TYPE": "ZM",
				"ID": 625447,
				"STRING": "『いいよ！　喜んでくれて良かったー』",
				"ENG_STRING": "『いいよ！　喜んでくれて良かったー』"
			},
			{
				"TYPE": "ZM",
				"ID": 625448,
				"STRING": "『あの子とっても可愛いもの。ずっとね、枕元において夜も一緒なの。それでね……』",
				"ENG_STRING": "『あの子とっても可愛いもの。ずっとね、枕元において夜も一緒なの。それでね……』"
			},
			{
				"TYPE": "ZM",
				"ID": 625449,
				"STRING": "級友達に囲まれ、幸せそうに笑う彼女が見れた。",
				"ENG_STRING": "級友達に囲まれ、幸せそうに笑う彼女が見れた。"
			},
			{
				"TYPE": "ZM",
				"ID": 625450,
				"STRING": "よかった。",
				"ENG_STRING": "よかった。"
			},
			{
				"TYPE": "ZM",
				"ID": 625451,
				"STRING": "やっぱり、少し哀しい思いをさせたけれど、私は間違っていなかったと安堵する。",
				"ENG_STRING": "やっぱり、少し哀しい思いをさせたけれど、私は間違っていなかったと安堵する。"
			},
			{
				"TYPE": "ZM",
				"ID": 625921,
				"NAME": "憂緒",
				"ENG_NAME": "憂緒",
				"STRING": "「陶器の人形……最初の方にも抱いていた、と出て来ていましたね」@n",
				"ENG_STRING": "「陶器の人形……最初の方にも抱いていた、と出て来ていましたね」@n"
			},
			{
				"TYPE": "ZM",
				"ID": 625922,
				"NAME": "満琉",
				"ENG_NAME": "満琉",
				"STRING": "「壊れちゃったんだね。かわいそう……」",
				"ENG_STRING": "「壊れちゃったんだね。かわいそう……」"
			},
			{
				"TYPE": "ZM",
				"ID": 625923,
				"STRING": "ぽつりと満琉が呟く。",
				"ENG_STRING": "ぽつりと満琉が呟く。"
			},
			{
				"TYPE": "ZM",
				"ID": 625924,
				"STRING": "羽根ペンが先を促すように虚空でふらふらと揺れていた。",
				"ENG_STRING": "羽根ペンが先を促すように虚空でふらふらと揺れていた。"
			},
			{
				"TYPE": "ZM",
				"ID": 625925,
				"NAME": "憂緒",
				"ENG_NAME": "憂緒",
				"STRING": "「……続きをお願いします」@n",
				"ENG_STRING": "「……続きをお願いします」@n"
			},
			{
				"TYPE": "ZM",
				"ID": 625926,
				"NAME": "満琉",
				"ENG_NAME": "満琉",
				"STRING": "「うん」@n",
				"ENG_STRING": "「うん」@n"
			},
			{
				"TYPE": "ZM",
				"ID": 626177,
				"STRING": "モー子がノートのページをめくると、羽根ペンは再びカリカリと記憶を綴り始めた。",
				"ENG_STRING": "モー子がノートのページをめくると、羽根ペンは再びカリカリと記憶を綴り始めた。"
			}
		],
		"CHAPTER_SUBNAME": "S04_06_01：黒い日記・７"
	},
	"S04_07_01：黒い日記・８": {
		"MESSAGES": [
			{
				"TYPE": "ZM",
				"ID": 626434,
				"STRING": "……哀しいことが起きた。",
				"ENG_STRING": "……哀しいことが起きた。"
			},
			{
				"TYPE": "ZM",
				"ID": 626435,
				"STRING": "彼女に新しい人形をくれた、親しい級友の一人が、事故で家族を失ったという知らせが入ったのだ。",
				"ENG_STRING": "彼女に新しい人形をくれた、親しい級友の一人が、事故で家族を失ったという知らせが入ったのだ。"
			},
			{
				"TYPE": "ZM",
				"ID": 626436,
				"STRING": "『どうしよう、お母様。とっても哀しそうなの』",
				"ENG_STRING": "『どうしよう、お母様。とっても哀しそうなの』"
			},
			{
				"TYPE": "ZM",
				"ID": 626437,
				"STRING": "『ええ……無理もないわ……』",
				"ENG_STRING": "『ええ……無理もないわ……』"
			},
			{
				"TYPE": "ZM",
				"ID": 626438,
				"STRING": "『わたしが心配掛けちゃった時、はげましてくれたから、今度は私が何かしてあげたいの』",
				"ENG_STRING": "『わたしが心配掛けちゃった時、はげましてくれたから、今度は私が何かしてあげたいの』"
			},
			{
				"TYPE": "ZM",
				"ID": 626439,
				"STRING": "級友のことを気遣い、彼女もとても辛そうな顔をしている。",
				"ENG_STRING": "級友のことを気遣い、彼女もとても辛そうな顔をしている。"
			},
			{
				"TYPE": "ZM",
				"ID": 626440,
				"STRING": "『だからね、わたしもお人形をプレゼントしてあげたらどうかしらって思ったの』",
				"ENG_STRING": "『だからね、わたしもお人形をプレゼントしてあげたらどうかしらって思ったの』"
			},
			{
				"TYPE": "ZM",
				"ID": 626441,
				"STRING": "『……気持ちはわかるけれど、お人形では代わりにならないものもあるのよ』",
				"ENG_STRING": "『……気持ちはわかるけれど、お人形では代わりにならないものもあるのよ』"
			},
			{
				"TYPE": "ZM",
				"ID": 626442,
				"STRING": "『だめ……？』",
				"ENG_STRING": "『だめ……？』"
			},
			{
				"TYPE": "ZM",
				"ID": 626443,
				"STRING": "『駄目じゃないわ。あなたの気持ちは嬉しいと思うけれど……お人形とは違うから……』",
				"ENG_STRING": "『駄目じゃないわ。あなたの気持ちは嬉しいと思うけれど……お人形とは違うから……』"
			},
			{
				"TYPE": "ZM",
				"ID": 626444,
				"STRING": "『……………………』",
				"ENG_STRING": "『……………………』"
			},
			{
				"TYPE": "ZM",
				"ID": 626445,
				"STRING": "彼女は考え込んでしまった。",
				"ENG_STRING": "彼女は考え込んでしまった。"
			},
			{
				"TYPE": "ZM",
				"ID": 626446,
				"STRING": "大切なものが失われた――そのことは理解しているのだろう。",
				"ENG_STRING": "大切なものが失われた――そのことは理解しているのだろう。"
			},
			{
				"TYPE": "ZM",
				"ID": 626447,
				"STRING": "だけど、自分と同じ方法でなぐさめるには、少し無理があるということまでは、まだよくわからないようだ。",
				"ENG_STRING": "だけど、自分と同じ方法でなぐさめるには、少し無理があるということまでは、まだよくわからないようだ。"
			},
			{
				"TYPE": "ZM",
				"ID": 626448,
				"STRING": "『……今は、そっとしておいてあげた方がいいのじゃないかしら』",
				"ENG_STRING": "『……今は、そっとしておいてあげた方がいいのじゃないかしら』"
			},
			{
				"TYPE": "ZM",
				"ID": 626449,
				"STRING": "『お人形じゃ、だめなのね？』",
				"ENG_STRING": "『お人形じゃ、だめなのね？』"
			},
			{
				"TYPE": "ZM",
				"ID": 626450,
				"STRING": "『そうね、哀しいけれど。お人形は、やっぱりお人形であって家族とは……人とは違うから』",
				"ENG_STRING": "『そうね、哀しいけれど。お人形は、やっぱりお人形であって家族とは……人とは違うから』"
			},
			{
				"TYPE": "ZM",
				"ID": 626451,
				"STRING": "『人とは、違う……。うん、わかった』",
				"ENG_STRING": "『人とは、違う……。うん、わかった』"
			},
			{
				"TYPE": "ZM",
				"ID": 626452,
				"STRING": "頷いてくれたので、少しだけ安堵する。",
				"ENG_STRING": "頷いてくれたので、少しだけ安堵する。"
			},
			{
				"TYPE": "ZM",
				"ID": 626453,
				"STRING": "私はどうしても外せない用事があって、海外出張へ出掛けなければならなかった。",
				"ENG_STRING": "私はどうしても外せない用事があって、海外出張へ出掛けなければならなかった。"
			},
			{
				"TYPE": "ZM",
				"ID": 626454,
				"STRING": "だから彼女に、どうにか理解してもらおうと――",
				"ENG_STRING": "だから彼女に、どうにか理解してもらおうと――"
			},
			{
				"TYPE": "ZM",
				"ID": 626455,
				"STRING": "私がいけなかったのだろうか。",
				"ENG_STRING": "私がいけなかったのだろうか。"
			},
			{
				"TYPE": "ZM",
				"ID": 626456,
				"STRING": "『やっぱりお人形であって――』",
				"ENG_STRING": "『やっぱりお人形であって――』"
			},
			{
				"TYPE": "ZM",
				"ID": 626457,
				"STRING": "私の説明が。",
				"ENG_STRING": "私の説明が。"
			},
			{
				"TYPE": "ZM",
				"ID": 626458,
				"STRING": "『家族とは……』",
				"ENG_STRING": "『家族とは……』"
			},
			{
				"TYPE": "ZM",
				"ID": 626459,
				"STRING": "私が焦りすぎていたのか。",
				"ENG_STRING": "私が焦りすぎていたのか。"
			},
			{
				"TYPE": "ZM",
				"ID": 626460,
				"STRING": "『人とは、違うから』",
				"ENG_STRING": "『人とは、違うから』"
			},
			{
				"TYPE": "ZM",
				"ID": 626461,
				"STRING": "まさか、あんなことになるなんて。",
				"ENG_STRING": "まさか、あんなことになるなんて。"
			},
			{
				"TYPE": "ZM",
				"ID": 626945,
				"NAME": "静春",
				"ENG_NAME": "静春",
				"STRING": "「何か起きたみたいだぞ」",
				"ENG_STRING": "「何か起きたみたいだぞ」"
			},
			{
				"TYPE": "ZM",
				"ID": 626946,
				"NAME": "満琉",
				"ENG_NAME": "満琉",
				"STRING": "「つ、続き……気になる」",
				"ENG_STRING": "「つ、続き……気になる」"
			},
			{
				"TYPE": "ZM",
				"ID": 626947,
				"NAME": "憂緒",
				"ENG_NAME": "憂緒",
				"STRING": "「焦っては駄目ですよ？　また時間が飛んでしまうかも知れません」",
				"ENG_STRING": "「焦っては駄目ですよ？　また時間が飛んでしまうかも知れません」"
			},
			{
				"TYPE": "ZM",
				"ID": 626948,
				"NAME": "満琉",
				"ENG_NAME": "満琉",
				"STRING": "「うん、頑張る……一滴ずつ、一滴ずつ……」",
				"ENG_STRING": "「うん、頑張る……一滴ずつ、一滴ずつ……」"
			},
			{
				"TYPE": "ZM",
				"ID": 626949,
				"STRING": "自分に言い聞かせるように呟く満琉。",
				"ENG_STRING": "自分に言い聞かせるように呟く満琉。"
			},
			{
				"TYPE": "ZM",
				"ID": 626950,
				"STRING": "ルイも言っていたが、微調整には神経を使うらしいから、膨大すぎる満琉の魔力は余計に調整が難しいのかも知れない。",
				"ENG_STRING": "ルイも言っていたが、微調整には神経を使うらしいから、膨大すぎる満琉の魔力は余計に調整が難しいのかも知れない。"
			},
			{
				"TYPE": "ZM",
				"ID": 626951,
				"STRING": "それでも羽根ペンは、おかしな挙動は見せず滑らかに動いていた。",
				"ENG_STRING": "それでも羽根ペンは、おかしな挙動は見せず滑らかに動いていた。"
			}
		],
		"CHAPTER_SUBNAME": "S04_07_01：黒い日記・８"
	},
	"S04_08_01：黒い日記・９": {
		"MESSAGES": [
			{
				"TYPE": "ZM",
				"ID": 627202,
				"STRING": "ようやく長い出張が終わり、学園に戻ってくる事が出来た。",
				"ENG_STRING": "ようやく長い出張が終わり、学園に戻ってくる事が出来た。"
			},
			{
				"TYPE": "ZM",
				"ID": 627203,
				"STRING": "久しぶりに彼女に会えると思うと、胸が高鳴る。",
				"ENG_STRING": "久しぶりに彼女に会えると思うと、胸が高鳴る。"
			},
			{
				"TYPE": "ZM",
				"ID": 627204,
				"STRING": "なのに――",
				"ENG_STRING": "なのに――"
			},
			{
				"TYPE": "ZM",
				"ID": 627205,
				"STRING": "『お帰りなさい、お母様！！』",
				"ENG_STRING": "『お帰りなさい、お母様！！』"
			},
			{
				"TYPE": "ZM",
				"ID": 627206,
				"STRING": "満面の笑顔で駆け寄ってきた彼女。",
				"ENG_STRING": "満面の笑顔で駆け寄ってきた彼女。"
			},
			{
				"TYPE": "ZM",
				"ID": 627207,
				"STRING": "もちろん私は、彼女を抱きしめて応えた。",
				"ENG_STRING": "もちろん私は、彼女を抱きしめて応えた。"
			},
			{
				"TYPE": "ZM",
				"ID": 627208,
				"STRING": "『ただいま。良い子にしてた？』",
				"ENG_STRING": "『ただいま。良い子にしてた？』"
			},
			{
				"TYPE": "ZM",
				"ID": 627209,
				"STRING": "『もちろんよ、お母様。ふふ、実はね……』",
				"ENG_STRING": "『もちろんよ、お母様。ふふ、実はね……』"
			},
			{
				"TYPE": "ZM",
				"ID": 627210,
				"STRING": "『あら、なあに？』",
				"ENG_STRING": "『あら、なあに？』"
			},
			{
				"TYPE": "ZM",
				"ID": 627211,
				"STRING": "やけに楽しそうな笑顔だ。",
				"ENG_STRING": "やけに楽しそうな笑顔だ。"
			},
			{
				"TYPE": "ZM",
				"ID": 627212,
				"STRING": "てっきり落ち込んでいた級友が元気を取り戻してきたとか、そういった報告なのかと思った。",
				"ENG_STRING": "てっきり落ち込んでいた級友が元気を取り戻してきたとか、そういった報告なのかと思った。"
			},
			{
				"TYPE": "ZM",
				"ID": 627213,
				"STRING": "『お母様に、紹介したい子がいるの』",
				"ENG_STRING": "『お母様に、紹介したい子がいるの』"
			},
			{
				"TYPE": "ZM",
				"ID": 627214,
				"STRING": "『私に？　学園のお友達ならみんな知っているけれど違うの？』",
				"ENG_STRING": "『私に？　学園のお友達ならみんな知っているけれど違うの？』"
			},
			{
				"TYPE": "ZM",
				"ID": 627215,
				"STRING": "『ええ、違うわ！　ほら、あの子よ』",
				"ENG_STRING": "『ええ、違うわ！　ほら、あの子よ』"
			},
			{
				"TYPE": "ZM",
				"ID": 627216,
				"STRING": "そう言って彼女は背後を指さした。",
				"ENG_STRING": "そう言って彼女は背後を指さした。"
			},
			{
				"TYPE": "ZM",
				"ID": 627217,
				"STRING": "そこには彼女の級友達の姿があり――その中に一人だけ見慣れない顔があった。",
				"ENG_STRING": "そこには彼女の級友達の姿があり――その中に一人だけ見慣れない顔があった。"
			},
			{
				"TYPE": "ZM",
				"ID": 627218,
				"STRING": "『そうよ、お母様。あの子よ。すぐわかった？』",
				"ENG_STRING": "『そうよ、お母様。あの子よ。すぐわかった？』"
			},
			{
				"TYPE": "ZM",
				"ID": 627219,
				"STRING": "……その時の私の衝撃をなんと表現すればいいのだろう。",
				"ENG_STRING": "……その時の私の衝撃をなんと表現すればいいのだろう。"
			},
			{
				"TYPE": "ZM",
				"ID": 627220,
				"STRING": "それは人間ではない、と私には一目でわかったからだ。",
				"ENG_STRING": "それは人間ではない、と私には一目でわかったからだ。"
			},
			{
				"TYPE": "ZM",
				"ID": 627221,
				"STRING": "魔女の血の成せる業。",
				"ENG_STRING": "魔女の血の成せる業。"
			},
			{
				"TYPE": "ZM",
				"ID": 627222,
				"STRING": "その子が身にまとう魔術の気配で、それと知れた。",
				"ENG_STRING": "その子が身にまとう魔術の気配で、それと知れた。"
			},
			{
				"TYPE": "ZM",
				"ID": 627223,
				"STRING": "でも――この違和感は何？",
				"ENG_STRING": "でも――この違和感は何？"
			},
			{
				"TYPE": "ZM",
				"ID": 627224,
				"STRING": "『まさか……この子……』",
				"ENG_STRING": "『まさか……この子……』"
			},
			{
				"TYPE": "ZM",
				"ID": 627225,
				"STRING": "『お友達よ。ほら、みんな仲良くしてくれてる』",
				"ENG_STRING": "『お友達よ。ほら、みんな仲良くしてくれてる』"
			},
			{
				"TYPE": "ZM",
				"ID": 627226,
				"STRING": "『なんてこと……！　どうして……あの子はホムンクルス、よね……？』",
				"ENG_STRING": "『なんてこと……！　どうして……あの子はホムンクルス、よね……？』"
			},
			{
				"TYPE": "ZM",
				"ID": 627227,
				"STRING": "『すごいわ、お母様！　見ただけでわかるのね？　ええそうよ。私が作ったの！』",
				"ENG_STRING": "『すごいわ、お母様！　見ただけでわかるのね？　ええそうよ。私が作ったの！』"
			},
			{
				"TYPE": "ZM",
				"ID": 627228,
				"STRING": "『……………………』",
				"ENG_STRING": "『……………………』"
			},
			{
				"TYPE": "ZM",
				"ID": 627229,
				"STRING": "『お母様？　どうしたの、お母様？』",
				"ENG_STRING": "『お母様？　どうしたの、お母様？』"
			},
			{
				"TYPE": "ZM",
				"ID": 627230,
				"STRING": "『どうして……なのに、どうして……あの子の中に魂が見えるの……！？』",
				"ENG_STRING": "『どうして……なのに、どうして……あの子の中に魂が見えるの……！？』"
			},
			{
				"TYPE": "ZM",
				"ID": 627231,
				"STRING": "ホムンクルスに魂はない。",
				"ENG_STRING": "ホムンクルスに魂はない。"
			},
			{
				"TYPE": "ZM",
				"ID": 627232,
				"STRING": "それは、魔術が芽生えた太古の昔からある常識であり、そうでなくてはならない規律でもあった。",
				"ENG_STRING": "それは、魔術が芽生えた太古の昔からある常識であり、そうでなくてはならない規律でもあった。"
			},
			{
				"TYPE": "ZM",
				"ID": 627233,
				"STRING": "なのに――",
				"ENG_STRING": "なのに――"
			},
			{
				"TYPE": "ZM",
				"ID": 627234,
				"STRING": "『わたしが、つくったの』",
				"ENG_STRING": "『わたしが、つくったの』"
			},
			{
				"TYPE": "ZM",
				"ID": 627235,
				"STRING": "ああ、聞きたくなかった。",
				"ENG_STRING": "ああ、聞きたくなかった。"
			},
			{
				"TYPE": "ZM",
				"ID": 627236,
				"STRING": "半ば悟ってはいたけれど、彼女の口から誇らしげに発せられたその言葉を。",
				"ENG_STRING": "半ば悟ってはいたけれど、彼女の口から誇らしげに発せられたその言葉を。"
			},
			{
				"TYPE": "ZM",
				"ID": 627237,
				"STRING": "『作ったのよ、お母様』",
				"ENG_STRING": "『作ったのよ、お母様』"
			},
			{
				"TYPE": "ZM",
				"ID": 627238,
				"STRING": "『あなた……あなたが……？』",
				"ENG_STRING": "『あなた……あなたが……？』"
			},
			{
				"TYPE": "ZM",
				"ID": 627239,
				"STRING": "『ええ、だって、魂がないと、お人形と同じなのでしょう？』",
				"ENG_STRING": "『ええ、だって、魂がないと、お人形と同じなのでしょう？』"
			},
			{
				"TYPE": "ZM",
				"ID": 627240,
				"STRING": "お人形と同じ――お人形とは違うから――人とは違うから――自分がかつて彼女に言い聞かせた言葉がぐるぐると頭の中を駆け巡る。",
				"ENG_STRING": "お人形と同じ――お人形とは違うから――人とは違うから――自分がかつて彼女に言い聞かせた言葉がぐるぐると頭の中を駆け巡る。"
			},
			{
				"TYPE": "ZM",
				"ID": 627241,
				"STRING": "『だから、魂を持ちなさいって、そう言いきかせてあげて、わたしが作ったのよ』",
				"ENG_STRING": "『だから、魂を持ちなさいって、そう言いきかせてあげて、わたしが作ったのよ』"
			},
			{
				"TYPE": "ZM",
				"ID": 627242,
				"STRING": "『なんてこと………』",
				"ENG_STRING": "『なんてこと………』"
			},
			{
				"TYPE": "ZM",
				"ID": 627243,
				"STRING": "目の前が真っ暗になりそうだった。",
				"ENG_STRING": "目の前が真っ暗になりそうだった。"
			},
			{
				"TYPE": "ZM",
				"ID": 627244,
				"STRING": "彼女は魂を――つまり、命そのものを作り出してしまったのだ。",
				"ENG_STRING": "彼女は魂を――つまり、命そのものを作り出してしまったのだ。"
			},
			{
				"TYPE": "ZM",
				"ID": 627245,
				"STRING": "魔術によって。人工的に。作為的に。",
				"ENG_STRING": "魔術によって。人工的に。作為的に。"
			},
			{
				"TYPE": "ZM",
				"ID": 627246,
				"STRING": "そんなことは未だかつてどんな魔女でさえ成し得たことはない。",
				"ENG_STRING": "そんなことは未だかつてどんな魔女でさえ成し得たことはない。"
			},
			{
				"TYPE": "ZM",
				"ID": 627247,
				"STRING": "いえ、為そうとした事もないだろう。",
				"ENG_STRING": "いえ、為そうとした事もないだろう。"
			},
			{
				"TYPE": "ZM",
				"ID": 627248,
				"STRING": "それは自然に逆らうことだから。罪だから。",
				"ENG_STRING": "それは自然に逆らうことだから。罪だから。"
			},
			{
				"TYPE": "ZM",
				"ID": 627249,
				"STRING": "『お母様……？　どうしたの、お母様？』",
				"ENG_STRING": "『お母様……？　どうしたの、お母様？』"
			},
			{
				"TYPE": "ZM",
				"ID": 627250,
				"STRING": "『ああ……どうして……』",
				"ENG_STRING": "『ああ……どうして……』"
			},
			{
				"TYPE": "ZM",
				"ID": 627251,
				"STRING": "『お母様？　ねえ、喜んでくれないの？　あの子はお人形とは違うのよ？』",
				"ENG_STRING": "『お母様？　ねえ、喜んでくれないの？　あの子はお人形とは違うのよ？』"
			},
			{
				"TYPE": "ZM",
				"ID": 627252,
				"STRING": "『駄目よ……！！』",
				"ENG_STRING": "『駄目よ……！！』"
			},
			{
				"TYPE": "ZM",
				"ID": 627253,
				"STRING": "強い口調で言った私に驚いた様子で、彼女はびくっと身をすくませた。",
				"ENG_STRING": "強い口調で言った私に驚いた様子で、彼女はびくっと身をすくませた。"
			},
			{
				"TYPE": "ZM",
				"ID": 627254,
				"STRING": "言って聞かせなければ。",
				"ENG_STRING": "言って聞かせなければ。"
			},
			{
				"TYPE": "ZM",
				"ID": 627255,
				"STRING": "これは絶対にあってはならないこと。",
				"ENG_STRING": "これは絶対にあってはならないこと。"
			},
			{
				"TYPE": "ZM",
				"ID": 627256,
				"STRING": "泣かせてしまうかも知れないけれど、これだけは絶対に――",
				"ENG_STRING": "泣かせてしまうかも知れないけれど、これだけは絶対に――"
			},
			{
				"TYPE": "ZM",
				"ID": 627257,
				"STRING": "『いい？　あの子と同じ様なホムンクルスは二度と作ってはいけません』",
				"ENG_STRING": "『いい？　あの子と同じ様なホムンクルスは二度と作ってはいけません』"
			},
			{
				"TYPE": "ZM",
				"ID": 627258,
				"STRING": "『どうして……？』",
				"ENG_STRING": "『どうして……？』"
			},
			{
				"TYPE": "ZM",
				"ID": 627259,
				"STRING": "『それは罪なのよ』",
				"ENG_STRING": "『それは罪なのよ』"
			},
			{
				"TYPE": "ZM",
				"ID": 627260,
				"STRING": "『罪……』",
				"ENG_STRING": "『罪……』"
			},
			{
				"TYPE": "ZM",
				"ID": 627261,
				"STRING": "『あるはずのない命を、人の手で生み出してしまうなんて、あってはならないの』",
				"ENG_STRING": "『あるはずのない命を、人の手で生み出してしまうなんて、あってはならないの』"
			},
			{
				"TYPE": "ZM",
				"ID": 627262,
				"STRING": "『……よくわからない……』",
				"ENG_STRING": "『……よくわからない……』"
			},
			{
				"TYPE": "ZM",
				"ID": 627263,
				"STRING": "『そう……そうね。理解するのは難しいと思うわ。でもお願い、お母様と約束して？　同じ様なホムンクルスは二度と作らない、って』",
				"ENG_STRING": "『そう……そうね。理解するのは難しいと思うわ。でもお願い、お母様と約束して？　同じ様なホムンクルスは二度と作らない、って』"
			},
			{
				"TYPE": "ZM",
				"ID": 627264,
				"STRING": "『……………約束……』",
				"ENG_STRING": "『……………約束……』"
			},
			{
				"TYPE": "ZM",
				"ID": 627265,
				"STRING": "『お願い。約束してちょうだい』",
				"ENG_STRING": "『お願い。約束してちょうだい』"
			},
			{
				"TYPE": "ZM",
				"ID": 627266,
				"STRING": "『………わかった。約束します』",
				"ENG_STRING": "『………わかった。約束します』"
			},
			{
				"TYPE": "ZM",
				"ID": 627267,
				"STRING": "『ありがとう……………………良い子ね』",
				"ENG_STRING": "『ありがとう……………………良い子ね』"
			},
			{
				"TYPE": "ZM",
				"ID": 627268,
				"STRING": "おそらく、彼女はまだ何が罪なのかまでは理解出来ていないだろう。",
				"ENG_STRING": "おそらく、彼女はまだ何が罪なのかまでは理解出来ていないだろう。"
			},
			{
				"TYPE": "ZM",
				"ID": 627269,
				"STRING": "でも教えていかなければ。",
				"ENG_STRING": "でも教えていかなければ。"
			},
			{
				"TYPE": "ZM",
				"ID": 627270,
				"STRING": "長い時間が掛かっても、自分が何をしてしまったのか理解させなければ……。",
				"ENG_STRING": "長い時間が掛かっても、自分が何をしてしまったのか理解させなければ……。"
			}
		],
		"CHAPTER_SUBNAME": "S04_08_01：黒い日記・９"
	},
	"S04_09_01：退去": {
		"MESSAGES": [
			{
				"TYPE": "ZM",
				"ID": 627713,
				"NAME": "三厳",
				"ENG_NAME": "三厳",
				"STRING": "（なんか変だな……）",
				"ENG_STRING": "（なんか変だな……）"
			},
			{
				"TYPE": "ZM",
				"ID": 627714,
				"STRING": "上手く言えないが、奇妙な違和感を感じる。",
				"ENG_STRING": "上手く言えないが、奇妙な違和感を感じる。"
			},
			{
				"TYPE": "ZM",
				"ID": 627715,
				"STRING": "モー子は気になっていないのだろうかと横目で見てみるが、考えていることはうかがい知れなかった。",
				"ENG_STRING": "モー子は気になっていないのだろうかと横目で見てみるが、考えていることはうかがい知れなかった。"
			},
			{
				"TYPE": "ZM",
				"ID": 627716,
				"NAME": "憂緒",
				"ENG_NAME": "憂緒",
				"STRING": "「このまま読み進めましょう」",
				"ENG_STRING": "「このまま読み進めましょう」"
			},
			{
				"TYPE": "ZM",
				"ID": 627717,
				"STRING": "これは、気づいてはいるかもしれないが、何かしら元から他に考えがある様子だ。",
				"ENG_STRING": "これは、気づいてはいるかもしれないが、何かしら元から他に考えがある様子だ。"
			},
			{
				"TYPE": "ZM",
				"ID": 627718,
				"NAME": "真弥",
				"ENG_NAME": "真弥",
				"STRING": "「ねえ！！」",
				"ENG_STRING": "「ねえ！！」"
			},
			{
				"TYPE": "ZM",
				"ID": 627719,
				"STRING": "内容がよくわからなくて退屈していたのか、窓の外を見ていた黒谷が、急に振り返って声を上げた。",
				"ENG_STRING": "内容がよくわからなくて退屈していたのか、窓の外を見ていた黒谷が、急に振り返って声を上げた。"
			},
			{
				"TYPE": "ZM",
				"ID": 627720,
				"NAME": "静春",
				"ENG_NAME": "静春",
				"STRING": "「うわ、なんだよ急に？」",
				"ENG_STRING": "「うわ、なんだよ急に？」"
			},
			{
				"TYPE": "ZM",
				"ID": 627721,
				"NAME": "真弥",
				"ENG_NAME": "真弥",
				"STRING": "「何か寮の前に人が集まってきてるよ」@n",
				"ENG_STRING": "「何か寮の前に人が集まってきてるよ」@n"
			},
			{
				"TYPE": "ZM",
				"ID": 627722,
				"NAME": "静春",
				"ENG_NAME": "静春",
				"STRING": "「何！？」",
				"ENG_STRING": "「何！？」"
			},
			{
				"TYPE": "ZM",
				"ID": 627723,
				"STRING": "慌てて窓の外を見てみると、確かに風紀委員たちが寮の周りを取り囲んでいる。",
				"ENG_STRING": "慌てて窓の外を見てみると、確かに風紀委員たちが寮の周りを取り囲んでいる。"
			},
			{
				"TYPE": "ZM",
				"ID": 627724,
				"NAME": "憂緒",
				"ENG_NAME": "憂緒",
				"STRING": "「これは少しまずいですね」",
				"ENG_STRING": "「これは少しまずいですね」"
			},
			{
				"TYPE": "ZM",
				"ID": 627725,
				"NAME": "三厳",
				"ENG_NAME": "三厳",
				"STRING": "「感知阻止の香水は掛けてるとはいえ、しらみつぶしに探されるとヤバイか」",
				"ENG_STRING": "「感知阻止の香水は掛けてるとはいえ、しらみつぶしに探されるとヤバイか」"
			},
			{
				"TYPE": "ZM",
				"ID": 627726,
				"NAME": "静春",
				"ENG_NAME": "静春",
				"STRING": "「……なら、春霞の部屋へ行くか？」",
				"ENG_STRING": "「……なら、春霞の部屋へ行くか？」"
			},
			{
				"TYPE": "ZM",
				"ID": 627727,
				"NAME": "憂緒",
				"ENG_NAME": "憂緒",
				"STRING": "「そうですね。一旦ここは移動した方が良さそうです」",
				"ENG_STRING": "「そうですね。一旦ここは移動した方が良さそうです」"
			},
			{
				"TYPE": "ZM",
				"ID": 627728,
				"NAME": "静春",
				"ENG_NAME": "静春",
				"STRING": "「んじゃ行くぞ」@n",
				"ENG_STRING": "「んじゃ行くぞ」@n"
			},
			{
				"TYPE": "ZM",
				"ID": 627729,
				"STRING": "ヤヌスの鍵で、村雲が時計塔にあるスミちゃんの部屋へと扉を開いた。",
				"ENG_STRING": "ヤヌスの鍵で、村雲が時計塔にあるスミちゃんの部屋へと扉を開いた。"
			},
			{
				"TYPE": "ZM",
				"ID": 627730,
				"STRING": "他の面々も腰を上げて、扉の中へと移動する。",
				"ENG_STRING": "他の面々も腰を上げて、扉の中へと移動する。"
			},
			{
				"TYPE": "ZM",
				"ID": 627731,
				"NAME": "三厳",
				"ENG_NAME": "三厳",
				"STRING": "「？　なんだよ黒谷その大荷物」@n",
				"ENG_STRING": "「？　なんだよ黒谷その大荷物」@n"
			},
			{
				"TYPE": "ZM",
				"ID": 627732,
				"NAME": "真弥",
				"ENG_NAME": "真弥",
				"STRING": "「だ、大事なものなの！！」@n",
				"ENG_STRING": "「だ、大事なものなの！！」@n"
			},
			{
				"TYPE": "ZM",
				"ID": 627733,
				"STRING": "やけにでかい鞄を大事そうに抱えて、村雲達に続く黒谷。",
				"ENG_STRING": "やけにでかい鞄を大事そうに抱えて、村雲達に続く黒谷。"
			},
			{
				"TYPE": "ZM",
				"ID": 627734,
				"STRING": "まあ、帰省する所だったんだから荷物は多いだろうけど正門であった時あんなでかい荷物だったかな。",
				"ENG_STRING": "まあ、帰省する所だったんだから荷物は多いだろうけど正門であった時あんなでかい荷物だったかな。"
			},
			{
				"TYPE": "ZM",
				"ID": 627735,
				"STRING": "部屋から着替えでも取ってきたんだろうか。",
				"ENG_STRING": "部屋から着替えでも取ってきたんだろうか。"
			},
			{
				"TYPE": "ZM",
				"ID": 627736,
				"NAME": "三厳",
				"ENG_NAME": "三厳",
				"STRING": "「あ、そうだ。ハイジにも移動したって知らせとかないとな。俺行ってくるわ」",
				"ENG_STRING": "「あ、そうだ。ハイジにも移動したって知らせとかないとな。俺行ってくるわ」"
			},
			{
				"TYPE": "ZM",
				"ID": 627737,
				"STRING": "スミちゃんの部屋に入ったモー子に声を掛ける。",
				"ENG_STRING": "スミちゃんの部屋に入ったモー子に声を掛ける。"
			},
			{
				"TYPE": "ZM",
				"ID": 627738,
				"NAME": "憂緒",
				"ENG_NAME": "憂緒",
				"STRING": "「徒歩で大丈夫ですか？」",
				"ENG_STRING": "「徒歩で大丈夫ですか？」"
			},
			{
				"TYPE": "ZM",
				"ID": 627739,
				"NAME": "三厳",
				"ENG_NAME": "三厳",
				"STRING": "「鍵は温存した方が良いだろ。すぐ戻るから日記の書き出し進めといてくれ」@n",
				"ENG_STRING": "「鍵は温存した方が良いだろ。すぐ戻るから日記の書き出し進めといてくれ」@n"
			},
			{
				"TYPE": "ZM",
				"ID": 627740,
				"STRING": "そう言い残し、俺は鍔姫ちゃんの部屋の扉から廊下へ出た。",
				"ENG_STRING": "そう言い残し、俺は鍔姫ちゃんの部屋の扉から廊下へ出た。"
			}
		],
		"CHAPTER_SUBNAME": "S04_09_01：退去"
	}
}