{
	"S06_06_01：陽動＆対決": {
		"MESSAGES": [
			{
				"TYPE": "ZM",
				"ID": 645122,
				"STRING": "ヤヌスの鍵で東寮付近まで送ってもらう。",
				"ENG_STRING": "ヤヌスの鍵で東寮付近まで送ってもらう。"
			},
			{
				"TYPE": "ZM",
				"ID": 645123,
				"NAME": "アーデルハイト",
				"ENG_NAME": "アーデルハイト",
				"STRING": "「ありがとう。私はここで暴れておくから」",
				"ENG_STRING": "「ありがとう。私はここで暴れておくから」"
			},
			{
				"TYPE": "ZM",
				"ID": 645124,
				"NAME": "鍔姫",
				"ENG_NAME": "鍔姫",
				"STRING": "「気をつけて」",
				"ENG_STRING": "「気をつけて」"
			},
			{
				"TYPE": "ZM",
				"ID": 645125,
				"NAME": "アーデルハイト",
				"ENG_NAME": "アーデルハイト",
				"STRING": "「ええ、そちらもね」",
				"ENG_STRING": "「ええ、そちらもね」"
			},
			{
				"TYPE": "ZM",
				"ID": 645126,
				"STRING": "東寮の前には、数人の風紀委員が巡回していた。",
				"ENG_STRING": "東寮の前には、数人の風紀委員が巡回していた。"
			},
			{
				"TYPE": "ZM",
				"ID": 645127,
				"STRING": "……ルイがいるのは東寮のツバキの部屋。",
				"ENG_STRING": "……ルイがいるのは東寮のツバキの部屋。"
			},
			{
				"TYPE": "ZM",
				"ID": 645128,
				"STRING": "私がここで暴れていれば、まさかその目と鼻の先にルイがいるとは逆に思わないはず。",
				"ENG_STRING": "私がここで暴れていれば、まさかその目と鼻の先にルイがいるとは逆に思わないはず。"
			},
			{
				"TYPE": "ZM",
				"ID": 645129,
				"NAME": "アーデルハイト",
				"ENG_NAME": "アーデルハイト",
				"STRING": "「何をしてらっしゃるの？　私はここにいてよ？」",
				"ENG_STRING": "「何をしてらっしゃるの？　私はここにいてよ？」"
			},
			{
				"TYPE": "ZM",
				"ID": 645130,
				"STRING": "わざと声高に言ってのけると、風紀委員達はぎょっとした様に一斉に私を見た。",
				"ENG_STRING": "わざと声高に言ってのけると、風紀委員達はぎょっとした様に一斉に私を見た。"
			},
			{
				"TYPE": "ZM",
				"ID": 645131,
				"NAME": "風紀委員Ａ",
				"ENG_NAME": "風紀委員Ａ",
				"STRING": "「なっ…いつの間に！？」",
				"ENG_STRING": "「なっ…いつの間に！？」"
			},
			{
				"TYPE": "ZM",
				"ID": 645132,
				"NAME": "風紀委員Ｂ",
				"ENG_NAME": "風紀委員Ｂ",
				"STRING": "「取り押さえろ！！」",
				"ENG_STRING": "「取り押さえろ！！」"
			},
			{
				"TYPE": "ZM",
				"ID": 645133,
				"STRING": "殺到してきた彼らに向かって香水を吹き付ける。",
				"ENG_STRING": "殺到してきた彼らに向かって香水を吹き付ける。"
			},
			{
				"TYPE": "ZM",
				"ID": 645134,
				"STRING": "もちろん気を失わせる効果のある物だ。",
				"ENG_STRING": "もちろん気を失わせる効果のある物だ。"
			},
			{
				"TYPE": "ZM",
				"ID": 645135,
				"NAME": "風紀委員Ａ",
				"ENG_NAME": "風紀委員Ａ",
				"STRING": "「う………っ」@n",
				"ENG_STRING": "「う………っ」@n"
			},
			{
				"TYPE": "ZM",
				"ID": 645136,
				"NAME": "風紀委員Ｂ",
				"ENG_NAME": "風紀委員Ｂ",
				"STRING": "「応援を！　応援を呼べ！」",
				"ENG_STRING": "「応援を！　応援を呼べ！」"
			},
			{
				"TYPE": "ZM",
				"ID": 645137,
				"NAME": "アーデルハイト",
				"ENG_NAME": "アーデルハイト",
				"STRING": "「よくってよ。どんどん数を増やすといいわ」",
				"ENG_STRING": "「よくってよ。どんどん数を増やすといいわ」"
			},
			{
				"TYPE": "ZM",
				"ID": 645138,
				"STRING": "それだけ、動ける敵が少なくなる。",
				"ENG_STRING": "それだけ、動ける敵が少なくなる。"
			},
			{
				"TYPE": "ZM",
				"ID": 645139,
				"STRING": "私にとってはむしろ好都合だった。",
				"ENG_STRING": "私にとってはむしろ好都合だった。"
			},
			{
				"TYPE": "ZM",
				"ID": 645140,
				"STRING": "ふと、背後に殺気を感じてするりと横に避ける。",
				"ENG_STRING": "ふと、背後に殺気を感じてするりと横に避ける。"
			},
			{
				"TYPE": "ZM",
				"ID": 645141,
				"NAME": "風紀委員Ｃ",
				"ENG_NAME": "風紀委員Ｃ",
				"STRING": "「ええっ！？」",
				"ENG_STRING": "「ええっ！？」"
			},
			{
				"TYPE": "ZM",
				"ID": 645142,
				"STRING": "後ろから掴みかかろうとしていたらしい風紀委員の手が空を切った。",
				"ENG_STRING": "後ろから掴みかかろうとしていたらしい風紀委員の手が空を切った。"
			},
			{
				"TYPE": "ZM",
				"ID": 645143,
				"STRING": "半身を捻って、その顔にも香水を一吹き。",
				"ENG_STRING": "半身を捻って、その顔にも香水を一吹き。"
			},
			{
				"TYPE": "ZM",
				"ID": 645144,
				"NAME": "風紀委員Ｂ",
				"ENG_NAME": "風紀委員Ｂ",
				"STRING": "「おい、大人しくしろ！」",
				"ENG_STRING": "「おい、大人しくしろ！」"
			},
			{
				"TYPE": "ZM",
				"ID": 645145,
				"NAME": "アーデルハイト",
				"ENG_NAME": "アーデルハイト",
				"STRING": "「申し訳ないけど、拒否させていただくわ」",
				"ENG_STRING": "「申し訳ないけど、拒否させていただくわ」"
			},
			{
				"TYPE": "ZM",
				"ID": 645146,
				"STRING": "簡単に近寄れない、と見たらしい風紀委員達は、付近から駆けつけてきた他の面々と、私の周りに円陣を組むよう取り巻いた。",
				"ENG_STRING": "簡単に近寄れない、と見たらしい風紀委員達は、付近から駆けつけてきた他の面々と、私の周りに円陣を組むよう取り巻いた。"
			},
			{
				"TYPE": "ZM",
				"ID": 645147,
				"STRING": "そして包囲網を徐々に狭めてくる。",
				"ENG_STRING": "そして包囲網を徐々に狭めてくる。"
			},
			{
				"TYPE": "ZM",
				"ID": 645148,
				"STRING": "以前にも風紀委員達とやり合ったことはあるが、ここまで統制は取れていなかった。",
				"ENG_STRING": "以前にも風紀委員達とやり合ったことはあるが、ここまで統制は取れていなかった。"
			},
			{
				"TYPE": "ZM",
				"ID": 645149,
				"STRING": "向こうもそれだけ本気だと言うことだ。けれど……。",
				"ENG_STRING": "向こうもそれだけ本気だと言うことだ。けれど……。"
			},
			{
				"TYPE": "ZM",
				"ID": 645150,
				"NAME": "アーデルハイト",
				"ENG_NAME": "アーデルハイト",
				"STRING": "「……無駄よ、そんなことしても」",
				"ENG_STRING": "「……無駄よ、そんなことしても」"
			},
			{
				"TYPE": "ZM",
				"ID": 645151,
				"STRING": "私は気にせず、そのうちの一人の方へ向かって歩き出す。",
				"ENG_STRING": "私は気にせず、そのうちの一人の方へ向かって歩き出す。"
			},
			{
				"TYPE": "ZM",
				"ID": 645152,
				"NAME": "風紀委員Ｄ",
				"ENG_NAME": "風紀委員Ｄ",
				"STRING": "「！？　なめないでよね…！！」",
				"ENG_STRING": "「！？　なめないでよね…！！」"
			},
			{
				"TYPE": "ZM",
				"ID": 645153,
				"STRING": "私に近づいてこられた風紀委員は、むっとした顔で飛びかかってきた――が、寸前でかわし香水で片付ける。",
				"ENG_STRING": "私に近づいてこられた風紀委員は、むっとした顔で飛びかかってきた――が、寸前でかわし香水で片付ける。"
			},
			{
				"TYPE": "ZM",
				"ID": 645154,
				"NAME": "風紀委員Ｅ",
				"ENG_NAME": "風紀委員Ｅ",
				"STRING": "「おい、どういうことだ……？」",
				"ENG_STRING": "「おい、どういうことだ……？」"
			},
			{
				"TYPE": "ZM",
				"ID": 645155,
				"NAME": "風紀委員Ｂ",
				"ENG_NAME": "風紀委員Ｂ",
				"STRING": "「う、動きが、完全に読まれてる……！？」",
				"ENG_STRING": "「う、動きが、完全に読まれてる……！？」"
			},
			{
				"TYPE": "ZM",
				"ID": 645156,
				"STRING": "そう、今の私には、少し集中すれば彼らの動きが手に取るようにわかった。",
				"ENG_STRING": "そう、今の私には、少し集中すれば彼らの動きが手に取るようにわかった。"
			},
			{
				"TYPE": "ZM",
				"ID": 645157,
				"STRING": "――左手にいる風紀委員の魂がざわりと揺らめく。",
				"ENG_STRING": "――左手にいる風紀委員の魂がざわりと揺らめく。"
			},
			{
				"TYPE": "ZM",
				"ID": 645158,
				"STRING": "それを感じ取った瞬間、香水瓶をそちらに向けて噴射する。",
				"ENG_STRING": "それを感じ取った瞬間、香水瓶をそちらに向けて噴射する。"
			},
			{
				"TYPE": "ZM",
				"ID": 645159,
				"NAME": "風紀委員Ｅ",
				"ENG_NAME": "風紀委員Ｅ",
				"STRING": "「――――ッ！！」",
				"ENG_STRING": "「――――ッ！！」"
			},
			{
				"TYPE": "ZM",
				"ID": 645160,
				"STRING": "私に向かって一歩踏み出していた風紀委員が、香水の直撃を受けて倒れ伏した。",
				"ENG_STRING": "私に向かって一歩踏み出していた風紀委員が、香水の直撃を受けて倒れ伏した。"
			},
			{
				"TYPE": "ZM",
				"ID": 645161,
				"NAME": "風紀委員Ｂ",
				"ENG_NAME": "風紀委員Ｂ",
				"STRING": "「そんな馬鹿な…！！」",
				"ENG_STRING": "「そんな馬鹿な…！！」"
			},
			{
				"TYPE": "ZM",
				"ID": 645162,
				"NAME": "アーデルハイト",
				"ENG_NAME": "アーデルハイト",
				"STRING": "「馬鹿なことかどうか、身をもって確かめてみればどう？」",
				"ENG_STRING": "「馬鹿なことかどうか、身をもって確かめてみればどう？」"
			},
			{
				"TYPE": "ZM",
				"ID": 645163,
				"NAME": "風紀委員Ｂ",
				"ENG_NAME": "風紀委員Ｂ",
				"STRING": "「…………！！」",
				"ENG_STRING": "「…………！！」"
			},
			{
				"TYPE": "ZM",
				"ID": 645164,
				"STRING": "ひるんだ様子でじり、と後ずさる風紀委員。",
				"ENG_STRING": "ひるんだ様子でじり、と後ずさる風紀委員。"
			},
			{
				"TYPE": "ZM",
				"ID": 645165,
				"STRING": "その背後から――",
				"ENG_STRING": "その背後から――"
			},
			{
				"TYPE": "ZM",
				"ID": 645166,
				"NAME": "アーリック",
				"ENG_NAME": "アーリック",
				"STRING": "「――あまり調子に乗るなよ」@n",
				"ENG_STRING": "「――あまり調子に乗るなよ」@n"
			},
			{
				"TYPE": "ZM",
				"ID": 645167,
				"NAME": "アーデルハイト",
				"ENG_NAME": "アーデルハイト",
				"STRING": "「あら、やっとお出ましなの」",
				"ENG_STRING": "「あら、やっとお出ましなの」"
			},
			{
				"TYPE": "ZM",
				"ID": 645168,
				"STRING": "わずかに苛立った表情のアーリックが、コートを翻しながら歩いてきた。",
				"ENG_STRING": "わずかに苛立った表情のアーリックが、コートを翻しながら歩いてきた。"
			},
			{
				"TYPE": "ZM",
				"ID": 645169,
				"STRING": "風紀から連絡を受けて飛んで来たのだろう。もちろん私はこれを待っていた。",
				"ENG_STRING": "風紀から連絡を受けて飛んで来たのだろう。もちろん私はこれを待っていた。"
			},
			{
				"TYPE": "ZM",
				"ID": 645170,
				"NAME": "アーリック",
				"ENG_NAME": "アーリック",
				"STRING": "「まず聞こう。ルートヴィヒはどこだ？」",
				"ENG_STRING": "「まず聞こう。ルートヴィヒはどこだ？」"
			},
			{
				"TYPE": "ZM",
				"ID": 645171,
				"NAME": "アーデルハイト",
				"ENG_NAME": "アーデルハイト",
				"STRING": "「それを私が、今のあなたに教えると思うの？」",
				"ENG_STRING": "「それを私が、今のあなたに教えると思うの？」"
			},
			{
				"TYPE": "ZM",
				"ID": 645172,
				"NAME": "アーリック",
				"ENG_NAME": "アーリック",
				"STRING": "「ならば、無理矢理にでも聞くとしよう」",
				"ENG_STRING": "「ならば、無理矢理にでも聞くとしよう」"
			},
			{
				"TYPE": "ZM",
				"ID": 645173,
				"STRING": "コートの中から、箱状の何かを取り出すアーリック。",
				"ENG_STRING": "コートの中から、箱状の何かを取り出すアーリック。"
			},
			{
				"TYPE": "ZM",
				"ID": 645174,
				"NAME": "アーデルハイト",
				"ENG_NAME": "アーデルハイト",
				"STRING": "（あれは……？）",
				"ENG_STRING": "（あれは……？）"
			},
			{
				"TYPE": "ZM",
				"ID": 645175,
				"STRING": "見たことのない物だった。だけど今の『無理矢理にでも』という発言からして……。",
				"ENG_STRING": "見たことのない物だった。だけど今の『無理矢理にでも』という発言からして……。"
			},
			{
				"TYPE": "ZM",
				"ID": 645176,
				"NAME": "アーデルハイト",
				"ENG_NAME": "アーデルハイト",
				"STRING": "（遺品……？　それもこの状況ではかなり危険なしろもの、よね）",
				"ENG_STRING": "（遺品……？　それもこの状況ではかなり危険なしろもの、よね）"
			},
			{
				"TYPE": "ZM",
				"ID": 645177,
				"STRING": "ならば、ためらっている暇はない。",
				"ENG_STRING": "ならば、ためらっている暇はない。"
			},
			{
				"TYPE": "ZM",
				"ID": 645178,
				"STRING": "一気に地を蹴ってアーリックに迫ると、香水を噴射した。",
				"ENG_STRING": "一気に地を蹴ってアーリックに迫ると、香水を噴射した。"
			},
			{
				"TYPE": "ZM",
				"ID": 645179,
				"NAME": "アーリック",
				"ENG_NAME": "アーリック",
				"STRING": "「ふん……」",
				"ENG_STRING": "「ふん……」"
			},
			{
				"TYPE": "ZM",
				"ID": 645180,
				"STRING": "そんなものは予想していた、とばかりにアーリックは軽く横に身をかわし避ける。",
				"ENG_STRING": "そんなものは予想していた、とばかりにアーリックは軽く横に身をかわし避ける。"
			},
			{
				"TYPE": "ZM",
				"ID": 645181,
				"STRING": "しかし、その『どこに避けるのか』という動きは今の私には予測可能だった。",
				"ENG_STRING": "しかし、その『どこに避けるのか』という動きは今の私には予測可能だった。"
			},
			{
				"TYPE": "ZM",
				"ID": 645182,
				"NAME": "アーデルハイト",
				"ENG_NAME": "アーデルハイト",
				"STRING": "「そこね！」",
				"ENG_STRING": "「そこね！」"
			},
			{
				"TYPE": "ZM",
				"ID": 645183,
				"STRING": "避けた方向へ香水を吹き付ける。",
				"ENG_STRING": "避けた方向へ香水を吹き付ける。"
			},
			{
				"TYPE": "ZM",
				"ID": 645184,
				"NAME": "アーリック",
				"ENG_NAME": "アーリック",
				"STRING": "「っ！？」",
				"ENG_STRING": "「っ！？」"
			},
			{
				"TYPE": "ZM",
				"ID": 645185,
				"STRING": "虚を突かれたアーリックは、両腕で顔を覆いながら猫科の野生動物のような動きで飛び退った。",
				"ENG_STRING": "虚を突かれたアーリックは、両腕で顔を覆いながら猫科の野生動物のような動きで飛び退った。"
			},
			{
				"TYPE": "ZM",
				"ID": 645186,
				"STRING": "さすがの瞬発力――",
				"ENG_STRING": "さすがの瞬発力――"
			},
			{
				"TYPE": "ZM",
				"ID": 645187,
				"STRING": "香水だけは食らわなかったようだけれど……。",
				"ENG_STRING": "香水だけは食らわなかったようだけれど……。"
			},
			{
				"TYPE": "ZM",
				"ID": 645188,
				"STRING": "手にしていた遺品らしき箱は、ガードと引き替えに取り落としていた。",
				"ENG_STRING": "手にしていた遺品らしき箱は、ガードと引き替えに取り落としていた。"
			},
			{
				"TYPE": "ZM",
				"ID": 645189,
				"STRING": "すかさず、無事でいた風紀委員が拾おうと駆け寄るが――",
				"ENG_STRING": "すかさず、無事でいた風紀委員が拾おうと駆け寄るが――"
			},
			{
				"TYPE": "ZM",
				"ID": 645190,
				"NAME": "アーデルハイト",
				"ENG_NAME": "アーデルハイト",
				"STRING": "「邪魔しないで」",
				"ENG_STRING": "「邪魔しないで」"
			},
			{
				"TYPE": "ZM",
				"ID": 645191,
				"NAME": "風紀委員Ｆ",
				"ENG_NAME": "風紀委員Ｆ",
				"STRING": "「はうっ！？」",
				"ENG_STRING": "「はうっ！？」"
			},
			{
				"TYPE": "ZM",
				"ID": 645192,
				"STRING": "その動きは私には見えていたので、さっさと香水で無力化した。",
				"ENG_STRING": "その動きは私には見えていたので、さっさと香水で無力化した。"
			},
			{
				"TYPE": "ZM",
				"ID": 645193,
				"NAME": "アーデルハイト",
				"ENG_NAME": "アーデルハイト",
				"STRING": "（残っている風紀委員はあと三人……どうする、遺品は拾うべき？）",
				"ENG_STRING": "（残っている風紀委員はあと三人……どうする、遺品は拾うべき？）"
			},
			{
				"TYPE": "ZM",
				"ID": 645194,
				"STRING": "でもそれには私の方に生じる隙が大きすぎる。",
				"ENG_STRING": "でもそれには私の方に生じる隙が大きすぎる。"
			},
			{
				"TYPE": "ZM",
				"ID": 645195,
				"STRING": "風紀委員はともかくアーリックはそれを見逃してはくれないだろう。",
				"ENG_STRING": "風紀委員はともかくアーリックはそれを見逃してはくれないだろう。"
			},
			{
				"TYPE": "ZM",
				"ID": 645196,
				"STRING": "気にはなるけれど、あの箱は今は無理して拾うべきではない、そう判断した。",
				"ENG_STRING": "気にはなるけれど、あの箱は今は無理して拾うべきではない、そう判断した。"
			},
			{
				"TYPE": "ZM",
				"ID": 645197,
				"NAME": "アーリック",
				"ENG_NAME": "アーリック",
				"STRING": "「……驚いたな。どういうことだ」",
				"ENG_STRING": "「……驚いたな。どういうことだ」"
			},
			{
				"TYPE": "ZM",
				"ID": 645198,
				"STRING": "アーリックは警戒心を露わに、私の挙動を見守っている。",
				"ENG_STRING": "アーリックは警戒心を露わに、私の挙動を見守っている。"
			},
			{
				"TYPE": "ZM",
				"ID": 645199,
				"STRING": "私の動きが、明らかにいつもと違うために、驚いているのだろう。",
				"ENG_STRING": "私の動きが、明らかにいつもと違うために、驚いているのだろう。"
			},
			{
				"TYPE": "ZM",
				"ID": 645200,
				"NAME": "アーデルハイト",
				"ENG_NAME": "アーデルハイト",
				"STRING": "「何の策も無しに、あなたの前に堂々と現れると思った？」",
				"ENG_STRING": "「何の策も無しに、あなたの前に堂々と現れると思った？」"
			},
			{
				"TYPE": "ZM",
				"ID": 645201,
				"STRING": "答えながら、私は香水瓶を持った手をすっと右へ向ける。",
				"ENG_STRING": "答えながら、私は香水瓶を持った手をすっと右へ向ける。"
			},
			{
				"TYPE": "ZM",
				"ID": 645202,
				"STRING": "そちらにいた風紀委員が、慌てて半歩下がった。",
				"ENG_STRING": "そちらにいた風紀委員が、慌てて半歩下がった。"
			},
			{
				"TYPE": "ZM",
				"ID": 645203,
				"NAME": "アーデルハイト",
				"ENG_NAME": "アーデルハイト",
				"STRING": "（感じる――魂が揺らぐのを、どこから攻撃が来るか全部わかる……）",
				"ENG_STRING": "（感じる――魂が揺らぐのを、どこから攻撃が来るか全部わかる……）"
			},
			{
				"TYPE": "ZM",
				"ID": 645204,
				"STRING": "頭では理解していたが、実際に体験してみるとやはり魔女の力は想像以上だった。",
				"ENG_STRING": "頭では理解していたが、実際に体験してみるとやはり魔女の力は想像以上だった。"
			},
			{
				"TYPE": "ZM",
				"ID": 645205,
				"NAME": "アーデルハイト",
				"ENG_NAME": "アーデルハイト",
				"STRING": "（さすがね、ツバキ……）",
				"ENG_STRING": "（さすがね、ツバキ……）"
			},
			{
				"TYPE": "ZM",
				"ID": 645206,
				"NAME": "アーデルハイト",
				"ENG_NAME": "アーデルハイト",
				"STRING": "「そのために、あなたに協力して欲しい事があるのよ」",
				"ENG_STRING": "「そのために、あなたに協力して欲しい事があるのよ」"
			},
			{
				"TYPE": "ZM",
				"ID": 645207,
				"NAME": "アーデルハイト",
				"ENG_NAME": "アーデルハイト",
				"STRING": "「方法は、以前カスミがネコにやったように、私にパスをつないであなたの力を貸して欲しいの」",
				"ENG_STRING": "「方法は、以前カスミがネコにやったように、私にパスをつないであなたの力を貸して欲しいの」"
			},
			{
				"TYPE": "ZM",
				"ID": 645208,
				"NAME": "鍔姫",
				"ENG_NAME": "鍔姫",
				"STRING": "「……なるほど。しかし、それなら私が直接アーリックさんと対峙した方が早くないか？」",
				"ENG_STRING": "「……なるほど。しかし、それなら私が直接アーリックさんと対峙した方が早くないか？」"
			},
			{
				"TYPE": "ZM",
				"ID": 645209,
				"NAME": "アーデルハイト",
				"ENG_NAME": "アーデルハイト",
				"STRING": "「いいえ、あなたは魔女だし貴重な戦力だから、いざという時のために残っていて欲しいのよ」",
				"ENG_STRING": "「いいえ、あなたは魔女だし貴重な戦力だから、いざという時のために残っていて欲しいのよ」"
			},
			{
				"TYPE": "ZM",
				"ID": 645210,
				"NAME": "鍔姫",
				"ENG_NAME": "鍔姫",
				"STRING": "「……ふむ、となると正確なところを調べた方がよさそうだな」",
				"ENG_STRING": "「……ふむ、となると正確なところを調べた方がよさそうだな」"
			},
			{
				"TYPE": "ZM",
				"ID": 645211,
				"STRING": "幸い、パスをつないだままにする方法はすぐに調べがついた。",
				"ENG_STRING": "幸い、パスをつないだままにする方法はすぐに調べがついた。"
			},
			{
				"TYPE": "ZM",
				"ID": 645212,
				"STRING": "おかげで今、私はツバキの魔女としての力で彼らの動きを読むことが出来ている……。",
				"ENG_STRING": "おかげで今、私はツバキの魔女としての力で彼らの動きを読むことが出来ている……。"
			},
			{
				"TYPE": "ZM",
				"ID": 645213,
				"NAME": "アーリック",
				"ENG_NAME": "アーリック",
				"STRING": "「どういう手段かはともかく、動きを読んでいるのは確かなようだな」",
				"ENG_STRING": "「どういう手段かはともかく、動きを読んでいるのは確かなようだな」"
			},
			{
				"TYPE": "ZM",
				"ID": 645214,
				"NAME": "アーデルハイト",
				"ENG_NAME": "アーデルハイト",
				"STRING": "「……………………」",
				"ENG_STRING": "「……………………」"
			},
			{
				"TYPE": "ZM",
				"ID": 645215,
				"STRING": "無言で微笑むと、アーリックは肯定と受け取ったらしく風紀委員達に手を振って下がらせる。",
				"ENG_STRING": "無言で微笑むと、アーリックは肯定と受け取ったらしく風紀委員達に手を振って下がらせる。"
			},
			{
				"TYPE": "ZM",
				"ID": 645216,
				"STRING": "そして、おもむろに眼鏡を外した。",
				"ENG_STRING": "そして、おもむろに眼鏡を外した。"
			},
			{
				"TYPE": "ZM",
				"ID": 645217,
				"NAME": "アーデルハイト",
				"ENG_NAME": "アーデルハイト",
				"STRING": "（……！）",
				"ENG_STRING": "（……！）"
			},
			{
				"TYPE": "ZM",
				"ID": 645218,
				"STRING": "アーリックの眼鏡は実は伊達だ。",
				"ENG_STRING": "アーリックの眼鏡は実は伊達だ。"
			},
			{
				"TYPE": "ZM",
				"ID": 645219,
				"STRING": "こちらが香水を使うのに、ゴーグルの役割になるそれをわざわざ外すということは……。",
				"ENG_STRING": "こちらが香水を使うのに、ゴーグルの役割になるそれをわざわざ外すということは……。"
			},
			{
				"TYPE": "ZM",
				"ID": 645220,
				"STRING": "眼鏡の縁ほどの死角すら消し去りたい時。",
				"ENG_STRING": "眼鏡の縁ほどの死角すら消し去りたい時。"
			},
			{
				"TYPE": "ZM",
				"ID": 645221,
				"STRING": "つまり相手が強敵だと、確信した時だ。",
				"ENG_STRING": "つまり相手が強敵だと、確信した時だ。"
			},
			{
				"TYPE": "ZM",
				"ID": 645222,
				"STRING": "私は強敵だと認識されたらしい。",
				"ENG_STRING": "私は強敵だと認識されたらしい。"
			},
			{
				"TYPE": "ZM",
				"ID": 645223,
				"STRING": "正確にはツバキの能力が、だけど。",
				"ENG_STRING": "正確にはツバキの能力が、だけど。"
			},
			{
				"TYPE": "ZM",
				"ID": 645224,
				"NAME": "アーリック",
				"ENG_NAME": "アーリック",
				"STRING": "「お前達は手を出すな」",
				"ENG_STRING": "「お前達は手を出すな」"
			},
			{
				"TYPE": "ZM",
				"ID": 645225,
				"NAME": "風紀委員Ｂ",
				"ENG_NAME": "風紀委員Ｂ",
				"STRING": "「は、はい……！」",
				"ENG_STRING": "「は、はい……！」"
			},
			{
				"TYPE": "ZM",
				"ID": 645226,
				"STRING": "自分達の手には負えないと悟った風紀委員達は、素直に後ずさっていく。",
				"ENG_STRING": "自分達の手には負えないと悟った風紀委員達は、素直に後ずさっていく。"
			},
			{
				"TYPE": "ZM",
				"ID": 645227,
				"STRING": "この辺りはさすがに賢明だ。",
				"ENG_STRING": "この辺りはさすがに賢明だ。"
			},
			{
				"TYPE": "ZM",
				"ID": 645228,
				"STRING": "こんな事態でなければ、彼らは頼りになる生徒達の味方なのに……。",
				"ENG_STRING": "こんな事態でなければ、彼らは頼りになる生徒達の味方なのに……。"
			},
			{
				"TYPE": "ZM",
				"ID": 645229,
				"NAME": "アーリック",
				"ENG_NAME": "アーリック",
				"STRING": "「わかっているのか、アーデルハイト」",
				"ENG_STRING": "「わかっているのか、アーデルハイト」"
			},
			{
				"TYPE": "ZM",
				"ID": 645230,
				"STRING": "おそらく相当険しい物になっているであろう、私の視線を正面から受け止めて、アーリックが言う。",
				"ENG_STRING": "おそらく相当険しい物になっているであろう、私の視線を正面から受け止めて、アーリックが言う。"
			},
			{
				"TYPE": "ZM",
				"ID": 645231,
				"NAME": "アーリック",
				"ENG_NAME": "アーリック",
				"STRING": "「ルートヴィヒが倒れているということは、現在の当主の代理は私なのだぞ？」",
				"ENG_STRING": "「ルートヴィヒが倒れているということは、現在の当主の代理は私なのだぞ？」"
			},
			{
				"TYPE": "ZM",
				"ID": 645232,
				"NAME": "アーリック",
				"ENG_NAME": "アーリック",
				"STRING": "「それでも向かってくると言うことは、主への反抗……つまりヴァインベルガー家自体への反抗と取っても構わないのか？」",
				"ENG_STRING": "「それでも向かってくると言うことは、主への反抗……つまりヴァインベルガー家自体への反抗と取っても構わないのか？」"
			},
			{
				"TYPE": "ZM",
				"ID": 645233,
				"STRING": "そうならば、容赦はしない――アーリックの目が、全身から発せられる気配がそう語っていた。",
				"ENG_STRING": "そうならば、容赦はしない――アーリックの目が、全身から発せられる気配がそう語っていた。"
			},
			{
				"TYPE": "ZM",
				"ID": 645234,
				"STRING": "けれど、不思議と私の心は落ち着いていた。動揺も焦りも感じない。",
				"ENG_STRING": "けれど、不思議と私の心は落ち着いていた。動揺も焦りも感じない。"
			},
			{
				"TYPE": "ZM",
				"ID": 645235,
				"NAME": "アーデルハイト",
				"ENG_NAME": "アーデルハイト",
				"STRING": "「ルイがあなたに当主の座を託すというのなら、私は従いましょう」",
				"ENG_STRING": "「ルイがあなたに当主の座を託すというのなら、私は従いましょう」"
			},
			{
				"TYPE": "ZM",
				"ID": 645236,
				"NAME": "アーデルハイト",
				"ENG_NAME": "アーデルハイト",
				"STRING": "「けれどそうではない。あなたは無理矢理ルイを眠らせただけ。私の主はルイであって、決してあなたではない」",
				"ENG_STRING": "「けれどそうではない。あなたは無理矢理ルイを眠らせただけ。私の主はルイであって、決してあなたではない」"
			},
			{
				"TYPE": "ZM",
				"ID": 645237,
				"NAME": "アーリック",
				"ENG_NAME": "アーリック",
				"STRING": "「……………………」",
				"ENG_STRING": "「……………………」"
			},
			{
				"TYPE": "ZM",
				"ID": 645238,
				"NAME": "アーデルハイト",
				"ENG_NAME": "アーデルハイト",
				"STRING": "「私は、あなたよりも自らの主であるルイの意思を尊重します」",
				"ENG_STRING": "「私は、あなたよりも自らの主であるルイの意思を尊重します」"
			},
			{
				"TYPE": "ZM",
				"ID": 645239,
				"NAME": "アーデルハイト",
				"ENG_NAME": "アーデルハイト",
				"STRING": "「いつか、ルイは何故そんなにこの学園にこだわるのかとあなたは言いました」",
				"ENG_STRING": "「いつか、ルイは何故そんなにこの学園にこだわるのかとあなたは言いました」"
			},
			{
				"TYPE": "ZM",
				"ID": 645240,
				"NAME": "アーデルハイト",
				"ENG_NAME": "アーデルハイト",
				"STRING": "「確かに私たちは当事者というわけではない。けれど魔術師としての誇りや仁心、友人への敬意がそうさせるのです！」",
				"ENG_STRING": "「確かに私たちは当事者というわけではない。けれど魔術師としての誇りや仁心、友人への敬意がそうさせるのです！」"
			},
			{
				"TYPE": "ZM",
				"ID": 645241,
				"NAME": "アーリック",
				"ENG_NAME": "アーリック",
				"STRING": "「敬意、とはな……プライドの高いお前の口からそんな言葉を聞けるとは。こんな状況でなければ、もう少し喜ばしい気分で聞けただろうが……」",
				"ENG_STRING": "「敬意、とはな……プライドの高いお前の口からそんな言葉を聞けるとは。こんな状況でなければ、もう少し喜ばしい気分で聞けただろうが……」"
			},
			{
				"TYPE": "ZM",
				"ID": 645242,
				"NAME": "アーデルハイト",
				"ENG_NAME": "アーデルハイト",
				"STRING": "「ええ。こんな状況でなければ、ね……」",
				"ENG_STRING": "「ええ。こんな状況でなければ、ね……」"
			},
			{
				"TYPE": "ZM",
				"ID": 645243,
				"STRING": "どういう状況であるか、アーリックは本当の意味ではまだ理解さえしていない。",
				"ENG_STRING": "どういう状況であるか、アーリックは本当の意味ではまだ理解さえしていない。"
			},
			{
				"TYPE": "ZM",
				"ID": 645244,
				"STRING": "暗示が解けない限りは。",
				"ENG_STRING": "暗示が解けない限りは。"
			},
			{
				"TYPE": "ZM",
				"ID": 645245,
				"NAME": "アーデルハイト",
				"ENG_NAME": "アーデルハイト",
				"STRING": "「――――！！」",
				"ENG_STRING": "「――――！！」"
			},
			{
				"TYPE": "ZM",
				"ID": 645246,
				"STRING": "ふっと、アーリックの魂が揺らいだのを感じ、後へ飛び退きながら香水を放つ。",
				"ENG_STRING": "ふっと、アーリックの魂が揺らいだのを感じ、後へ飛び退きながら香水を放つ。"
			},
			{
				"TYPE": "ZM",
				"ID": 645247,
				"NAME": "アーリック",
				"ENG_NAME": "アーリック",
				"STRING": "「ふん、やはり駄目か」",
				"ENG_STRING": "「ふん、やはり駄目か」"
			},
			{
				"TYPE": "ZM",
				"ID": 645248,
				"STRING": "凄まじい速度で間合いを詰めかけたアーリックは、身を沈め香水をかわしていた。",
				"ENG_STRING": "凄まじい速度で間合いを詰めかけたアーリックは、身を沈め香水をかわしていた。"
			},
			{
				"TYPE": "ZM",
				"ID": 645249,
				"STRING": "そしてさっと手で払い、霧散させる。",
				"ENG_STRING": "そしてさっと手で払い、霧散させる。"
			},
			{
				"TYPE": "ZM",
				"ID": 645250,
				"NAME": "アーリック",
				"ENG_NAME": "アーリック",
				"STRING": "「しかし、身体能力まで変わっているわけではなさそうだな」",
				"ENG_STRING": "「しかし、身体能力まで変わっているわけではなさそうだな」"
			},
			{
				"TYPE": "ZM",
				"ID": 645251,
				"NAME": "アーデルハイト",
				"ENG_NAME": "アーデルハイト",
				"STRING": "（……もう見切られてる。さすがの把握能力ね…）",
				"ENG_STRING": "（……もう見切られてる。さすがの把握能力ね…）"
			},
			{
				"TYPE": "ZM",
				"ID": 645252,
				"STRING": "確かに、感知能力は魔女のものだが、私の身体そのものは私のままだ。",
				"ENG_STRING": "確かに、感知能力は魔女のものだが、私の身体そのものは私のままだ。"
			},
			{
				"TYPE": "ZM",
				"ID": 645253,
				"NAME": "アーデルハイト",
				"ENG_NAME": "アーデルハイト",
				"STRING": "（早めに決着をつけないと、スタミナでは絶対かなわない……）",
				"ENG_STRING": "（早めに決着をつけないと、スタミナでは絶対かなわない……）"
			},
			{
				"TYPE": "ZM",
				"ID": 645254,
				"STRING": "防戦一方では駄目だ、と前に出ようとするが、アーリックの動きは素早くすぐさま間合いを外されてしまう。",
				"ENG_STRING": "防戦一方では駄目だ、と前に出ようとするが、アーリックの動きは素早くすぐさま間合いを外されてしまう。"
			},
			{
				"TYPE": "ZM",
				"ID": 645255,
				"STRING": "私に『読まれている』ことを計算に入れて、安全な位置へと動いているのだ。",
				"ENG_STRING": "私に『読まれている』ことを計算に入れて、安全な位置へと動いているのだ。"
			},
			{
				"TYPE": "ZM",
				"ID": 645256,
				"NAME": "アーデルハイト",
				"ENG_NAME": "アーデルハイト",
				"STRING": "「…っ！！」",
				"ENG_STRING": "「…っ！！」"
			},
			{
				"TYPE": "ZM",
				"ID": 645257,
				"NAME": "アーリック",
				"ENG_NAME": "アーリック",
				"STRING": "「どうした、逃げるだけか？」",
				"ENG_STRING": "「どうした、逃げるだけか？」"
			},
			{
				"TYPE": "ZM",
				"ID": 645258,
				"STRING": "更にカウンターでこちらを捕らえようと動き、それは予測出来るものの避けるのが精一杯だった。",
				"ENG_STRING": "更にカウンターでこちらを捕らえようと動き、それは予測出来るものの避けるのが精一杯だった。"
			},
			{
				"TYPE": "ZM",
				"ID": 645259,
				"NAME": "アーデルハイト",
				"ENG_NAME": "アーデルハイト",
				"STRING": "（避けることは出来る、だけど……こちらの攻撃が当たらないことには……）",
				"ENG_STRING": "（避けることは出来る、だけど……こちらの攻撃が当たらないことには……）"
			},
			{
				"TYPE": "ZM",
				"ID": 645260,
				"STRING": "先読みが出来ていてもなお、私の動きでは、アーリックの速さが捕らえきれない。",
				"ENG_STRING": "先読みが出来ていてもなお、私の動きでは、アーリックの速さが捕らえきれない。"
			},
			{
				"TYPE": "ZM",
				"ID": 645261,
				"STRING": "最初から実力差はわかっていたけれど、それでもどうにかしなければ……。",
				"ENG_STRING": "最初から実力差はわかっていたけれど、それでもどうにかしなければ……。"
			},
			{
				"TYPE": "ZM",
				"ID": 645262,
				"NAME": "アーデルハイト",
				"ENG_NAME": "アーデルハイト",
				"STRING": "（待って、思い出して。確か昔、ルイと話していた時……）",
				"ENG_STRING": "（待って、思い出して。確か昔、ルイと話していた時……）"
			},
			{
				"TYPE": "ZM",
				"ID": 645263,
				"STRING": "あれはまだ、日本へ来る前。",
				"ENG_STRING": "あれはまだ、日本へ来る前。"
			},
			{
				"TYPE": "ZM",
				"ID": 645264,
				"STRING": "ドイツの屋敷でのこと――",
				"ENG_STRING": "ドイツの屋敷でのこと――"
			},
			{
				"TYPE": "ZM",
				"ID": 645265,
				"NAME": "アーデルハイト",
				"ENG_NAME": "アーデルハイト",
				"STRING": "「ルイは、あの人に勝ったことあるの？」",
				"ENG_STRING": "「ルイは、あの人に勝ったことあるの？」"
			},
			{
				"TYPE": "ZM",
				"ID": 645266,
				"NAME": "ルイ",
				"ENG_NAME": "ルイ",
				"STRING": "「そもそも本気で正面からやり合おうと思ったこともないが……まあ、勝ちたいなら逆上させることだな」",
				"ENG_STRING": "「そもそも本気で正面からやり合おうと思ったこともないが……まあ、勝ちたいなら逆上させることだな」"
			},
			{
				"TYPE": "ZM",
				"ID": 645267,
				"NAME": "アーデルハイト",
				"ENG_NAME": "アーデルハイト",
				"STRING": "「逆上？　怒らせるってこと？」",
				"ENG_STRING": "「逆上？　怒らせるってこと？」"
			},
			{
				"TYPE": "ZM",
				"ID": 645268,
				"NAME": "ルイ",
				"ENG_NAME": "ルイ",
				"STRING": "「あいつみたいなタイプは、感情的にして、冷静な対処力を失わせた方が隙も生まれる」",
				"ENG_STRING": "「あいつみたいなタイプは、感情的にして、冷静な対処力を失わせた方が隙も生まれる」"
			},
			{
				"TYPE": "ZM",
				"ID": 645269,
				"NAME": "アーデルハイト",
				"ENG_NAME": "アーデルハイト",
				"STRING": "「わざと怒らせるような失礼な事を言うのはどうかと思うけれど……」",
				"ENG_STRING": "「わざと怒らせるような失礼な事を言うのはどうかと思うけれど……」"
			},
			{
				"TYPE": "ZM",
				"ID": 645270,
				"NAME": "ルイ",
				"ENG_NAME": "ルイ",
				"STRING": "「あんなの相手にそんな甘いことを言ってられると思うのか。どれだけおめでたいんだ。脳の代わりにタンポポでも詰まってるのかお前の頭は」",
				"ENG_STRING": "「あんなの相手にそんな甘いことを言ってられると思うのか。どれだけおめでたいんだ。脳の代わりにタンポポでも詰まってるのかお前の頭は」"
			},
			{
				"TYPE": "ZM",
				"ID": 645271,
				"NAME": "アーデルハイト",
				"ENG_NAME": "アーデルハイト",
				"STRING": "「なっ……！」",
				"ENG_STRING": "「なっ……！」"
			},
			{
				"TYPE": "ZM",
				"ID": 645272,
				"NAME": "ルイ",
				"ENG_NAME": "ルイ",
				"STRING": "「ふむ、タンポポは失礼だったな。タンポポに。お前よりは物を考えていそうだ」",
				"ENG_STRING": "「ふむ、タンポポは失礼だったな。タンポポに。お前よりは物を考えていそうだ」"
			},
			{
				"TYPE": "ZM",
				"ID": 645273,
				"NAME": "アーデルハイト",
				"ENG_NAME": "アーデルハイト",
				"STRING": "（……なんか余計なことまで思い出したけど……いいわよ、やってやるわよ！）",
				"ENG_STRING": "（……なんか余計なことまで思い出したけど……いいわよ、やってやるわよ！）"
			},
			{
				"TYPE": "ZM",
				"ID": 645274,
				"STRING": "香水瓶を握りしめる手に、力がこもる。",
				"ENG_STRING": "香水瓶を握りしめる手に、力がこもる。"
			},
			{
				"TYPE": "ZM",
				"ID": 645275,
				"STRING": "やらなければ勝てない――それはルイの言う通りだ。なら、やるしかない。",
				"ENG_STRING": "やらなければ勝てない――それはルイの言う通りだ。なら、やるしかない。"
			},
			{
				"TYPE": "ZM",
				"ID": 645276,
				"NAME": "アーデルハイト",
				"ENG_NAME": "アーデルハイト",
				"STRING": "「あ…あなたはルイの代わりに当主にでもなるつもりなの！」",
				"ENG_STRING": "「あ…あなたはルイの代わりに当主にでもなるつもりなの！」"
			},
			{
				"TYPE": "ZM",
				"ID": 645277,
				"STRING": "そんな事はあるはずもない。",
				"ENG_STRING": "そんな事はあるはずもない。"
			},
			{
				"TYPE": "ZM",
				"ID": 645278,
				"STRING": "アーリックはヴァインベルガー本家に恩義を感じているし、真面目な人だ。",
				"ENG_STRING": "アーリックはヴァインベルガー本家に恩義を感じているし、真面目な人だ。"
			},
			{
				"TYPE": "ZM",
				"ID": 645279,
				"STRING": "ルイがどれだけ本家にとって、大切な存在なのかもわかっている。",
				"ENG_STRING": "ルイがどれだけ本家にとって、大切な存在なのかもわかっている。"
			},
			{
				"TYPE": "ZM",
				"ID": 645280,
				"STRING": "そんなことは百も承知だけれど――",
				"ENG_STRING": "そんなことは百も承知だけれど――"
			},
			{
				"TYPE": "ZM",
				"ID": 645281,
				"NAME": "アーデルハイト",
				"ENG_NAME": "アーデルハイト",
				"STRING": "「スペアが本物に取って代わろうとするなんて、おこがましい！」",
				"ENG_STRING": "「スペアが本物に取って代わろうとするなんて、おこがましい！」"
			},
			{
				"TYPE": "ZM",
				"ID": 645282,
				"NAME": "アーリック",
				"ENG_NAME": "アーリック",
				"STRING": "「……なんだと？」",
				"ENG_STRING": "「……なんだと？」"
			},
			{
				"TYPE": "ZM",
				"ID": 645283,
				"STRING": "ぴくり、とアーリックの眉が不快そうに跳ね上がった。",
				"ENG_STRING": "ぴくり、とアーリックの眉が不快そうに跳ね上がった。"
			},
			{
				"TYPE": "ZM",
				"ID": 645284,
				"NAME": "アーリック",
				"ENG_NAME": "アーリック",
				"STRING": "「私を愚弄する気か！」",
				"ENG_STRING": "「私を愚弄する気か！」"
			},
			{
				"TYPE": "ZM",
				"ID": 645285,
				"NAME": "アーデルハイト",
				"ENG_NAME": "アーデルハイト",
				"STRING": "（効いてる……！）",
				"ENG_STRING": "（効いてる……！）"
			},
			{
				"TYPE": "ZM",
				"ID": 645286,
				"NAME": "アーデルハイト",
				"ENG_NAME": "アーデルハイト",
				"STRING": "「っ……！！」",
				"ENG_STRING": "「っ……！！」"
			},
			{
				"TYPE": "ZM",
				"ID": 645287,
				"STRING": "寸前で避けた回し蹴りが、目の前を通過する。",
				"ENG_STRING": "寸前で避けた回し蹴りが、目の前を通過する。"
			},
			{
				"TYPE": "ZM",
				"ID": 645288,
				"STRING": "挑発の甲斐があったのか、アーリックは手数を増やし、どんどんと間合いを詰めてくる。",
				"ENG_STRING": "挑発の甲斐があったのか、アーリックは手数を増やし、どんどんと間合いを詰めてくる。"
			},
			{
				"TYPE": "ZM",
				"ID": 645289,
				"STRING": "だが、今の私には当たらない。",
				"ENG_STRING": "だが、今の私には当たらない。"
			},
			{
				"TYPE": "ZM",
				"ID": 645290,
				"NAME": "アーデルハイト",
				"ENG_NAME": "アーデルハイト",
				"STRING": "（まだ隙がない……もう少し……もっと、冷静さをそがないと駄目……！）",
				"ENG_STRING": "（まだ隙がない……もう少し……もっと、冷静さをそがないと駄目……！）"
			},
			{
				"TYPE": "ZM",
				"ID": 645291,
				"STRING": "いっそ、もっと引きつけて避けようのない距離で香水を吹き付ければ……。",
				"ENG_STRING": "いっそ、もっと引きつけて避けようのない距離で香水を吹き付ければ……。"
			},
			{
				"TYPE": "ZM",
				"ID": 645292,
				"NAME": "アーデルハイト",
				"ENG_NAME": "アーデルハイト",
				"STRING": "「当主に選ばれなかったクセにっ……！　調子に乗らないでちょうだい！！　あなたは所詮、ルイの代役に過ぎないのよ！」",
				"ENG_STRING": "「当主に選ばれなかったクセにっ……！　調子に乗らないでちょうだい！！　あなたは所詮、ルイの代役に過ぎないのよ！」"
			},
			{
				"TYPE": "ZM",
				"ID": 645293,
				"NAME": "アーリック",
				"ENG_NAME": "アーリック",
				"STRING": "「……アーデルハイト…！」",
				"ENG_STRING": "「……アーデルハイト…！」"
			},
			{
				"TYPE": "ZM",
				"ID": 645294,
				"NAME": "アーデルハイト",
				"ENG_NAME": "アーデルハイト",
				"STRING": "「今回のこと、チャンスだって思ったんじゃないの！　本当はルイを、守る気なんてないんでしょう！」",
				"ENG_STRING": "「今回のこと、チャンスだって思ったんじゃないの！　本当はルイを、守る気なんてないんでしょう！」"
			},
			{
				"TYPE": "ZM",
				"ID": 645295,
				"NAME": "アーリック",
				"ENG_NAME": "アーリック",
				"STRING": "「………そうだな」",
				"ENG_STRING": "「………そうだな」"
			},
			{
				"TYPE": "ZM",
				"ID": 645296,
				"NAME": "アーデルハイト",
				"ENG_NAME": "アーデルハイト",
				"STRING": "「……えっ？」",
				"ENG_STRING": "「……えっ？」"
			},
			{
				"TYPE": "ZM",
				"ID": 645297,
				"STRING": "一瞬、アーリックの魂が奇妙な揺らぎ方をした――気がした。",
				"ENG_STRING": "一瞬、アーリックの魂が奇妙な揺らぎ方をした――気がした。"
			},
			{
				"TYPE": "ZM",
				"ID": 645298,
				"STRING": "けれど、それ以上に彼の放った言葉に私は気を奪われる。",
				"ENG_STRING": "けれど、それ以上に彼の放った言葉に私は気を奪われる。"
			},
			{
				"TYPE": "ZM",
				"ID": 645299,
				"NAME": "アーリック",
				"ENG_NAME": "アーリック",
				"STRING": "「スペアが本物に取って代わるためには、まず本物を消さなければならない」",
				"ENG_STRING": "「スペアが本物に取って代わるためには、まず本物を消さなければならない」"
			},
			{
				"TYPE": "ZM",
				"ID": 645300,
				"NAME": "アーデルハイト",
				"ENG_NAME": "アーデルハイト",
				"STRING": "「な……」",
				"ENG_STRING": "「な……」"
			},
			{
				"TYPE": "ZM",
				"ID": 645301,
				"NAME": "アーリック",
				"ENG_NAME": "アーリック",
				"STRING": "「この時、この状況を待っていた！　ルートヴィヒを殺し、兄の私がヴァインベルガーの当主になる！」",
				"ENG_STRING": "「この時、この状況を待っていた！　ルートヴィヒを殺し、兄の私がヴァインベルガーの当主になる！」"
			},
			{
				"TYPE": "ZM",
				"ID": 645302,
				"NAME": "アーデルハイト",
				"ENG_NAME": "アーデルハイト",
				"STRING": "「なんてことを……！！」",
				"ENG_STRING": "「なんてことを……！！」"
			},
			{
				"TYPE": "ZM",
				"ID": 645303,
				"STRING": "頭が真っ白になる。",
				"ENG_STRING": "頭が真っ白になる。"
			},
			{
				"TYPE": "ZM",
				"ID": 645304,
				"STRING": "ルイを、殺す？　何を言ってるの、この人は――",
				"ENG_STRING": "ルイを、殺す？　何を言ってるの、この人は――"
			},
			{
				"TYPE": "ZM",
				"ID": 645305,
				"NAME": "アーデルハイト",
				"ENG_NAME": "アーデルハイト",
				"STRING": "「させないわよ、そんなことっ！！」",
				"ENG_STRING": "「させないわよ、そんなことっ！！」"
			},
			{
				"TYPE": "ZM",
				"ID": 645306,
				"STRING": "香水を噴射したまま、アーリックめがけて走る。",
				"ENG_STRING": "香水を噴射したまま、アーリックめがけて走る。"
			},
			{
				"TYPE": "ZM",
				"ID": 645307,
				"STRING": "状況は一変した。駆け引きしている暇なんてない。この人を、何が何でも止めなければ！",
				"ENG_STRING": "状況は一変した。駆け引きしている暇なんてない。この人を、何が何でも止めなければ！"
			},
			{
				"TYPE": "ZM",
				"ID": 645308,
				"STRING": "その時、ゆら、と攻撃の気配を感じたが――",
				"ENG_STRING": "その時、ゆら、と攻撃の気配を感じたが――"
			},
			{
				"TYPE": "ZM",
				"ID": 645309,
				"NAME": "アーデルハイト",
				"ENG_NAME": "アーデルハイト",
				"STRING": "「あうっ……！？」",
				"ENG_STRING": "「あうっ……！？」"
			},
			{
				"TYPE": "ZM",
				"ID": 645310,
				"STRING": "どん、と腹部に鈍い衝撃が走った。",
				"ENG_STRING": "どん、と腹部に鈍い衝撃が走った。"
			},
			{
				"TYPE": "ZM",
				"ID": 645311,
				"STRING": "目の前には、冷静なままのアーリックの顔。",
				"ENG_STRING": "目の前には、冷静なままのアーリックの顔。"
			},
			{
				"TYPE": "ZM",
				"ID": 645312,
				"STRING": "反応が一瞬遅れた私に、蹴りを命中させていた。",
				"ENG_STRING": "反応が一瞬遅れた私に、蹴りを命中させていた。"
			},
			{
				"TYPE": "ZM",
				"ID": 645313,
				"NAME": "アーデルハイト",
				"ENG_NAME": "アーデルハイト",
				"STRING": "「う………く……」",
				"ENG_STRING": "「う………く……」"
			},
			{
				"TYPE": "ZM",
				"ID": 645314,
				"STRING": "地面に倒れ伏し、うめくしか出来ない。",
				"ENG_STRING": "地面に倒れ伏し、うめくしか出来ない。"
			},
			{
				"TYPE": "ZM",
				"ID": 645315,
				"STRING": "身体に力が入らない……。",
				"ENG_STRING": "身体に力が入らない……。"
			},
			{
				"TYPE": "ZM",
				"ID": 645316,
				"NAME": "アーデルハイト",
				"ENG_NAME": "アーデルハイト",
				"STRING": "（あれは…一瞬見えた、魂の奇妙な揺らぎは、もしかして………）",
				"ENG_STRING": "（あれは…一瞬見えた、魂の奇妙な揺らぎは、もしかして………）"
			},
			{
				"TYPE": "ZM",
				"ID": 645317,
				"STRING": "アーリックは落ち着いて、落としていた箱を拾い上げた。@n",
				"ENG_STRING": "アーリックは落ち着いて、落としていた箱を拾い上げた。@n"
			},
			{
				"TYPE": "ZM",
				"ID": 645318,
				"NAME": "アーリック",
				"ENG_NAME": "アーリック",
				"STRING": "「ところで、先ほどの発言は方便だ」",
				"ENG_STRING": "「ところで、先ほどの発言は方便だ」"
			},
			{
				"TYPE": "ZM",
				"ID": 645319,
				"NAME": "アーデルハイト",
				"ENG_NAME": "アーデルハイト",
				"STRING": "「……………………」",
				"ENG_STRING": "「……………………」"
			},
			{
				"TYPE": "ZM",
				"ID": 645320,
				"STRING": "やっぱり…。あれは嘘をついている揺らぎだったんだ。",
				"ENG_STRING": "やっぱり…。あれは嘘をついている揺らぎだったんだ。"
			},
			{
				"TYPE": "ZM",
				"ID": 645321,
				"NAME": "アーリック",
				"ENG_NAME": "アーリック",
				"STRING": "「別にルートヴィヒを殺す気も、当主に成り代わる気もないから安心しろ」",
				"ENG_STRING": "「別にルートヴィヒを殺す気も、当主に成り代わる気もないから安心しろ」"
			},
			{
				"TYPE": "ZM",
				"ID": 645322,
				"NAME": "アーデルハイト",
				"ENG_NAME": "アーデルハイト",
				"STRING": "「あ………」",
				"ENG_STRING": "「あ………」"
			},
			{
				"TYPE": "ZM",
				"ID": 645323,
				"STRING": "そう、そういうこと。わざと煽られて逆上させられたのは私の方だったのだ。",
				"ENG_STRING": "そう、そういうこと。わざと煽られて逆上させられたのは私の方だったのだ。"
			},
			{
				"TYPE": "ZM",
				"ID": 645324,
				"STRING": "アーリックは最初から、私の意図に気づいていた。",
				"ENG_STRING": "アーリックは最初から、私の意図に気づいていた。"
			},
			{
				"TYPE": "ZM",
				"ID": 645325,
				"NAME": "アーデルハイト",
				"ENG_NAME": "アーデルハイト",
				"STRING": "（悔しい……こんなにあっさり、手玉に取られるなんて……）",
				"ENG_STRING": "（悔しい……こんなにあっさり、手玉に取られるなんて……）"
			},
			{
				"TYPE": "ZM",
				"ID": 645326,
				"STRING": "屈辱で身体が震える。せっかく力を貸してもらったのに……。",
				"ENG_STRING": "屈辱で身体が震える。せっかく力を貸してもらったのに……。"
			},
			{
				"TYPE": "ZM",
				"ID": 645327,
				"NAME": "アーリック",
				"ENG_NAME": "アーリック",
				"STRING": "「お前は良くも悪くも情が深すぎる」",
				"ENG_STRING": "「お前は良くも悪くも情が深すぎる」"
			},
			{
				"TYPE": "ZM",
				"ID": 645328,
				"STRING": "アーリックは私を見下ろし、手にした箱の蓋を開いた。",
				"ENG_STRING": "アーリックは私を見下ろし、手にした箱の蓋を開いた。"
			},
			{
				"TYPE": "ZM",
				"ID": 645329,
				"STRING": "ふわり、と箱の中から小さな羽根が出て来て、私の頭に刺さった。",
				"ENG_STRING": "ふわり、と箱の中から小さな羽根が出て来て、私の頭に刺さった。"
			},
			{
				"TYPE": "ZM",
				"ID": 645330,
				"NAME": "アーデルハイト",
				"ENG_NAME": "アーデルハイト",
				"STRING": "（なに……これ……？）",
				"ENG_STRING": "（なに……これ……？）"
			},
			{
				"TYPE": "ZM",
				"ID": 645331,
				"NAME": "アーリック",
				"ENG_NAME": "アーリック",
				"STRING": "「ルートヴィヒの居場所は？」",
				"ENG_STRING": "「ルートヴィヒの居場所は？」"
			},
			{
				"TYPE": "ZM",
				"ID": 645332,
				"NAME": "アーデルハイト",
				"ENG_NAME": "アーデルハイト",
				"STRING": "「………東寮……ツバキの部屋の……シャワールームよ」",
				"ENG_STRING": "「………東寮……ツバキの部屋の……シャワールームよ」"
			},
			{
				"TYPE": "ZM",
				"ID": 645333,
				"STRING": "自分の意思に反して、口が勝手に動き答えてしまっていた。",
				"ENG_STRING": "自分の意思に反して、口が勝手に動き答えてしまっていた。"
			},
			{
				"TYPE": "ZM",
				"ID": 645334,
				"STRING": "そういう遺品だったのだ、と悟ったが、もう遅い。",
				"ENG_STRING": "そういう遺品だったのだ、と悟ったが、もう遅い。"
			},
			{
				"TYPE": "ZM",
				"ID": 645335,
				"NAME": "アーリック",
				"ENG_NAME": "アーリック",
				"STRING": "「そうか。――すまんが、こいつを頼む。しばらく動けないだろうから閉じ込めておいてくれ」@n",
				"ENG_STRING": "「そうか。――すまんが、こいつを頼む。しばらく動けないだろうから閉じ込めておいてくれ」@n"
			},
			{
				"TYPE": "ZM",
				"ID": 645336,
				"NAME": "風紀委員Ｂ",
				"ENG_NAME": "風紀委員Ｂ",
				"STRING": "「はっ！」",
				"ENG_STRING": "「はっ！」"
			},
			{
				"TYPE": "ZM",
				"ID": 645337,
				"NAME": "アーリック",
				"ENG_NAME": "アーリック",
				"STRING": "「それから寮を巡回している風紀委員に連絡して、該当の部屋を探させてくれないか。私も今から向かう」",
				"ENG_STRING": "「それから寮を巡回している風紀委員に連絡して、該当の部屋を探させてくれないか。私も今から向かう」"
			},
			{
				"TYPE": "ZM",
				"ID": 645338,
				"STRING": "風紀委員達に指示を出し、アーリックは足早に去っていった。@n",
				"ENG_STRING": "風紀委員達に指示を出し、アーリックは足早に去っていった。@n"
			},
			{
				"TYPE": "ZM",
				"ID": 645339,
				"NAME": "アーデルハイト",
				"ENG_NAME": "アーデルハイト",
				"STRING": "（ルイ……！　ごめんなさい、どうか無事で……）",
				"ENG_STRING": "（ルイ……！　ごめんなさい、どうか無事で……）"
			}
		],
		"CHAPTER_SUBNAME": "S06_06_01：陽動＆対決"
	}
}