{
	"S05_02_01：作戦会議": {
		"MESSAGES": [
			{
				"TYPE": "ZM",
				"ID": 639234,
				"STRING": "ことん、と白い羽根ペンが自らペン立てに戻る。",
				"ENG_STRING": "ことん、と白い羽根ペンが自らペン立てに戻る。"
			},
			{
				"TYPE": "ZM",
				"ID": 639235,
				"NAME": "満琉",
				"ENG_NAME": "満琉",
				"STRING": "「あ………」",
				"ENG_STRING": "「あ………」"
			},
			{
				"TYPE": "ZM",
				"ID": 639236,
				"NAME": "満琉",
				"ENG_NAME": "満琉",
				"STRING": "「……動かないみたい」",
				"ENG_STRING": "「……動かないみたい」"
			},
			{
				"TYPE": "ZM",
				"ID": 639237,
				"NAME": "憂緒",
				"ENG_NAME": "憂緒",
				"STRING": "「インク切れのようですね」",
				"ENG_STRING": "「インク切れのようですね」"
			},
			{
				"TYPE": "ZM",
				"ID": 639238,
				"STRING": "モー子が傍らのインク瓶を持ち上げ、底から透かすようにして見る。",
				"ENG_STRING": "モー子が傍らのインク瓶を持ち上げ、底から透かすようにして見る。"
			},
			{
				"TYPE": "ZM",
				"ID": 639239,
				"STRING": "中身はきれいさっぱり空だった。",
				"ENG_STRING": "中身はきれいさっぱり空だった。"
			},
			{
				"TYPE": "ZM",
				"ID": 639240,
				"STRING": "はあ、と誰からともなくため息をついた。",
				"ENG_STRING": "はあ、と誰からともなくため息をついた。"
			},
			{
				"TYPE": "ZM",
				"ID": 639241,
				"NAME": "アーデルハイト",
				"ENG_NAME": "アーデルハイト",
				"STRING": "「……覚えてなくても……」",
				"ENG_STRING": "「……覚えてなくても……」"
			},
			{
				"TYPE": "ZM",
				"ID": 639242,
				"STRING": "ぽつりと、最初に呟いたのはハイジだった。",
				"ENG_STRING": "ぽつりと、最初に呟いたのはハイジだった。"
			},
			{
				"TYPE": "ZM",
				"ID": 639243,
				"NAME": "アーデルハイト",
				"ENG_NAME": "アーデルハイト",
				"STRING": "「幸せだった頃が帰ってきたみたいな感覚になっちゃったんでしょうね」",
				"ENG_STRING": "「幸せだった頃が帰ってきたみたいな感覚になっちゃったんでしょうね」"
			},
			{
				"TYPE": "ZM",
				"ID": 639244,
				"NAME": "憂緒",
				"ENG_NAME": "憂緒",
				"STRING": "「そうですね……」",
				"ENG_STRING": "「そうですね……」"
			},
			{
				"TYPE": "ZM",
				"ID": 639245,
				"STRING": "セディとして暮らしていた頃――射場さんとは、その頃から友達だったのかどうかわからないが、かつての記憶とは重なったのだろう。",
				"ENG_STRING": "セディとして暮らしていた頃――射場さんとは、その頃から友達だったのかどうかわからないが、かつての記憶とは重なったのだろう。"
			},
			{
				"TYPE": "ZM",
				"ID": 639246,
				"STRING": "だからこそ、約束以上に、彼女たちをどうしても取り戻したいという理由が生まれてしまった。",
				"ENG_STRING": "だからこそ、約束以上に、彼女たちをどうしても取り戻したいという理由が生まれてしまった。"
			},
			{
				"TYPE": "ZM",
				"ID": 639247,
				"NAME": "静春",
				"ENG_NAME": "静春",
				"STRING": "「くそっ、こっちだって夜の生徒を助けたいってのは同じなのによ……」",
				"ENG_STRING": "「くそっ、こっちだって夜の生徒を助けたいってのは同じなのによ……」"
			},
			{
				"TYPE": "ZM",
				"ID": 639248,
				"STRING": "口惜しそうに村雲が、自分の膝に拳を叩きつける。",
				"ENG_STRING": "口惜しそうに村雲が、自分の膝に拳を叩きつける。"
			},
			{
				"TYPE": "ZM",
				"ID": 639249,
				"NAME": "満琉",
				"ENG_NAME": "満琉",
				"STRING": "「何か……ないのかな。他に、助ける方法って何か……」",
				"ENG_STRING": "「何か……ないのかな。他に、助ける方法って何か……」"
			},
			{
				"TYPE": "ZM",
				"ID": 639250,
				"STRING": "ノートに書き出された文章に目を落としたまま、満琉が独り言のように言う。",
				"ENG_STRING": "ノートに書き出された文章に目を落としたまま、満琉が独り言のように言う。"
			},
			{
				"TYPE": "ZM",
				"ID": 639251,
				"NAME": "憂緒",
				"ENG_NAME": "憂緒",
				"STRING": "「ヒナさん達は、散々探したようですからね。２０年もの間……」",
				"ENG_STRING": "「ヒナさん達は、散々探したようですからね。２０年もの間……」"
			},
			{
				"TYPE": "ZM",
				"ID": 639252,
				"NAME": "アーデルハイト",
				"ENG_NAME": "アーデルハイト",
				"STRING": "「そうね。あんな強引な手段以外に何か方法があれば、ヒナ――いえ、セディは説得出来そうな気もするけど」",
				"ENG_STRING": "「そうね。あんな強引な手段以外に何か方法があれば、ヒナ――いえ、セディは説得出来そうな気もするけど」"
			},
			{
				"TYPE": "ZM",
				"ID": 639253,
				"NAME": "三厳",
				"ENG_NAME": "三厳",
				"STRING": "「けど、その方法がなあ……」",
				"ENG_STRING": "「けど、その方法がなあ……」"
			},
			{
				"TYPE": "ZM",
				"ID": 639254,
				"NAME": "憂緒",
				"ENG_NAME": "憂緒",
				"STRING": "「見つからなかったからこその、この手段なのでしょうね」",
				"ENG_STRING": "「見つからなかったからこその、この手段なのでしょうね」"
			},
			{
				"TYPE": "ZM",
				"ID": 639255,
				"NAME": "静春",
				"ENG_NAME": "静春",
				"STRING": "「じゃあ、どうしようもねーのか……やっぱり……」",
				"ENG_STRING": "「じゃあ、どうしようもねーのか……やっぱり……」"
			},
			{
				"TYPE": "ZM",
				"ID": 639256,
				"STRING": "その先は言葉を濁した。",
				"ENG_STRING": "その先は言葉を濁した。"
			},
			{
				"TYPE": "ZM",
				"ID": 639257,
				"STRING": "みんな同じ事を思っているだろうから。",
				"ENG_STRING": "みんな同じ事を思っているだろうから。"
			},
			{
				"TYPE": "ZM",
				"ID": 639258,
				"STRING": "２０年前の生徒を真に救い出す方法は、ないのではないかと。",
				"ENG_STRING": "２０年前の生徒を真に救い出す方法は、ないのではないかと。"
			},
			{
				"TYPE": "ZM",
				"ID": 639259,
				"NAME": "三厳",
				"ENG_NAME": "三厳",
				"STRING": "（おまる……お前を救う方法って本当にないのか…？）",
				"ENG_STRING": "（おまる……お前を救う方法って本当にないのか…？）"
			},
			{
				"TYPE": "ZM",
				"ID": 639260,
				"STRING": "こんな狂った計画に固執してしまうほど、どうしようもなく助けられないものなのか。",
				"ENG_STRING": "こんな狂った計画に固執してしまうほど、どうしようもなく助けられないものなのか。"
			},
			{
				"TYPE": "ZM",
				"ID": 639261,
				"NAME": "憂緒",
				"ENG_NAME": "憂緒",
				"STRING": "「……ですが、学園側の計画は計画として阻止しなければ……」",
				"ENG_STRING": "「……ですが、学園側の計画は計画として阻止しなければ……」"
			},
			{
				"TYPE": "ZM",
				"ID": 639262,
				"NAME": "静春",
				"ENG_NAME": "静春",
				"STRING": "「そりゃそうだろ。でねーと、西寮の生徒はいなかったことになっちまうんだろ？」",
				"ENG_STRING": "「そりゃそうだろ。でねーと、西寮の生徒はいなかったことになっちまうんだろ？」"
			},
			{
				"TYPE": "ZM",
				"ID": 639263,
				"NAME": "三厳",
				"ENG_NAME": "三厳",
				"STRING": "「どちらかしか救えない、ってことか」",
				"ENG_STRING": "「どちらかしか救えない、ってことか」"
			},
			{
				"TYPE": "ZM",
				"ID": 639264,
				"NAME": "アーデルハイト",
				"ENG_NAME": "アーデルハイト",
				"STRING": "「……今のところは……そういう状況ですけれど……」",
				"ENG_STRING": "「……今のところは……そういう状況ですけれど……」"
			},
			{
				"TYPE": "ZM",
				"ID": 639265,
				"NAME": "三厳",
				"ENG_NAME": "三厳",
				"STRING": "「わかってるさ。それでも、あんな計画は止めるしかない」",
				"ENG_STRING": "「わかってるさ。それでも、あんな計画は止めるしかない」"
			},
			{
				"TYPE": "ZM",
				"ID": 639266,
				"STRING": "おまるだって、そう望んでいたんだから。",
				"ENG_STRING": "おまるだって、そう望んでいたんだから。"
			},
			{
				"TYPE": "ZM",
				"ID": 639267,
				"STRING": "もしかしたら、俺達のやることで、２０年前の生徒達は本当に火事の犠牲になった――という結果になってしまうのかもしれないが……。",
				"ENG_STRING": "もしかしたら、俺達のやることで、２０年前の生徒達は本当に火事の犠牲になった――という結果になってしまうのかもしれないが……。"
			},
			{
				"TYPE": "ZM",
				"ID": 639268,
				"NAME": "三厳",
				"ENG_NAME": "三厳",
				"STRING": "（もしそうなら、あいつ、死んだことになるのかなあ……）",
				"ENG_STRING": "（もしそうなら、あいつ、死んだことになるのかなあ……）"
			},
			{
				"TYPE": "ZM",
				"ID": 639269,
				"STRING": "まるで実感が湧かない。",
				"ENG_STRING": "まるで実感が湧かない。"
			},
			{
				"TYPE": "ZM",
				"ID": 639270,
				"STRING": "ついこの前まで、馬鹿なこと言い合いながら一緒にやってきたのに。",
				"ENG_STRING": "ついこの前まで、馬鹿なこと言い合いながら一緒にやってきたのに。"
			},
			{
				"TYPE": "ZM",
				"ID": 639271,
				"STRING": "それこそ射場さんと雛さんのように。",
				"ENG_STRING": "それこそ射場さんと雛さんのように。"
			},
			{
				"TYPE": "ZM",
				"ID": 639272,
				"NAME": "憂緒",
				"ENG_NAME": "憂緒",
				"STRING": "「……悩んでいても仕方がありません。こうしている間にも学園長達は動いているでしょうから」",
				"ENG_STRING": "「……悩んでいても仕方がありません。こうしている間にも学園長達は動いているでしょうから」"
			},
			{
				"TYPE": "ZM",
				"ID": 639273,
				"NAME": "憂緒",
				"ENG_NAME": "憂緒",
				"STRING": "「とにかく、計画を阻止する方法をまず考えなければ」",
				"ENG_STRING": "「とにかく、計画を阻止する方法をまず考えなければ」"
			},
			{
				"TYPE": "ZM",
				"ID": 639274,
				"NAME": "アーデルハイト",
				"ENG_NAME": "アーデルハイト",
				"STRING": "「そうね。とりあえずこれ渡しておくわ」@n",
				"ENG_STRING": "「そうね。とりあえずこれ渡しておくわ」@n"
			},
			{
				"TYPE": "ZM",
				"ID": 639275,
				"STRING": "モー子の言葉に頷いて、ハイジは新しく調合し終わったのであろう香水瓶を取り出し俺達に配る。",
				"ENG_STRING": "モー子の言葉に頷いて、ハイジは新しく調合し終わったのであろう香水瓶を取り出し俺達に配る。"
			},
			{
				"TYPE": "ZM",
				"ID": 639276,
				"NAME": "アーデルハイト",
				"ENG_NAME": "アーデルハイト",
				"STRING": "「気を失わせる香水よ。ただしやっぱりアーリックのような相手には充分な武器とは言えないわ」",
				"ENG_STRING": "「気を失わせる香水よ。ただしやっぱりアーリックのような相手には充分な武器とは言えないわ」"
			},
			{
				"TYPE": "ZM",
				"ID": 639277,
				"NAME": "三厳",
				"ENG_NAME": "三厳",
				"STRING": "「ああ、肝に銘じとく」",
				"ENG_STRING": "「ああ、肝に銘じとく」"
			},
			{
				"TYPE": "ZM",
				"ID": 639278,
				"NAME": "静春",
				"ENG_NAME": "静春",
				"STRING": "「ないよりマシだろ。場合によっちゃ風紀も相手にしなきゃなんねーからな」",
				"ENG_STRING": "「ないよりマシだろ。場合によっちゃ風紀も相手にしなきゃなんねーからな」"
			},
			{
				"TYPE": "ZM",
				"ID": 639279,
				"NAME": "真弥",
				"ENG_NAME": "真弥",
				"STRING": "「それで、えーっと、どうするの？」",
				"ENG_STRING": "「それで、えーっと、どうするの？」"
			},
			{
				"TYPE": "ZM",
				"ID": 639280,
				"NAME": "アーデルハイト",
				"ENG_NAME": "アーデルハイト",
				"STRING": "「ひとまず、私はもう一度魔法陣の様子を見てくるわ」",
				"ENG_STRING": "「ひとまず、私はもう一度魔法陣の様子を見てくるわ」"
			},
			{
				"TYPE": "ZM",
				"ID": 639281,
				"STRING": "そう言い残しハイジは席を立つと階段の上の通路へと向かった。",
				"ENG_STRING": "そう言い残しハイジは席を立つと階段の上の通路へと向かった。"
			},
			{
				"TYPE": "ZM",
				"ID": 639282,
				"STRING": "しかし、すぐに慌てた足音と共に戻って来る。",
				"ENG_STRING": "しかし、すぐに慌てた足音と共に戻って来る。"
			},
			{
				"TYPE": "ZM",
				"ID": 639283,
				"NAME": "アーデルハイト",
				"ENG_NAME": "アーデルハイト",
				"STRING": "「大変よ！！」",
				"ENG_STRING": "「大変よ！！」"
			},
			{
				"TYPE": "ZM",
				"ID": 639284,
				"NAME": "憂緒",
				"ENG_NAME": "憂緒",
				"STRING": "「どうしました？」",
				"ENG_STRING": "「どうしました？」"
			},
			{
				"TYPE": "ZM",
				"ID": 639285,
				"STRING": "血相を変えながら俺達に駆け寄ると、ハイジは階段の方を指さしながら叫んだ。",
				"ENG_STRING": "血相を変えながら俺達に駆け寄ると、ハイジは階段の方を指さしながら叫んだ。"
			},
			{
				"TYPE": "ZM",
				"ID": 639286,
				"NAME": "アーデルハイト",
				"ENG_NAME": "アーデルハイト",
				"STRING": "「扉のつながっている場所が変わってるの！」",
				"ENG_STRING": "「扉のつながっている場所が変わってるの！」"
			},
			{
				"TYPE": "ZM",
				"ID": 639287,
				"NAME": "憂緒",
				"ENG_NAME": "憂緒",
				"STRING": "「場所が……！？」",
				"ENG_STRING": "「場所が……！？」"
			},
			{
				"TYPE": "ZM",
				"ID": 639288,
				"STRING": "一瞬、言われた意味がわからなかったが、すぐさま立ち上がったモー子に続き、俺達も階段を駆け上がってみた。",
				"ENG_STRING": "一瞬、言われた意味がわからなかったが、すぐさま立ち上がったモー子に続き、俺達も階段を駆け上がってみた。"
			},
			{
				"TYPE": "ZM",
				"ID": 639289,
				"NAME": "憂緒",
				"ENG_NAME": "憂緒",
				"STRING": "「これは……！！」",
				"ENG_STRING": "「これは……！！」"
			},
			{
				"TYPE": "ZM",
				"ID": 639290,
				"STRING": "モー子が開いた扉の向こうは、一面の草原だった。",
				"ENG_STRING": "モー子が開いた扉の向こうは、一面の草原だった。"
			},
			{
				"TYPE": "ZM",
				"ID": 639291,
				"STRING": "この光景には見覚えがある……。",
				"ENG_STRING": "この光景には見覚えがある……。"
			},
			{
				"TYPE": "ZM",
				"ID": 639292,
				"NAME": "三厳",
				"ENG_NAME": "三厳",
				"STRING": "「あ、ここ、俺が風呂屋追いかけて飛び込んだところか？」",
				"ENG_STRING": "「あ、ここ、俺が風呂屋追いかけて飛び込んだところか？」"
			},
			{
				"TYPE": "ZM",
				"ID": 639293,
				"STRING": "風呂屋がヤヌスの鍵で騒動を起こした時のことだ。",
				"ENG_STRING": "風呂屋がヤヌスの鍵で騒動を起こした時のことだ。"
			},
			{
				"TYPE": "ZM",
				"ID": 639294,
				"STRING": "あいつの姿を見つけて、俺が追いかけて飛び込んだのが確かこの草原だったはず。",
				"ENG_STRING": "あいつの姿を見つけて、俺が追いかけて飛び込んだのが確かこの草原だったはず。"
			},
			{
				"TYPE": "ZM",
				"ID": 639295,
				"NAME": "憂緒",
				"ENG_NAME": "憂緒",
				"STRING": "「では、あちらに見えている塔のようなものの上が魔法陣のあった場所でしょうか」",
				"ENG_STRING": "「では、あちらに見えている塔のようなものの上が魔法陣のあった場所でしょうか」"
			},
			{
				"TYPE": "ZM",
				"ID": 639296,
				"NAME": "三厳",
				"ENG_NAME": "三厳",
				"STRING": "「ああ、あれだな、螺旋階段だ。確かにあのてっぺんに魔法陣がある」",
				"ENG_STRING": "「ああ、あれだな、螺旋階段だ。確かにあのてっぺんに魔法陣がある」"
			},
			{
				"TYPE": "ZM",
				"ID": 639297,
				"NAME": "憂緒",
				"ENG_NAME": "憂緒",
				"STRING": "「前回、扉の接続を切ってもこちらが復元したせいで今度は違う手を使うことにしたようですね」",
				"ENG_STRING": "「前回、扉の接続を切ってもこちらが復元したせいで今度は違う手を使うことにしたようですね」"
			},
			{
				"TYPE": "ZM",
				"ID": 639298,
				"NAME": "静春",
				"ENG_NAME": "静春",
				"STRING": "「物理的に遠くしたってことかよ」",
				"ENG_STRING": "「物理的に遠くしたってことかよ」"
			},
			{
				"TYPE": "ZM",
				"ID": 639299,
				"NAME": "三厳",
				"ENG_NAME": "三厳",
				"STRING": "「まあ、結構な距離だが、行けなくはないな」",
				"ENG_STRING": "「まあ、結構な距離だが、行けなくはないな」"
			},
			{
				"TYPE": "ZM",
				"ID": 639300,
				"NAME": "憂緒",
				"ENG_NAME": "憂緒",
				"STRING": "「……あの魔法陣から遠ざけるようなことをした以上、やはり魔法陣は何らかの形で使用されるのでしょうか…？」",
				"ENG_STRING": "「……あの魔法陣から遠ざけるようなことをした以上、やはり魔法陣は何らかの形で使用されるのでしょうか…？」"
			},
			{
				"TYPE": "ZM",
				"ID": 639301,
				"STRING": "モー子の呟きにハイジは頷いた。",
				"ENG_STRING": "モー子の呟きにハイジは頷いた。"
			},
			{
				"TYPE": "ZM",
				"ID": 639302,
				"NAME": "アーデルハイト",
				"ENG_NAME": "アーデルハイト",
				"STRING": "「そうね。完全に修復して同じ事に使う気なのかはわからないけれど」",
				"ENG_STRING": "「そうね。完全に修復して同じ事に使う気なのかはわからないけれど」"
			},
			{
				"TYPE": "ZM",
				"ID": 639303,
				"NAME": "三厳",
				"ENG_NAME": "三厳",
				"STRING": "「前みたいに、この扉を元通りの位置につなぎ直す事って出来ないのか？」",
				"ENG_STRING": "「前みたいに、この扉を元通りの位置につなぎ直す事って出来ないのか？」"
			},
			{
				"TYPE": "ZM",
				"ID": 639304,
				"NAME": "アーデルハイト",
				"ENG_NAME": "アーデルハイト",
				"STRING": "「それは無理。空間をつなぐ魔術自体には何の変化もないの。おそらく異空間側の組成で座標を変えたのだと思うわ」",
				"ENG_STRING": "「それは無理。空間をつなぐ魔術自体には何の変化もないの。おそらく異空間側の組成で座標を変えたのだと思うわ」"
			},
			{
				"TYPE": "ZM",
				"ID": 639305,
				"NAME": "アーデルハイト",
				"ENG_NAME": "アーデルハイト",
				"STRING": "「だから、こちらからはどうしようもないわね」",
				"ENG_STRING": "「だから、こちらからはどうしようもないわね」"
			},
			{
				"TYPE": "ZM",
				"ID": 639306,
				"NAME": "三厳",
				"ENG_NAME": "三厳",
				"STRING": "「そうか……」",
				"ENG_STRING": "「そうか……」"
			},
			{
				"TYPE": "ZM",
				"ID": 639307,
				"STRING": "無意識に苦い表情になりながら、目の前に広がる草原を見つめる。",
				"ENG_STRING": "無意識に苦い表情になりながら、目の前に広がる草原を見つめる。"
			},
			{
				"TYPE": "ZM",
				"ID": 639308,
				"STRING": "しんと静まりかえっていて、前にはわらわらといた変な生き物たちも今はいない。",
				"ENG_STRING": "しんと静まりかえっていて、前にはわらわらといた変な生き物たちも今はいない。"
			},
			{
				"TYPE": "ZM",
				"ID": 639309,
				"STRING": "不気味なほどの静寂があるばかりだった。",
				"ENG_STRING": "不気味なほどの静寂があるばかりだった。"
			},
			{
				"TYPE": "ZM",
				"ID": 639310,
				"NAME": "アーデルハイト",
				"ENG_NAME": "アーデルハイト",
				"STRING": "「とにかく、魔法陣の様子が気になるわ。歩いて行けないことはないから、見に行ってみた方が良いわね」",
				"ENG_STRING": "「とにかく、魔法陣の様子が気になるわ。歩いて行けないことはないから、見に行ってみた方が良いわね」"
			},
			{
				"TYPE": "ZM",
				"ID": 639311,
				"NAME": "憂緒",
				"ENG_NAME": "憂緒",
				"STRING": "「……そうですね。ヤヌスの鍵を使えば早いでしょうけれど魔力は温存したいところですし」",
				"ENG_STRING": "「……そうですね。ヤヌスの鍵を使えば早いでしょうけれど魔力は温存したいところですし」"
			},
			{
				"TYPE": "ZM",
				"ID": 639312,
				"NAME": "三厳",
				"ENG_NAME": "三厳",
				"STRING": "「なら、一人じゃ危ないから俺も行くわ。敵側の奴がいるかもしれないし」",
				"ENG_STRING": "「なら、一人じゃ危ないから俺も行くわ。敵側の奴がいるかもしれないし」"
			},
			{
				"TYPE": "ZM",
				"ID": 639313,
				"NAME": "憂緒",
				"ENG_NAME": "憂緒",
				"STRING": "「大丈夫ですか？」",
				"ENG_STRING": "「大丈夫ですか？」"
			},
			{
				"TYPE": "ZM",
				"ID": 639314,
				"NAME": "三厳",
				"ENG_NAME": "三厳",
				"STRING": "「そーっと覗いてヤバそうだったらすぐ戻る」",
				"ENG_STRING": "「そーっと覗いてヤバそうだったらすぐ戻る」"
			},
			{
				"TYPE": "ZM",
				"ID": 639315,
				"NAME": "アーデルハイト",
				"ENG_NAME": "アーデルハイト",
				"STRING": "「感知阻止の香水はまだ効いているから、覗くだけなら大丈夫だと思うわ」",
				"ENG_STRING": "「感知阻止の香水はまだ効いているから、覗くだけなら大丈夫だと思うわ」"
			},
			{
				"TYPE": "ZM",
				"ID": 639316,
				"NAME": "憂緒",
				"ENG_NAME": "憂緒",
				"STRING": "「……では、お願いします」",
				"ENG_STRING": "「……では、お願いします」"
			},
			{
				"TYPE": "ZM",
				"ID": 639317,
				"NAME": "アーデルハイト",
				"ENG_NAME": "アーデルハイト",
				"STRING": "「ええ、ルイをお願い」",
				"ENG_STRING": "「ええ、ルイをお願い」"
			},
			{
				"TYPE": "ZM",
				"ID": 639318,
				"STRING": "何かあったらすぐ逃げる、とお互いに確認し合い、俺とハイジは草原を歩いて魔法陣へと向かった。",
				"ENG_STRING": "何かあったらすぐ逃げる、とお互いに確認し合い、俺とハイジは草原を歩いて魔法陣へと向かった。"
			},
			{
				"TYPE": "ZM",
				"ID": 639319,
				"NAME": "三厳",
				"ENG_NAME": "三厳",
				"STRING": "「……前はここにも化け物がいたんだが、いなくなってるんだよな」",
				"ENG_STRING": "「……前はここにも化け物がいたんだが、いなくなってるんだよな」"
			},
			{
				"TYPE": "ZM",
				"ID": 639320,
				"STRING": "風呂屋とここに迷い込んだ時に、上へ行くのを邪魔してきた怪物だ。",
				"ENG_STRING": "風呂屋とここに迷い込んだ時に、上へ行くのを邪魔してきた怪物だ。"
			},
			{
				"TYPE": "ZM",
				"ID": 639321,
				"STRING": "幻の火を噴いてくるのでやっかいだった。",
				"ENG_STRING": "幻の火を噴いてくるのでやっかいだった。"
			},
			{
				"TYPE": "ZM",
				"ID": 639322,
				"STRING": "しかし、ヤヌスの鍵を温存するのにこのところ、この辺りを徒歩で移動していたが、ああいった怪物のような奴らは見当たらない。",
				"ENG_STRING": "しかし、ヤヌスの鍵を温存するのにこのところ、この辺りを徒歩で移動していたが、ああいった怪物のような奴らは見当たらない。"
			},
			{
				"TYPE": "ZM",
				"ID": 639323,
				"NAME": "アーデルハイト",
				"ENG_NAME": "アーデルハイト",
				"STRING": "「生き物は排除したんじゃないかしら」",
				"ENG_STRING": "「生き物は排除したんじゃないかしら」"
			},
			{
				"TYPE": "ZM",
				"ID": 639324,
				"STRING": "うんうん、と頷きつつ塔の上部を見上げながらハイジが言う。",
				"ENG_STRING": "うんうん、と頷きつつ塔の上部を見上げながらハイジが言う。"
			},
			{
				"TYPE": "ZM",
				"ID": 639325,
				"NAME": "三厳",
				"ENG_NAME": "三厳",
				"STRING": "「なんで全部追い出したんだろうな？」",
				"ENG_STRING": "「なんで全部追い出したんだろうな？」"
			},
			{
				"TYPE": "ZM",
				"ID": 639326,
				"NAME": "アーデルハイト",
				"ENG_NAME": "アーデルハイト",
				"STRING": "「この空間は魔力で作られているから、生き物が放つ波長が何らかの魔術の邪魔になるってことかしらね？」",
				"ENG_STRING": "「この空間は魔力で作られているから、生き物が放つ波長が何らかの魔術の邪魔になるってことかしらね？」"
			},
			{
				"TYPE": "ZM",
				"ID": 639327,
				"STRING": "ハイジにもはっきりとは理由はわからない、ということだった。",
				"ENG_STRING": "ハイジにもはっきりとは理由はわからない、ということだった。"
			},
			{
				"TYPE": "ZM",
				"ID": 639328,
				"STRING": "とにかく魔法陣を確認しよう、と階段を上る。",
				"ENG_STRING": "とにかく魔法陣を確認しよう、と階段を上る。"
			},
			{
				"TYPE": "ZM",
				"ID": 639329,
				"STRING": "あの化け物がいないお陰で、俺も何事もなく上ることが出来るのだが今ここでする話でもないので黙っておいた。",
				"ENG_STRING": "あの化け物がいないお陰で、俺も何事もなく上ることが出来るのだが今ここでする話でもないので黙っておいた。"
			},
			{
				"TYPE": "ZM",
				"ID": 639330,
				"NAME": "三厳",
				"ENG_NAME": "三厳",
				"STRING": "（あいつの炎、幻覚なんだけどどうしても発作起きるからなー…）",
				"ENG_STRING": "（あいつの炎、幻覚なんだけどどうしても発作起きるからなー…）"
			},
			{
				"TYPE": "ZM",
				"ID": 639331,
				"STRING": "階段からそっと覗いてみるが、魔法陣の周囲には誰もいないようだった。",
				"ENG_STRING": "階段からそっと覗いてみるが、魔法陣の周囲には誰もいないようだった。"
			},
			{
				"TYPE": "ZM",
				"ID": 639332,
				"NAME": "アーデルハイト",
				"ENG_NAME": "アーデルハイト",
				"STRING": "「見張りはいないみたいね」@n",
				"ENG_STRING": "「見張りはいないみたいね」@n"
			},
			{
				"TYPE": "ZM",
				"ID": 639333,
				"STRING": "するりと魔法陣に近寄るハイジ。",
				"ENG_STRING": "するりと魔法陣に近寄るハイジ。"
			},
			{
				"TYPE": "ZM",
				"ID": 639334,
				"STRING": "一見、魔法陣は前に見た時の通り沈黙しているように見える。",
				"ENG_STRING": "一見、魔法陣は前に見た時の通り沈黙しているように見える。"
			},
			{
				"TYPE": "ZM",
				"ID": 639335,
				"NAME": "三厳",
				"ENG_NAME": "三厳",
				"STRING": "「どうだ？」",
				"ENG_STRING": "「どうだ？」"
			},
			{
				"TYPE": "ZM",
				"ID": 639336,
				"NAME": "アーデルハイト",
				"ENG_NAME": "アーデルハイト",
				"STRING": "「……変わってないわ。どういうことかしら……？」",
				"ENG_STRING": "「……変わってないわ。どういうことかしら……？」"
			},
			{
				"TYPE": "ZM",
				"ID": 639337,
				"NAME": "三厳",
				"ENG_NAME": "三厳",
				"STRING": "「やっぱり動いてないのか」",
				"ENG_STRING": "「やっぱり動いてないのか」"
			},
			{
				"TYPE": "ZM",
				"ID": 639338,
				"NAME": "アーデルハイト",
				"ENG_NAME": "アーデルハイト",
				"STRING": "「ええ。じゃあなぜ、わざわざ扉のつなぎを変えたのかしら」",
				"ENG_STRING": "「ええ。じゃあなぜ、わざわざ扉のつなぎを変えたのかしら」"
			},
			{
				"TYPE": "ZM",
				"ID": 639339,
				"STRING": "しげしげと魔法陣を見下ろしながら、その周りをぐるぐると歩き回るハイジ。",
				"ENG_STRING": "しげしげと魔法陣を見下ろしながら、その周りをぐるぐると歩き回るハイジ。"
			},
			{
				"TYPE": "ZM",
				"ID": 639340,
				"NAME": "三厳",
				"ENG_NAME": "三厳",
				"STRING": "「こっちが手を出しても知らせが飛ばない状態になってるんなら、今のうちに何か仕掛けられないか？」",
				"ENG_STRING": "「こっちが手を出しても知らせが飛ばない状態になってるんなら、今のうちに何か仕掛けられないか？」"
			},
			{
				"TYPE": "ZM",
				"ID": 639341,
				"NAME": "アーデルハイト",
				"ENG_NAME": "アーデルハイト",
				"STRING": "「うーん、そうね……」",
				"ENG_STRING": "「うーん、そうね……」"
			},
			{
				"TYPE": "ZM",
				"ID": 639342,
				"NAME": "三厳",
				"ENG_NAME": "三厳",
				"STRING": "「何かで削るとかして、傷を入れて使えなく出来ないか？　シャベルとかスコップとかで」",
				"ENG_STRING": "「何かで削るとかして、傷を入れて使えなく出来ないか？　シャベルとかスコップとかで」"
			},
			{
				"TYPE": "ZM",
				"ID": 639343,
				"NAME": "アーデルハイト",
				"ENG_NAME": "アーデルハイト",
				"STRING": "「だったら、これはどう？」",
				"ENG_STRING": "「だったら、これはどう？」"
			},
			{
				"TYPE": "ZM",
				"ID": 639344,
				"STRING": "と、ハイジは懐から小さなナイフを取り出した。",
				"ENG_STRING": "と、ハイジは懐から小さなナイフを取り出した。"
			},
			{
				"TYPE": "ZM",
				"ID": 639345,
				"STRING": "香水の調合用に植物を削ったりするのに使うものだという。",
				"ENG_STRING": "香水の調合用に植物を削ったりするのに使うものだという。"
			},
			{
				"TYPE": "ZM",
				"ID": 639346,
				"NAME": "アーデルハイト",
				"ENG_NAME": "アーデルハイト",
				"STRING": "「あなたの力ならなんとかなる？」",
				"ENG_STRING": "「あなたの力ならなんとかなる？」"
			},
			{
				"TYPE": "ZM",
				"ID": 639347,
				"NAME": "三厳",
				"ENG_NAME": "三厳",
				"STRING": "「やってみる。刃こぼれさせたらすまん」",
				"ENG_STRING": "「やってみる。刃こぼれさせたらすまん」"
			},
			{
				"TYPE": "ZM",
				"ID": 639348,
				"NAME": "アーデルハイト",
				"ENG_NAME": "アーデルハイト",
				"STRING": "「いいわよ。それは魔術道具でも何でもない普通のナイフだから代わりはあるわ」",
				"ENG_STRING": "「いいわよ。それは魔術道具でも何でもない普通のナイフだから代わりはあるわ」"
			},
			{
				"TYPE": "ZM",
				"ID": 639349,
				"NAME": "三厳",
				"ENG_NAME": "三厳",
				"STRING": "「わかった」",
				"ENG_STRING": "「わかった」"
			},
			{
				"TYPE": "ZM",
				"ID": 639350,
				"STRING": "小さなナイフを握りしめ、思いきり床に突き立ててみる。@n",
				"ENG_STRING": "小さなナイフを握りしめ、思いきり床に突き立ててみる。@n"
			},
			{
				"TYPE": "ZM",
				"ID": 639351,
				"NAME": "三厳",
				"ENG_NAME": "三厳",
				"STRING": "「ん……駄目か……」",
				"ENG_STRING": "「ん……駄目か……」"
			},
			{
				"TYPE": "ZM",
				"ID": 639352,
				"STRING": "硬くて刺さりそうにないので、削れないかとごりごり刃を立ててみるが、まるで傷がつかない。",
				"ENG_STRING": "硬くて刺さりそうにないので、削れないかとごりごり刃を立ててみるが、まるで傷がつかない。"
			},
			{
				"TYPE": "ZM",
				"ID": 639353,
				"STRING": "こんなもん、よく叩き壊せたな、俺。",
				"ENG_STRING": "こんなもん、よく叩き壊せたな、俺。"
			},
			{
				"TYPE": "ZM",
				"ID": 639354,
				"STRING": "それだけ遺品の力が凄かったって事か。",
				"ENG_STRING": "それだけ遺品の力が凄かったって事か。"
			},
			{
				"TYPE": "ZM",
				"ID": 639355,
				"NAME": "アーデルハイト",
				"ENG_NAME": "アーデルハイト",
				"STRING": "「無理？」",
				"ENG_STRING": "「無理？」"
			},
			{
				"TYPE": "ZM",
				"ID": 639356,
				"NAME": "三厳",
				"ENG_NAME": "三厳",
				"STRING": "「ああ、まったく削れそうにないな」",
				"ENG_STRING": "「ああ、まったく削れそうにないな」"
			},
			{
				"TYPE": "ZM",
				"ID": 639357,
				"STRING": "しかし、そうなるとやっぱり遺品の魔力込みじゃなければ物理的にぶち壊すのは不可能そうだ。",
				"ENG_STRING": "しかし、そうなるとやっぱり遺品の魔力込みじゃなければ物理的にぶち壊すのは不可能そうだ。"
			},
			{
				"TYPE": "ZM",
				"ID": 639358,
				"NAME": "三厳",
				"ENG_NAME": "三厳",
				"STRING": "「やっぱ無理だわ」",
				"ENG_STRING": "「やっぱ無理だわ」"
			},
			{
				"TYPE": "ZM",
				"ID": 639359,
				"STRING": "俺は諦めて、ハイジにナイフを返した。",
				"ENG_STRING": "俺は諦めて、ハイジにナイフを返した。"
			},
			{
				"TYPE": "ZM",
				"ID": 639360,
				"STRING": "ハイジは受け取り、ナイフの代わりに何やらケースを取り出す。中にはチョークが入っていた。",
				"ENG_STRING": "ハイジは受け取り、ナイフの代わりに何やらケースを取り出す。中にはチョークが入っていた。"
			},
			{
				"TYPE": "ZM",
				"ID": 639361,
				"NAME": "アーデルハイト",
				"ENG_NAME": "アーデルハイト",
				"STRING": "「傷を入れるのが無理なら、書き足して意味を変えるしかないわね」",
				"ENG_STRING": "「傷を入れるのが無理なら、書き足して意味を変えるしかないわね」"
			},
			{
				"TYPE": "ZM",
				"ID": 639362,
				"NAME": "三厳",
				"ENG_NAME": "三厳",
				"STRING": "「それはバレないのか？」",
				"ENG_STRING": "「それはバレないのか？」"
			},
			{
				"TYPE": "ZM",
				"ID": 639363,
				"NAME": "アーデルハイト",
				"ENG_NAME": "アーデルハイト",
				"STRING": "「目立つものを描けばすぐに見つかってしまうでしょうから………小さく、目立たないもので、阻害できるもの……」",
				"ENG_STRING": "「目立つものを描けばすぐに見つかってしまうでしょうから………小さく、目立たないもので、阻害できるもの……」"
			},
			{
				"TYPE": "ZM",
				"ID": 639364,
				"STRING": "考えながらハイジは、魔法陣の側に跪いてチョークでさらさらと何か文字を足す。",
				"ENG_STRING": "考えながらハイジは、魔法陣の側に跪いてチョークでさらさらと何か文字を足す。"
			},
			{
				"TYPE": "ZM",
				"ID": 639365,
				"NAME": "アーデルハイト",
				"ENG_NAME": "アーデルハイト",
				"STRING": "「再起動したときに防衛的な機能が発生しないように妨害する仕掛けをしておくわ」",
				"ENG_STRING": "「再起動したときに防衛的な機能が発生しないように妨害する仕掛けをしておくわ」"
			},
			{
				"TYPE": "ZM",
				"ID": 639366,
				"NAME": "三厳",
				"ENG_NAME": "三厳",
				"STRING": "「起動した魔法陣にちょっかい出しても警報が飛ばなくなるって事か？」",
				"ENG_STRING": "「起動した魔法陣にちょっかい出しても警報が飛ばなくなるって事か？」"
			},
			{
				"TYPE": "ZM",
				"ID": 639367,
				"NAME": "アーデルハイト",
				"ENG_NAME": "アーデルハイト",
				"STRING": "「ええ、気休め程度だけどね」",
				"ENG_STRING": "「ええ、気休め程度だけどね」"
			},
			{
				"TYPE": "ZM",
				"ID": 639368,
				"NAME": "三厳",
				"ENG_NAME": "三厳",
				"STRING": "「何もないよりはマシさ」",
				"ENG_STRING": "「何もないよりはマシさ」"
			},
			{
				"TYPE": "ZM",
				"ID": 639369,
				"NAME": "アーデルハイト",
				"ENG_NAME": "アーデルハイト",
				"STRING": "「そうね……さあ、戻りましょう」@n",
				"ENG_STRING": "「そうね……さあ、戻りましょう」@n"
			},
			{
				"TYPE": "ZM",
				"ID": 639370,
				"STRING": "チョークをしまいつつ、ハイジは立ち上がる。",
				"ENG_STRING": "チョークをしまいつつ、ハイジは立ち上がる。"
			},
			{
				"TYPE": "ZM",
				"ID": 639371,
				"STRING": "俺達は再び階段を下り、草原を横断してスミちゃんの部屋へと戻った。",
				"ENG_STRING": "俺達は再び階段を下り、草原を横断してスミちゃんの部屋へと戻った。"
			}
		],
		"CHAPTER_SUBNAME": "S05_02_01：作戦会議"
	},
	"S05_03_01：作戦会議２": {
		"MESSAGES": [
			{
				"TYPE": "ZM",
				"ID": 639372,
				"NAME": "真弥",
				"ENG_NAME": "真弥",
				"STRING": "「おかえりー。とりあえずご飯にしようって話になってるよー」",
				"ENG_STRING": "「おかえりー。とりあえずご飯にしようって話になってるよー」"
			},
			{
				"TYPE": "ZM",
				"ID": 639373,
				"STRING": "戻って来ると、黒谷がまた鞄から食料を取り出して並べている所だった。",
				"ENG_STRING": "戻って来ると、黒谷がまた鞄から食料を取り出して並べている所だった。"
			},
			{
				"TYPE": "ZM",
				"ID": 639374,
				"NAME": "三厳",
				"ENG_NAME": "三厳",
				"STRING": "「おう、そういや腹減ったわ」",
				"ENG_STRING": "「おう、そういや腹減ったわ」"
			},
			{
				"TYPE": "ZM",
				"ID": 639375,
				"NAME": "アーデルハイト",
				"ENG_NAME": "アーデルハイト",
				"STRING": "「食べながら作戦会議ね」@n",
				"ENG_STRING": "「食べながら作戦会議ね」@n"
			},
			{
				"TYPE": "ZM",
				"ID": 639376,
				"NAME": "憂緒",
				"ENG_NAME": "憂緒",
				"STRING": "「ええ、そうしましょう」",
				"ENG_STRING": "「ええ、そうしましょう」"
			},
			{
				"TYPE": "ZM",
				"ID": 639377,
				"STRING": "輪になって床に座り、めいめい適当にサンドイッチやらおにぎりやらを頬張る。",
				"ENG_STRING": "輪になって床に座り、めいめい適当にサンドイッチやらおにぎりやらを頬張る。"
			},
			{
				"TYPE": "ZM",
				"ID": 639378,
				"NAME": "静春",
				"ENG_NAME": "静春",
				"STRING": "「なんかさ、気持ち悪ぃくらい向こうの動きがねーよな」",
				"ENG_STRING": "「なんかさ、気持ち悪ぃくらい向こうの動きがねーよな」"
			},
			{
				"TYPE": "ZM",
				"ID": 639379,
				"NAME": "三厳",
				"ENG_NAME": "三厳",
				"STRING": "「確かにな、アーリックが現れた後はこれといって……まあ、扉のつなぎ方を変えただけか」",
				"ENG_STRING": "「確かにな、アーリックが現れた後はこれといって……まあ、扉のつなぎ方を変えただけか」"
			},
			{
				"TYPE": "ZM",
				"ID": 639380,
				"NAME": "アーデルハイト",
				"ENG_NAME": "アーデルハイト",
				"STRING": "「あれだって、私達を魔法陣に近づけなくするには不完全すぎるわ」",
				"ENG_STRING": "「あれだって、私達を魔法陣に近づけなくするには不完全すぎるわ」"
			},
			{
				"TYPE": "ZM",
				"ID": 639381,
				"NAME": "三厳",
				"ENG_NAME": "三厳",
				"STRING": "「もしかして誰か待ち伏せでもしてんのかと思ったら、何もなかったしなあ」",
				"ENG_STRING": "「もしかして誰か待ち伏せでもしてんのかと思ったら、何もなかったしなあ」"
			},
			{
				"TYPE": "ZM",
				"ID": 639382,
				"NAME": "アーデルハイト",
				"ENG_NAME": "アーデルハイト",
				"STRING": "「魔法陣はじっくり見たけど、やっぱり何の変化もなかったのよね」",
				"ENG_STRING": "「魔法陣はじっくり見たけど、やっぱり何の変化もなかったのよね」"
			},
			{
				"TYPE": "ZM",
				"ID": 639383,
				"NAME": "憂緒",
				"ENG_NAME": "憂緒",
				"STRING": "「では、あの扉の細工はただの応急処置なのか気休めなのか……」",
				"ENG_STRING": "「では、あの扉の細工はただの応急処置なのか気休めなのか……」"
			},
			{
				"TYPE": "ZM",
				"ID": 639384,
				"NAME": "憂緒",
				"ENG_NAME": "憂緒",
				"STRING": "「……時間稼ぎにしては短すぎる。実際、久我くん達はあっさり行って戻って来ましたから……」",
				"ENG_STRING": "「……時間稼ぎにしては短すぎる。実際、久我くん達はあっさり行って戻って来ましたから……」"
			},
			{
				"TYPE": "ZM",
				"ID": 639385,
				"STRING": "フルーツサンドを手にしたまま、モー子が眉根を寄せ考える。",
				"ENG_STRING": "フルーツサンドを手にしたまま、モー子が眉根を寄せ考える。"
			},
			{
				"TYPE": "ZM",
				"ID": 639386,
				"NAME": "憂緒",
				"ENG_NAME": "憂緒",
				"STRING": "「……何かを待っているのでしょうか」",
				"ENG_STRING": "「……何かを待っているのでしょうか」"
			},
			{
				"TYPE": "ZM",
				"ID": 639387,
				"NAME": "アーデルハイト",
				"ENG_NAME": "アーデルハイト",
				"STRING": "「待ってるって、学園側が？」",
				"ENG_STRING": "「待ってるって、学園側が？」"
			},
			{
				"TYPE": "ZM",
				"ID": 639388,
				"NAME": "憂緒",
				"ENG_NAME": "憂緒",
				"STRING": "「ええ。動きがないのも、対策が中途半端なのも、それ以上に何か大きな事をやる時期を計っているせいではないかという気がするのです」",
				"ENG_STRING": "「ええ。動きがないのも、対策が中途半端なのも、それ以上に何か大きな事をやる時期を計っているせいではないかという気がするのです」"
			},
			{
				"TYPE": "ZM",
				"ID": 639389,
				"NAME": "アーデルハイト",
				"ENG_NAME": "アーデルハイト",
				"STRING": "「あの魔法陣には特に変化は見られなかったから、そうかもしれないわね」",
				"ENG_STRING": "「あの魔法陣には特に変化は見られなかったから、そうかもしれないわね」"
			},
			{
				"TYPE": "ZM",
				"ID": 639390,
				"NAME": "憂緒",
				"ENG_NAME": "憂緒",
				"STRING": "「扉をつなぎ替え、私達の注意をあの魔法陣に向けることにより、そうして自分達が待つ何かの方を邪魔されないようにした……とか」",
				"ENG_STRING": "「扉をつなぎ替え、私達の注意をあの魔法陣に向けることにより、そうして自分達が待つ何かの方を邪魔されないようにした……とか」"
			},
			{
				"TYPE": "ZM",
				"ID": 639391,
				"NAME": "アーデルハイト",
				"ENG_NAME": "アーデルハイト",
				"STRING": "「あり得るわね」",
				"ENG_STRING": "「あり得るわね」"
			},
			{
				"TYPE": "ZM",
				"ID": 639392,
				"NAME": "静春",
				"ENG_NAME": "静春",
				"STRING": "「それならこっちもただ黙って待ってるより何か行動を起こすべきじゃねーのか？」",
				"ENG_STRING": "「それならこっちもただ黙って待ってるより何か行動を起こすべきじゃねーのか？」"
			},
			{
				"TYPE": "ZM",
				"ID": 639393,
				"NAME": "憂緒",
				"ENG_NAME": "憂緒",
				"STRING": "「もちろんです。ただ問題はどのような行動を起こすべきかということです」",
				"ENG_STRING": "「もちろんです。ただ問題はどのような行動を起こすべきかということです」"
			},
			{
				"TYPE": "ZM",
				"ID": 639394,
				"NAME": "憂緒",
				"ENG_NAME": "憂緒",
				"STRING": "「アーデルハイトさん、魔法陣は現状では壊せそうにないのですか？」",
				"ENG_STRING": "「アーデルハイトさん、魔法陣は現状では壊せそうにないのですか？」"
			},
			{
				"TYPE": "ZM",
				"ID": 639395,
				"NAME": "アーデルハイト",
				"ENG_NAME": "アーデルハイト",
				"STRING": "「ええ、無理ね」",
				"ENG_STRING": "「ええ、無理ね」"
			},
			{
				"TYPE": "ZM",
				"ID": 639396,
				"STRING": "頷くと、ハイジは一旦手にしたメロンパンを置いて語り始めた。",
				"ENG_STRING": "頷くと、ハイジは一旦手にしたメロンパンを置いて語り始めた。"
			},
			{
				"TYPE": "ZM",
				"ID": 639397,
				"NAME": "アーデルハイト",
				"ENG_NAME": "アーデルハイト",
				"STRING": "「まず、前にやった、破壊の魔法陣を周囲に描く方法は、魔法陣が起動していない今は使えないわ」",
				"ENG_STRING": "「まず、前にやった、破壊の魔法陣を周囲に描く方法は、魔法陣が起動していない今は使えないわ」"
			},
			{
				"TYPE": "ZM",
				"ID": 639398,
				"NAME": "憂緒",
				"ENG_NAME": "憂緒",
				"STRING": "「魔法陣の力を逆流させるものですから、起動していない今は当然出来ないと言うことですね」",
				"ENG_STRING": "「魔法陣の力を逆流させるものですから、起動していない今は当然出来ないと言うことですね」"
			},
			{
				"TYPE": "ZM",
				"ID": 639399,
				"NAME": "アーデルハイト",
				"ENG_NAME": "アーデルハイト",
				"STRING": "「そう。それにさっきコガが試したのだけれど、人の力だけでは傷を入れることも不可能だったわ」",
				"ENG_STRING": "「そう。それにさっきコガが試したのだけれど、人の力だけでは傷を入れることも不可能だったわ」"
			},
			{
				"TYPE": "ZM",
				"ID": 639400,
				"NAME": "三厳",
				"ENG_NAME": "三厳",
				"STRING": "「ナイフ借りて削れないかやってみたんだけどな、全然無理だったわ」",
				"ENG_STRING": "「ナイフ借りて削れないかやってみたんだけどな、全然無理だったわ」"
			},
			{
				"TYPE": "ZM",
				"ID": 639401,
				"NAME": "静春",
				"ENG_NAME": "静春",
				"STRING": "「お前の馬鹿力で無理なら、どうしようもねーな」",
				"ENG_STRING": "「お前の馬鹿力で無理なら、どうしようもねーな」"
			},
			{
				"TYPE": "ZM",
				"ID": 639402,
				"NAME": "アーデルハイト",
				"ENG_NAME": "アーデルハイト",
				"STRING": "「小さなナイフだったから、もっと別の道具なら少しくらいは傷つけられるかも知れないけど……全部壊すのは無理ね」",
				"ENG_STRING": "「小さなナイフだったから、もっと別の道具なら少しくらいは傷つけられるかも知れないけど……全部壊すのは無理ね」"
			},
			{
				"TYPE": "ZM",
				"ID": 639403,
				"NAME": "アーデルハイト",
				"ENG_NAME": "アーデルハイト",
				"STRING": "「それに、さっきの話で、そもそも学園側があの魔法陣を本当にまた使うのかも怪しくなったから壊しても意味があるかどうか」",
				"ENG_STRING": "「それに、さっきの話で、そもそも学園側があの魔法陣を本当にまた使うのかも怪しくなったから壊しても意味があるかどうか」"
			},
			{
				"TYPE": "ZM",
				"ID": 639404,
				"NAME": "憂緒",
				"ENG_NAME": "憂緒",
				"STRING": "「そうですね。他の所に新しい魔法陣を用意している可能性もありますから……」",
				"ENG_STRING": "「そうですね。他の所に新しい魔法陣を用意している可能性もありますから……」"
			},
			{
				"TYPE": "ZM",
				"ID": 639405,
				"NAME": "憂緒",
				"ENG_NAME": "憂緒",
				"STRING": "「……………………」",
				"ENG_STRING": "「……………………」"
			},
			{
				"TYPE": "ZM",
				"ID": 639406,
				"STRING": "モー子は更に難しい顔になり、考え込む。",
				"ENG_STRING": "モー子は更に難しい顔になり、考え込む。"
			},
			{
				"TYPE": "ZM",
				"ID": 639407,
				"STRING": "無意識にフルーツサンドを口に運んでいるのは、フル稼働している脳が糖分を欲しているのだろうか。",
				"ENG_STRING": "無意識にフルーツサンドを口に運んでいるのは、フル稼働している脳が糖分を欲しているのだろうか。"
			},
			{
				"TYPE": "ZM",
				"ID": 639408,
				"NAME": "憂緒",
				"ENG_NAME": "憂緒",
				"STRING": "「……アーデルハイトさん。ひとつ思いついたことがあるのですが」",
				"ENG_STRING": "「……アーデルハイトさん。ひとつ思いついたことがあるのですが」"
			},
			{
				"TYPE": "ZM",
				"ID": 639409,
				"STRING": "やがて、顔を上げたモー子は何故か微妙な表情を浮かべていた。",
				"ENG_STRING": "やがて、顔を上げたモー子は何故か微妙な表情を浮かべていた。"
			},
			{
				"TYPE": "ZM",
				"ID": 639410,
				"NAME": "アーデルハイト",
				"ENG_NAME": "アーデルハイト",
				"STRING": "「何？　言ってみて」",
				"ENG_STRING": "「何？　言ってみて」"
			},
			{
				"TYPE": "ZM",
				"ID": 639411,
				"NAME": "憂緒",
				"ENG_NAME": "憂緒",
				"STRING": "「もしかすると、私は馬鹿な提案をしているのかもしれませんが……」",
				"ENG_STRING": "「もしかすると、私は馬鹿な提案をしているのかもしれませんが……」"
			},
			{
				"TYPE": "ZM",
				"ID": 639412,
				"NAME": "アーデルハイト",
				"ENG_NAME": "アーデルハイト",
				"STRING": "「なんでもいいわよ。この際出来そうなことは全部検討すべきでしょ」",
				"ENG_STRING": "「なんでもいいわよ。この際出来そうなことは全部検討すべきでしょ」"
			},
			{
				"TYPE": "ZM",
				"ID": 639413,
				"NAME": "憂緒",
				"ENG_NAME": "憂緒",
				"STRING": "「そうですね。では……以前、あの異空間はすべて魔力で作られていると言っていましたよね？」@n",
				"ENG_STRING": "「そうですね。では……以前、あの異空間はすべて魔力で作られていると言っていましたよね？」@n"
			},
			{
				"TYPE": "ZM",
				"ID": 639414,
				"NAME": "アーデルハイト",
				"ENG_NAME": "アーデルハイト",
				"STRING": "「ええ、そうよ」",
				"ENG_STRING": "「ええ、そうよ」"
			},
			{
				"TYPE": "ZM",
				"ID": 639415,
				"NAME": "憂緒",
				"ENG_NAME": "憂緒",
				"STRING": "「あの異空間自体を全部使って、それで蝕の日の代替にしようとしているのでは、とも」",
				"ENG_STRING": "「あの異空間自体を全部使って、それで蝕の日の代替にしようとしているのでは、とも」"
			},
			{
				"TYPE": "ZM",
				"ID": 639416,
				"NAME": "アーデルハイト",
				"ENG_NAME": "アーデルハイト",
				"STRING": "「蝕の日に代わるほどの魔力となると、あの異空間丸ごとには充分匹敵するでしょうからね。そうだと思うわ」",
				"ENG_STRING": "「蝕の日に代わるほどの魔力となると、あの異空間丸ごとには充分匹敵するでしょうからね。そうだと思うわ」"
			},
			{
				"TYPE": "ZM",
				"ID": 639417,
				"NAME": "三厳",
				"ENG_NAME": "三厳",
				"STRING": "「で、それが何なんだ？」",
				"ENG_STRING": "「で、それが何なんだ？」"
			},
			{
				"TYPE": "ZM",
				"ID": 639418,
				"NAME": "憂緒",
				"ENG_NAME": "憂緒",
				"STRING": "「では――あの異空間そのものを壊すことは出来ないでしょうか？」",
				"ENG_STRING": "「では――あの異空間そのものを壊すことは出来ないでしょうか？」"
			},
			{
				"TYPE": "ZM",
				"ID": 639419,
				"NAME": "三厳",
				"ENG_NAME": "三厳",
				"STRING": "「……へ？」",
				"ENG_STRING": "「……へ？」"
			},
			{
				"TYPE": "ZM",
				"ID": 639420,
				"NAME": "憂緒",
				"ENG_NAME": "憂緒",
				"STRING": "「そうすれば結果的に、異空間にある魔法陣も消えてなくなるはずでしょう。蝕の日の代替とやらも出来なくなります」",
				"ENG_STRING": "「そうすれば結果的に、異空間にある魔法陣も消えてなくなるはずでしょう。蝕の日の代替とやらも出来なくなります」"
			},
			{
				"TYPE": "ZM",
				"ID": 639421,
				"NAME": "アーデルハイト",
				"ENG_NAME": "アーデルハイト",
				"STRING": "「そうね、その手があったわ…！」",
				"ENG_STRING": "「そうね、その手があったわ…！」"
			},
			{
				"TYPE": "ZM",
				"ID": 639422,
				"STRING": "ぱん、と手を打ってハイジが同意する。",
				"ENG_STRING": "ぱん、と手を打ってハイジが同意する。"
			},
			{
				"TYPE": "ZM",
				"ID": 639423,
				"NAME": "アーデルハイト",
				"ENG_NAME": "アーデルハイト",
				"STRING": "「魔法陣が駄目なら異空間ごと壊せばいいのよ！！」",
				"ENG_STRING": "「魔法陣が駄目なら異空間ごと壊せばいいのよ！！」"
			},
			{
				"TYPE": "ZM",
				"ID": 639424,
				"NAME": "三厳",
				"ENG_NAME": "三厳",
				"STRING": "「そっちは出来るのかよ？　その方が大規模っぽいけど」",
				"ENG_STRING": "「そっちは出来るのかよ？　その方が大規模っぽいけど」"
			},
			{
				"TYPE": "ZM",
				"ID": 639425,
				"STRING": "俺の質問に頷きつつ、ハイジは図書館であの異空間について調べた内容を説明し出した。",
				"ENG_STRING": "俺の質問に頷きつつ、ハイジは図書館であの異空間について調べた内容を説明し出した。"
			},
			{
				"TYPE": "ZM",
				"ID": 639426,
				"NAME": "アーデルハイト",
				"ENG_NAME": "アーデルハイト",
				"STRING": "「あの異空間は、魔力そのもので出来ているのだけれど、普通はあんな風に固定した状態には出来ないの」",
				"ENG_STRING": "「あの異空間は、魔力そのもので出来ているのだけれど、普通はあんな風に固定した状態には出来ないの」"
			},
			{
				"TYPE": "ZM",
				"ID": 639427,
				"NAME": "アーデルハイト",
				"ENG_NAME": "アーデルハイト",
				"STRING": "「異空間のどこかに、異空間全体を支えて魔力を留めている仕掛けがあるはずよ」",
				"ENG_STRING": "「異空間のどこかに、異空間全体を支えて魔力を留めている仕掛けがあるはずよ」"
			},
			{
				"TYPE": "ZM",
				"ID": 639428,
				"NAME": "憂緒",
				"ENG_NAME": "憂緒",
				"STRING": "「魔力を固定する装置、ですか」",
				"ENG_STRING": "「魔力を固定する装置、ですか」"
			},
			{
				"TYPE": "ZM",
				"ID": 639429,
				"NAME": "アーデルハイト",
				"ENG_NAME": "アーデルハイト",
				"STRING": "「ええ。そうね……あの大きさなら複数あるはずだわ」",
				"ENG_STRING": "「ええ。そうね……あの大きさなら複数あるはずだわ」"
			},
			{
				"TYPE": "ZM",
				"ID": 639430,
				"NAME": "静春",
				"ENG_NAME": "静春",
				"STRING": "「その仕掛けを壊せばいいのか？」",
				"ENG_STRING": "「その仕掛けを壊せばいいのか？」"
			},
			{
				"TYPE": "ZM",
				"ID": 639431,
				"NAME": "アーデルハイト",
				"ENG_NAME": "アーデルハイト",
				"STRING": "「そうしたら異空間は支えを失って崩壊するはずよ」",
				"ENG_STRING": "「そうしたら異空間は支えを失って崩壊するはずよ」"
			},
			{
				"TYPE": "ZM",
				"ID": 639432,
				"NAME": "三厳",
				"ENG_NAME": "三厳",
				"STRING": "「どうやって壊すんだ？」",
				"ENG_STRING": "「どうやって壊すんだ？」"
			},
			{
				"TYPE": "ZM",
				"ID": 639433,
				"NAME": "アーデルハイト",
				"ENG_NAME": "アーデルハイト",
				"STRING": "「待ってて。私がそのための魔術薬を作るから。あなた達はその間に仕掛けがどこにあるのか、いくつあるのか探してちょうだい」",
				"ENG_STRING": "「待ってて。私がそのための魔術薬を作るから。あなた達はその間に仕掛けがどこにあるのか、いくつあるのか探してちょうだい」"
			},
			{
				"TYPE": "ZM",
				"ID": 639434,
				"NAME": "憂緒",
				"ENG_NAME": "憂緒",
				"STRING": "「わかりました。仕掛けはどのような形かわかりますか？」",
				"ENG_STRING": "「わかりました。仕掛けはどのような形かわかりますか？」"
			},
			{
				"TYPE": "ZM",
				"ID": 639435,
				"NAME": "アーデルハイト",
				"ENG_NAME": "アーデルハイト",
				"STRING": "「ラズリット・ブロッドストーンは使われてるはずよ。あんな空間を支え続けるためにはずっと魔力が必要だし」",
				"ENG_STRING": "「ラズリット・ブロッドストーンは使われてるはずよ。あんな空間を支え続けるためにはずっと魔力が必要だし」"
			},
			{
				"TYPE": "ZM",
				"ID": 639436,
				"NAME": "アーデルハイト",
				"ENG_NAME": "アーデルハイト",
				"STRING": "「おそらく小さな魔法陣――魔力を留めて支える術式を描いた陣と、ラズリット・ブロッドストーンじゃないかしら」",
				"ENG_STRING": "「おそらく小さな魔法陣――魔力を留めて支える術式を描いた陣と、ラズリット・ブロッドストーンじゃないかしら」"
			},
			{
				"TYPE": "ZM",
				"ID": 639437,
				"NAME": "憂緒",
				"ENG_NAME": "憂緒",
				"STRING": "「了解です。探しましょう、みんなで」",
				"ENG_STRING": "「了解です。探しましょう、みんなで」"
			},
			{
				"TYPE": "ZM",
				"ID": 639438,
				"NAME": "静春",
				"ENG_NAME": "静春",
				"STRING": "「おう、今ならまだ香水のおかげで誰かに鉢合わせしても見つからねーんだろ？　急ごうぜ」",
				"ENG_STRING": "「おう、今ならまだ香水のおかげで誰かに鉢合わせしても見つからねーんだろ？　急ごうぜ」"
			},
			{
				"TYPE": "ZM",
				"ID": 639439,
				"NAME": "三厳",
				"ENG_NAME": "三厳",
				"STRING": "「異空間広いからな。けっこう時間掛かるぞ」",
				"ENG_STRING": "「異空間広いからな。けっこう時間掛かるぞ」"
			},
			{
				"TYPE": "ZM",
				"ID": 639440,
				"NAME": "真弥",
				"ENG_NAME": "真弥",
				"STRING": "「手伝うよー、それくらいなら！」",
				"ENG_STRING": "「手伝うよー、それくらいなら！」"
			},
			{
				"TYPE": "ZM",
				"ID": 639441,
				"NAME": "満琉",
				"ENG_NAME": "満琉",
				"STRING": "「ぼ、ぼくも……」@n",
				"ENG_STRING": "「ぼ、ぼくも……」@n"
			},
			{
				"TYPE": "ZM",
				"ID": 639489,
				"NAME": "憂緒",
				"ENG_NAME": "憂緒",
				"STRING": "「いえ、ここを無人にするのも危険かと。ルイさんは残していくしかありませんから」",
				"ENG_STRING": "「いえ、ここを無人にするのも危険かと。ルイさんは残していくしかありませんから」"
			},
			{
				"TYPE": "ZM",
				"ID": 639490,
				"NAME": "静春",
				"ENG_NAME": "静春",
				"STRING": "「なら手分けして、交代で行くか？　夜通しになりかねんから休憩もいるだろ」",
				"ENG_STRING": "「なら手分けして、交代で行くか？　夜通しになりかねんから休憩もいるだろ」"
			},
			{
				"TYPE": "ZM",
				"ID": 639491,
				"NAME": "三厳",
				"ENG_NAME": "三厳",
				"STRING": "「なるほど、さすが静春ちゃん。元風紀」",
				"ENG_STRING": "「なるほど、さすが静春ちゃん。元風紀」"
			},
			{
				"TYPE": "ZM",
				"ID": 639492,
				"NAME": "静春",
				"ENG_NAME": "静春",
				"STRING": "「ちゃん言うなっ！！　オレあんま動いてねーから先行く！！」@n",
				"ENG_STRING": "「ちゃん言うなっ！！　オレあんま動いてねーから先行く！！」@n"
			},
			{
				"TYPE": "ZM",
				"ID": 639493,
				"NAME": "憂緒",
				"ENG_NAME": "憂緒",
				"STRING": "「では誰かしら留守番しながら交代で行きましょう。アーデルハイトさん、その破壊するための薬をお願いします」",
				"ENG_STRING": "「では誰かしら留守番しながら交代で行きましょう。アーデルハイトさん、その破壊するための薬をお願いします」"
			},
			{
				"TYPE": "ZM",
				"ID": 639494,
				"NAME": "アーデルハイト",
				"ENG_NAME": "アーデルハイト",
				"STRING": "「ええ、任せて」",
				"ENG_STRING": "「ええ、任せて」"
			},
			{
				"TYPE": "ZM",
				"ID": 639495,
				"STRING": "ハイジがこっそり自室へ戻り、必要な材料を持って帰ってきたところで、俺達は手分けして仕掛け探しに奔走することになった。",
				"ENG_STRING": "ハイジがこっそり自室へ戻り、必要な材料を持って帰ってきたところで、俺達は手分けして仕掛け探しに奔走することになった。"
			}
		],
		"CHAPTER_SUBNAME": "S05_03_01：作戦会議２"
	}
}