{
	"S02_22_01：リトとの会話": {
		"MESSAGES": [
			{
				"TYPE": "ZM",
				"ID": 580866,
				"NAME": "リト",
				"ENG_NAME": "リト",
				"STRING": "「ねえ、学食って今何が人気あるんですか？」",
				"ENG_STRING": "「ねえ、学食って今何が人気あるんですか？」"
			},
			{
				"TYPE": "ZM",
				"ID": 580867,
				"NAME": "小太郎",
				"ENG_NAME": "小太郎",
				"STRING": "「えーっと、日替わり定食がしょうが焼きの時は争奪戦になったりとか……」",
				"ENG_STRING": "「えーっと、日替わり定食がしょうが焼きの時は争奪戦になったりとか……」"
			},
			{
				"TYPE": "ZM",
				"ID": 580868,
				"NAME": "リト",
				"ENG_NAME": "リト",
				"STRING": "「争奪戦！？　面白そうー」@n",
				"ENG_STRING": "「争奪戦！？　面白そうー」@n"
			},
			{
				"TYPE": "ZM",
				"ID": 581121,
				"NAME": "小太郎",
				"ENG_NAME": "小太郎",
				"STRING": "「いやもう、壮絶すぎて怖いよ。ねえ、みっちー」",
				"ENG_STRING": "「いやもう、壮絶すぎて怖いよ。ねえ、みっちー」"
			},
			{
				"TYPE": "ZM",
				"ID": 581122,
				"NAME": "三厳",
				"ENG_NAME": "三厳",
				"STRING": "「まあ……女子で参加してるの運動部の上級生くらいかな」",
				"ENG_STRING": "「まあ……女子で参加してるの運動部の上級生くらいかな」"
			},
			{
				"TYPE": "ZM",
				"ID": 581123,
				"STRING": "おまるに話しかけられると、少しどきっとする。",
				"ENG_STRING": "おまるに話しかけられると、少しどきっとする。"
			},
			{
				"TYPE": "ZM",
				"ID": 581124,
				"STRING": "花立なんだと納得しても、見た目はどう見てもおまるだからなあ……。",
				"ENG_STRING": "花立なんだと納得しても、見た目はどう見てもおまるだからなあ……。"
			},
			{
				"TYPE": "ZM",
				"ID": 581125,
				"NAME": "三厳",
				"ENG_NAME": "三厳",
				"STRING": "（けど、こっちがあんまり複雑な顔ばっか晒してんのもな……）",
				"ENG_STRING": "（けど、こっちがあんまり複雑な顔ばっか晒してんのもな……）"
			},
			{
				"TYPE": "ZM",
				"ID": 581126,
				"STRING": "おまるにしろ、花立にしろ、どっちにしろそういうのには気をつかう性格だ。",
				"ENG_STRING": "おまるにしろ、花立にしろ、どっちにしろそういうのには気をつかう性格だ。"
			},
			{
				"TYPE": "ZM",
				"ID": 581127,
				"STRING": "出来るだけ普通に話そうとは思うが……。",
				"ENG_STRING": "出来るだけ普通に話そうとは思うが……。"
			},
			{
				"TYPE": "ZM",
				"ID": 581128,
				"NAME": "リト",
				"ENG_NAME": "リト",
				"STRING": "「そういうのやったことないんですもん」",
				"ENG_STRING": "「そういうのやったことないんですもん」"
			},
			{
				"TYPE": "ZM",
				"ID": 581129,
				"STRING": "リトがあまりに普段と違うので、これはこれで調子が狂う。",
				"ENG_STRING": "リトがあまりに普段と違うので、これはこれで調子が狂う。"
			},
			{
				"TYPE": "ZM",
				"ID": 581130,
				"NAME": "リト",
				"ENG_NAME": "リト",
				"STRING": "「そう言えば、焼きそばパンっておいしいんですか？」@n",
				"ENG_STRING": "「そう言えば、焼きそばパンっておいしいんですか？」@n"
			},
			{
				"TYPE": "ZM",
				"ID": 581377,
				"NAME": "小太郎",
				"ENG_NAME": "小太郎",
				"STRING": "「おれは好きだけどなあ」",
				"ENG_STRING": "「おれは好きだけどなあ」"
			},
			{
				"TYPE": "ZM",
				"ID": 581378,
				"NAME": "三厳",
				"ENG_NAME": "三厳",
				"STRING": "「もうちょい紅ショウガ多めでもいいと思うんだが」",
				"ENG_STRING": "「もうちょい紅ショウガ多めでもいいと思うんだが」"
			},
			{
				"TYPE": "ZM",
				"ID": 581379,
				"NAME": "小太郎",
				"ENG_NAME": "小太郎",
				"STRING": "「みっちーは辛党すぎなの！」@n",
				"ENG_STRING": "「みっちーは辛党すぎなの！」@n"
			},
			{
				"TYPE": "ZM",
				"ID": 581380,
				"NAME": "リト",
				"ENG_NAME": "リト",
				"STRING": "「ふふっ、久我くんってそんなに辛い物が好きなんですか」",
				"ENG_STRING": "「ふふっ、久我くんってそんなに辛い物が好きなんですか」"
			},
			{
				"TYPE": "ZM",
				"ID": 581381,
				"NAME": "三厳",
				"ENG_NAME": "三厳",
				"STRING": "「だってうまいじゃん。ホットドッグとかももっとマスタードこんもり入れるべきだよな」",
				"ENG_STRING": "「だってうまいじゃん。ホットドッグとかももっとマスタードこんもり入れるべきだよな」"
			},
			{
				"TYPE": "ZM",
				"ID": 581382,
				"NAME": "リト",
				"ENG_NAME": "リト",
				"STRING": "「ホットドッグ？　ああ、本で読んだ事があります！　あれもおいしそうですねー」@n",
				"ENG_STRING": "「ホットドッグ？　ああ、本で読んだ事があります！　あれもおいしそうですねー」@n"
			},
			{
				"TYPE": "ZM",
				"ID": 581633,
				"NAME": "小太郎",
				"ENG_NAME": "小太郎",
				"STRING": "「食べた事はないんだ？」",
				"ENG_STRING": "「食べた事はないんだ？」"
			},
			{
				"TYPE": "ZM",
				"ID": 581634,
				"NAME": "リト",
				"ENG_NAME": "リト",
				"STRING": "「ないんですよー。学食にあります？」",
				"ENG_STRING": "「ないんですよー。学食にあります？」"
			},
			{
				"TYPE": "ZM",
				"ID": 581635,
				"NAME": "三厳",
				"ENG_NAME": "三厳",
				"STRING": "「学食にはないなあ」",
				"ENG_STRING": "「学食にはないなあ」"
			},
			{
				"TYPE": "ZM",
				"ID": 581636,
				"NAME": "リト",
				"ENG_NAME": "リト",
				"STRING": "「そうなんですかー、残念」@n",
				"ENG_STRING": "「そうなんですかー、残念」@n"
			},
			{
				"TYPE": "ZM",
				"ID": 581889,
				"STRING": "さっきからリトは、思いついたことを片っ端から喋る、という感じでずっと話し続けていた。",
				"ENG_STRING": "さっきからリトは、思いついたことを片っ端から喋る、という感じでずっと話し続けていた。"
			},
			{
				"TYPE": "ZM",
				"ID": 581890,
				"STRING": "遺品の効果で変化した『理想の自分』がこれ、なのだとしたら……。",
				"ENG_STRING": "遺品の効果で変化した『理想の自分』がこれ、なのだとしたら……。"
			},
			{
				"TYPE": "ZM",
				"ID": 581891,
				"NAME": "三厳",
				"ENG_NAME": "三厳",
				"STRING": "（リトはリトで、ホムンクルスである自分に何かしら思うことがあったってことなのかな…）",
				"ENG_STRING": "（リトはリトで、ホムンクルスである自分に何かしら思うことがあったってことなのかな…）"
			},
			{
				"TYPE": "ZM",
				"ID": 581892,
				"NAME": "憂緒",
				"ENG_NAME": "憂緒",
				"STRING": "「……………………」",
				"ENG_STRING": "「……………………」"
			},
			{
				"TYPE": "ZM",
				"ID": 581893,
				"STRING": "そしてモー子は、そんなリトを時折忍び見るようにしながら、何事か思案している。",
				"ENG_STRING": "そしてモー子は、そんなリトを時折忍び見るようにしながら、何事か思案している。"
			},
			{
				"TYPE": "ZM",
				"ID": 581894,
				"NAME": "リト",
				"ENG_NAME": "リト",
				"STRING": "「教室で食べたりするんですか？　こうやって教科書で隠して」",
				"ENG_STRING": "「教室で食べたりするんですか？　こうやって教科書で隠して」"
			},
			{
				"TYPE": "ZM",
				"ID": 581895,
				"NAME": "小太郎",
				"ENG_NAME": "小太郎",
				"STRING": "「たまにそうやって食べてる人いるみたいだけど、けっこうバレるよ」",
				"ENG_STRING": "「たまにそうやって食べてる人いるみたいだけど、けっこうバレるよ」"
			},
			{
				"TYPE": "ZM",
				"ID": 581896,
				"NAME": "三厳",
				"ENG_NAME": "三厳",
				"STRING": "「俺はバレた事ないぞ」",
				"ENG_STRING": "「俺はバレた事ないぞ」"
			},
			{
				"TYPE": "ZM",
				"ID": 581897,
				"NAME": "小太郎",
				"ENG_NAME": "小太郎",
				"STRING": "「みっちー、やってたの！？」@n",
				"ENG_STRING": "「みっちー、やってたの！？」@n"
			},
			{
				"TYPE": "ZM",
				"ID": 582145,
				"NAME": "三厳",
				"ENG_NAME": "三厳",
				"STRING": "「たまに」",
				"ENG_STRING": "「たまに」"
			},
			{
				"TYPE": "ZM",
				"ID": 582146,
				"NAME": "リト",
				"ENG_NAME": "リト",
				"STRING": "「ふふふ、久我くんはなんだか得意そう」",
				"ENG_STRING": "「ふふふ、久我くんはなんだか得意そう」"
			},
			{
				"TYPE": "ZM",
				"ID": 582147,
				"NAME": "三厳",
				"ENG_NAME": "三厳",
				"STRING": "「まあな。コツがあるんだよ」",
				"ENG_STRING": "「まあな。コツがあるんだよ」"
			},
			{
				"TYPE": "ZM",
				"ID": 582148,
				"NAME": "小太郎",
				"ENG_NAME": "小太郎",
				"STRING": "「自慢にならないから！　駄目だよ。リトさんそんなこと学習しちゃ。バレたら怒られるんだからね？」@n",
				"ENG_STRING": "「自慢にならないから！　駄目だよ。リトさんそんなこと学習しちゃ。バレたら怒られるんだからね？」@n"
			},
			{
				"TYPE": "ZM",
				"ID": 582149,
				"NAME": "リト",
				"ENG_NAME": "リト",
				"STRING": "「そしたらやっぱり、廊下に立たされるの？　バケツは持つの？」",
				"ENG_STRING": "「そしたらやっぱり、廊下に立たされるの？　バケツは持つの？」"
			},
			{
				"TYPE": "ZM",
				"ID": 582150,
				"NAME": "小太郎",
				"ENG_NAME": "小太郎",
				"STRING": "「いや、どうだろう……。おれは立たされたことないからわかんないや」",
				"ENG_STRING": "「いや、どうだろう……。おれは立たされたことないからわかんないや」"
			},
			{
				"TYPE": "ZM",
				"ID": 582151,
				"NAME": "三厳",
				"ENG_NAME": "三厳",
				"STRING": "「さすがにそんな昭和の漫画みたいなことする教師は今時あんまりいないと思うぞ」",
				"ENG_STRING": "「さすがにそんな昭和の漫画みたいなことする教師は今時あんまりいないと思うぞ」"
			},
			{
				"TYPE": "ZM",
				"ID": 582152,
				"NAME": "リト",
				"ENG_NAME": "リト",
				"STRING": "「えーっ！？　いないんだぁ……」@n",
				"ENG_STRING": "「えーっ！？　いないんだぁ……」@n"
			},
			{
				"TYPE": "ZM",
				"ID": 582401,
				"STRING": "なぜかがっかりするリト。",
				"ENG_STRING": "なぜかがっかりするリト。"
			},
			{
				"TYPE": "ZM",
				"ID": 582402,
				"STRING": "リトの知識は、おそらく本で読んだことが大半なのだろうが、うちの図書館ってそんな事書いてあるような本まで置いてあるのか……？",
				"ENG_STRING": "リトの知識は、おそらく本で読んだことが大半なのだろうが、うちの図書館ってそんな事書いてあるような本まで置いてあるのか……？"
			},
			{
				"TYPE": "ZM",
				"ID": 582403,
				"NAME": "リト",
				"ENG_NAME": "リト",
				"STRING": "「あ、じゃあ、あの……あれは？」@n",
				"ENG_STRING": "「あ、じゃあ、あの……あれは？」@n"
			},
			{
				"TYPE": "ZM",
				"ID": 582657,
				"NAME": "三厳",
				"ENG_NAME": "三厳",
				"STRING": "「あれって？」",
				"ENG_STRING": "「あれって？」"
			},
			{
				"TYPE": "ZM",
				"ID": 582658,
				"NAME": "リト",
				"ENG_NAME": "リト",
				"STRING": "「えと、ほら……下駄箱にこう、入れとくってやつです。手紙とか？」",
				"ENG_STRING": "「えと、ほら……下駄箱にこう、入れとくってやつです。手紙とか？」"
			},
			{
				"TYPE": "ZM",
				"ID": 582659,
				"NAME": "小太郎",
				"ENG_NAME": "小太郎",
				"STRING": "「ラブレター的な？」",
				"ENG_STRING": "「ラブレター的な？」"
			},
			{
				"TYPE": "ZM",
				"ID": 582660,
				"NAME": "リト",
				"ENG_NAME": "リト",
				"STRING": "「……そ、そう、それ……」@n",
				"ENG_STRING": "「……そ、そう、それ……」@n"
			},
			{
				"TYPE": "ZM",
				"ID": 582913,
				"STRING": "照れくさいのか、少し頬が赤い。",
				"ENG_STRING": "照れくさいのか、少し頬が赤い。"
			},
			{
				"TYPE": "ZM",
				"ID": 582914,
				"STRING": "普通の女の子にしか見えないな、しかもかなり恥ずかしがり屋な感じの……。",
				"ENG_STRING": "普通の女の子にしか見えないな、しかもかなり恥ずかしがり屋な感じの……。"
			},
			{
				"TYPE": "ZM",
				"ID": 582915,
				"NAME": "三厳",
				"ENG_NAME": "三厳",
				"STRING": "「うち下駄箱ないぞ」",
				"ENG_STRING": "「うち下駄箱ないぞ」"
			},
			{
				"TYPE": "ZM",
				"ID": 582916,
				"NAME": "リト",
				"ENG_NAME": "リト",
				"STRING": "「……あああっ！？　そうだった！！」",
				"ENG_STRING": "「……あああっ！？　そうだった！！」"
			},
			{
				"TYPE": "ZM",
				"ID": 582917,
				"STRING": "さっきよりショック受けてる。",
				"ENG_STRING": "さっきよりショック受けてる。"
			},
			{
				"TYPE": "ZM",
				"ID": 582918,
				"STRING": "憧れてたんだろうか……。",
				"ENG_STRING": "憧れてたんだろうか……。"
			},
			{
				"TYPE": "ZM",
				"ID": 582919,
				"NAME": "小太郎",
				"ENG_NAME": "小太郎",
				"STRING": "「あ、だから、下駄箱じゃなくて、机の中って聞いたことあるよ！」",
				"ENG_STRING": "「あ、だから、下駄箱じゃなくて、机の中って聞いたことあるよ！」"
			},
			{
				"TYPE": "ZM",
				"ID": 582920,
				"STRING": "すかさずフォローするおまる。",
				"ENG_STRING": "すかさずフォローするおまる。"
			},
			{
				"TYPE": "ZM",
				"ID": 582921,
				"STRING": "……こいつはこいつで、人の好い所とか、本物のおまるっぽいんだけどなあ。",
				"ENG_STRING": "……こいつはこいつで、人の好い所とか、本物のおまるっぽいんだけどなあ。"
			},
			{
				"TYPE": "ZM",
				"ID": 582922,
				"NAME": "三厳",
				"ENG_NAME": "三厳",
				"STRING": "（ああ、でも花立でも似たような反応はしそうだな…）",
				"ENG_STRING": "（ああ、でも花立でも似たような反応はしそうだな…）"
			},
			{
				"TYPE": "ZM",
				"ID": 582923,
				"NAME": "リト",
				"ENG_NAME": "リト",
				"STRING": "「机の中？」@n",
				"ENG_STRING": "「机の中？」@n"
			},
			{
				"TYPE": "ZM",
				"ID": 583169,
				"NAME": "小太郎",
				"ENG_NAME": "小太郎",
				"STRING": "「朝早く来て、机に入れとくらしいよ。チョコレートとか」",
				"ENG_STRING": "「朝早く来て、机に入れとくらしいよ。チョコレートとか」"
			},
			{
				"TYPE": "ZM",
				"ID": 583170,
				"NAME": "リト",
				"ENG_NAME": "リト",
				"STRING": "「知ってます！　バレンタインっていうやつですよね？　男の子は三倍返しなんでしょ？」@n",
				"ENG_STRING": "「知ってます！　バレンタインっていうやつですよね？　男の子は三倍返しなんでしょ？」@n"
			},
			{
				"TYPE": "ZM",
				"ID": 583425,
				"NAME": "小太郎",
				"ENG_NAME": "小太郎",
				"STRING": "「そ、そういう説もあるね……」",
				"ENG_STRING": "「そ、そういう説もあるね……」"
			},
			{
				"TYPE": "ZM",
				"ID": 583426,
				"NAME": "三厳",
				"ENG_NAME": "三厳",
				"STRING": "「理不尽だよなあ」",
				"ENG_STRING": "「理不尽だよなあ」"
			},
			{
				"TYPE": "ZM",
				"ID": 583427,
				"NAME": "リト",
				"ENG_NAME": "リト",
				"STRING": "「……でも、チョコレートの三倍の重さって大した物にならなくないです？」",
				"ENG_STRING": "「……でも、チョコレートの三倍の重さって大した物にならなくないです？」"
			},
			{
				"TYPE": "ZM",
				"ID": 583428,
				"NAME": "三厳",
				"ENG_NAME": "三厳",
				"STRING": "「いや、重さじゃないから」",
				"ENG_STRING": "「いや、重さじゃないから」"
			},
			{
				"TYPE": "ZM",
				"ID": 583429,
				"NAME": "小太郎",
				"ENG_NAME": "小太郎",
				"STRING": "「値段！　値段だから！」@n",
				"ENG_STRING": "「値段！　値段だから！」@n"
			},
			{
				"TYPE": "ZM",
				"ID": 583430,
				"NAME": "リト",
				"ENG_NAME": "リト",
				"STRING": "「えっ！？　あ、ね、値段？　そっか、金額のことだったんだー、あははは……」@n",
				"ENG_STRING": "「えっ！？　あ、ね、値段？　そっか、金額のことだったんだー、あははは……」@n"
			},
			{
				"TYPE": "ZM",
				"ID": 583681,
				"STRING": "勘違いが恥ずかしかったのか、リトは頬を赤く染めて笑って誤魔化した。",
				"ENG_STRING": "勘違いが恥ずかしかったのか、リトは頬を赤く染めて笑って誤魔化した。"
			},
			{
				"TYPE": "ZM",
				"ID": 583682,
				"NAME": "三厳",
				"ENG_NAME": "三厳",
				"STRING": "（マジで誰だこれ……）",
				"ENG_STRING": "（マジで誰だこれ……）"
			},
			{
				"TYPE": "ZM",
				"ID": 583683,
				"STRING": "リトそっくりの別人なんじゃないのか、とさえ思えてきた。",
				"ENG_STRING": "リトそっくりの別人なんじゃないのか、とさえ思えてきた。"
			},
			{
				"TYPE": "ZM",
				"ID": 583684,
				"NAME": "リト",
				"ENG_NAME": "リト",
				"STRING": "「えっと、えーと……あ、あれですね。特査のお仕事って大変ですよね！」@n",
				"ENG_STRING": "「えっと、えーと……あ、あれですね。特査のお仕事って大変ですよね！」@n"
			},
			{
				"TYPE": "ZM",
				"ID": 583937,
				"STRING": "急に話題変えてきたし。",
				"ENG_STRING": "急に話題変えてきたし。"
			},
			{
				"TYPE": "ZM",
				"ID": 583938,
				"STRING": "そんなに照れくさかったのか。",
				"ENG_STRING": "そんなに照れくさかったのか。"
			},
			{
				"TYPE": "ZM",
				"ID": 583939,
				"NAME": "リト",
				"ENG_NAME": "リト",
				"STRING": "「いつまでたっても宝物庫の結界がなおらないから、遺品で苦労しっぱなしでしょ？」",
				"ENG_STRING": "「いつまでたっても宝物庫の結界がなおらないから、遺品で苦労しっぱなしでしょ？」"
			},
			{
				"TYPE": "ZM",
				"ID": 583940,
				"NAME": "三厳",
				"ENG_NAME": "三厳",
				"STRING": "「そうだけど、俺は最初っからそうだったんで特に大変になったって感覚はないなあ」",
				"ENG_STRING": "「そうだけど、俺は最初っからそうだったんで特に大変になったって感覚はないなあ」"
			},
			{
				"TYPE": "ZM",
				"ID": 583941,
				"NAME": "小太郎",
				"ENG_NAME": "小太郎",
				"STRING": "「うん、おれも。憂緒さんだけだよね、実感として大変さが増したのって」@n",
				"ENG_STRING": "「うん、おれも。憂緒さんだけだよね、実感として大変さが増したのって」@n"
			},
			{
				"TYPE": "ZM",
				"ID": 584193,
				"NAME": "憂緒",
				"ENG_NAME": "憂緒",
				"STRING": "「……誰かさんが銅像をへし折ってくれましたからね」",
				"ENG_STRING": "「……誰かさんが銅像をへし折ってくれましたからね」"
			},
			{
				"TYPE": "ZM",
				"ID": 584194,
				"NAME": "三厳",
				"ENG_NAME": "三厳",
				"STRING": "「だから事故だったんだつーのに！　なあ、おまる？」",
				"ENG_STRING": "「だから事故だったんだつーのに！　なあ、おまる？」"
			},
			{
				"TYPE": "ZM",
				"ID": 584195,
				"NAME": "小太郎",
				"ENG_NAME": "小太郎",
				"STRING": "「そうそうそう、事故！」@n",
				"ENG_STRING": "「そうそうそう、事故！」@n"
			},
			{
				"TYPE": "ZM",
				"ID": 584196,
				"NAME": "三厳",
				"ENG_NAME": "三厳",
				"STRING": "（あ………）",
				"ENG_STRING": "（あ………）"
			},
			{
				"TYPE": "ZM",
				"ID": 584197,
				"STRING": "言ってしまってから、こいつは花立なんだった、と思い出したが、いつも通り頷かれた。",
				"ENG_STRING": "言ってしまってから、こいつは花立なんだった、と思い出したが、いつも通り頷かれた。"
			},
			{
				"TYPE": "ZM",
				"ID": 584198,
				"NAME": "小太郎",
				"ENG_NAME": "小太郎",
				"STRING": "「事故だよ、憂緒さん！　事故！」@n",
				"ENG_STRING": "「事故だよ、憂緒さん！　事故！」@n"
			},
			{
				"TYPE": "ZM",
				"ID": 584449,
				"NAME": "憂緒",
				"ENG_NAME": "憂緒",
				"STRING": "「……そうですね」",
				"ENG_STRING": "「……そうですね」"
			},
			{
				"TYPE": "ZM",
				"ID": 584450,
				"STRING": "モー子も一瞬、表情を曇らせそうになったが、すぐに冷静に答える。",
				"ENG_STRING": "モー子も一瞬、表情を曇らせそうになったが、すぐに冷静に答える。"
			},
			{
				"TYPE": "ZM",
				"ID": 584451,
				"NAME": "リト",
				"ENG_NAME": "リト",
				"STRING": "「ふふふっ……」@n",
				"ENG_STRING": "「ふふふっ……」@n"
			},
			{
				"TYPE": "ZM",
				"ID": 584452,
				"STRING": "リトは俺達のやりとりを見て、楽しそうに微笑む。",
				"ENG_STRING": "リトは俺達のやりとりを見て、楽しそうに微笑む。"
			},
			{
				"TYPE": "ZM",
				"ID": 584453,
				"NAME": "三厳",
				"ENG_NAME": "三厳",
				"STRING": "（こういうのに、憧れてたのかな……）",
				"ENG_STRING": "（こういうのに、憧れてたのかな……）"
			},
			{
				"TYPE": "ZM",
				"ID": 584454,
				"STRING": "普通の子みたいに、他愛もない会話して、笑って、じゃれあって……。",
				"ENG_STRING": "普通の子みたいに、他愛もない会話して、笑って、じゃれあって……。"
			},
			{
				"TYPE": "ZM",
				"ID": 584455,
				"STRING": "もしそうだとしたら、理解出来ないだけで本当は、寂しいという感情そのものはあるんじゃないだろうか。",
				"ENG_STRING": "もしそうだとしたら、理解出来ないだけで本当は、寂しいという感情そのものはあるんじゃないだろうか。"
			},
			{
				"TYPE": "ZM",
				"ID": 584456,
				"STRING": "自分だけが、俺達と違う。",
				"ENG_STRING": "自分だけが、俺達と違う。"
			},
			{
				"TYPE": "ZM",
				"ID": 584457,
				"STRING": "一緒に笑いあえたり、ふざけあったり出来ない。",
				"ENG_STRING": "一緒に笑いあえたり、ふざけあったり出来ない。"
			},
			{
				"TYPE": "ZM",
				"ID": 584458,
				"STRING": "それが『寂しさ』だと知らないだけで……。",
				"ENG_STRING": "それが『寂しさ』だと知らないだけで……。"
			},
			{
				"TYPE": "ZM",
				"ID": 584459,
				"STRING": "そうこうしているうちに、地下へと下りてきた。",
				"ENG_STRING": "そうこうしているうちに、地下へと下りてきた。"
			},
			{
				"TYPE": "ZM",
				"ID": 584460,
				"NAME": "リト",
				"ENG_NAME": "リト",
				"STRING": "「……あの、一緒に行ってもいいですか？」",
				"ENG_STRING": "「……あの、一緒に行ってもいいですか？」"
			},
			{
				"TYPE": "ZM",
				"ID": 584461,
				"NAME": "三厳",
				"ENG_NAME": "三厳",
				"STRING": "「ん？　分室に？」",
				"ENG_STRING": "「ん？　分室に？」"
			},
			{
				"TYPE": "ZM",
				"ID": 584462,
				"NAME": "リト",
				"ENG_NAME": "リト",
				"STRING": "「うん。もう少し、お話ししたいから」@n",
				"ENG_STRING": "「うん。もう少し、お話ししたいから」@n"
			},
			{
				"TYPE": "ZM",
				"ID": 584705,
				"NAME": "三厳",
				"ENG_NAME": "三厳",
				"STRING": "「……別にいいよな」",
				"ENG_STRING": "「……別にいいよな」"
			},
			{
				"TYPE": "ZM",
				"ID": 584706,
				"NAME": "憂緒",
				"ENG_NAME": "憂緒",
				"STRING": "「ええ、構いませんよ」",
				"ENG_STRING": "「ええ、構いませんよ」"
			},
			{
				"TYPE": "ZM",
				"ID": 584707,
				"NAME": "リト",
				"ENG_NAME": "リト",
				"STRING": "「ありがとう！」@n",
				"ENG_STRING": "「ありがとう！」@n"
			},
			{
				"TYPE": "ZM",
				"ID": 584961,
				"STRING": "嬉しそうに、リトは俺達の後をついてくる。",
				"ENG_STRING": "嬉しそうに、リトは俺達の後をついてくる。"
			},
			{
				"TYPE": "ZM",
				"ID": 584962,
				"STRING": "……一時間ほどで効果は切れる。",
				"ENG_STRING": "……一時間ほどで効果は切れる。"
			},
			{
				"TYPE": "ZM",
				"ID": 584963,
				"STRING": "リトのこの時間は、さほど長くはないんだ。",
				"ENG_STRING": "リトのこの時間は、さほど長くはないんだ。"
			},
			{
				"TYPE": "ZM",
				"ID": 584964,
				"STRING": "目録であるリトは誰よりもそのことを知っている。",
				"ENG_STRING": "目録であるリトは誰よりもそのことを知っている。"
			},
			{
				"TYPE": "ZM",
				"ID": 584965,
				"STRING": "だから、今は一人でいたくないのかもしれない。",
				"ENG_STRING": "だから、今は一人でいたくないのかもしれない。"
			},
			{
				"TYPE": "ZM",
				"ID": 584966,
				"NAME": "静春",
				"ENG_NAME": "静春",
				"STRING": "「おう、どーだった？」",
				"ENG_STRING": "「おう、どーだった？」"
			},
			{
				"TYPE": "ZM",
				"ID": 584967,
				"NAME": "リト",
				"ENG_NAME": "リト",
				"STRING": "「あ、村雲くん、こんにちはー。お邪魔しまーす」",
				"ENG_STRING": "「あ、村雲くん、こんにちはー。お邪魔しまーす」"
			},
			{
				"TYPE": "ZM",
				"ID": 584968,
				"NAME": "静春",
				"ENG_NAME": "静春",
				"STRING": "「あ……え？」@n",
				"ENG_STRING": "「あ……え？」@n"
			},
			{
				"TYPE": "ZM",
				"ID": 584969,
				"NAME": "小太郎",
				"ENG_NAME": "小太郎",
				"STRING": "「わー、村雲先輩久しぶりー」@n",
				"ENG_STRING": "「わー、村雲先輩久しぶりー」@n"
			},
			{
				"TYPE": "ZM",
				"ID": 585217,
				"NAME": "静春",
				"ENG_NAME": "静春",
				"STRING": "「へ！？　なんだお前、急に先輩って、同級生だろうが」@n",
				"ENG_STRING": "「へ！？　なんだお前、急に先輩って、同級生だろうが」@n"
			},
			{
				"TYPE": "ZM",
				"ID": 585218,
				"NAME": "憂緒",
				"ENG_NAME": "憂緒",
				"STRING": "「村雲くんには、睦月に見えるんですね？」",
				"ENG_STRING": "「村雲くんには、睦月に見えるんですね？」"
			},
			{
				"TYPE": "ZM",
				"ID": 585219,
				"NAME": "静春",
				"ENG_NAME": "静春",
				"STRING": "「はあ？　見えるも何も、他の誰だってんだ」@n",
				"ENG_STRING": "「はあ？　見えるも何も、他の誰だってんだ」@n"
			},
			{
				"TYPE": "ZM",
				"ID": 585220,
				"NAME": "三厳",
				"ENG_NAME": "三厳",
				"STRING": "「あ、そうか。こいつは暗示に掛かってないから、おまるには見えてないのか」",
				"ENG_STRING": "「あ、そうか。こいつは暗示に掛かってないから、おまるには見えてないのか」"
			},
			{
				"TYPE": "ZM",
				"ID": 585221,
				"NAME": "小太郎",
				"ENG_NAME": "小太郎",
				"STRING": "「あ……、そっか！　おれ、烏丸小太郎じゃないんだった！」",
				"ENG_STRING": "「あ……、そっか！　おれ、烏丸小太郎じゃないんだった！」"
			},
			{
				"TYPE": "ZM",
				"ID": 585222,
				"NAME": "静春",
				"ENG_NAME": "静春",
				"STRING": "「……な、何言ってんだ、お前。おい久我、何が起きた一体」@n",
				"ENG_STRING": "「……な、何言ってんだ、お前。おい久我、何が起きた一体」@n"
			},
			{
				"TYPE": "ZM",
				"ID": 585223,
				"NAME": "三厳",
				"ENG_NAME": "三厳",
				"STRING": "「見ての通り、こうなった」",
				"ENG_STRING": "「見ての通り、こうなった」"
			},
			{
				"TYPE": "ZM",
				"ID": 585224,
				"NAME": "静春",
				"ENG_NAME": "静春",
				"STRING": "@w5@h5「わかるように言えよっ！？」@w0@h0@n",
				"ENG_STRING": "@w5@h5「わかるように言えよっ！？」@w0@h0@n"
			},
			{
				"TYPE": "ZM",
				"ID": 585225,
				"NAME": "憂緒",
				"ENG_NAME": "憂緒",
				"STRING": "「『自分が理想とする状況』になるという強烈な暗示を掛ける遺品だそうです」@n",
				"ENG_STRING": "「『自分が理想とする状況』になるという強烈な暗示を掛ける遺品だそうです」@n"
			},
			{
				"TYPE": "ZM",
				"ID": 585226,
				"NAME": "静春",
				"ENG_NAME": "静春",
				"STRING": "「り、理想の……状況？」",
				"ENG_STRING": "「り、理想の……状況？」"
			},
			{
				"TYPE": "ZM",
				"ID": 585227,
				"NAME": "小太郎",
				"ENG_NAME": "小太郎",
				"STRING": "「あ、うん。だからおれ、本当は烏丸小太郎じゃないみたいなんですけど」@n",
				"ENG_STRING": "「あ、うん。だからおれ、本当は烏丸小太郎じゃないみたいなんですけど」@n"
			},
			{
				"TYPE": "ZM",
				"ID": 585228,
				"NAME": "静春",
				"ENG_NAME": "静春",
				"STRING": "「……こいつ何言ってんの？」",
				"ENG_STRING": "「……こいつ何言ってんの？」"
			},
			{
				"TYPE": "ZM",
				"ID": 585229,
				"NAME": "三厳",
				"ENG_NAME": "三厳",
				"STRING": "「だから暗示なんだって。本当におまるなわけじゃなくて、そういう暗示」",
				"ENG_STRING": "「だから暗示なんだって。本当におまるなわけじゃなくて、そういう暗示」"
			},
			{
				"TYPE": "ZM",
				"ID": 585230,
				"NAME": "静春",
				"ENG_NAME": "静春",
				"STRING": "「暗示って、お前……」",
				"ENG_STRING": "「暗示って、お前……」"
			},
			{
				"TYPE": "ZM",
				"ID": 585231,
				"NAME": "リト",
				"ENG_NAME": "リト",
				"STRING": "「私もそうらしいんです。今はいつもと違うって言われても、そうなんだーとしか思えないんですけど」@n",
				"ENG_STRING": "「私もそうらしいんです。今はいつもと違うって言われても、そうなんだーとしか思えないんですけど」@n"
			},
			{
				"TYPE": "ZM",
				"ID": 585232,
				"NAME": "静春",
				"ENG_NAME": "静春",
				"STRING": "「違うどころじゃねえよ……」",
				"ENG_STRING": "「違うどころじゃねえよ……」"
			},
			{
				"TYPE": "ZM",
				"ID": 585233,
				"NAME": "憂緒",
				"ENG_NAME": "憂緒",
				"STRING": "「ただ、幸いなことに、暗示は一時間ほどで解けるのだそうです。なので解けるまで大人しくしていた方が得策かと思いまして」",
				"ENG_STRING": "「ただ、幸いなことに、暗示は一時間ほどで解けるのだそうです。なので解けるまで大人しくしていた方が得策かと思いまして」"
			},
			{
				"TYPE": "ZM",
				"ID": 585234,
				"NAME": "静春",
				"ENG_NAME": "静春",
				"STRING": "「……だろうな。このまま校内出歩いたらそれだけで大騒ぎになるわ」",
				"ENG_STRING": "「……だろうな。このまま校内出歩いたらそれだけで大騒ぎになるわ」"
			},
			{
				"TYPE": "ZM",
				"ID": 585235,
				"NAME": "小太郎",
				"ENG_NAME": "小太郎",
				"STRING": "「あ、あはは……ですよねー」",
				"ENG_STRING": "「あ、あはは……ですよねー」"
			},
			{
				"TYPE": "ZM",
				"ID": 585236,
				"NAME": "リト",
				"ENG_NAME": "リト",
				"STRING": "「残念です。でもここでお話出来るだけでも、楽しいからいいかな」@n",
				"ENG_STRING": "「残念です。でもここでお話出来るだけでも、楽しいからいいかな」@n"
			},
			{
				"TYPE": "ZM",
				"ID": 585237,
				"NAME": "小太郎",
				"ENG_NAME": "小太郎",
				"STRING": "「よかったねー、リトさん」",
				"ENG_STRING": "「よかったねー、リトさん」"
			},
			{
				"TYPE": "ZM",
				"ID": 585238,
				"NAME": "三厳",
				"ENG_NAME": "三厳",
				"STRING": "「……………………」",
				"ENG_STRING": "「……………………」"
			},
			{
				"TYPE": "ZM",
				"ID": 585239,
				"STRING": "一時間、か……。",
				"ENG_STRING": "一時間、か……。"
			},
			{
				"TYPE": "ZM",
				"ID": 585240,
				"NAME": "三厳",
				"ENG_NAME": "三厳",
				"STRING": "「ちょっと図書館行ってくる」",
				"ENG_STRING": "「ちょっと図書館行ってくる」"
			},
			{
				"TYPE": "ZM",
				"ID": 585241,
				"NAME": "小太郎",
				"ENG_NAME": "小太郎",
				"STRING": "「え？　どうしたの？」@n",
				"ENG_STRING": "「え？　どうしたの？」@n"
			},
			{
				"TYPE": "ZM",
				"ID": 585473,
				"NAME": "三厳",
				"ENG_NAME": "三厳",
				"STRING": "「調べたいことがあるんだよ、すぐ戻る」",
				"ENG_STRING": "「調べたいことがあるんだよ、すぐ戻る」"
			},
			{
				"TYPE": "ZM",
				"ID": 585474,
				"STRING": "そう言って席を立ち、俺は一人で分室を出た。",
				"ENG_STRING": "そう言って席を立ち、俺は一人で分室を出た。"
			}
		],
		"CHAPTER_SUBNAME": "S02_22_01：リトとの会話"
	},
	"S02_23_01：憂緒に慰められる": {
		"MESSAGES": [
			{
				"TYPE": "ZM",
				"ID": 585475,
				"STRING": "ぶらりと、並んだ書棚の奥の方へと足を向ける。",
				"ENG_STRING": "ぶらりと、並んだ書棚の奥の方へと足を向ける。"
			},
			{
				"TYPE": "ZM",
				"ID": 585476,
				"STRING": "本当は調べたいことなんて、何もなかった。",
				"ENG_STRING": "本当は調べたいことなんて、何もなかった。"
			},
			{
				"TYPE": "ZM",
				"ID": 585477,
				"STRING": "ただ、なんとなくあの場でずっと話しているのは少ししんどいな、と思っただけだ。",
				"ENG_STRING": "ただ、なんとなくあの場でずっと話しているのは少ししんどいな、と思っただけだ。"
			},
			{
				"TYPE": "ZM",
				"ID": 585478,
				"NAME": "三厳",
				"ENG_NAME": "三厳",
				"STRING": "（……やっぱ、俺なんだろうなあ……）",
				"ENG_STRING": "（……やっぱ、俺なんだろうなあ……）"
			},
			{
				"TYPE": "ZM",
				"ID": 585479,
				"STRING": "花立が、おまるに見えるのは。",
				"ENG_STRING": "花立が、おまるに見えるのは。"
			},
			{
				"TYPE": "ZM",
				"ID": 585480,
				"STRING": "しかも暗示ってことは、花立は自分をおまるだと思い込んでるだけってことになる。",
				"ENG_STRING": "しかも暗示ってことは、花立は自分をおまるだと思い込んでるだけってことになる。"
			},
			{
				"TYPE": "ZM",
				"ID": 585481,
				"STRING": "それが花立の理想なわけがない。",
				"ENG_STRING": "それが花立の理想なわけがない。"
			},
			{
				"TYPE": "ZM",
				"ID": 585482,
				"STRING": "だったら遺品と波長が合ったのは俺で、花立達はそれに巻き込まれただけなんだろう。",
				"ENG_STRING": "だったら遺品と波長が合ったのは俺で、花立達はそれに巻き込まれただけなんだろう。"
			},
			{
				"TYPE": "ZM",
				"ID": 585483,
				"NAME": "憂緒",
				"ENG_NAME": "憂緒",
				"STRING": "「――久我くん」",
				"ENG_STRING": "「――久我くん」"
			},
			{
				"TYPE": "ZM",
				"ID": 585484,
				"NAME": "三厳",
				"ENG_NAME": "三厳",
				"STRING": "「え？」",
				"ENG_STRING": "「え？」"
			},
			{
				"TYPE": "ZM",
				"ID": 585485,
				"STRING": "不意に呼ばれ、驚いて振り向くといつの間にかモー子が後ろに来ていた。",
				"ENG_STRING": "不意に呼ばれ、驚いて振り向くといつの間にかモー子が後ろに来ていた。"
			},
			{
				"TYPE": "ZM",
				"ID": 585486,
				"NAME": "三厳",
				"ENG_NAME": "三厳",
				"STRING": "「なんだ、どうした？」",
				"ENG_STRING": "「なんだ、どうした？」"
			},
			{
				"TYPE": "ZM",
				"ID": 585487,
				"NAME": "憂緒",
				"ENG_NAME": "憂緒",
				"STRING": "「それはこっちの台詞です」",
				"ENG_STRING": "「それはこっちの台詞です」"
			},
			{
				"TYPE": "ZM",
				"ID": 585488,
				"NAME": "三厳",
				"ENG_NAME": "三厳",
				"STRING": "「え？　ああ、調べ物のことか？」",
				"ENG_STRING": "「え？　ああ、調べ物のことか？」"
			},
			{
				"TYPE": "ZM",
				"ID": 585489,
				"NAME": "憂緒",
				"ENG_NAME": "憂緒",
				"STRING": "「方便でしょう、それは」",
				"ENG_STRING": "「方便でしょう、それは」"
			},
			{
				"TYPE": "ZM",
				"ID": 585490,
				"NAME": "三厳",
				"ENG_NAME": "三厳",
				"STRING": "「……………………」",
				"ENG_STRING": "「……………………」"
			},
			{
				"TYPE": "ZM",
				"ID": 585491,
				"NAME": "憂緒",
				"ENG_NAME": "憂緒",
				"STRING": "「君は、烏丸くんが現れたこの状況を願ったのは自分ではないかと、自己嫌悪に陥っている、そうではありませんか？」@n",
				"ENG_STRING": "「君は、烏丸くんが現れたこの状況を願ったのは自分ではないかと、自己嫌悪に陥っている、そうではありませんか？」@n"
			},
			{
				"TYPE": "ZM",
				"ID": 585492,
				"STRING": "やっぱりバレてたか。",
				"ENG_STRING": "やっぱりバレてたか。"
			},
			{
				"TYPE": "ZM",
				"ID": 585493,
				"STRING": "なんか気をつかわれてる気はしたんだが、さすがにモー子は鋭い。",
				"ENG_STRING": "なんか気をつかわれてる気はしたんだが、さすがにモー子は鋭い。"
			},
			{
				"TYPE": "ZM",
				"ID": 585494,
				"NAME": "憂緒",
				"ENG_NAME": "憂緒",
				"STRING": "「それは当たり前でしょう。烏丸くんとは君の方が仲が良かったんですから、あの遺品の効果は君に反応しての物でしょうけれど……」",
				"ENG_STRING": "「それは当たり前でしょう。烏丸くんとは君の方が仲が良かったんですから、あの遺品の効果は君に反応しての物でしょうけれど……」"
			},
			{
				"TYPE": "ZM",
				"ID": 585495,
				"NAME": "三厳",
				"ENG_NAME": "三厳",
				"STRING": "「…………自己嫌悪っつーのかな」",
				"ENG_STRING": "「…………自己嫌悪っつーのかな」"
			},
			{
				"TYPE": "ZM",
				"ID": 585496,
				"NAME": "三厳",
				"ENG_NAME": "三厳",
				"STRING": "「花立にもお前にも、悪いことしてんなーってのは…」",
				"ENG_STRING": "「花立にもお前にも、悪いことしてんなーってのは…」"
			},
			{
				"TYPE": "ZM",
				"ID": 585497,
				"NAME": "憂緒",
				"ENG_NAME": "憂緒",
				"STRING": "「それは遺品のせいでしょう。さっきも言ったはずです、いびつな願いの叶い方だろう、と」",
				"ENG_STRING": "「それは遺品のせいでしょう。さっきも言ったはずです、いびつな願いの叶い方だろう、と」"
			},
			{
				"TYPE": "ZM",
				"ID": 585498,
				"NAME": "憂緒",
				"ENG_NAME": "憂緒",
				"STRING": "「あまり馬鹿にしないで下さい。きみが、睦月が消えて烏丸くんが帰って来ればいいだなんて……」",
				"ENG_STRING": "「あまり馬鹿にしないで下さい。きみが、睦月が消えて烏丸くんが帰って来ればいいだなんて……」"
			},
			{
				"TYPE": "ZM",
				"ID": 585499,
				"NAME": "憂緒",
				"ENG_NAME": "憂緒",
				"STRING": "「そんな事を望んでるだなんて思うほど、私の頭は悪くありません」",
				"ENG_STRING": "「そんな事を望んでるだなんて思うほど、私の頭は悪くありません」"
			},
			{
				"TYPE": "ZM",
				"ID": 585500,
				"NAME": "三厳",
				"ENG_NAME": "三厳",
				"STRING": "「……ありがとう」",
				"ENG_STRING": "「……ありがとう」"
			},
			{
				"TYPE": "ZM",
				"ID": 585501,
				"STRING": "思わず苦笑いがこぼれる。",
				"ENG_STRING": "思わず苦笑いがこぼれる。"
			},
			{
				"TYPE": "ZM",
				"ID": 585502,
				"STRING": "喧嘩腰な言い草だが、モー子なりに俺を慰めようとしてくれているのはわかった。",
				"ENG_STRING": "喧嘩腰な言い草だが、モー子なりに俺を慰めようとしてくれているのはわかった。"
			},
			{
				"TYPE": "ZM",
				"ID": 585503,
				"NAME": "三厳",
				"ENG_NAME": "三厳",
				"STRING": "「心配掛けて、ごめんな」",
				"ENG_STRING": "「心配掛けて、ごめんな」"
			},
			{
				"TYPE": "ZM",
				"ID": 585504,
				"NAME": "憂緒",
				"ENG_NAME": "憂緒",
				"STRING": "「何がですか。君の見当違いを正そうとしただけです」",
				"ENG_STRING": "「何がですか。君の見当違いを正そうとしただけです」"
			},
			{
				"TYPE": "ZM",
				"ID": 585505,
				"NAME": "三厳",
				"ENG_NAME": "三厳",
				"STRING": "「嘘つけ、このツンデレ」",
				"ENG_STRING": "「嘘つけ、このツンデレ」"
			},
			{
				"TYPE": "ZM",
				"ID": 585506,
				"NAME": "憂緒",
				"ENG_NAME": "憂緒",
				"STRING": "「なっ……！」@n",
				"ENG_STRING": "「なっ……！」@n"
			},
			{
				"TYPE": "ZM",
				"ID": 585507,
				"NAME": "三厳",
				"ENG_NAME": "三厳",
				"STRING": "「わかりにくいデレだよなあ、本当に。俺以外には多分通用しないぞ」",
				"ENG_STRING": "「わかりにくいデレだよなあ、本当に。俺以外には多分通用しないぞ」"
			},
			{
				"TYPE": "ZM",
				"ID": 585508,
				"NAME": "憂緒",
				"ENG_NAME": "憂緒",
				"STRING": "「デレてませんっ！！　それこそ見当違いも甚だしいですっ！！」@n",
				"ENG_STRING": "「デレてませんっ！！　それこそ見当違いも甚だしいですっ！！」@n"
			},
			{
				"TYPE": "ZM",
				"ID": 585509,
				"NAME": "三厳",
				"ENG_NAME": "三厳",
				"STRING": "「はいはい」",
				"ENG_STRING": "「はいはい」"
			},
			{
				"TYPE": "ZM",
				"ID": 585510,
				"NAME": "憂緒",
				"ENG_NAME": "憂緒",
				"STRING": "@w5@h5「久我くんっ！？」@w0@h0@n",
				"ENG_STRING": "@w5@h5「久我くんっ！？」@w0@h0@n"
			},
			{
				"TYPE": "ZM",
				"ID": 585511,
				"NAME": "三厳",
				"ENG_NAME": "三厳",
				"STRING": "「ま、どうせ一時間で解けるって言うなら……あ、いや、そんなに待つことないのか？」",
				"ENG_STRING": "「ま、どうせ一時間で解けるって言うなら……あ、いや、そんなに待つことないのか？」"
			},
			{
				"TYPE": "ZM",
				"ID": 585512,
				"NAME": "憂緒",
				"ENG_NAME": "憂緒",
				"STRING": "「は？」",
				"ENG_STRING": "「は？」"
			},
			{
				"TYPE": "ZM",
				"ID": 585513,
				"NAME": "三厳",
				"ENG_NAME": "三厳",
				"STRING": "「あの、前に使った暗示の解ける魔法陣。あれならすぐ解けるんじゃないのか？」",
				"ENG_STRING": "「あの、前に使った暗示の解ける魔法陣。あれならすぐ解けるんじゃないのか？」"
			},
			{
				"TYPE": "ZM",
				"ID": 585514,
				"NAME": "憂緒",
				"ENG_NAME": "憂緒",
				"STRING": "「あっ……！」@n",
				"ENG_STRING": "「あっ……！」@n"
			},
			{
				"TYPE": "ZM",
				"ID": 585729,
				"STRING": "モー子は目を丸くし、そして悔しげに唇を噛んだ。",
				"ENG_STRING": "モー子は目を丸くし、そして悔しげに唇を噛んだ。"
			},
			{
				"TYPE": "ZM",
				"ID": 585730,
				"NAME": "憂緒",
				"ENG_NAME": "憂緒",
				"STRING": "「私としたことが……失念していました。確かにあれならすぐにでも解けるかも知れません」",
				"ENG_STRING": "「私としたことが……失念していました。確かにあれならすぐにでも解けるかも知れません」"
			},
			{
				"TYPE": "ZM",
				"ID": 585731,
				"NAME": "三厳",
				"ENG_NAME": "三厳",
				"STRING": "「あれどこにあるんだ？　確かスミちゃんの部屋のシーツに描いたんだよな？」",
				"ENG_STRING": "「あれどこにあるんだ？　確かスミちゃんの部屋のシーツに描いたんだよな？」"
			},
			{
				"TYPE": "ZM",
				"ID": 585732,
				"NAME": "憂緒",
				"ENG_NAME": "憂緒",
				"STRING": "「アーデルハイトさん達が、管理してくれているはずです」",
				"ENG_STRING": "「アーデルハイトさん達が、管理してくれているはずです」"
			},
			{
				"TYPE": "ZM",
				"ID": 585733,
				"NAME": "三厳",
				"ENG_NAME": "三厳",
				"STRING": "「あいつらか、じゃあ探すか。図書館にいそうなんだけどな」",
				"ENG_STRING": "「あいつらか、じゃあ探すか。図書館にいそうなんだけどな」"
			},
			{
				"TYPE": "ZM",
				"ID": 585734,
				"NAME": "憂緒",
				"ENG_NAME": "憂緒",
				"STRING": "「……そうですね。でも広いですから」",
				"ENG_STRING": "「……そうですね。でも広いですから」"
			},
			{
				"TYPE": "ZM",
				"ID": 585735,
				"NAME": "三厳",
				"ENG_NAME": "三厳",
				"STRING": "「探してみるか」",
				"ENG_STRING": "「探してみるか」"
			},
			{
				"TYPE": "ZM",
				"ID": 585736,
				"STRING": "モー子と二人して、巨大な書架の合間をぬってハイジとルイの姿を探すが見当たらない。",
				"ENG_STRING": "モー子と二人して、巨大な書架の合間をぬってハイジとルイの姿を探すが見当たらない。"
			},
			{
				"TYPE": "ZM",
				"ID": 585737,
				"NAME": "三厳",
				"ENG_NAME": "三厳",
				"STRING": "「……いないな」",
				"ENG_STRING": "「……いないな」"
			},
			{
				"TYPE": "ZM",
				"ID": 585738,
				"NAME": "憂緒",
				"ENG_NAME": "憂緒",
				"STRING": "「図書館ではないのかも。寮へ行ってみますか？」@n",
				"ENG_STRING": "「図書館ではないのかも。寮へ行ってみますか？」@n"
			},
			{
				"TYPE": "ZM",
				"ID": 585739,
				"NAME": "三厳",
				"ENG_NAME": "三厳",
				"STRING": "「んー、こんな時にこそヤヌスの鍵があれば一発なのになあ」",
				"ENG_STRING": "「んー、こんな時にこそヤヌスの鍵があれば一発なのになあ」"
			},
			{
				"TYPE": "ZM",
				"ID": 585740,
				"NAME": "憂緒",
				"ENG_NAME": "憂緒",
				"STRING": "「そうですが、村雲さんか君の妹さんが持ってるのでしょう？」",
				"ENG_STRING": "「そうですが、村雲さんか君の妹さんが持ってるのでしょう？」"
			},
			{
				"TYPE": "ZM",
				"ID": 585741,
				"NAME": "三厳",
				"ENG_NAME": "三厳",
				"STRING": "「そうなんだよなあ……」",
				"ENG_STRING": "「そうなんだよなあ……」"
			},
			{
				"TYPE": "ZM",
				"ID": 585742,
				"NAME": "三厳",
				"ENG_NAME": "三厳",
				"STRING": "「なんかこう、思いっきり念じたら気づかないかな。あの二人魔女だし」",
				"ENG_STRING": "「なんかこう、思いっきり念じたら気づかないかな。あの二人魔女だし」"
			},
			{
				"TYPE": "ZM",
				"ID": 585743,
				"NAME": "憂緒",
				"ENG_NAME": "憂緒",
				"STRING": "「そんな都合良く行きますか？」",
				"ENG_STRING": "「そんな都合良く行きますか？」"
			},
			{
				"TYPE": "ZM",
				"ID": 585744,
				"NAME": "三厳",
				"ENG_NAME": "三厳",
				"STRING": "「試しにやってみるか？」",
				"ENG_STRING": "「試しにやってみるか？」"
			},
			{
				"TYPE": "ZM",
				"ID": 585745,
				"NAME": "三厳",
				"ENG_NAME": "三厳",
				"STRING": "@w5@h5「スミちゃん！　もしくは満琉！　気づいてくれー！！」@w0@h0",
				"ENG_STRING": "@w5@h5「スミちゃん！　もしくは満琉！　気づいてくれー！！」@w0@h0"
			},
			{
				"TYPE": "ZM",
				"ID": 585746,
				"NAME": "憂緒",
				"ENG_NAME": "憂緒",
				"STRING": "「……………………」",
				"ENG_STRING": "「……………………」"
			},
			{
				"TYPE": "ZM",
				"ID": 585747,
				"NAME": "三厳",
				"ENG_NAME": "三厳",
				"STRING": "「……………………」",
				"ENG_STRING": "「……………………」"
			},
			{
				"TYPE": "ZM",
				"ID": 585748,
				"NAME": "憂緒",
				"ENG_NAME": "憂緒",
				"STRING": "「……来ませんね」",
				"ENG_STRING": "「……来ませんね」"
			},
			{
				"TYPE": "ZM",
				"ID": 585749,
				"NAME": "三厳",
				"ENG_NAME": "三厳",
				"STRING": "「だよなー」",
				"ENG_STRING": "「だよなー」"
			},
			{
				"TYPE": "ZM",
				"ID": 585750,
				"NAME": "憂緒",
				"ENG_NAME": "憂緒",
				"STRING": "「わかってたなら、なぜやったんです」",
				"ENG_STRING": "「わかってたなら、なぜやったんです」"
			},
			{
				"TYPE": "ZM",
				"ID": 585751,
				"NAME": "三厳",
				"ENG_NAME": "三厳",
				"STRING": "「試しにって言っただろ、試しにって。こんな気合いだけで気づくわけ……」",
				"ENG_STRING": "「試しにって言っただろ、試しにって。こんな気合いだけで気づくわけ……」"
			},
			{
				"TYPE": "ZM",
				"ID": 585752,
				"NAME": "満琉",
				"ENG_NAME": "満琉",
				"STRING": "「お兄ちゃん？」",
				"ENG_STRING": "「お兄ちゃん？」"
			},
			{
				"TYPE": "ZM",
				"ID": 585753,
				"NAME": "三厳",
				"ENG_NAME": "三厳",
				"STRING": "「……気づくのかよっ！？」@n",
				"ENG_STRING": "「……気づくのかよっ！？」@n"
			},
			{
				"TYPE": "ZM",
				"ID": 585754,
				"STRING": "俺達の背後の空中に扉が開いて、満琉がひょっこりと顔をのぞかせていた。",
				"ENG_STRING": "俺達の背後の空中に扉が開いて、満琉がひょっこりと顔をのぞかせていた。"
			},
			{
				"TYPE": "ZM",
				"ID": 585755,
				"NAME": "憂緒",
				"ENG_NAME": "憂緒",
				"STRING": "「……………………」",
				"ENG_STRING": "「……………………」"
			},
			{
				"TYPE": "ZM",
				"ID": 585756,
				"STRING": "モー子は唖然として、満琉を見つめている。",
				"ENG_STRING": "モー子は唖然として、満琉を見つめている。"
			},
			{
				"TYPE": "ZM",
				"ID": 585757,
				"STRING": "そりゃそうだろう、俺もまさか本当に来るとは思わなかった。",
				"ENG_STRING": "そりゃそうだろう、俺もまさか本当に来るとは思わなかった。"
			},
			{
				"TYPE": "ZM",
				"ID": 585758,
				"NAME": "満琉",
				"ENG_NAME": "満琉",
				"STRING": "「なんか呼ばなかった？」",
				"ENG_STRING": "「なんか呼ばなかった？」"
			},
			{
				"TYPE": "ZM",
				"ID": 585759,
				"NAME": "三厳",
				"ENG_NAME": "三厳",
				"STRING": "「呼んだ」",
				"ENG_STRING": "「呼んだ」"
			},
			{
				"TYPE": "ZM",
				"ID": 585760,
				"NAME": "満琉",
				"ENG_NAME": "満琉",
				"STRING": "「やっぱり。呼ばれた気がしたんだ」",
				"ENG_STRING": "「やっぱり。呼ばれた気がしたんだ」"
			},
			{
				"TYPE": "ZM",
				"ID": 585761,
				"NAME": "三厳",
				"ENG_NAME": "三厳",
				"STRING": "「うん、まあ、でかした」",
				"ENG_STRING": "「うん、まあ、でかした」"
			},
			{
				"TYPE": "ZM",
				"ID": 585762,
				"NAME": "憂緒",
				"ENG_NAME": "憂緒",
				"STRING": "「お、おかしくないですか」@n",
				"ENG_STRING": "「お、おかしくないですか」@n"
			},
			{
				"TYPE": "ZM",
				"ID": 585763,
				"NAME": "三厳",
				"ENG_NAME": "三厳",
				"STRING": "「へ？　なにが？」",
				"ENG_STRING": "「へ？　なにが？」"
			},
			{
				"TYPE": "ZM",
				"ID": 585764,
				"NAME": "憂緒",
				"ENG_NAME": "憂緒",
				"STRING": "「普通こうなんですか？　兄妹というのは、ここまで、その通じ合っているというか」@n",
				"ENG_STRING": "「普通こうなんですか？　兄妹というのは、ここまで、その通じ合っているというか」@n"
			},
			{
				"TYPE": "ZM",
				"ID": 585985,
				"NAME": "三厳",
				"ENG_NAME": "三厳",
				"STRING": "「あー、満琉が魔女だから、じゃないか？」",
				"ENG_STRING": "「あー、満琉が魔女だから、じゃないか？」"
			},
			{
				"TYPE": "ZM",
				"ID": 585986,
				"STRING": "多分、モー子はまた仲が良すぎじゃないのかとかなんとか考えてんだろうなあ。",
				"ENG_STRING": "多分、モー子はまた仲が良すぎじゃないのかとかなんとか考えてんだろうなあ。"
			},
			{
				"TYPE": "ZM",
				"ID": 585987,
				"NAME": "満琉",
				"ENG_NAME": "満琉",
				"STRING": "「……？」",
				"ENG_STRING": "「……？」"
			},
			{
				"TYPE": "ZM",
				"ID": 585988,
				"STRING": "ちょっとからかいたい気持ちもあったが、満琉の目の前で喧嘩すると怯えそうなので我慢する。",
				"ENG_STRING": "ちょっとからかいたい気持ちもあったが、満琉の目の前で喧嘩すると怯えそうなので我慢する。"
			},
			{
				"TYPE": "ZM",
				"ID": 585989,
				"NAME": "憂緒",
				"ENG_NAME": "憂緒",
				"STRING": "「……さすがご兄妹ですね」",
				"ENG_STRING": "「……さすがご兄妹ですね」"
			},
			{
				"TYPE": "ZM",
				"ID": 585990,
				"STRING": "と、言いつつモー子の顔は微妙に複雑だった。",
				"ENG_STRING": "と、言いつつモー子の顔は微妙に複雑だった。"
			},
			{
				"TYPE": "ZM",
				"ID": 585991,
				"STRING": "横目で睨まれている気がするが、気づかないふりをしておこう。",
				"ENG_STRING": "横目で睨まれている気がするが、気づかないふりをしておこう。"
			},
			{
				"TYPE": "ZM",
				"ID": 585992,
				"NAME": "満琉",
				"ENG_NAME": "満琉",
				"STRING": "「で、なに？　ぼくに用事？」",
				"ENG_STRING": "「で、なに？　ぼくに用事？」"
			},
			{
				"TYPE": "ZM",
				"ID": 585993,
				"NAME": "三厳",
				"ENG_NAME": "三厳",
				"STRING": "「おう、ヤヌスの鍵使ってくれ」",
				"ENG_STRING": "「おう、ヤヌスの鍵使ってくれ」"
			},
			{
				"TYPE": "ZM",
				"ID": 585994,
				"NAME": "満琉",
				"ENG_NAME": "満琉",
				"STRING": "「誰に？」",
				"ENG_STRING": "「誰に？」"
			},
			{
				"TYPE": "ZM",
				"ID": 585995,
				"NAME": "三厳",
				"ENG_NAME": "三厳",
				"STRING": "「ハイジとルイ。どうせ一緒にいるだろうから、どっちでもいい」",
				"ENG_STRING": "「ハイジとルイ。どうせ一緒にいるだろうから、どっちでもいい」"
			},
			{
				"TYPE": "ZM",
				"ID": 585996,
				"NAME": "満琉",
				"ENG_NAME": "満琉",
				"STRING": "「わかった」",
				"ENG_STRING": "「わかった」"
			},
			{
				"TYPE": "ZM",
				"ID": 585997,
				"NAME": "三厳",
				"ENG_NAME": "三厳",
				"STRING": "「邪魔するぞー」",
				"ENG_STRING": "「邪魔するぞー」"
			},
			{
				"TYPE": "ZM",
				"ID": 585998,
				"NAME": "アーデルハイト",
				"ENG_NAME": "アーデルハイト",
				"STRING": "「ひゃっ！？　お、驚かせないで下さいっ！　なぜそんな空間に……」@n",
				"ENG_STRING": "「ひゃっ！？　お、驚かせないで下さいっ！　なぜそんな空間に……」@n"
			},
			{
				"TYPE": "ZM",
				"ID": 585999,
				"NAME": "満琉",
				"ENG_NAME": "満琉",
				"STRING": "「あっ……ご、ごめんなさい」@n",
				"ENG_STRING": "「あっ……ご、ごめんなさい」@n"
			},
			{
				"TYPE": "ZM",
				"ID": 586000,
				"NAME": "ルイ",
				"ENG_NAME": "ルイ",
				"STRING": "「あらぬ方向から鍵の音がしたら見当がつきそうなものだろうが……で、ございます」@n",
				"ENG_STRING": "「あらぬ方向から鍵の音がしたら見当がつきそうなものだろうが……で、ございます」@n"
			},
			{
				"TYPE": "ZM",
				"ID": 586001,
				"NAME": "アーデルハイト",
				"ENG_NAME": "アーデルハイト",
				"STRING": "「真後ろだったから驚いたのよっ！」@n",
				"ENG_STRING": "「真後ろだったから驚いたのよっ！」@n"
			},
			{
				"TYPE": "ZM",
				"ID": 586002,
				"STRING": "扉の向こうは、ハイジ達の自室だった。",
				"ENG_STRING": "扉の向こうは、ハイジ達の自室だった。"
			},
			{
				"TYPE": "ZM",
				"ID": 586003,
				"STRING": "普通に部屋にいたらしい。",
				"ENG_STRING": "普通に部屋にいたらしい。"
			},
			{
				"TYPE": "ZM",
				"ID": 586004,
				"NAME": "憂緒",
				"ENG_NAME": "憂緒",
				"STRING": "「少しお邪魔してよろしいですか」",
				"ENG_STRING": "「少しお邪魔してよろしいですか」"
			},
			{
				"TYPE": "ZM",
				"ID": 586005,
				"NAME": "ルイ",
				"ENG_NAME": "ルイ",
				"STRING": "「ええ、どうぞ」",
				"ENG_STRING": "「ええ、どうぞ」"
			}
		],
		"CHAPTER_SUBNAME": "S02_23_01：憂緒に慰められる"
	},
	"S02_24_01：魂の上書きについて解説": {
		"MESSAGES": [
			{
				"TYPE": "ZM",
				"ID": 586006,
				"NAME": "アーデルハイト",
				"ENG_NAME": "アーデルハイト",
				"STRING": "「何事です？」",
				"ENG_STRING": "「何事です？」"
			},
			{
				"TYPE": "ZM",
				"ID": 586007,
				"NAME": "憂緒",
				"ENG_NAME": "憂緒",
				"STRING": "「どうやら遺品のせいで、妙な暗示に掛かってしまったようなのです」",
				"ENG_STRING": "「どうやら遺品のせいで、妙な暗示に掛かってしまったようなのです」"
			},
			{
				"TYPE": "ZM",
				"ID": 586008,
				"NAME": "憂緒",
				"ENG_NAME": "憂緒",
				"STRING": "「それで、前に使った暗示を解く魔法陣を貸していただけないかと」",
				"ENG_STRING": "「それで、前に使った暗示を解く魔法陣を貸していただけないかと」"
			},
			{
				"TYPE": "ZM",
				"ID": 586009,
				"NAME": "アーデルハイト",
				"ENG_NAME": "アーデルハイト",
				"STRING": "「構いませんけれど、妙な暗示って？」",
				"ENG_STRING": "「構いませんけれど、妙な暗示って？」"
			},
			{
				"TYPE": "ZM",
				"ID": 586010,
				"NAME": "ルイ",
				"ENG_NAME": "ルイ",
				"STRING": "「校内で噂になっていた『理想の自分になれる』とかいうアレですか」",
				"ENG_STRING": "「校内で噂になっていた『理想の自分になれる』とかいうアレですか」"
			},
			{
				"TYPE": "ZM",
				"ID": 586011,
				"NAME": "三厳",
				"ENG_NAME": "三厳",
				"STRING": "「そう、それ」",
				"ENG_STRING": "「そう、それ」"
			},
			{
				"TYPE": "ZM",
				"ID": 586012,
				"NAME": "満琉",
				"ENG_NAME": "満琉",
				"STRING": "「え、そんなことになってるの？　お兄ちゃん別に変わってないけど」",
				"ENG_STRING": "「え、そんなことになってるの？　お兄ちゃん別に変わってないけど」"
			},
			{
				"TYPE": "ZM",
				"ID": 586013,
				"NAME": "三厳",
				"ENG_NAME": "三厳",
				"STRING": "「俺はな。リトは“誰だお前！”みたいな事になってるが」@n",
				"ENG_STRING": "「俺はな。リトは“誰だお前！”みたいな事になってるが」@n"
			},
			{
				"TYPE": "ZM",
				"ID": 586014,
				"NAME": "アーデルハイト",
				"ENG_NAME": "アーデルハイト",
				"STRING": "「……………………」@n",
				"ENG_STRING": "「……………………」@n"
			},
			{
				"TYPE": "ZM",
				"ID": 586015,
				"STRING": "見たい、とお嬢様の顔に書いてあった。",
				"ENG_STRING": "見たい、とお嬢様の顔に書いてあった。"
			},
			{
				"TYPE": "ZM",
				"ID": 586016,
				"NAME": "三厳",
				"ENG_NAME": "三厳",
				"STRING": "「あと、花立が、またおまるに見える」",
				"ENG_STRING": "「あと、花立が、またおまるに見える」"
			},
			{
				"TYPE": "ZM",
				"ID": 586017,
				"NAME": "ルイ",
				"ENG_NAME": "ルイ",
				"STRING": "「……面倒な事で」",
				"ENG_STRING": "「……面倒な事で」"
			},
			{
				"TYPE": "ZM",
				"ID": 586018,
				"NAME": "アーデルハイト",
				"ENG_NAME": "アーデルハイト",
				"STRING": "「とりあえず魔法陣ですね。少しお待ちを」",
				"ENG_STRING": "「とりあえず魔法陣ですね。少しお待ちを」"
			},
			{
				"TYPE": "ZM",
				"ID": 586019,
				"STRING": "ハイジは室内にあるクローゼットを開けて、中から魔法陣が描かれたシーツを取り出した。",
				"ENG_STRING": "ハイジは室内にあるクローゼットを開けて、中から魔法陣が描かれたシーツを取り出した。"
			},
			{
				"TYPE": "ZM",
				"ID": 586020,
				"NAME": "アーデルハイト",
				"ENG_NAME": "アーデルハイト",
				"STRING": "「はい、どうぞ。あなた方も暗示に掛かっているのなら今ここで乗ってみればいかが？」",
				"ENG_STRING": "「はい、どうぞ。あなた方も暗示に掛かっているのなら今ここで乗ってみればいかが？」"
			},
			{
				"TYPE": "ZM",
				"ID": 586021,
				"NAME": "憂緒",
				"ENG_NAME": "憂緒",
				"STRING": "「そうさせて下さい」",
				"ENG_STRING": "「そうさせて下さい」"
			},
			{
				"TYPE": "ZM",
				"ID": 586022,
				"STRING": "ハイジとモー子とで両端を持って、シーツを床に広げる。",
				"ENG_STRING": "ハイジとモー子とで両端を持って、シーツを床に広げる。"
			},
			{
				"TYPE": "ZM",
				"ID": 586023,
				"NAME": "三厳",
				"ENG_NAME": "三厳",
				"STRING": "「乗るだけでいいんだっけ」",
				"ENG_STRING": "「乗るだけでいいんだっけ」"
			},
			{
				"TYPE": "ZM",
				"ID": 586024,
				"NAME": "アーデルハイト",
				"ENG_NAME": "アーデルハイト",
				"STRING": "「ええ、そうよ」",
				"ENG_STRING": "「ええ、そうよ」"
			},
			{
				"TYPE": "ZM",
				"ID": 586025,
				"STRING": "それじゃあ、と俺とモー子は魔法陣の輪の中に足を踏み入れる。",
				"ENG_STRING": "それじゃあ、と俺とモー子は魔法陣の輪の中に足を踏み入れる。"
			},
			{
				"TYPE": "ZM",
				"ID": 586026,
				"NAME": "三厳",
				"ENG_NAME": "三厳",
				"STRING": "「……………………」",
				"ENG_STRING": "「……………………」"
			},
			{
				"TYPE": "ZM",
				"ID": 586027,
				"NAME": "憂緒",
				"ENG_NAME": "憂緒",
				"STRING": "「……………………」",
				"ENG_STRING": "「……………………」"
			},
			{
				"TYPE": "ZM",
				"ID": 586028,
				"NAME": "三厳",
				"ENG_NAME": "三厳",
				"STRING": "「……これ、解けてんのか？」",
				"ENG_STRING": "「……これ、解けてんのか？」"
			},
			{
				"TYPE": "ZM",
				"ID": 586029,
				"NAME": "憂緒",
				"ENG_NAME": "憂緒",
				"STRING": "「何も感じませんね……」",
				"ENG_STRING": "「何も感じませんね……」"
			},
			{
				"TYPE": "ZM",
				"ID": 586030,
				"NAME": "アーデルハイト",
				"ENG_NAME": "アーデルハイト",
				"STRING": "「？　あなた達、本当に暗示魔術にかかってるの？」",
				"ENG_STRING": "「？　あなた達、本当に暗示魔術にかかってるの？」"
			},
			{
				"TYPE": "ZM",
				"ID": 586031,
				"NAME": "満琉",
				"ENG_NAME": "満琉",
				"STRING": "「魔力の気配とか、何もしないけど」",
				"ENG_STRING": "「魔力の気配とか、何もしないけど」"
			},
			{
				"TYPE": "ZM",
				"ID": 586032,
				"NAME": "ルイ",
				"ENG_NAME": "ルイ",
				"STRING": "「どう見ても、魔法陣は反応しておりませんから」",
				"ENG_STRING": "「どう見ても、魔法陣は反応しておりませんから」"
			},
			{
				"TYPE": "ZM",
				"ID": 586033,
				"NAME": "憂緒",
				"ENG_NAME": "憂緒",
				"STRING": "「反応していない？　これでは解けない類の術ということでしょうか？」",
				"ENG_STRING": "「反応していない？　これでは解けない類の術ということでしょうか？」"
			},
			{
				"TYPE": "ZM",
				"ID": 586034,
				"NAME": "アーデルハイト",
				"ENG_NAME": "アーデルハイト",
				"STRING": "「暗示魔術なら、すぐさま魔法陣が反応するはずよ。ルイ、調べてみて」@n",
				"ENG_STRING": "「暗示魔術なら、すぐさま魔法陣が反応するはずよ。ルイ、調べてみて」@n"
			},
			{
				"TYPE": "ZM",
				"ID": 586035,
				"NAME": "ルイ",
				"ENG_NAME": "ルイ",
				"STRING": "「ｊａ」",
				"ENG_STRING": "「ｊａ」"
			},
			{
				"TYPE": "ZM",
				"ID": 586036,
				"STRING": "ルイは、机の上に並んでいた小瓶の一つを手に取ると、何のためらいもなく俺とモー子に振りかけた。",
				"ENG_STRING": "ルイは、机の上に並んでいた小瓶の一つを手に取ると、何のためらいもなく俺とモー子に振りかけた。"
			},
			{
				"TYPE": "ZM",
				"ID": 586037,
				"NAME": "三厳",
				"ENG_NAME": "三厳",
				"STRING": "「おいっ！？　何するかくらい言ってからやってくれ」@n",
				"ENG_STRING": "「おいっ！？　何するかくらい言ってからやってくれ」@n"
			},
			{
				"TYPE": "ZM",
				"ID": 586038,
				"NAME": "ルイ",
				"ENG_NAME": "ルイ",
				"STRING": "「魔術の形跡を調べる魔法薬です」",
				"ENG_STRING": "「魔術の形跡を調べる魔法薬です」"
			},
			{
				"TYPE": "ZM",
				"ID": 586039,
				"NAME": "三厳",
				"ENG_NAME": "三厳",
				"STRING": "「遅えよ」",
				"ENG_STRING": "「遅えよ」"
			},
			{
				"TYPE": "ZM",
				"ID": 586040,
				"STRING": "悪びれた様子もなく、ルイは続いて手にした容器に息を吹きかける。",
				"ENG_STRING": "悪びれた様子もなく、ルイは続いて手にした容器に息を吹きかける。"
			},
			{
				"TYPE": "ZM",
				"ID": 586041,
				"STRING": "中身は粉だったらしく、あっという間に部屋中に広がっていった。",
				"ENG_STRING": "中身は粉だったらしく、あっという間に部屋中に広がっていった。"
			},
			{
				"TYPE": "ZM",
				"ID": 586042,
				"STRING": "さきほどハイジが歩いた跡だろう、床の上が一筋色づいている。",
				"ENG_STRING": "さきほどハイジが歩いた跡だろう、床の上が一筋色づいている。"
			},
			{
				"TYPE": "ZM",
				"ID": 586043,
				"STRING": "そして――",
				"ENG_STRING": "そして――"
			},
			{
				"TYPE": "ZM",
				"ID": 586044,
				"NAME": "満琉",
				"ENG_NAME": "満琉",
				"STRING": "「あ、なんか光ってる」",
				"ENG_STRING": "「あ、なんか光ってる」"
			},
			{
				"TYPE": "ZM",
				"ID": 586045,
				"NAME": "三厳",
				"ENG_NAME": "三厳",
				"STRING": "「これが形跡？」",
				"ENG_STRING": "「これが形跡？」"
			},
			{
				"TYPE": "ZM",
				"ID": 586046,
				"STRING": "俺とモー子の身体は、不思議な色の光りに包まれていた。",
				"ENG_STRING": "俺とモー子の身体は、不思議な色の光りに包まれていた。"
			},
			{
				"TYPE": "ZM",
				"ID": 586047,
				"NAME": "憂緒",
				"ENG_NAME": "憂緒",
				"STRING": "「やはり、何かしらの魔術には掛かっているようですね」",
				"ENG_STRING": "「やはり、何かしらの魔術には掛かっているようですね」"
			},
			{
				"TYPE": "ZM",
				"ID": 586048,
				"NAME": "アーデルハイト",
				"ENG_NAME": "アーデルハイト",
				"STRING": "「この色は……！？」",
				"ENG_STRING": "「この色は……！？」"
			},
			{
				"TYPE": "ZM",
				"ID": 586049,
				"NAME": "ルイ",
				"ENG_NAME": "ルイ",
				"STRING": "「……これは……またやっかいな……」@n",
				"ENG_STRING": "「……これは……またやっかいな……」@n"
			},
			{
				"TYPE": "ZM",
				"ID": 586050,
				"NAME": "三厳",
				"ENG_NAME": "三厳",
				"STRING": "「え？　何が？」",
				"ENG_STRING": "「え？　何が？」"
			},
			{
				"TYPE": "ZM",
				"ID": 586051,
				"STRING": "ハイジとルイは、俺達の放つ色を見て、かなり驚いている様子だった。",
				"ENG_STRING": "ハイジとルイは、俺達の放つ色を見て、かなり驚いている様子だった。"
			},
			{
				"TYPE": "ZM",
				"ID": 586052,
				"NAME": "憂緒",
				"ENG_NAME": "憂緒",
				"STRING": "「何の魔術なのです？」",
				"ENG_STRING": "「何の魔術なのです？」"
			},
			{
				"TYPE": "ZM",
				"ID": 586053,
				"NAME": "ルイ",
				"ENG_NAME": "ルイ",
				"STRING": "「結論から言います。これは、この魔法陣では解けません」",
				"ENG_STRING": "「結論から言います。これは、この魔法陣では解けません」"
			},
			{
				"TYPE": "ZM",
				"ID": 586054,
				"NAME": "三厳",
				"ENG_NAME": "三厳",
				"STRING": "「えええ！？」@n",
				"ENG_STRING": "「えええ！？」@n"
			},
			{
				"TYPE": "ZM",
				"ID": 586055,
				"NAME": "憂緒",
				"ENG_NAME": "憂緒",
				"STRING": "「これでは、解けない……？」",
				"ENG_STRING": "「これでは、解けない……？」"
			},
			{
				"TYPE": "ZM",
				"ID": 586056,
				"NAME": "アーデルハイト",
				"ENG_NAME": "アーデルハイト",
				"STRING": "「でも、長くはもたないはずよ。このまましばらく様子を見た方が……」",
				"ENG_STRING": "「でも、長くはもたないはずよ。このまましばらく様子を見た方が……」"
			},
			{
				"TYPE": "ZM",
				"ID": 586057,
				"NAME": "憂緒",
				"ENG_NAME": "憂緒",
				"STRING": "「どういうことでしょうか？」",
				"ENG_STRING": "「どういうことでしょうか？」"
			},
			{
				"TYPE": "ZM",
				"ID": 586058,
				"NAME": "ルイ",
				"ENG_NAME": "ルイ",
				"STRING": "「これは暗示魔術ではありません。魂の上書きをしているのです」",
				"ENG_STRING": "「これは暗示魔術ではありません。魂の上書きをしているのです」"
			},
			{
				"TYPE": "ZM",
				"ID": 586059,
				"NAME": "三厳",
				"ENG_NAME": "三厳",
				"STRING": "「魂の、上書き……？」",
				"ENG_STRING": "「魂の、上書き……？」"
			},
			{
				"TYPE": "ZM",
				"ID": 586060,
				"NAME": "ルイ",
				"ENG_NAME": "ルイ",
				"STRING": "「おそらくその遺品が『本人の意識を変える』という一点のみに特化したもののため、暗示に思えただけでしょう」",
				"ENG_STRING": "「おそらくその遺品が『本人の意識を変える』という一点のみに特化したもののため、暗示に思えただけでしょう」"
			},
			{
				"TYPE": "ZM",
				"ID": 586061,
				"NAME": "憂緒",
				"ENG_NAME": "憂緒",
				"STRING": "「その、魂の上書きとやらについて、詳しく教えて下さい」",
				"ENG_STRING": "「その、魂の上書きとやらについて、詳しく教えて下さい」"
			},
			{
				"TYPE": "ZM",
				"ID": 586062,
				"NAME": "ルイ",
				"ENG_NAME": "ルイ",
				"STRING": "「そもそも魔力とは人の魂そのものの力です。これはご存じですね？」",
				"ENG_STRING": "「そもそも魔力とは人の魂そのものの力です。これはご存じですね？」"
			},
			{
				"TYPE": "ZM",
				"ID": 586063,
				"NAME": "憂緒",
				"ENG_NAME": "憂緒",
				"STRING": "「ええ、以前にも聞きました」",
				"ENG_STRING": "「ええ、以前にも聞きました」"
			},
			{
				"TYPE": "ZM",
				"ID": 586064,
				"NAME": "ルイ",
				"ENG_NAME": "ルイ",
				"STRING": "「そして魔術は、魔力を消費して様々な現象を起こすものです。魂というものは、いわば魔術の起点であり、根源でもある」",
				"ENG_STRING": "「そして魔術は、魔力を消費して様々な現象を起こすものです。魂というものは、いわば魔術の起点であり、根源でもある」"
			},
			{
				"TYPE": "ZM",
				"ID": 586065,
				"NAME": "ルイ",
				"ENG_NAME": "ルイ",
				"STRING": "「この遺品は、その魂に直接作用して書き換えを行っています。魔法陣などで媒介される暗示魔術とはまったく別物です」",
				"ENG_STRING": "「この遺品は、その魂に直接作用して書き換えを行っています。魔法陣などで媒介される暗示魔術とはまったく別物です」"
			},
			{
				"TYPE": "ZM",
				"ID": 586066,
				"NAME": "アーデルハイト",
				"ENG_NAME": "アーデルハイト",
				"STRING": "「魂に作用する力は、魔術の中でも最も強力な力の一つよ」",
				"ENG_STRING": "「魂に作用する力は、魔術の中でも最も強力な力の一つよ」"
			},
			{
				"TYPE": "ZM",
				"ID": 586067,
				"NAME": "ルイ",
				"ENG_NAME": "ルイ",
				"STRING": "「たとえば、魔女である、ということを魂に上書きすれば、本当に魔女のような力が使えるようにもなりますね」",
				"ENG_STRING": "「たとえば、魔女である、ということを魂に上書きすれば、本当に魔女のような力が使えるようにもなりますね」"
			},
			{
				"TYPE": "ZM",
				"ID": 586068,
				"NAME": "憂緒",
				"ENG_NAME": "憂緒",
				"STRING": "「魔力そのものだから、魔女だと上書きされれば魔力も魔女ほどの力に変貌する？」",
				"ENG_STRING": "「魔力そのものだから、魔女だと上書きされれば魔力も魔女ほどの力に変貌する？」"
			},
			{
				"TYPE": "ZM",
				"ID": 586069,
				"NAME": "ルイ",
				"ENG_NAME": "ルイ",
				"STRING": "「そういうことです」",
				"ENG_STRING": "「そういうことです」"
			},
			{
				"TYPE": "ZM",
				"ID": 586070,
				"NAME": "ルイ",
				"ENG_NAME": "ルイ",
				"STRING": "「言霊というのが、イメージとしては近いかも知れません。元の魂になかった概念――情報を上から書き加えていると思って下さい」",
				"ENG_STRING": "「言霊というのが、イメージとしては近いかも知れません。元の魂になかった概念――情報を上から書き加えていると思って下さい」"
			},
			{
				"TYPE": "ZM",
				"ID": 586071,
				"NAME": "ルイ",
				"ENG_NAME": "ルイ",
				"STRING": "「存在しないはずのものが『存在する』と上書きされている。魔術で実現できることは魂の上書きによってほぼ現実になるのです」",
				"ENG_STRING": "「存在しないはずのものが『存在する』と上書きされている。魔術で実現できることは魂の上書きによってほぼ現実になるのです」"
			},
			{
				"TYPE": "ZM",
				"ID": 586072,
				"NAME": "三厳",
				"ENG_NAME": "三厳",
				"STRING": "「何でもできるってことかよ。それで、おまるがいるように見えたりもするのか？」",
				"ENG_STRING": "「何でもできるってことかよ。それで、おまるがいるように見えたりもするのか？」"
			},
			{
				"TYPE": "ZM",
				"ID": 586073,
				"NAME": "ルイ",
				"ENG_NAME": "ルイ",
				"STRING": "「あなた達の魂に『ムツキではなく、コタロウがいる』と上書きされている、ということです」",
				"ENG_STRING": "「あなた達の魂に『ムツキではなく、コタロウがいる』と上書きされている、ということです」"
			},
			{
				"TYPE": "ZM",
				"ID": 586074,
				"NAME": "満琉",
				"ENG_NAME": "満琉",
				"STRING": "「…っ、あの、そんな強い魔術が掛かってて、お兄ちゃんたちは大丈夫…なんでしょうか！」@n",
				"ENG_STRING": "「…っ、あの、そんな強い魔術が掛かってて、お兄ちゃんたちは大丈夫…なんでしょうか！」@n"
			},
			{
				"TYPE": "ZM",
				"ID": 586075,
				"NAME": "アーデルハイト",
				"ENG_NAME": "アーデルハイト",
				"STRING": "「ええ、この力は強力すぎる代わりに、短時間しかもたないの。遺品のような魔術道具の効果ならなおさらよ」@n",
				"ENG_STRING": "「ええ、この力は強力すぎる代わりに、短時間しかもたないの。遺品のような魔術道具の効果ならなおさらよ」@n"
			},
			{
				"TYPE": "ZM",
				"ID": 586076,
				"NAME": "三厳",
				"ENG_NAME": "三厳",
				"STRING": "「ああ、リトも一時間程度で効果が切れるって言ってたしな」",
				"ENG_STRING": "「ああ、リトも一時間程度で効果が切れるって言ってたしな」"
			},
			{
				"TYPE": "ZM",
				"ID": 586077,
				"NAME": "憂緒",
				"ENG_NAME": "憂緒",
				"STRING": "「………」",
				"ENG_STRING": "「………」"
			},
			{
				"TYPE": "ZM",
				"ID": 586078,
				"NAME": "三厳",
				"ENG_NAME": "三厳",
				"STRING": "「それ、もしかして代償もやばいことになってるんじゃないか？」@n",
				"ENG_STRING": "「それ、もしかして代償もやばいことになってるんじゃないか？」@n"
			},
			{
				"TYPE": "ZM",
				"ID": 586079,
				"NAME": "アーデルハイト",
				"ENG_NAME": "アーデルハイト",
				"STRING": "「ええそうね。通常、魂に作用する力というのは、よっぽどの下準備と蓄積された魔力が必要だから…」",
				"ENG_STRING": "「ええそうね。通常、魂に作用する力というのは、よっぽどの下準備と蓄積された魔力が必要だから…」"
			},
			{
				"TYPE": "ZM",
				"ID": 586080,
				"NAME": "ルイ",
				"ENG_NAME": "ルイ",
				"STRING": "「そのわりには効果は短時間しかもちませんし、強力とはいえ、常識的な魔術師ならばまず手を出さない領域ですね」",
				"ENG_STRING": "「そのわりには効果は短時間しかもちませんし、強力とはいえ、常識的な魔術師ならばまず手を出さない領域ですね」"
			},
			{
				"TYPE": "ZM",
				"ID": 586081,
				"NAME": "三厳",
				"ENG_NAME": "三厳",
				"STRING": "「モー子、早く遺品の使用者を見つけないと」",
				"ENG_STRING": "「モー子、早く遺品の使用者を見つけないと」"
			},
			{
				"TYPE": "ZM",
				"ID": 586082,
				"NAME": "憂緒",
				"ENG_NAME": "憂緒",
				"STRING": "「……待って下さい。ひとつ、おかしなことがあります」",
				"ENG_STRING": "「……待って下さい。ひとつ、おかしなことがあります」"
			},
			{
				"TYPE": "ZM",
				"ID": 586083,
				"NAME": "アーデルハイト",
				"ENG_NAME": "アーデルハイト",
				"STRING": "「なんです？」",
				"ENG_STRING": "「なんです？」"
			},
			{
				"TYPE": "ZM",
				"ID": 586084,
				"NAME": "憂緒",
				"ENG_NAME": "憂緒",
				"STRING": "「『魂の上書き』と聞いて、何かこれまでのことに違和感を覚えませんか、久我くん」",
				"ENG_STRING": "「『魂の上書き』と聞いて、何かこれまでのことに違和感を覚えませんか、久我くん」"
			},
			{
				"TYPE": "ZM",
				"ID": 586085,
				"NAME": "三厳",
				"ENG_NAME": "三厳",
				"STRING": "「違和感……？」",
				"ENG_STRING": "「違和感……？」"
			},
			{
				"TYPE": "ZM",
				"ID": 586086,
				"NAME": "憂緒",
				"ENG_NAME": "憂緒",
				"STRING": "「この魔術を掛けられた中に一人……」",
				"ENG_STRING": "「この魔術を掛けられた中に一人……」"
			},
			{
				"TYPE": "ZM",
				"ID": 586087,
				"STRING": "中に一人……いや、モー子の口ぶりからして俺とモー子自身は含まれていなさそうだ。",
				"ENG_STRING": "中に一人……いや、モー子の口ぶりからして俺とモー子自身は含まれていなさそうだ。"
			},
			{
				"TYPE": "ZM",
				"ID": 586088,
				"STRING": "となると残るは……。",
				"ENG_STRING": "となると残るは……。"
			},
			{
				"TYPE": "SELR",
				"ID": 0,
				"STRING": "烏丸小太郎",
				"ENG_STRING": "烏丸小太郎"
			},
			{
				"TYPE": "SELR",
				"ID": 1,
				"STRING": "リト",
				"ENG_STRING": "リト"
			},
			{
				"TYPE": "SELR",
				"ID": 2,
				"STRING": "花立睦月",
				"ENG_STRING": "花立睦月"
			}
		],
		"CHAPTER_SUBNAME": "S02_24_01：魂の上書きについて解説"
	},
	"S02_24_02：烏丸小太郎": {
		"MESSAGES": [
			{
				"TYPE": "ZM",
				"ID": 586242,
				"NAME": "三厳",
				"ENG_NAME": "三厳",
				"STRING": "「おまるのことか？」",
				"ENG_STRING": "「おまるのことか？」"
			},
			{
				"TYPE": "ZM",
				"ID": 586243,
				"NAME": "憂緒",
				"ENG_NAME": "憂緒",
				"STRING": "「なぜそうなるんです」",
				"ENG_STRING": "「なぜそうなるんです」"
			},
			{
				"TYPE": "ZM",
				"ID": 586244,
				"NAME": "三厳",
				"ENG_NAME": "三厳",
				"STRING": "「違うのか？　おまるの魂って、なんかどっかから召還されてたからこの時代にはないはずだろ」",
				"ENG_STRING": "「違うのか？　おまるの魂って、なんかどっかから召還されてたからこの時代にはないはずだろ」"
			},
			{
				"TYPE": "ZM",
				"ID": 586245,
				"NAME": "憂緒",
				"ENG_NAME": "憂緒",
				"STRING": "「というか、そもそもあれは烏丸くんではなく睦月だと思いますが」",
				"ENG_STRING": "「というか、そもそもあれは烏丸くんではなく睦月だと思いますが」"
			},
			{
				"TYPE": "ZM",
				"ID": 586246,
				"NAME": "三厳",
				"ENG_NAME": "三厳",
				"STRING": "「あ、そうか……」",
				"ENG_STRING": "「あ、そうか……」"
			},
			{
				"TYPE": "ZM",
				"ID": 586247,
				"STRING": "上書きされてる魂は、そもそもおまるのじゃないんだな。",
				"ENG_STRING": "上書きされてる魂は、そもそもおまるのじゃないんだな。"
			},
			{
				"TYPE": "ZM",
				"ID": 586248,
				"NAME": "ルイ",
				"ENG_NAME": "ルイ",
				"STRING": "「………リトでしょう。あれはホムンクルスだったはず」",
				"ENG_STRING": "「………リトでしょう。あれはホムンクルスだったはず」"
			},
			{
				"TYPE": "ZM",
				"ID": 586249,
				"NAME": "憂緒",
				"ENG_NAME": "憂緒",
				"STRING": "「そうです。上書きしようにも、彼女には魂がありません」",
				"ENG_STRING": "「そうです。上書きしようにも、彼女には魂がありません」"
			},
			{
				"TYPE": "ZM",
				"ID": 586250,
				"NAME": "三厳",
				"ENG_NAME": "三厳",
				"STRING": "「あっ！」",
				"ENG_STRING": "「あっ！」"
			},
			{
				"TYPE": "ZM",
				"ID": 586251,
				"STRING": "そうだった……。",
				"ENG_STRING": "そうだった……。"
			}
		],
		"CHAPTER_SUBNAME": "S02_24_02：烏丸小太郎"
	},
	"S02_24_03：リト": {
		"MESSAGES": [
			{
				"TYPE": "ZM",
				"ID": 586498,
				"NAME": "三厳",
				"ENG_NAME": "三厳",
				"STRING": "「……リトか！　あいつはホムンクルスなんだから、魂は……ないんだ……」",
				"ENG_STRING": "「……リトか！　あいつはホムンクルスなんだから、魂は……ないんだ……」"
			},
			{
				"TYPE": "ZM",
				"ID": 586499,
				"NAME": "憂緒",
				"ENG_NAME": "憂緒",
				"STRING": "「そうです。上書きのしようがありません」",
				"ENG_STRING": "「そうです。上書きのしようがありません」"
			},
			{
				"TYPE": "ZM",
				"ID": 586500,
				"NAME": "ルイ",
				"ENG_NAME": "ルイ",
				"STRING": "「かかるはずのない術に掛かっている、事になりますね」",
				"ENG_STRING": "「かかるはずのない術に掛かっている、事になりますね」"
			}
		],
		"CHAPTER_SUBNAME": "S02_24_03：リト"
	},
	"S02_24_04：花立睦月": {
		"MESSAGES": [
			{
				"TYPE": "ZM",
				"ID": 586754,
				"NAME": "三厳",
				"ENG_NAME": "三厳",
				"STRING": "「……花立か？」",
				"ENG_STRING": "「……花立か？」"
			},
			{
				"TYPE": "ZM",
				"ID": 586755,
				"NAME": "憂緒",
				"ENG_NAME": "憂緒",
				"STRING": "「睦月なわけがないでしょう。さっき、烏丸くんがいると上書きされていると言われたばかりじゃないですか」",
				"ENG_STRING": "「睦月なわけがないでしょう。さっき、烏丸くんがいると上書きされていると言われたばかりじゃないですか」"
			},
			{
				"TYPE": "ZM",
				"ID": 586756,
				"NAME": "憂緒",
				"ENG_NAME": "憂緒",
				"STRING": "「そして、睦月は『烏丸小太郎である』と上書きされている……」",
				"ENG_STRING": "「そして、睦月は『烏丸小太郎である』と上書きされている……」"
			},
			{
				"TYPE": "ZM",
				"ID": 586757,
				"NAME": "三厳",
				"ENG_NAME": "三厳",
				"STRING": "「あ、そうか……え、じゃあ誰だ？」",
				"ENG_STRING": "「あ、そうか……え、じゃあ誰だ？」"
			},
			{
				"TYPE": "ZM",
				"ID": 586758,
				"NAME": "ルイ",
				"ENG_NAME": "ルイ",
				"STRING": "「リトしかいないでしょう。上書きのしようがない」",
				"ENG_STRING": "「リトしかいないでしょう。上書きのしようがない」"
			},
			{
				"TYPE": "ZM",
				"ID": 586759,
				"NAME": "三厳",
				"ENG_NAME": "三厳",
				"STRING": "「しようがない？」",
				"ENG_STRING": "「しようがない？」"
			},
			{
				"TYPE": "ZM",
				"ID": 586760,
				"NAME": "憂緒",
				"ENG_NAME": "憂緒",
				"STRING": "「しっかりして下さい。彼女はホムンクルスですよ？」",
				"ENG_STRING": "「しっかりして下さい。彼女はホムンクルスですよ？」"
			},
			{
				"TYPE": "ZM",
				"ID": 586761,
				"NAME": "三厳",
				"ENG_NAME": "三厳",
				"STRING": "「……あっ！　そうか、魂がないんだ……」",
				"ENG_STRING": "「……あっ！　そうか、魂がないんだ……」"
			},
			{
				"TYPE": "ZM",
				"ID": 586762,
				"NAME": "憂緒",
				"ENG_NAME": "憂緒",
				"STRING": "「そういうことです」",
				"ENG_STRING": "「そういうことです」"
			}
		],
		"CHAPTER_SUBNAME": "S02_24_04：花立睦月"
	},
	"S02_24_05": {
		"MESSAGES": [
			{
				"TYPE": "ZM",
				"ID": 587010,
				"NAME": "三厳",
				"ENG_NAME": "三厳",
				"STRING": "「……じゃあ、リトはなんであんな事に？」",
				"ENG_STRING": "「……じゃあ、リトはなんであんな事に？」"
			},
			{
				"TYPE": "ZM",
				"ID": 587011,
				"NAME": "憂緒",
				"ENG_NAME": "憂緒",
				"STRING": "「ここはシンプルに考えましょう。魂はないから上書きは出来ない。となると、あれは演技だと言う事になりますね」",
				"ENG_STRING": "「ここはシンプルに考えましょう。魂はないから上書きは出来ない。となると、あれは演技だと言う事になりますね」"
			},
			{
				"TYPE": "ZM",
				"ID": 587012,
				"NAME": "三厳",
				"ENG_NAME": "三厳",
				"STRING": "「演技！？　あれが……って、リトにそんなわけのわからん真似する理由があるか？」",
				"ENG_STRING": "「演技！？　あれが……って、リトにそんなわけのわからん真似する理由があるか？」"
			},
			{
				"TYPE": "ZM",
				"ID": 587013,
				"NAME": "憂緒",
				"ENG_NAME": "憂緒",
				"STRING": "「ない、と思います。つまり――あのリトさんは、そもそもリトさんではなかったのでは？」@n",
				"ENG_STRING": "「ない、と思います。つまり――あのリトさんは、そもそもリトさんではなかったのでは？」@n"
			},
			{
				"TYPE": "ZM",
				"ID": 587014,
				"NAME": "満琉",
				"ENG_NAME": "満琉",
				"STRING": "「……別人？」",
				"ENG_STRING": "「……別人？」"
			},
			{
				"TYPE": "ZM",
				"ID": 587015,
				"NAME": "ルイ",
				"ENG_NAME": "ルイ",
				"STRING": "「そう考えるのが妥当かと、私も思います」",
				"ENG_STRING": "「そう考えるのが妥当かと、私も思います」"
			},
			{
				"TYPE": "ZM",
				"ID": 587016,
				"NAME": "憂緒",
				"ENG_NAME": "憂緒",
				"STRING": "「あの遺品について解説してくれたのもリトさんでした。そのとき、リトさんは『暗示魔術か』という問いにはハッキリと肯定しましたが……」",
				"ENG_STRING": "「あの遺品について解説してくれたのもリトさんでした。そのとき、リトさんは『暗示魔術か』という問いにはハッキリと肯定しましたが……」"
			},
			{
				"TYPE": "ZM",
				"ID": 587017,
				"NAME": "憂緒",
				"ENG_NAME": "憂緒",
				"STRING": "「それは真っ赤な偽りだった。遺品の目録であるリトさんには、遺品の内容を偽って伝えるなんてことは出来ないはず」",
				"ENG_STRING": "「それは真っ赤な偽りだった。遺品の目録であるリトさんには、遺品の内容を偽って伝えるなんてことは出来ないはず」"
			},
			{
				"TYPE": "ZM",
				"ID": 587018,
				"NAME": "憂緒",
				"ENG_NAME": "憂緒",
				"STRING": "「そのことからも、私たちの前に現れたリトさんはやはり別人だという結論になります」",
				"ENG_STRING": "「そのことからも、私たちの前に現れたリトさんはやはり別人だという結論になります」"
			},
			{
				"TYPE": "ZM",
				"ID": 587019,
				"NAME": "三厳",
				"ENG_NAME": "三厳",
				"STRING": "「……偽者なのか」",
				"ENG_STRING": "「……偽者なのか」"
			},
			{
				"TYPE": "ZM",
				"ID": 587020,
				"STRING": "リトなりに、普通の子になってみたかったんだろうか、なんて思ってたのに……。",
				"ENG_STRING": "リトなりに、普通の子になってみたかったんだろうか、なんて思ってたのに……。"
			},
			{
				"TYPE": "ZM",
				"ID": 587021,
				"NAME": "アーデルハイト",
				"ENG_NAME": "アーデルハイト",
				"STRING": "「でも、偽者だとしてどうするの？　まさかあなたは偽者なのと聞いても、うんとは言わないでしょう」@n",
				"ENG_STRING": "「でも、偽者だとしてどうするの？　まさかあなたは偽者なのと聞いても、うんとは言わないでしょう」@n"
			},
			{
				"TYPE": "ZM",
				"ID": 587022,
				"NAME": "憂緒",
				"ENG_NAME": "憂緒",
				"STRING": "「でしょうね。偽者だとこちらが既に気づいていると知らせるのが得策かどうかもわかりません」",
				"ENG_STRING": "「でしょうね。偽者だとこちらが既に気づいていると知らせるのが得策かどうかもわかりません」"
			},
			{
				"TYPE": "ZM",
				"ID": 587023,
				"NAME": "三厳",
				"ENG_NAME": "三厳",
				"STRING": "「じゃあ、どうする？　というか、あのリトが偽者だとして、正体はなんなんだ？」",
				"ENG_STRING": "「じゃあ、どうする？　というか、あのリトが偽者だとして、正体はなんなんだ？」"
			},
			{
				"TYPE": "ZM",
				"ID": 587024,
				"NAME": "憂緒",
				"ENG_NAME": "憂緒",
				"STRING": "「……………………」",
				"ENG_STRING": "「……………………」"
			},
			{
				"TYPE": "ZM",
				"ID": 587025,
				"NAME": "憂緒",
				"ENG_NAME": "憂緒",
				"STRING": "「満琉さん」",
				"ENG_STRING": "「満琉さん」"
			},
			{
				"TYPE": "ZM",
				"ID": 587026,
				"NAME": "満琉",
				"ENG_NAME": "満琉",
				"STRING": "「えっ？」@n",
				"ENG_STRING": "「えっ？」@n"
			},
			{
				"TYPE": "ZM",
				"ID": 587265,
				"NAME": "憂緒",
				"ENG_NAME": "憂緒",
				"STRING": "「しばらくの間、そのヤヌスの鍵を貸してもらえませんか？」",
				"ENG_STRING": "「しばらくの間、そのヤヌスの鍵を貸してもらえませんか？」"
			}
		],
		"CHAPTER_SUBNAME": "S02_24_05"
	}
}