{
	"S01_13_01：猫を追う": {
		"MESSAGES": [
			{
				"TYPE": "ZM",
				"ID": 538882,
				"NAME": "憂緒",
				"ENG_NAME": "憂緒",
				"STRING": "「……見当たりませんね」",
				"ENG_STRING": "「……見当たりませんね」"
			},
			{
				"TYPE": "ZM",
				"ID": 538883,
				"STRING": "村雲さんと二人、庭園へ出て辺りを見回してみたけれど黒谷さんはおろか、人の姿はひとつもない。",
				"ENG_STRING": "村雲さんと二人、庭園へ出て辺りを見回してみたけれど黒谷さんはおろか、人の姿はひとつもない。"
			},
			{
				"TYPE": "ZM",
				"ID": 538884,
				"NAME": "春霞",
				"ENG_NAME": "春霞",
				"STRING": "「こっちにもいないよー」",
				"ENG_STRING": "「こっちにもいないよー」"
			},
			{
				"TYPE": "ZM",
				"ID": 538885,
				"NAME": "憂緒",
				"ENG_NAME": "憂緒",
				"STRING": "「こちらもです」",
				"ENG_STRING": "「こちらもです」"
			},
			{
				"TYPE": "ZM",
				"ID": 538886,
				"STRING": "もしや、植え込みや見えにくい場所に倒れてしまっているのではと、付近を捜索してみたが、やはり誰もいないようだった。",
				"ENG_STRING": "もしや、植え込みや見えにくい場所に倒れてしまっているのではと、付近を捜索してみたが、やはり誰もいないようだった。"
			},
			{
				"TYPE": "ZM",
				"ID": 538887,
				"NAME": "憂緒",
				"ENG_NAME": "憂緒",
				"STRING": "「ヤヌスの鍵は反応したのに……」",
				"ENG_STRING": "「ヤヌスの鍵は反応したのに……」"
			},
			{
				"TYPE": "ZM",
				"ID": 538888,
				"NAME": "春霞",
				"ENG_NAME": "春霞",
				"STRING": "「なんかこう、瞬間移動する遺品か何かを作動させちゃって、制御できなくてぽんぽん飛び回ってるとか？」",
				"ENG_STRING": "「なんかこう、瞬間移動する遺品か何かを作動させちゃって、制御できなくてぽんぽん飛び回ってるとか？」"
			},
			{
				"TYPE": "ZM",
				"ID": 538889,
				"NAME": "憂緒",
				"ENG_NAME": "憂緒",
				"STRING": "「だとしたら、魔力が尽きて危険な事になってしまいますね」",
				"ENG_STRING": "「だとしたら、魔力が尽きて危険な事になってしまいますね」"
			},
			{
				"TYPE": "ZM",
				"ID": 538890,
				"NAME": "憂緒",
				"ENG_NAME": "憂緒",
				"STRING": "「……でも、おそらく本能的に元いた場所へ戻ろうとはするでしょう。偶然東寮へ飛んで戻っているかもしれません」",
				"ENG_STRING": "「……でも、おそらく本能的に元いた場所へ戻ろうとはするでしょう。偶然東寮へ飛んで戻っているかもしれません」"
			},
			{
				"TYPE": "ZM",
				"ID": 538891,
				"NAME": "春霞",
				"ENG_NAME": "春霞",
				"STRING": "「行ってみようか。戻ってればそれで遺品を封印しちゃえばいいし」",
				"ENG_STRING": "「行ってみようか。戻ってればそれで遺品を封印しちゃえばいいし」"
			},
			{
				"TYPE": "ZM",
				"ID": 538892,
				"STRING": "頷き、村雲さんとともに東寮へと向かう。",
				"ENG_STRING": "頷き、村雲さんとともに東寮へと向かう。"
			},
			{
				"TYPE": "ZM",
				"ID": 538893,
				"STRING": "道中も、黒谷さんがいないか辺りを見回しながら進んだけれど、やはり見当たらなかった――",
				"ENG_STRING": "道中も、黒谷さんがいないか辺りを見回しながら進んだけれど、やはり見当たらなかった――"
			},
			{
				"TYPE": "ZM",
				"ID": 538894,
				"NAME": "そあら",
				"ENG_NAME": "そあら",
				"STRING": "「あっ、鹿ケ谷せんぱい！」",
				"ENG_STRING": "「あっ、鹿ケ谷せんぱい！」"
			},
			{
				"TYPE": "ZM",
				"ID": 538895,
				"STRING": "吉田さんの部屋を訪ねると、心配していたのだろう彼女はすぐに顔を出した。",
				"ENG_STRING": "吉田さんの部屋を訪ねると、心配していたのだろう彼女はすぐに顔を出した。"
			},
			{
				"TYPE": "ZM",
				"ID": 538896,
				"NAME": "そあら",
				"ENG_NAME": "そあら",
				"STRING": "「まーやちゃんは……？」",
				"ENG_STRING": "「まーやちゃんは……？」"
			},
			{
				"TYPE": "ZM",
				"ID": 538897,
				"NAME": "憂緒",
				"ENG_NAME": "憂緒",
				"STRING": "「ここまで捜しながら来たのですが、残念ながら見当たりませんでした」",
				"ENG_STRING": "「ここまで捜しながら来たのですが、残念ながら見当たりませんでした」"
			},
			{
				"TYPE": "ZM",
				"ID": 538898,
				"NAME": "憂緒",
				"ENG_NAME": "憂緒",
				"STRING": "「こちらにも戻っていないのですね……」",
				"ENG_STRING": "「こちらにも戻っていないのですね……」"
			},
			{
				"TYPE": "ZM",
				"ID": 538899,
				"NAME": "そあら",
				"ENG_NAME": "そあら",
				"STRING": "「………はい……」@n",
				"ENG_STRING": "「………はい……」@n"
			},
			{
				"TYPE": "ZM",
				"ID": 539137,
				"STRING": "しゅんと、しょげた顔をする吉田さん。",
				"ENG_STRING": "しゅんと、しょげた顔をする吉田さん。"
			},
			{
				"TYPE": "ZM",
				"ID": 539138,
				"STRING": "無理もない。",
				"ENG_STRING": "無理もない。"
			},
			{
				"TYPE": "ZM",
				"ID": 539139,
				"STRING": "彼女は本人はあまり記憶に残っていないとは言え、一度遺品に触れ発動させた経験がある。",
				"ENG_STRING": "彼女は本人はあまり記憶に残っていないとは言え、一度遺品に触れ発動させた経験がある。"
			},
			{
				"TYPE": "ZM",
				"ID": 539140,
				"STRING": "魔力とは魂そのもののことなのだから、魂の奥深くにはその感触が残っているはず。",
				"ENG_STRING": "魔力とは魂そのもののことなのだから、魂の奥深くにはその感触が残っているはず。"
			},
			{
				"TYPE": "ZM",
				"ID": 539141,
				"NAME": "憂緒",
				"ENG_NAME": "憂緒",
				"STRING": "（黒谷さんが何か、異常な事態に巻き込まれたのではないかと本能的に感じているのかも……）",
				"ENG_STRING": "（黒谷さんが何か、異常な事態に巻き込まれたのではないかと本能的に感じているのかも……）"
			},
			{
				"TYPE": "ZM",
				"ID": 539142,
				"NAME": "そあら",
				"ENG_NAME": "そあら",
				"STRING": "「どうしましょう？　やっぱりわたしも探した方が……」",
				"ENG_STRING": "「どうしましょう？　やっぱりわたしも探した方が……」"
			},
			{
				"TYPE": "ZM",
				"ID": 539143,
				"NAME": "憂緒",
				"ENG_NAME": "憂緒",
				"STRING": "「いえ、それでは黒谷さんが戻った場合、彼女があなたを心配するでしょう」",
				"ENG_STRING": "「いえ、それでは黒谷さんが戻った場合、彼女があなたを心配するでしょう」"
			},
			{
				"TYPE": "ZM",
				"ID": 539144,
				"NAME": "憂緒",
				"ENG_NAME": "憂緒",
				"STRING": "「あなたはここで待っていて下さい。捜索は私達が」",
				"ENG_STRING": "「あなたはここで待っていて下さい。捜索は私達が」"
			},
			{
				"TYPE": "ZM",
				"ID": 539145,
				"NAME": "そあら",
				"ENG_NAME": "そあら",
				"STRING": "「……そ、そう、ですね。わかりました。お願いしますっ！！」@n",
				"ENG_STRING": "「……そ、そう、ですね。わかりました。お願いしますっ！！」@n"
			},
			{
				"TYPE": "ZM",
				"ID": 539393,
				"STRING": "ぺこん、と大きく頭を下げる吉田さん。",
				"ENG_STRING": "ぺこん、と大きく頭を下げる吉田さん。"
			},
			{
				"TYPE": "ZM",
				"ID": 539394,
				"NAME": "憂緒",
				"ENG_NAME": "憂緒",
				"STRING": "「特査全員で探していますから、任せておいて下さい」",
				"ENG_STRING": "「特査全員で探していますから、任せておいて下さい」"
			},
			{
				"TYPE": "ZM",
				"ID": 539395,
				"NAME": "そあら",
				"ENG_NAME": "そあら",
				"STRING": "「はいっ！！　ありがとーございます！」",
				"ENG_STRING": "「はいっ！！　ありがとーございます！」"
			},
			{
				"TYPE": "ZM",
				"ID": 539396,
				"STRING": "そう言って、吉田さんの部屋を後にする。",
				"ENG_STRING": "そう言って、吉田さんの部屋を後にする。"
			},
			{
				"TYPE": "ZM",
				"ID": 539397,
				"NAME": "春霞",
				"ENG_NAME": "春霞",
				"STRING": "「……うーん、やっぱりヤヌスの鍵が誤作動したのかなぁ？」",
				"ENG_STRING": "「……うーん、やっぱりヤヌスの鍵が誤作動したのかなぁ？」"
			},
			{
				"TYPE": "ZM",
				"ID": 539398,
				"NAME": "憂緒",
				"ENG_NAME": "憂緒",
				"STRING": "「それは可能性が低いと思います。今まで意図した所と違う場所に出た事はないでしょう？」",
				"ENG_STRING": "「それは可能性が低いと思います。今まで意図した所と違う場所に出た事はないでしょう？」"
			},
			{
				"TYPE": "ZM",
				"ID": 539399,
				"NAME": "春霞",
				"ENG_NAME": "春霞",
				"STRING": "「うん。そんなこと起きたことないけど……」",
				"ENG_STRING": "「うん。そんなこと起きたことないけど……」"
			},
			{
				"TYPE": "ZM",
				"ID": 539400,
				"NAME": "憂緒",
				"ENG_NAME": "憂緒",
				"STRING": "「でしょう？　遺品が本来と違う働きをした、という事例は今のところ一度も聞いたことがありません」",
				"ENG_STRING": "「でしょう？　遺品が本来と違う働きをした、という事例は今のところ一度も聞いたことがありません」"
			},
			{
				"TYPE": "ZM",
				"ID": 539401,
				"NAME": "憂緒",
				"ENG_NAME": "憂緒",
				"STRING": "「庭園には遮蔽物も多い。大きな木の陰などにいて、死角になっていただけかもしれません」",
				"ENG_STRING": "「庭園には遮蔽物も多い。大きな木の陰などにいて、死角になっていただけかもしれません」"
			},
			{
				"TYPE": "ZM",
				"ID": 539402,
				"NAME": "春霞",
				"ENG_NAME": "春霞",
				"STRING": "「そうだね。最初、見つからないようにって、ちょっと慎重に開けたから、その間に移動してたのに気づかなかったのかな」",
				"ENG_STRING": "「そうだね。最初、見つからないようにって、ちょっと慎重に開けたから、その間に移動してたのに気づかなかったのかな」"
			},
			{
				"TYPE": "ZM",
				"ID": 539403,
				"NAME": "憂緒",
				"ENG_NAME": "憂緒",
				"STRING": "「……もう一度鍵を使ってみましょう」",
				"ENG_STRING": "「……もう一度鍵を使ってみましょう」"
			},
			{
				"TYPE": "ZM",
				"ID": 539404,
				"NAME": "春霞",
				"ENG_NAME": "春霞",
				"STRING": "「うん、いいよ。でも私じゃ黒谷さんの所へは行けないから……」@n",
				"ENG_STRING": "「うん、いいよ。でも私じゃ黒谷さんの所へは行けないから……」@n"
			},
			{
				"TYPE": "ZM",
				"ID": 539405,
				"NAME": "憂緒",
				"ENG_NAME": "憂緒",
				"STRING": "「リトさんに一度なら確実に使えると聞いていますから大丈夫です」",
				"ENG_STRING": "「リトさんに一度なら確実に使えると聞いていますから大丈夫です」"
			},
			{
				"TYPE": "ZM",
				"ID": 539406,
				"NAME": "春霞",
				"ENG_NAME": "春霞",
				"STRING": "「そっか。じゃ、はい」",
				"ENG_STRING": "「そっか。じゃ、はい」"
			},
			{
				"TYPE": "ZM",
				"ID": 539407,
				"STRING": "村雲さんから鍵を借り、寮の玄関扉で試してみることにする。",
				"ENG_STRING": "村雲さんから鍵を借り、寮の玄関扉で試してみることにする。"
			},
			{
				"TYPE": "ZM",
				"ID": 539408,
				"STRING": "鍵穴に鍵を差し込むと、まるで合っていないはずなのにすんなりと入り、回すときちんと開錠された音がした。",
				"ENG_STRING": "鍵穴に鍵を差し込むと、まるで合っていないはずなのにすんなりと入り、回すときちんと開錠された音がした。"
			},
			{
				"TYPE": "ZM",
				"ID": 539409,
				"STRING": "すうっと意識が軽く薄らいだ感触がした。",
				"ENG_STRING": "すうっと意識が軽く薄らいだ感触がした。"
			},
			{
				"TYPE": "ZM",
				"ID": 539410,
				"NAME": "憂緒",
				"ENG_NAME": "憂緒",
				"STRING": "（魔力が吸い取られる感覚――これだけは何度経験しても慣れませんね……）",
				"ENG_STRING": "（魔力が吸い取られる感覚――これだけは何度経験しても慣れませんね……）"
			},
			{
				"TYPE": "ZM",
				"ID": 539411,
				"STRING": "魔力は限界を超えて消費しない限り、尽きただけでは倒れる事はないと聞いている。",
				"ENG_STRING": "魔力は限界を超えて消費しない限り、尽きただけでは倒れる事はないと聞いている。"
			},
			{
				"TYPE": "ZM",
				"ID": 539412,
				"STRING": "しかし人より魔力が少ないからなのか、魔力が減ったという事が、私にはいつも敏感に感じられた。",
				"ENG_STRING": "しかし人より魔力が少ないからなのか、魔力が減ったという事が、私にはいつも敏感に感じられた。"
			},
			{
				"TYPE": "ZM",
				"ID": 539413,
				"STRING": "もう少しで尽きる、という身体からのシグナル的なものなのかもしれない。",
				"ENG_STRING": "もう少しで尽きる、という身体からのシグナル的なものなのかもしれない。"
			},
			{
				"TYPE": "ZM",
				"ID": 539414,
				"STRING": "ひとまず、ノブに手を掛け、扉を開いてみる。",
				"ENG_STRING": "ひとまず、ノブに手を掛け、扉を開いてみる。"
			},
			{
				"TYPE": "ZM",
				"ID": 539415,
				"NAME": "春霞",
				"ENG_NAME": "春霞",
				"STRING": "「あれ？　また庭？」",
				"ENG_STRING": "「あれ？　また庭？」"
			},
			{
				"TYPE": "ZM",
				"ID": 539416,
				"NAME": "憂緒",
				"ENG_NAME": "憂緒",
				"STRING": "「これは……中庭ですね」",
				"ENG_STRING": "「これは……中庭ですね」"
			},
			{
				"TYPE": "ZM",
				"ID": 539417,
				"STRING": "先程の庭園とは違う、学園校舎の間にある方の庭に出たようだ。",
				"ENG_STRING": "先程の庭園とは違う、学園校舎の間にある方の庭に出たようだ。"
			},
			{
				"TYPE": "ZM",
				"ID": 539418,
				"STRING": "誰かがうっかり通ってしまわないよう、早々に扉をくぐり閉めておいた。",
				"ENG_STRING": "誰かがうっかり通ってしまわないよう、早々に扉をくぐり閉めておいた。"
			},
			{
				"TYPE": "ZM",
				"ID": 539419,
				"NAME": "春霞",
				"ENG_NAME": "春霞",
				"STRING": "「黒谷さーん」",
				"ENG_STRING": "「黒谷さーん」"
			},
			{
				"TYPE": "ZM",
				"ID": 539420,
				"STRING": "村雲さんが数歩先を歩きながら、黒谷さんの名を呼んでいる。",
				"ENG_STRING": "村雲さんが数歩先を歩きながら、黒谷さんの名を呼んでいる。"
			},
			{
				"TYPE": "ZM",
				"ID": 539421,
				"STRING": "私はその後を追おうと――@n",
				"ENG_STRING": "私はその後を追おうと――@n"
			},
			{
				"TYPE": "ZM",
				"ID": 539422,
				"NAME": "憂緒",
				"ENG_NAME": "憂緒",
				"STRING": "「あ……」@n",
				"ENG_STRING": "「あ……」@n"
			},
			{
				"TYPE": "ZM",
				"ID": 539423,
				"STRING": "足が滑った。",
				"ENG_STRING": "足が滑った。"
			},
			{
				"TYPE": "ZM",
				"ID": 539424,
				"STRING": "そう思ったが、転ぶ事はなかった。",
				"ENG_STRING": "そう思ったが、転ぶ事はなかった。"
			},
			{
				"TYPE": "ZM",
				"ID": 539425,
				"STRING": "どすん、と身体に何かぶつかる感触が有り、視界が斜めになる。",
				"ENG_STRING": "どすん、と身体に何かぶつかる感触が有り、視界が斜めになる。"
			},
			{
				"TYPE": "ZM",
				"ID": 539426,
				"NAME": "三厳",
				"ENG_NAME": "三厳",
				"STRING": "「モー子！」",
				"ENG_STRING": "「モー子！」"
			},
			{
				"TYPE": "ZM",
				"ID": 539427,
				"NAME": "憂緒",
				"ENG_NAME": "憂緒",
				"STRING": "「……え？」",
				"ENG_STRING": "「……え？」"
			},
			{
				"TYPE": "ZM",
				"ID": 539428,
				"NAME": "三厳",
				"ENG_NAME": "三厳",
				"STRING": "「おい、モー子大丈夫か？　なんでふらついてんだ？」",
				"ENG_STRING": "「おい、モー子大丈夫か？　なんでふらついてんだ？」"
			},
			{
				"TYPE": "ZM",
				"ID": 539429,
				"NAME": "憂緒",
				"ENG_NAME": "憂緒",
				"STRING": "「ふら……ついて……えっ？」",
				"ENG_STRING": "「ふら……ついて……えっ？」"
			},
			{
				"TYPE": "ZM",
				"ID": 539430,
				"STRING": "気づけば私は、斜めになった身体を久我くんにかばわれるよう抱きとめられていた。",
				"ENG_STRING": "気づけば私は、斜めになった身体を久我くんにかばわれるよう抱きとめられていた。"
			},
			{
				"TYPE": "ZM",
				"ID": 539431,
				"STRING": "ほとんど完全に彼の胸板に預ける格好で、言わば抱きしめられているような状態で、だんだん彼の体温が伝わって……きて……",
				"ENG_STRING": "ほとんど完全に彼の胸板に預ける格好で、言わば抱きしめられているような状態で、だんだん彼の体温が伝わって……きて……"
			},
			{
				"TYPE": "ZM",
				"ID": 539432,
				"NAME": "三厳",
				"ENG_NAME": "三厳",
				"STRING": "「？　モー子？」",
				"ENG_STRING": "「？　モー子？」"
			},
			{
				"TYPE": "ZM",
				"ID": 539433,
				"STRING": "斜め上からのぞき込むように、私の顔を見下ろしている久我くんと目があった。",
				"ENG_STRING": "斜め上からのぞき込むように、私の顔を見下ろしている久我くんと目があった。"
			},
			{
				"TYPE": "ZM",
				"ID": 539434,
				"NAME": "憂緒",
				"ENG_NAME": "憂緒",
				"STRING": "「――――――ッ！！」",
				"ENG_STRING": "「――――――ッ！！」"
			},
			{
				"TYPE": "ZM",
				"ID": 539435,
				"STRING": "鼓動があり得ない早さに加速している。",
				"ENG_STRING": "鼓動があり得ない早さに加速している。"
			},
			{
				"TYPE": "ZM",
				"ID": 539436,
				"STRING": "耳の奥に、うるさいくらいに自分の心音が聞こえて来た。",
				"ENG_STRING": "耳の奥に、うるさいくらいに自分の心音が聞こえて来た。"
			},
			{
				"TYPE": "ZM",
				"ID": 539437,
				"NAME": "憂緒",
				"ENG_NAME": "憂緒",
				"STRING": "（一時保留！　一時保留っ…！！）",
				"ENG_STRING": "（一時保留！　一時保留っ…！！）"
			},
			{
				"TYPE": "ZM",
				"ID": 539438,
				"STRING": "目を閉じて首を振って、胸の奥に封印していた何かが沸き上がってくるのを無理矢理押さえ込む。",
				"ENG_STRING": "目を閉じて首を振って、胸の奥に封印していた何かが沸き上がってくるのを無理矢理押さえ込む。"
			},
			{
				"TYPE": "ZM",
				"ID": 539439,
				"STRING": "何か――うっかり、その何か、に意識が触れそうになって、熱いものに触れた手のように自分の意識を無理矢理引っ込めた。",
				"ENG_STRING": "何か――うっかり、その何か、に意識が触れそうになって、熱いものに触れた手のように自分の意識を無理矢理引っ込めた。"
			},
			{
				"TYPE": "ZM",
				"ID": 539440,
				"STRING": "慌てて久我くんの身体を押すように身を離し、どうにか自分の足で立つ。",
				"ENG_STRING": "慌てて久我くんの身体を押すように身を離し、どうにか自分の足で立つ。"
			},
			{
				"TYPE": "ZM",
				"ID": 539441,
				"NAME": "三厳",
				"ENG_NAME": "三厳",
				"STRING": "「大丈夫かよ？　おいモー子？」",
				"ENG_STRING": "「大丈夫かよ？　おいモー子？」"
			},
			{
				"TYPE": "ZM",
				"ID": 539442,
				"NAME": "憂緒",
				"ENG_NAME": "憂緒",
				"STRING": "「大丈夫ですっ！！」",
				"ENG_STRING": "「大丈夫ですっ！！」"
			},
			{
				"TYPE": "ZM",
				"ID": 539443,
				"STRING": "なぜこの人は……あんな体勢で、あの至近距離で、こんなに平然としていられるのか。",
				"ENG_STRING": "なぜこの人は……あんな体勢で、あの至近距離で、こんなに平然としていられるのか。"
			},
			{
				"TYPE": "ZM",
				"ID": 539444,
				"NAME": "憂緒",
				"ENG_NAME": "憂緒",
				"STRING": "（年上だからですか。大人の余裕ですか。全然大人っぽくなんかないくせに……）",
				"ENG_STRING": "（年上だからですか。大人の余裕ですか。全然大人っぽくなんかないくせに……）"
			},
			{
				"TYPE": "ZM",
				"ID": 539445,
				"STRING": "何故か無性に腹が立って、久我くんを無視するようにずんずんと先に歩く。",
				"ENG_STRING": "何故か無性に腹が立って、久我くんを無視するようにずんずんと先に歩く。"
			},
			{
				"TYPE": "ZM",
				"ID": 539446,
				"NAME": "三厳",
				"ENG_NAME": "三厳",
				"STRING": "「おいこら、ふらついてたクセにそんな早足で歩くな」",
				"ENG_STRING": "「おいこら、ふらついてたクセにそんな早足で歩くな」"
			},
			{
				"TYPE": "ZM",
				"ID": 539447,
				"NAME": "憂緒",
				"ENG_NAME": "憂緒",
				"STRING": "「ふらついてなんかいません」",
				"ENG_STRING": "「ふらついてなんかいません」"
			},
			{
				"TYPE": "ZM",
				"ID": 539448,
				"NAME": "三厳",
				"ENG_NAME": "三厳",
				"STRING": "「じゃあなんだよ、さっきの千鳥足は」",
				"ENG_STRING": "「じゃあなんだよ、さっきの千鳥足は」"
			},
			{
				"TYPE": "ZM",
				"ID": 539449,
				"NAME": "憂緒",
				"ENG_NAME": "憂緒",
				"STRING": "「気のせいですっ！」",
				"ENG_STRING": "「気のせいですっ！」"
			},
			{
				"TYPE": "ZM",
				"ID": 539450,
				"STRING": "追いついてきそうになる久我くんから、顔を背けるようにして更に足を速める。",
				"ENG_STRING": "追いついてきそうになる久我くんから、顔を背けるようにして更に足を速める。"
			},
			{
				"TYPE": "ZM",
				"ID": 539451,
				"NAME": "憂緒",
				"ENG_NAME": "憂緒",
				"STRING": "（耳が熱い……きっと赤くなってる……）",
				"ENG_STRING": "（耳が熱い……きっと赤くなってる……）"
			},
			{
				"TYPE": "ZM",
				"ID": 539452,
				"STRING": "そんなもの絶対見られたくない。",
				"ENG_STRING": "そんなもの絶対見られたくない。"
			},
			{
				"TYPE": "ZM",
				"ID": 539453,
				"STRING": "気づかれたら恥ずかしくて死んでしまう。",
				"ENG_STRING": "気づかれたら恥ずかしくて死んでしまう。"
			},
			{
				"TYPE": "ZM",
				"ID": 539454,
				"STRING": "久我くんの視線が私を追い抜かないように、夢中で村雲さんの後を追った。",
				"ENG_STRING": "久我くんの視線が私を追い抜かないように、夢中で村雲さんの後を追った。"
			},
			{
				"TYPE": "ZM",
				"ID": 539455,
				"STRING": "モー子は不自然なくらいの早足で、すたすたと先に歩いて行く。",
				"ENG_STRING": "モー子は不自然なくらいの早足で、すたすたと先に歩いて行く。"
			},
			{
				"TYPE": "ZM",
				"ID": 539456,
				"STRING": "とはいえ、歩幅が違うので、俺は置いていかれることもなくすぐに追いついたのだが。",
				"ENG_STRING": "とはいえ、歩幅が違うので、俺は置いていかれることもなくすぐに追いついたのだが。"
			},
			{
				"TYPE": "ZM",
				"ID": 539457,
				"NAME": "三厳",
				"ENG_NAME": "三厳",
				"STRING": "（………バレてないつもりってのが……）",
				"ENG_STRING": "（………バレてないつもりってのが……）"
			},
			{
				"TYPE": "ZM",
				"ID": 539458,
				"STRING": "耳から首筋まで真っ赤になってる。",
				"ENG_STRING": "耳から首筋まで真っ赤になってる。"
			},
			{
				"TYPE": "ZM",
				"ID": 539459,
				"STRING": "ついさっきまで、普段通りのモー子だったから、保留の件はちゃんと切り離してんだなと、内心感心してたんだが……。",
				"ENG_STRING": "ついさっきまで、普段通りのモー子だったから、保留の件はちゃんと切り離してんだなと、内心感心してたんだが……。"
			},
			{
				"TYPE": "ZM",
				"ID": 539460,
				"STRING": "さっきの体勢で焦ったせいで、色々と吹っ飛んだらしい。",
				"ENG_STRING": "さっきの体勢で焦ったせいで、色々と吹っ飛んだらしい。"
			},
			{
				"TYPE": "ZM",
				"ID": 539461,
				"NAME": "三厳",
				"ENG_NAME": "三厳",
				"STRING": "（くっそ可愛いなぁ、コイツ）",
				"ENG_STRING": "（くっそ可愛いなぁ、コイツ）"
			},
			{
				"TYPE": "ZM",
				"ID": 539462,
				"STRING": "ちょっと身体が密着しただけで、この状態って……俺が思ってた以上に俺の事意識してたのかな。",
				"ENG_STRING": "ちょっと身体が密着しただけで、この状態って……俺が思ってた以上に俺の事意識してたのかな。"
			},
			{
				"TYPE": "ZM",
				"ID": 539463,
				"STRING": "とりあえず歩調を落とす。",
				"ENG_STRING": "とりあえず歩調を落とす。"
			},
			{
				"TYPE": "ZM",
				"ID": 539464,
				"STRING": "モー子は俺に追いつかれまいとして、競歩のような動きになっているので、このままじゃ倒れそうだ。",
				"ENG_STRING": "モー子は俺に追いつかれまいとして、競歩のような動きになっているので、このままじゃ倒れそうだ。"
			},
			{
				"TYPE": "ZM",
				"ID": 539465,
				"NAME": "三厳",
				"ENG_NAME": "三厳",
				"STRING": "（顔見てぇけどなあ……）",
				"ENG_STRING": "（顔見てぇけどなあ……）"
			},
			{
				"TYPE": "ZM",
				"ID": 539466,
				"STRING": "それをやると、間違いなく走って逃げるか何かして大騒ぎになるに違いない。",
				"ENG_STRING": "それをやると、間違いなく走って逃げるか何かして大騒ぎになるに違いない。"
			},
			{
				"TYPE": "ZM",
				"ID": 539467,
				"STRING": "今は我慢しよう。",
				"ENG_STRING": "今は我慢しよう。"
			},
			{
				"TYPE": "ZM",
				"ID": 539468,
				"NAME": "三厳",
				"ENG_NAME": "三厳",
				"STRING": "「それで、黒谷は？」",
				"ENG_STRING": "「それで、黒谷は？」"
			},
			{
				"TYPE": "ZM",
				"ID": 539469,
				"STRING": "からかいたい衝動を抑えて、わざと真面目な口調で話しかける。",
				"ENG_STRING": "からかいたい衝動を抑えて、わざと真面目な口調で話しかける。"
			},
			{
				"TYPE": "ZM",
				"ID": 539470,
				"NAME": "憂緒",
				"ENG_NAME": "憂緒",
				"STRING": "「……まだ見つかりません。寮にも戻っていませんでした」",
				"ENG_STRING": "「……まだ見つかりません。寮にも戻っていませんでした」"
			},
			{
				"TYPE": "ZM",
				"ID": 539471,
				"STRING": "思惑通り、モー子はいつもの調子を取り戻して冷静に答える。",
				"ENG_STRING": "思惑通り、モー子はいつもの調子を取り戻して冷静に答える。"
			},
			{
				"TYPE": "ZM",
				"ID": 539472,
				"STRING": "まだこっちを向かないと言うことは、顔は見せたくないらしいが、話は出来る状態になったようだ。",
				"ENG_STRING": "まだこっちを向かないと言うことは、顔は見せたくないらしいが、話は出来る状態になったようだ。"
			},
			{
				"TYPE": "ZM",
				"ID": 539473,
				"NAME": "憂緒",
				"ENG_NAME": "憂緒",
				"STRING": "「先程、村雲さんに借りて、もう一度鍵を使ってみたところここへ出たのです」",
				"ENG_STRING": "「先程、村雲さんに借りて、もう一度鍵を使ってみたところここへ出たのです」"
			},
			{
				"TYPE": "ZM",
				"ID": 539474,
				"NAME": "三厳",
				"ENG_NAME": "三厳",
				"STRING": "「鍵使ったぁ！？　お前が？　無茶するなよ魔力少ないってのに……」",
				"ENG_STRING": "「鍵使ったぁ！？　お前が？　無茶するなよ魔力少ないってのに……」"
			},
			{
				"TYPE": "ZM",
				"ID": 539475,
				"NAME": "憂緒",
				"ENG_NAME": "憂緒",
				"STRING": "「一回は平気だとリトさんから聞いてます！」",
				"ENG_STRING": "「一回は平気だとリトさんから聞いてます！」"
			},
			{
				"TYPE": "ZM",
				"ID": 539476,
				"NAME": "三厳",
				"ENG_NAME": "三厳",
				"STRING": "「でもさっき、ふらついてただろ」",
				"ENG_STRING": "「でもさっき、ふらついてただろ」"
			},
			{
				"TYPE": "ZM",
				"ID": 539477,
				"NAME": "憂緒",
				"ENG_NAME": "憂緒",
				"STRING": "「あれは鍵のせいじゃありません、ただ足が滑っただけです」",
				"ENG_STRING": "「あれは鍵のせいじゃありません、ただ足が滑っただけです」"
			},
			{
				"TYPE": "ZM",
				"ID": 539478,
				"NAME": "三厳",
				"ENG_NAME": "三厳",
				"STRING": "「じゃあなんで、まだ微妙にふらふらしてるんだよ。やっぱり無理したんじゃ……」",
				"ENG_STRING": "「じゃあなんで、まだ微妙にふらふらしてるんだよ。やっぱり無理したんじゃ……」"
			},
			{
				"TYPE": "ZM",
				"ID": 539479,
				"NAME": "憂緒",
				"ENG_NAME": "憂緒",
				"STRING": "「――っ！！　む、む無理なんて、して、ませんからっ……！」@n",
				"ENG_STRING": "「――っ！！　む、む無理なんて、して、ませんからっ……！」@n"
			},
			{
				"TYPE": "ZM",
				"ID": 539480,
				"NAME": "三厳",
				"ENG_NAME": "三厳",
				"STRING": "（あ、やべ）",
				"ENG_STRING": "（あ、やべ）"
			},
			{
				"TYPE": "ZM",
				"ID": 539481,
				"STRING": "心配になって、思わずモー子の肩を掴んで振り向かせようとしてしまった。",
				"ENG_STRING": "心配になって、思わずモー子の肩を掴んで振り向かせようとしてしまった。"
			},
			{
				"TYPE": "ZM",
				"ID": 539482,
				"STRING": "じたばた逃げようとするモー子を慌てて離す。",
				"ENG_STRING": "じたばた逃げようとするモー子を慌てて離す。"
			},
			{
				"TYPE": "ZM",
				"ID": 539483,
				"NAME": "三厳",
				"ENG_NAME": "三厳",
				"STRING": "（もしかして、今ふらふらした感じなのは、まださっきの件で動揺してるだけか？）",
				"ENG_STRING": "（もしかして、今ふらふらした感じなのは、まださっきの件で動揺してるだけか？）"
			},
			{
				"TYPE": "ZM",
				"ID": 539484,
				"STRING": "確かにヤヌスの鍵１回分だけで、倒れるって事はないはずなんだよな……。",
				"ENG_STRING": "確かにヤヌスの鍵１回分だけで、倒れるって事はないはずなんだよな……。"
			},
			{
				"TYPE": "ZM",
				"ID": 539485,
				"NAME": "憂緒",
				"ENG_NAME": "憂緒",
				"STRING": "「……そして、ご覧の通り、ここには黒谷さんの姿はありません」",
				"ENG_STRING": "「……そして、ご覧の通り、ここには黒谷さんの姿はありません」"
			},
			{
				"TYPE": "ZM",
				"ID": 539486,
				"STRING": "私は冷静ですが何か、と言いたげにモー子はわざとらしいほど平坦な口調で言った。",
				"ENG_STRING": "私は冷静ですが何か、と言いたげにモー子はわざとらしいほど平坦な口調で言った。"
			},
			{
				"TYPE": "ZM",
				"ID": 539487,
				"NAME": "憂緒",
				"ENG_NAME": "憂緒",
				"STRING": "「異常な事態が起きているのは確かです」",
				"ENG_STRING": "「異常な事態が起きているのは確かです」"
			},
			{
				"TYPE": "ZM",
				"ID": 539488,
				"NAME": "三厳",
				"ENG_NAME": "三厳",
				"STRING": "「……遺品か」",
				"ENG_STRING": "「……遺品か」"
			},
			{
				"TYPE": "ZM",
				"ID": 539489,
				"NAME": "憂緒",
				"ENG_NAME": "憂緒",
				"STRING": "「こちらがヤヌスの鍵を使って捜索しているなどと知るよしもない黒谷さんが、こうまで私達の目をかいくぐるのは不可能でしょうから」",
				"ENG_STRING": "「こちらがヤヌスの鍵を使って捜索しているなどと知るよしもない黒谷さんが、こうまで私達の目をかいくぐるのは不可能でしょうから」"
			},
			{
				"TYPE": "ZM",
				"ID": 539490,
				"NAME": "三厳",
				"ENG_NAME": "三厳",
				"STRING": "「それ以前に、黒谷がかくれんぼする理由が思いつかないしな」",
				"ENG_STRING": "「それ以前に、黒谷がかくれんぼする理由が思いつかないしな」"
			},
			{
				"TYPE": "ZM",
				"ID": 539491,
				"NAME": "憂緒",
				"ENG_NAME": "憂緒",
				"STRING": "「そういうわけで、黒谷さんが何らかの遺品を発動させてしまった危険がありますから」",
				"ENG_STRING": "「そういうわけで、黒谷さんが何らかの遺品を発動させてしまった危険がありますから」"
			},
			{
				"TYPE": "ZM",
				"ID": 539492,
				"NAME": "憂緒",
				"ENG_NAME": "憂緒",
				"STRING": "「魔力が尽きて倒れる事態になる前に彼女を探し出さなければなりませんが……」",
				"ENG_STRING": "「魔力が尽きて倒れる事態になる前に彼女を探し出さなければなりませんが……」"
			},
			{
				"TYPE": "ZM",
				"ID": 539493,
				"NAME": "憂緒",
				"ENG_NAME": "憂緒",
				"STRING": "「まともに探して見つかるとは思えなくなってきました。仕方ありませんから、この際ハイタースプライトなどの遺品を使う事も検討した方が……」",
				"ENG_STRING": "「まともに探して見つかるとは思えなくなってきました。仕方ありませんから、この際ハイタースプライトなどの遺品を使う事も検討した方が……」"
			},
			{
				"TYPE": "ZM",
				"ID": 539494,
				"NAME": "三厳",
				"ENG_NAME": "三厳",
				"STRING": "「あ……すまん。ハイタースプライトは無理」",
				"ENG_STRING": "「あ……すまん。ハイタースプライトは無理」"
			},
			{
				"TYPE": "ZM",
				"ID": 539495,
				"NAME": "憂緒",
				"ENG_NAME": "憂緒",
				"STRING": "「？　ああ、ハイタースプライトが人物でも探してくれるかどうかは不明でしたが。リトさんにでも聞いてみたのですか？」",
				"ENG_STRING": "「？　ああ、ハイタースプライトが人物でも探してくれるかどうかは不明でしたが。リトさんにでも聞いてみたのですか？」"
			},
			{
				"TYPE": "ZM",
				"ID": 539496,
				"NAME": "三厳",
				"ENG_NAME": "三厳",
				"STRING": "「いや違うんだ。ハイタースプライトはさっき使っちまって、村雲が封印したばっかりだから無理」",
				"ENG_STRING": "「いや違うんだ。ハイタースプライトはさっき使っちまって、村雲が封印したばっかりだから無理」"
			},
			{
				"TYPE": "ZM",
				"ID": 539497,
				"NAME": "憂緒",
				"ENG_NAME": "憂緒",
				"STRING": "「何があったんですか！？」",
				"ENG_STRING": "「何があったんですか！？」"
			},
			{
				"TYPE": "ZM",
				"ID": 539498,
				"STRING": "さすがに驚いたらしく、モー子はぱっと俺の方を振り返った。",
				"ENG_STRING": "さすがに驚いたらしく、モー子はぱっと俺の方を振り返った。"
			},
			{
				"TYPE": "ZM",
				"ID": 539499,
				"NAME": "憂緒",
				"ENG_NAME": "憂緒",
				"STRING": "「――――……！」@n",
				"ENG_STRING": "「――――……！」@n"
			},
			{
				"TYPE": "ZM",
				"ID": 539500,
				"STRING": "そして、目が合った途端、一瞬硬直する。",
				"ENG_STRING": "そして、目が合った途端、一瞬硬直する。"
			},
			{
				"TYPE": "ZM",
				"ID": 539501,
				"NAME": "三厳",
				"ENG_NAME": "三厳",
				"STRING": "（あー、気づかないふり気づかないふり）",
				"ENG_STRING": "（あー、気づかないふり気づかないふり）"
			},
			{
				"TYPE": "ZM",
				"ID": 539502,
				"STRING": "まだ少々顔は赤いのだが、なんでもない風を装い、平静にモー子の顔を見返す。",
				"ENG_STRING": "まだ少々顔は赤いのだが、なんでもない風を装い、平静にモー子の顔を見返す。"
			},
			{
				"TYPE": "ZM",
				"ID": 539503,
				"NAME": "憂緒",
				"ENG_NAME": "憂緒",
				"STRING": "「………………………」",
				"ENG_STRING": "「………………………」"
			},
			{
				"TYPE": "ZM",
				"ID": 539504,
				"STRING": "それで、大丈夫と踏んだのか、モー子はそのまま背を向けずにいた。",
				"ENG_STRING": "それで、大丈夫と踏んだのか、モー子はそのまま背を向けずにいた。"
			},
			{
				"TYPE": "ZM",
				"ID": 539505,
				"STRING": "ただし非常に機嫌は悪そうである。",
				"ENG_STRING": "ただし非常に機嫌は悪そうである。"
			},
			{
				"TYPE": "ZM",
				"ID": 539506,
				"NAME": "三厳",
				"ENG_NAME": "三厳",
				"STRING": "（なんでこいつ平然としてんだって思われてんだろうなあ）",
				"ENG_STRING": "（なんでこいつ平然としてんだって思われてんだろうなあ）"
			},
			{
				"TYPE": "ZM",
				"ID": 539507,
				"STRING": "顔に出さないようにしてるだけなんだが。",
				"ENG_STRING": "顔に出さないようにしてるだけなんだが。"
			},
			{
				"TYPE": "ZM",
				"ID": 539508,
				"STRING": "なんとも思ってないわけないだろ、馬鹿。",
				"ENG_STRING": "なんとも思ってないわけないだろ、馬鹿。"
			},
			{
				"TYPE": "ZM",
				"ID": 539509,
				"NAME": "春霞",
				"ENG_NAME": "春霞",
				"STRING": "「やっぱりいないよー？　あれ、みーくん来てたの？」@n",
				"ENG_STRING": "「やっぱりいないよー？　あれ、みーくん来てたの？」@n"
			},
			{
				"TYPE": "ZM",
				"ID": 539510,
				"NAME": "三厳",
				"ENG_NAME": "三厳",
				"STRING": "「おう、スミちゃん」",
				"ENG_STRING": "「おう、スミちゃん」"
			},
			{
				"TYPE": "ZM",
				"ID": 539511,
				"NAME": "春霞",
				"ENG_NAME": "春霞",
				"STRING": "「…………あ」",
				"ENG_STRING": "「…………あ」"
			},
			{
				"TYPE": "ZM",
				"ID": 539512,
				"NAME": "三厳",
				"ENG_NAME": "三厳",
				"STRING": "「ん？」",
				"ENG_STRING": "「ん？」"
			},
			{
				"TYPE": "ZM",
				"ID": 539513,
				"NAME": "春霞",
				"ENG_NAME": "春霞",
				"STRING": "「えっと……お邪魔した？」",
				"ENG_STRING": "「えっと……お邪魔した？」"
			},
			{
				"TYPE": "ZM",
				"ID": 539514,
				"NAME": "憂緒",
				"ENG_NAME": "憂緒",
				"STRING": "「っ！！　な、何の話ですか！？」@n",
				"ENG_STRING": "「っ！！　な、何の話ですか！？」@n"
			},
			{
				"TYPE": "ZM",
				"ID": 539515,
				"NAME": "春霞",
				"ENG_NAME": "春霞",
				"STRING": "「いやその、なんか無言で見つめ合ってたみたいだったから」",
				"ENG_STRING": "「いやその、なんか無言で見つめ合ってたみたいだったから」"
			},
			{
				"TYPE": "ZM",
				"ID": 539516,
				"NAME": "三厳",
				"ENG_NAME": "三厳",
				"STRING": "「むしろ睨まれてたに近いぞ」",
				"ENG_STRING": "「むしろ睨まれてたに近いぞ」"
			},
			{
				"TYPE": "ZM",
				"ID": 539517,
				"NAME": "憂緒",
				"ENG_NAME": "憂緒",
				"STRING": "「そうです誤解です気のせいです！！」",
				"ENG_STRING": "「そうです誤解です気のせいです！！」"
			},
			{
				"TYPE": "ZM",
				"ID": 539518,
				"NAME": "春霞",
				"ENG_NAME": "春霞",
				"STRING": "「そ、そう？」",
				"ENG_STRING": "「そ、そう？」"
			},
			{
				"TYPE": "ZM",
				"ID": 539519,
				"NAME": "憂緒",
				"ENG_NAME": "憂緒",
				"STRING": "「それにさっきの聞き捨てならない話はなんですか。ハイタースプライトを一体何に使ったんですか？」",
				"ENG_STRING": "「それにさっきの聞き捨てならない話はなんですか。ハイタースプライトを一体何に使ったんですか？」"
			},
			{
				"TYPE": "ZM",
				"ID": 539520,
				"NAME": "春霞",
				"ENG_NAME": "春霞",
				"STRING": "「はいたーすぷらいと……って何だっけ？」",
				"ENG_STRING": "「はいたーすぷらいと……って何だっけ？」"
			},
			{
				"TYPE": "ZM",
				"ID": 539521,
				"NAME": "憂緒",
				"ENG_NAME": "憂緒",
				"STRING": "「遺品です。懐中時計の形の……」",
				"ENG_STRING": "「遺品です。懐中時計の形の……」"
			},
			{
				"TYPE": "ZM",
				"ID": 539522,
				"NAME": "春霞",
				"ENG_NAME": "春霞",
				"STRING": "「あー、前に学園中の鍵持ってって大騒ぎ起こした妖精さんのことかな？　ヒメちゃんからそんな話聞いた気がする」",
				"ENG_STRING": "「あー、前に学園中の鍵持ってって大騒ぎ起こした妖精さんのことかな？　ヒメちゃんからそんな話聞いた気がする」"
			},
			{
				"TYPE": "ZM",
				"ID": 539523,
				"NAME": "憂緒",
				"ENG_NAME": "憂緒",
				"STRING": "「そうです、それです。何に使ったのですか？」@n",
				"ENG_STRING": "「そうです、それです。何に使ったのですか？」@n"
			},
			{
				"TYPE": "ZM",
				"ID": 539524,
				"NAME": "三厳",
				"ENG_NAME": "三厳",
				"STRING": "「ああ、実は……」",
				"ENG_STRING": "「ああ、実は……」"
			},
			{
				"TYPE": "ZM",
				"ID": 539525,
				"STRING": "羽根ペンとインク壺の遺品の件を、ざっと二人に説明する。",
				"ENG_STRING": "羽根ペンとインク壺の遺品の件を、ざっと二人に説明する。"
			},
			{
				"TYPE": "ZM",
				"ID": 539526,
				"NAME": "三厳",
				"ENG_NAME": "三厳",
				"STRING": "「……で、今はその逃げた猫を探してる」",
				"ENG_STRING": "「……で、今はその逃げた猫を探してる」"
			},
			{
				"TYPE": "ZM",
				"ID": 539527,
				"NAME": "憂緒",
				"ENG_NAME": "憂緒",
				"STRING": "「事情はわかりました……。それはハイタースプライトに頼むほかなさそうな捜し物だろうということも」",
				"ENG_STRING": "「事情はわかりました……。それはハイタースプライトに頼むほかなさそうな捜し物だろうということも」"
			},
			{
				"TYPE": "ZM",
				"ID": 539528,
				"STRING": "頭が痛そうに、モー子はこめかみを指先で押さえて首を振る。",
				"ENG_STRING": "頭が痛そうに、モー子はこめかみを指先で押さえて首を振る。"
			},
			{
				"TYPE": "ZM",
				"ID": 539529,
				"NAME": "憂緒",
				"ENG_NAME": "憂緒",
				"STRING": "「でもその猫は何なんですか……」",
				"ENG_STRING": "「でもその猫は何なんですか……」"
			},
			{
				"TYPE": "ZM",
				"ID": 539530,
				"NAME": "春霞",
				"ENG_NAME": "春霞",
				"STRING": "「なんでいつも、そんな事になるんだろうね」",
				"ENG_STRING": "「なんでいつも、そんな事になるんだろうね」"
			},
			{
				"TYPE": "ZM",
				"ID": 539531,
				"NAME": "三厳",
				"ENG_NAME": "三厳",
				"STRING": "「俺も知りたい」",
				"ENG_STRING": "「俺も知りたい」"
			},
			{
				"TYPE": "ZM",
				"ID": 539532,
				"NAME": "春霞",
				"ENG_NAME": "春霞",
				"STRING": "「じゃあ、猫と黒谷さんと、両方探さなきゃいけないんだね」",
				"ENG_STRING": "「じゃあ、猫と黒谷さんと、両方探さなきゃいけないんだね」"
			},
			{
				"TYPE": "ZM",
				"ID": 539533,
				"NAME": "三厳",
				"ENG_NAME": "三厳",
				"STRING": "「うん……あ、待てよ。猫の方はヤヌスの鍵を使えないか？」",
				"ENG_STRING": "「うん……あ、待てよ。猫の方はヤヌスの鍵を使えないか？」"
			},
			{
				"TYPE": "ZM",
				"ID": 539534,
				"NAME": "憂緒",
				"ENG_NAME": "憂緒",
				"STRING": "「……無理だと思います。リトさんの話では、鍵が反応するのは『場所』か『人』だそうですから」",
				"ENG_STRING": "「……無理だと思います。リトさんの話では、鍵が反応するのは『場所』か『人』だそうですから」"
			},
			{
				"TYPE": "ZM",
				"ID": 539535,
				"NAME": "三厳",
				"ENG_NAME": "三厳",
				"STRING": "「ああ、そうか。猫は対象外か」",
				"ENG_STRING": "「ああ、そうか。猫は対象外か」"
			},
			{
				"TYPE": "ZM",
				"ID": 539536,
				"NAME": "春霞",
				"ENG_NAME": "春霞",
				"STRING": "「多分そうだと思うよ。私、お友達の所でやってみたことあるけど駄目だった」",
				"ENG_STRING": "「多分そうだと思うよ。私、お友達の所でやってみたことあるけど駄目だった」"
			},
			{
				"TYPE": "ZM",
				"ID": 539537,
				"STRING": "スミちゃんのお友達、というのは異空間にいるモンスター的な何か、としかいいようのない生物だ。",
				"ENG_STRING": "スミちゃんのお友達、というのは異空間にいるモンスター的な何か、としかいいようのない生物だ。"
			},
			{
				"TYPE": "ZM",
				"ID": 539538,
				"NAME": "三厳",
				"ENG_NAME": "三厳",
				"STRING": "「そりゃあ……あれは人にはカウントされないだろうなあ……」",
				"ENG_STRING": "「そりゃあ……あれは人にはカウントされないだろうなあ……」"
			},
			{
				"TYPE": "ZM",
				"ID": 539539,
				"NAME": "春霞",
				"ENG_NAME": "春霞",
				"STRING": "「だから猫も無理じゃないかな」",
				"ENG_STRING": "「だから猫も無理じゃないかな」"
			},
			{
				"TYPE": "ZM",
				"ID": 539540,
				"NAME": "三厳",
				"ENG_NAME": "三厳",
				"STRING": "「そうっぽいな」",
				"ENG_STRING": "「そうっぽいな」"
			},
			{
				"TYPE": "ZM",
				"ID": 539541,
				"NAME": "三厳",
				"ENG_NAME": "三厳",
				"STRING": "「しかし、もう一回使って中庭に出たってことは、黒谷は移動してるってことだよな」",
				"ENG_STRING": "「しかし、もう一回使って中庭に出たってことは、黒谷は移動してるってことだよな」"
			},
			{
				"TYPE": "ZM",
				"ID": 539542,
				"NAME": "憂緒",
				"ENG_NAME": "憂緒",
				"STRING": "「……それです。先程と違う場所に出たということはヤヌスの鍵は間違いなく反応している……」",
				"ENG_STRING": "「……それです。先程と違う場所に出たということはヤヌスの鍵は間違いなく反応している……」"
			},
			{
				"TYPE": "ZM",
				"ID": 539543,
				"NAME": "憂緒",
				"ENG_NAME": "憂緒",
				"STRING": "「しかし黒谷さんはいない。ということは彼女は、こちらが発見しづらいくらいのスピードで移動していることになります」",
				"ENG_STRING": "「しかし黒谷さんはいない。ということは彼女は、こちらが発見しづらいくらいのスピードで移動していることになります」"
			},
			{
				"TYPE": "ZM",
				"ID": 539544,
				"NAME": "春霞",
				"ENG_NAME": "春霞",
				"STRING": "「やっぱ瞬間移動な遺品？」",
				"ENG_STRING": "「やっぱ瞬間移動な遺品？」"
			},
			{
				"TYPE": "ZM",
				"ID": 539545,
				"NAME": "三厳",
				"ENG_NAME": "三厳",
				"STRING": "「それで飛び回ってんのか？　うーん、黒谷なら面白がってやりかねないけどさ」",
				"ENG_STRING": "「それで飛び回ってんのか？　うーん、黒谷なら面白がってやりかねないけどさ」"
			},
			{
				"TYPE": "ZM",
				"ID": 539546,
				"NAME": "春霞",
				"ENG_NAME": "春霞",
				"STRING": "「制御できないだけかもよ」",
				"ENG_STRING": "「制御できないだけかもよ」"
			},
			{
				"TYPE": "ZM",
				"ID": 539547,
				"NAME": "憂緒",
				"ENG_NAME": "憂緒",
				"STRING": "「正直、それが一番困ります。むやみに魔力を消費し続けている事になりますから」",
				"ENG_STRING": "「正直、それが一番困ります。むやみに魔力を消費し続けている事になりますから」"
			},
			{
				"TYPE": "ZM",
				"ID": 539548,
				"NAME": "三厳",
				"ENG_NAME": "三厳",
				"STRING": "「だよな……。しまったな、妖精封じないで、蓋閉めるだけにしときゃよかった」",
				"ENG_STRING": "「だよな……。しまったな、妖精封じないで、蓋閉めるだけにしときゃよかった」"
			},
			{
				"TYPE": "ZM",
				"ID": 539549,
				"NAME": "憂緒",
				"ENG_NAME": "憂緒",
				"STRING": "「それはそれで危険ですから、仕方がありませんよ。その処置は間違っていたとは思いません」",
				"ENG_STRING": "「それはそれで危険ですから、仕方がありませんよ。その処置は間違っていたとは思いません」"
			},
			{
				"TYPE": "ZM",
				"ID": 539550,
				"NAME": "春霞",
				"ENG_NAME": "春霞",
				"STRING": "「だよねー」",
				"ENG_STRING": "「だよねー」"
			},
			{
				"TYPE": "ZM",
				"ID": 539551,
				"NAME": "校内放送",
				"ENG_NAME": "校内放送",
				"STRING": "『――特殊事案調査分室の皆さんにお知らせします』",
				"ENG_STRING": "『――特殊事案調査分室の皆さんにお知らせします』"
			},
			{
				"TYPE": "ZM",
				"ID": 539552,
				"NAME": "三厳",
				"ENG_NAME": "三厳",
				"STRING": "「ん？」",
				"ENG_STRING": "「ん？」"
			},
			{
				"TYPE": "ZM",
				"ID": 539553,
				"NAME": "春霞",
				"ENG_NAME": "春霞",
				"STRING": "「校内放送？」",
				"ENG_STRING": "「校内放送？」"
			},
			{
				"TYPE": "ZM",
				"ID": 539554,
				"NAME": "校内放送",
				"ENG_NAME": "校内放送",
				"STRING": "『こちら風紀、お探しの案件が無事発見されました。至急東寮へお越し下さい――』",
				"ENG_STRING": "『こちら風紀、お探しの案件が無事発見されました。至急東寮へお越し下さい――』"
			},
			{
				"TYPE": "ZM",
				"ID": 539555,
				"NAME": "三厳",
				"ENG_NAME": "三厳",
				"STRING": "「えっ！？　見つかった！？」",
				"ENG_STRING": "「えっ！？　見つかった！？」"
			},
			{
				"TYPE": "ZM",
				"ID": 539556,
				"NAME": "春霞",
				"ENG_NAME": "春霞",
				"STRING": "「東寮って事は、黒谷さんの方だよね？」",
				"ENG_STRING": "「東寮って事は、黒谷さんの方だよね？」"
			},
			{
				"TYPE": "ZM",
				"ID": 539557,
				"NAME": "三厳",
				"ENG_NAME": "三厳",
				"STRING": "「だろうな、猫なら分室に呼び戻すはずだ」",
				"ENG_STRING": "「だろうな、猫なら分室に呼び戻すはずだ」"
			},
			{
				"TYPE": "ZM",
				"ID": 539558,
				"NAME": "憂緒",
				"ENG_NAME": "憂緒",
				"STRING": "「……行ってみましょう」",
				"ENG_STRING": "「……行ってみましょう」"
			}
		],
		"CHAPTER_SUBNAME": "S01_13_01：猫を追う"
	},
	"S01_14_01：一件落着？": {
		"MESSAGES": [
			{
				"TYPE": "ZM",
				"ID": 539559,
				"STRING": "急いで東寮へとやって来る。",
				"ENG_STRING": "急いで東寮へとやって来る。"
			},
			{
				"TYPE": "ZM",
				"ID": 539560,
				"STRING": "スミちゃんは、黒谷が戻ったのなら一応解決という事で、一旦鍔姫ちゃんの所へ行った。",
				"ENG_STRING": "スミちゃんは、黒谷が戻ったのなら一応解決という事で、一旦鍔姫ちゃんの所へ行った。"
			},
			{
				"TYPE": "ZM",
				"ID": 539561,
				"STRING": "寮生ではないので、万が一出入りが見つかったらややこしそうなせいでもある。",
				"ENG_STRING": "寮生ではないので、万が一出入りが見つかったらややこしそうなせいでもある。"
			},
			{
				"TYPE": "ZM",
				"ID": 539562,
				"NAME": "真弥",
				"ENG_NAME": "真弥",
				"STRING": "「――ご迷惑をお掛けしました！！」",
				"ENG_STRING": "「――ご迷惑をお掛けしました！！」"
			},
			{
				"TYPE": "ZM",
				"ID": 539563,
				"STRING": "黒谷は、普通にひょっこり部屋に戻ってきたのだそうだ。",
				"ENG_STRING": "黒谷は、普通にひょっこり部屋に戻ってきたのだそうだ。"
			},
			{
				"TYPE": "ZM",
				"ID": 539564,
				"STRING": "非常にバツが悪そうな顔で、ぺこぺこと俺達に頭を下げる。",
				"ENG_STRING": "非常にバツが悪そうな顔で、ぺこぺこと俺達に頭を下げる。"
			},
			{
				"TYPE": "ZM",
				"ID": 539565,
				"NAME": "三厳",
				"ENG_NAME": "三厳",
				"STRING": "「いや事件でも何でも無かったなら、よかったけどさ」",
				"ENG_STRING": "「いや事件でも何でも無かったなら、よかったけどさ」"
			},
			{
				"TYPE": "ZM",
				"ID": 539566,
				"NAME": "真弥",
				"ENG_NAME": "真弥",
				"STRING": "「うん、ごめん！　忘れ物思い出して、校舎に戻っただけなんだ……」",
				"ENG_STRING": "「うん、ごめん！　忘れ物思い出して、校舎に戻っただけなんだ……」"
			},
			{
				"TYPE": "ZM",
				"ID": 539567,
				"NAME": "憂緒",
				"ENG_NAME": "憂緒",
				"STRING": "「無事でなによりでしたが、校則違反ですよ、黒谷さん」",
				"ENG_STRING": "「無事でなによりでしたが、校則違反ですよ、黒谷さん」"
			},
			{
				"TYPE": "ZM",
				"ID": 539568,
				"NAME": "真弥",
				"ENG_NAME": "真弥",
				"STRING": "「はいっ！！　すみません！！」",
				"ENG_STRING": "「はいっ！！　すみません！！」"
			},
			{
				"TYPE": "ZM",
				"ID": 539569,
				"NAME": "そあら",
				"ENG_NAME": "そあら",
				"STRING": "「あ、あの、ごめんなさい。わたしが早とちりしちゃったせいで大事に……」",
				"ENG_STRING": "「あ、あの、ごめんなさい。わたしが早とちりしちゃったせいで大事に……」"
			},
			{
				"TYPE": "ZM",
				"ID": 539570,
				"NAME": "真弥",
				"ENG_NAME": "真弥",
				"STRING": "「そあらのせいじゃないよ。黙って行っちゃった私が悪いんだからさ」",
				"ENG_STRING": "「そあらのせいじゃないよ。黙って行っちゃった私が悪いんだからさ」"
			},
			{
				"TYPE": "ZM",
				"ID": 539571,
				"NAME": "憂緒",
				"ENG_NAME": "憂緒",
				"STRING": "「その前に、帰寮時間を過ぎてから外に出てはいけません」",
				"ENG_STRING": "「その前に、帰寮時間を過ぎてから外に出てはいけません」"
			},
			{
				"TYPE": "ZM",
				"ID": 539572,
				"NAME": "真弥",
				"ENG_NAME": "真弥",
				"STRING": "「そ、そうでした……はい。ごめんなさい」",
				"ENG_STRING": "「そ、そうでした……はい。ごめんなさい」"
			},
			{
				"TYPE": "ZM",
				"ID": 539573,
				"NAME": "三厳",
				"ENG_NAME": "三厳",
				"STRING": "「そんな急いで取りに行かなきゃならん忘れ物って宿題か？」",
				"ENG_STRING": "「そんな急いで取りに行かなきゃならん忘れ物って宿題か？」"
			},
			{
				"TYPE": "ZM",
				"ID": 539574,
				"NAME": "真弥",
				"ENG_NAME": "真弥",
				"STRING": "「そ、そうそうそう！　提出用のノート机の中に置きっぱだったんだぁ」",
				"ENG_STRING": "「そ、そうそうそう！　提出用のノート机の中に置きっぱだったんだぁ」"
			},
			{
				"TYPE": "ZM",
				"ID": 539575,
				"NAME": "憂緒",
				"ENG_NAME": "憂緒",
				"STRING": "「まあ、宿題も大事ですけどね」",
				"ENG_STRING": "「まあ、宿題も大事ですけどね」"
			},
			{
				"TYPE": "ZM",
				"ID": 539576,
				"NAME": "三厳",
				"ENG_NAME": "三厳",
				"STRING": "「んなもん、休み時間にやりゃいいのに」",
				"ENG_STRING": "「んなもん、休み時間にやりゃいいのに」"
			},
			{
				"TYPE": "ZM",
				"ID": 539577,
				"NAME": "憂緒",
				"ENG_NAME": "憂緒",
				"STRING": "「きみの方針にも賛同しかねます」",
				"ENG_STRING": "「きみの方針にも賛同しかねます」"
			},
			{
				"TYPE": "ZM",
				"ID": 539578,
				"NAME": "憂緒",
				"ENG_NAME": "憂緒",
				"STRING": "「ですが、優先すべきはやはり校則です。今後は宿題よりは外出厳禁の方を優先して下さいね」",
				"ENG_STRING": "「ですが、優先すべきはやはり校則です。今後は宿題よりは外出厳禁の方を優先して下さいね」"
			},
			{
				"TYPE": "ZM",
				"ID": 539579,
				"NAME": "真弥",
				"ENG_NAME": "真弥",
				"STRING": "「わかりました！　宿題は諦めます！」",
				"ENG_STRING": "「わかりました！　宿題は諦めます！」"
			},
			{
				"TYPE": "ZM",
				"ID": 539580,
				"NAME": "そあら",
				"ENG_NAME": "そあら",
				"STRING": "「ち、違うよ、まーやちゃん。忘れ物にも気をつけます、だよ」",
				"ENG_STRING": "「ち、違うよ、まーやちゃん。忘れ物にも気をつけます、だよ」"
			},
			{
				"TYPE": "ZM",
				"ID": 539581,
				"NAME": "真弥",
				"ENG_NAME": "真弥",
				"STRING": "「あ……そうでしたっ！　はいっ！」",
				"ENG_STRING": "「あ……そうでしたっ！　はいっ！」"
			},
			{
				"TYPE": "ZM",
				"ID": 539582,
				"NAME": "憂緒",
				"ENG_NAME": "憂緒",
				"STRING": "「仕方ない人ですね。吉田さん、忘れ物にも気をつけるよう見張っていてあげて下さい」",
				"ENG_STRING": "「仕方ない人ですね。吉田さん、忘れ物にも気をつけるよう見張っていてあげて下さい」"
			},
			{
				"TYPE": "ZM",
				"ID": 539583,
				"NAME": "そあら",
				"ENG_NAME": "そあら",
				"STRING": "「はぁい！」",
				"ENG_STRING": "「はぁい！」"
			},
			{
				"TYPE": "ZM",
				"ID": 539584,
				"NAME": "真弥",
				"ENG_NAME": "真弥",
				"STRING": "「うう……ごめんねえ……」",
				"ENG_STRING": "「うう……ごめんねえ……」"
			},
			{
				"TYPE": "ZM",
				"ID": 539585,
				"NAME": "三厳",
				"ENG_NAME": "三厳",
				"STRING": "「ま、何事もなくてよかったな」",
				"ENG_STRING": "「ま、何事もなくてよかったな」"
			},
			{
				"TYPE": "ZM",
				"ID": 539586,
				"STRING": "黒谷はどうやら、なんともなさそうなので、俺達はひとまず分室へ引き上げる。",
				"ENG_STRING": "黒谷はどうやら、なんともなさそうなので、俺達はひとまず分室へ引き上げる。"
			},
			{
				"TYPE": "ZM",
				"ID": 539587,
				"STRING": "ヤヌスの鍵をすり抜けた件は、黒谷が風紀委員に見つからないように走って移動していたので見失った、というところだろう。",
				"ENG_STRING": "ヤヌスの鍵をすり抜けた件は、黒谷が風紀委員に見つからないように走って移動していたので見失った、というところだろう。"
			},
			{
				"TYPE": "ZM",
				"ID": 539588,
				"NAME": "三厳",
				"ENG_NAME": "三厳",
				"STRING": "「あとは遺品のペンだなあ……」",
				"ENG_STRING": "「あとは遺品のペンだなあ……」"
			},
			{
				"TYPE": "ZM",
				"ID": 539589,
				"NAME": "憂緒",
				"ENG_NAME": "憂緒",
				"STRING": "「それほど深刻な問題ではないでしょう」",
				"ENG_STRING": "「それほど深刻な問題ではないでしょう」"
			},
			{
				"TYPE": "ZM",
				"ID": 539590,
				"NAME": "憂緒",
				"ENG_NAME": "憂緒",
				"STRING": "「封印の札の効力は三日程ですから、それまで待てばハイタースプライトは使えます」",
				"ENG_STRING": "「封印の札の効力は三日程ですから、それまで待てばハイタースプライトは使えます」"
			},
			{
				"TYPE": "ZM",
				"ID": 539591,
				"NAME": "憂緒",
				"ENG_NAME": "憂緒",
				"STRING": "「一応、猫は探すとしても、三日後にはそれでどうにかなります」",
				"ENG_STRING": "「一応、猫は探すとしても、三日後にはそれでどうにかなります」"
			},
			{
				"TYPE": "ZM",
				"ID": 539592,
				"NAME": "三厳",
				"ENG_NAME": "三厳",
				"STRING": "「ま、それもそうか」",
				"ENG_STRING": "「ま、それもそうか」"
			},
			{
				"TYPE": "ZM",
				"ID": 539593,
				"STRING": "だったら、今のところ差し迫った問題は、特になくなったわけか……。",
				"ENG_STRING": "だったら、今のところ差し迫った問題は、特になくなったわけか……。"
			},
			{
				"TYPE": "ZM",
				"ID": 539594,
				"NAME": "憂緒",
				"ENG_NAME": "憂緒",
				"STRING": "「…………………………」",
				"ENG_STRING": "「…………………………」"
			},
			{
				"TYPE": "ZM",
				"ID": 539595,
				"NAME": "三厳",
				"ENG_NAME": "三厳",
				"STRING": "「…………………………」",
				"ENG_STRING": "「…………………………」"
			},
			{
				"TYPE": "ZM",
				"ID": 539596,
				"STRING": "やばい、会話が途切れた。",
				"ENG_STRING": "やばい、会話が途切れた。"
			},
			{
				"TYPE": "ZM",
				"ID": 539597,
				"STRING": "事件のことで話すことが、特になくなったので、これといった話題がない。",
				"ENG_STRING": "事件のことで話すことが、特になくなったので、これといった話題がない。"
			},
			{
				"TYPE": "ZM",
				"ID": 539598,
				"STRING": "というか、モー子が冷静でいてくれる話題が思いつかない。",
				"ENG_STRING": "というか、モー子が冷静でいてくれる話題が思いつかない。"
			},
			{
				"TYPE": "ZM",
				"ID": 539599,
				"NAME": "三厳",
				"ENG_NAME": "三厳",
				"STRING": "（やばいやばいやばい……）",
				"ENG_STRING": "（やばいやばいやばい……）"
			},
			{
				"TYPE": "ZM",
				"ID": 539600,
				"STRING": "意識されてるんじゃないか、と思うとこっちまで無駄に緊張してきてしまう。",
				"ENG_STRING": "意識されてるんじゃないか、と思うとこっちまで無駄に緊張してきてしまう。"
			},
			{
				"TYPE": "ZM",
				"ID": 539601,
				"NAME": "三厳",
				"ENG_NAME": "三厳",
				"STRING": "「………最近あれか」",
				"ENG_STRING": "「………最近あれか」"
			},
			{
				"TYPE": "ZM",
				"ID": 539602,
				"NAME": "憂緒",
				"ENG_NAME": "憂緒",
				"STRING": "「な、なんです」",
				"ENG_STRING": "「な、なんです」"
			},
			{
				"TYPE": "ZM",
				"ID": 539603,
				"STRING": "適当なことを話しかけようと思って口を開くと、モー子は既に一言目を噛むレベルだった。",
				"ENG_STRING": "適当なことを話しかけようと思って口を開くと、モー子は既に一言目を噛むレベルだった。"
			},
			{
				"TYPE": "ZM",
				"ID": 539604,
				"STRING": "早いだろ、意識する速度が。",
				"ENG_STRING": "早いだろ、意識する速度が。"
			},
			{
				"TYPE": "ZM",
				"ID": 539605,
				"NAME": "三厳",
				"ENG_NAME": "三厳",
				"STRING": "（いやでも……まあ……無理も無いのか）",
				"ENG_STRING": "（いやでも……まあ……無理も無いのか）"
			},
			{
				"TYPE": "ZM",
				"ID": 539606,
				"STRING": "女の子だしなあ。",
				"ENG_STRING": "女の子だしなあ。"
			},
			{
				"TYPE": "ZM",
				"ID": 539607,
				"STRING": "……と思った途端、余計なことを思い出しそうになる。",
				"ENG_STRING": "……と思った途端、余計なことを思い出しそうになる。"
			},
			{
				"TYPE": "ZM",
				"ID": 539608,
				"NAME": "三厳",
				"ENG_NAME": "三厳",
				"STRING": "（いやいや、駄目だそれは。肌の感触とかそういうのは一番駄目だ俺）",
				"ENG_STRING": "（いやいや、駄目だそれは。肌の感触とかそういうのは一番駄目だ俺）"
			},
			{
				"TYPE": "ZM",
				"ID": 539609,
				"NAME": "憂緒",
				"ENG_NAME": "憂緒",
				"STRING": "「……なんなんですか」",
				"ENG_STRING": "「……なんなんですか」"
			},
			{
				"TYPE": "ZM",
				"ID": 539610,
				"NAME": "三厳",
				"ENG_NAME": "三厳",
				"STRING": "「え？」",
				"ENG_STRING": "「え？」"
			},
			{
				"TYPE": "ZM",
				"ID": 539611,
				"NAME": "憂緒",
				"ENG_NAME": "憂緒",
				"STRING": "「そ、そちらから、話しかけておいて……なぜ黙るんです……」",
				"ENG_STRING": "「そ、そちらから、話しかけておいて……なぜ黙るんです……」"
			},
			{
				"TYPE": "ZM",
				"ID": 539612,
				"NAME": "三厳",
				"ENG_NAME": "三厳",
				"STRING": "「あ、すまん。思いつかなかった」",
				"ENG_STRING": "「あ、すまん。思いつかなかった」"
			},
			{
				"TYPE": "ZM",
				"ID": 539613,
				"NAME": "憂緒",
				"ENG_NAME": "憂緒",
				"STRING": "「……………………………」",
				"ENG_STRING": "「……………………………」"
			},
			{
				"TYPE": "ZM",
				"ID": 539614,
				"STRING": "ああ、また機嫌を損ねた。",
				"ENG_STRING": "ああ、また機嫌を損ねた。"
			},
			{
				"TYPE": "ZM",
				"ID": 539615,
				"STRING": "モー子は口を尖らせて少しうつむいてしまう。",
				"ENG_STRING": "モー子は口を尖らせて少しうつむいてしまう。"
			},
			{
				"TYPE": "ZM",
				"ID": 539616,
				"NAME": "三厳",
				"ENG_NAME": "三厳",
				"STRING": "「言っとくが別に、からかってるわけじゃないからな」",
				"ENG_STRING": "「言っとくが別に、からかってるわけじゃないからな」"
			},
			{
				"TYPE": "ZM",
				"ID": 539617,
				"NAME": "憂緒",
				"ENG_NAME": "憂緒",
				"STRING": "「……………じゃあ、何ですか今のは」",
				"ENG_STRING": "「……………じゃあ、何ですか今のは」"
			},
			{
				"TYPE": "ZM",
				"ID": 539618,
				"NAME": "三厳",
				"ENG_NAME": "三厳",
				"STRING": "「微妙な空気の沈黙が気まずいから、何か話しかけようと思って失敗しただけだ」",
				"ENG_STRING": "「微妙な空気の沈黙が気まずいから、何か話しかけようと思って失敗しただけだ」"
			},
			{
				"TYPE": "ZM",
				"ID": 539619,
				"NAME": "憂緒",
				"ENG_NAME": "憂緒",
				"STRING": "「っ………」",
				"ENG_STRING": "「っ………」"
			},
			{
				"TYPE": "ZM",
				"ID": 539620,
				"STRING": "一瞬、目を丸くして俺を見返す。",
				"ENG_STRING": "一瞬、目を丸くして俺を見返す。"
			},
			{
				"TYPE": "ZM",
				"ID": 539621,
				"STRING": "しかしすぐに、さっと目をそらした。",
				"ENG_STRING": "しかしすぐに、さっと目をそらした。"
			},
			{
				"TYPE": "ZM",
				"ID": 539622,
				"NAME": "三厳",
				"ENG_NAME": "三厳",
				"STRING": "（おー、赤くなってる赤くなってる）",
				"ENG_STRING": "（おー、赤くなってる赤くなってる）"
			},
			{
				"TYPE": "ZM",
				"ID": 539623,
				"STRING": "モー子は隠してるつもりらしいが、首筋まで赤く染まっているので丸見えである。",
				"ENG_STRING": "モー子は隠してるつもりらしいが、首筋まで赤く染まっているので丸見えである。"
			},
			{
				"TYPE": "ZM",
				"ID": 539624,
				"NAME": "憂緒",
				"ENG_NAME": "憂緒",
				"STRING": "「そんな……ことを…………」",
				"ENG_STRING": "「そんな……ことを…………」"
			},
			{
				"TYPE": "ZM",
				"ID": 539625,
				"NAME": "三厳",
				"ENG_NAME": "三厳",
				"STRING": "「ん？」",
				"ENG_STRING": "「ん？」"
			},
			{
				"TYPE": "ZM",
				"ID": 539626,
				"NAME": "憂緒",
				"ENG_NAME": "憂緒",
				"STRING": "「そんなことを、はっきり口に出すのはどうかと思いますっ」",
				"ENG_STRING": "「そんなことを、はっきり口に出すのはどうかと思いますっ」"
			},
			{
				"TYPE": "ZM",
				"ID": 539627,
				"NAME": "三厳",
				"ENG_NAME": "三厳",
				"STRING": "「失敗しましたって話か？　適当に嘘吐いて誤魔化した方が良かったか？」",
				"ENG_STRING": "「失敗しましたって話か？　適当に嘘吐いて誤魔化した方が良かったか？」"
			},
			{
				"TYPE": "ZM",
				"ID": 539628,
				"NAME": "憂緒",
				"ENG_NAME": "憂緒",
				"STRING": "「う、嘘までつけとは言いませんけど……」",
				"ENG_STRING": "「う、嘘までつけとは言いませんけど……」"
			},
			{
				"TYPE": "ZM",
				"ID": 539629,
				"NAME": "三厳",
				"ENG_NAME": "三厳",
				"STRING": "「そうだろ、どうせバレるしな」",
				"ENG_STRING": "「そうだろ、どうせバレるしな」"
			},
			{
				"TYPE": "ZM",
				"ID": 539630,
				"NAME": "憂緒",
				"ENG_NAME": "憂緒",
				"STRING": "「え……」",
				"ENG_STRING": "「え……」"
			},
			{
				"TYPE": "ZM",
				"ID": 539631,
				"NAME": "三厳",
				"ENG_NAME": "三厳",
				"STRING": "「賢いもん、モー子。誤魔化せるなんて、思ってねえよ」",
				"ENG_STRING": "「賢いもん、モー子。誤魔化せるなんて、思ってねえよ」"
			},
			{
				"TYPE": "ZM",
				"ID": 539632,
				"NAME": "憂緒",
				"ENG_NAME": "憂緒",
				"STRING": "「……………………………」",
				"ENG_STRING": "「……………………………」"
			},
			{
				"TYPE": "ZM",
				"ID": 539633,
				"STRING": "言葉に詰まり、モー子はもじもじと両手を胸の前で組み合わせる。",
				"ENG_STRING": "言葉に詰まり、モー子はもじもじと両手を胸の前で組み合わせる。"
			},
			{
				"TYPE": "ZM",
				"ID": 539634,
				"NAME": "憂緒",
				"ENG_NAME": "憂緒",
				"STRING": "「………それは、ずるいです」",
				"ENG_STRING": "「………それは、ずるいです」"
			},
			{
				"TYPE": "ZM",
				"ID": 539635,
				"NAME": "三厳",
				"ENG_NAME": "三厳",
				"STRING": "「なんで」",
				"ENG_STRING": "「なんで」"
			},
			{
				"TYPE": "ZM",
				"ID": 539636,
				"NAME": "憂緒",
				"ENG_NAME": "憂緒",
				"STRING": "「そういうのは、褒め殺しというんです」",
				"ENG_STRING": "「そういうのは、褒め殺しというんです」"
			},
			{
				"TYPE": "ZM",
				"ID": 539637,
				"NAME": "三厳",
				"ENG_NAME": "三厳",
				"STRING": "「そうか？　素直な感想だけどな」",
				"ENG_STRING": "「そうか？　素直な感想だけどな」"
			},
			{
				"TYPE": "ZM",
				"ID": 539638,
				"NAME": "憂緒",
				"ENG_NAME": "憂緒",
				"STRING": "「……………………………」",
				"ENG_STRING": "「……………………………」"
			},
			{
				"TYPE": "ZM",
				"ID": 539639,
				"NAME": "憂緒",
				"ENG_NAME": "憂緒",
				"STRING": "「…………それに……そういうのは……」",
				"ENG_STRING": "「…………それに……そういうのは……」"
			},
			{
				"TYPE": "ZM",
				"ID": 539640,
				"NAME": "憂緒",
				"ENG_NAME": "憂緒",
				"STRING": "「か、かしこさは、あまり関係ありません」",
				"ENG_STRING": "「か、かしこさは、あまり関係ありません」"
			},
			{
				"TYPE": "ZM",
				"ID": 539641,
				"NAME": "三厳",
				"ENG_NAME": "三厳",
				"STRING": "「？　そういうのって」",
				"ENG_STRING": "「？　そういうのって」"
			},
			{
				"TYPE": "ZM",
				"ID": 539642,
				"NAME": "憂緒",
				"ENG_NAME": "憂緒",
				"STRING": "「そういうのが、嘘かどうか、気づくのは、賢いとかそういうのじゃ、なくて………」",
				"ENG_STRING": "「そういうのが、嘘かどうか、気づくのは、賢いとかそういうのじゃ、なくて………」"
			},
			{
				"TYPE": "ZM",
				"ID": 539643,
				"NAME": "三厳",
				"ENG_NAME": "三厳",
				"STRING": "「……………………………」",
				"ENG_STRING": "「……………………………」"
			},
			{
				"TYPE": "ZM",
				"ID": 539644,
				"STRING": "今度はこっちが言葉に詰まる番だった。",
				"ENG_STRING": "今度はこっちが言葉に詰まる番だった。"
			},
			{
				"TYPE": "ZM",
				"ID": 539645,
				"STRING": "モー子は、そういう事には極力触れてこないと思ってた。",
				"ENG_STRING": "モー子は、そういう事には極力触れてこないと思ってた。"
			},
			{
				"TYPE": "ZM",
				"ID": 539646,
				"NAME": "三厳",
				"ENG_NAME": "三厳",
				"STRING": "「……嫌なもんなのか」",
				"ENG_STRING": "「……嫌なもんなのか」"
			},
			{
				"TYPE": "ZM",
				"ID": 539647,
				"NAME": "憂緒",
				"ENG_NAME": "憂緒",
				"STRING": "「え？」",
				"ENG_STRING": "「え？」"
			},
			{
				"TYPE": "ZM",
				"ID": 539649,
				"NAME": "三厳",
				"ENG_NAME": "三厳",
				"STRING": "「そういうの、推理力と一緒にされるのは」",
				"ENG_STRING": "「そういうの、推理力と一緒にされるのは」"
			},
			{
				"TYPE": "ZM",
				"ID": 539650,
				"NAME": "憂緒",
				"ENG_NAME": "憂緒",
				"STRING": "「わ……私は……別に、久我くんの態度や言動を見て分析してるだけ、な、わけじゃ……」",
				"ENG_STRING": "「わ……私は……別に、久我くんの態度や言動を見て分析してるだけ、な、わけじゃ……」"
			},
			{
				"TYPE": "ZM",
				"ID": 539651,
				"NAME": "三厳",
				"ENG_NAME": "三厳",
				"STRING": "「わかってるよ」",
				"ENG_STRING": "「わかってるよ」"
			},
			{
				"TYPE": "ZM",
				"ID": 539652,
				"NAME": "憂緒",
				"ENG_NAME": "憂緒",
				"STRING": "「……………………………」",
				"ENG_STRING": "「……………………………」"
			},
			{
				"TYPE": "ZM",
				"ID": 539653,
				"NAME": "三厳",
				"ENG_NAME": "三厳",
				"STRING": "「けど俺の言う賢いってのも、そういう意味だけでもないぞ」",
				"ENG_STRING": "「けど俺の言う賢いってのも、そういう意味だけでもないぞ」"
			},
			{
				"TYPE": "ZM",
				"ID": 539654,
				"NAME": "三厳",
				"ENG_NAME": "三厳",
				"STRING": "「夢の世界で、俺がパニクってた時のあれは、推理とかそういうんじゃないだろ」",
				"ENG_STRING": "「夢の世界で、俺がパニクってた時のあれは、推理とかそういうんじゃないだろ」"
			},
			{
				"TYPE": "ZM",
				"ID": 539655,
				"STRING": "炎の悪夢を見て、完全に錯乱状態だった俺を、救い出してくれたのはモー子だった。",
				"ENG_STRING": "炎の悪夢を見て、完全に錯乱状態だった俺を、救い出してくれたのはモー子だった。"
			},
			{
				"TYPE": "ZM",
				"ID": 539656,
				"STRING": "あれは、推理とか分析とか、そういうの以外の直感的な何かでとった行動だったように思う。",
				"ENG_STRING": "あれは、推理とか分析とか、そういうの以外の直感的な何かでとった行動だったように思う。"
			},
			{
				"TYPE": "ZM",
				"ID": 539657,
				"NAME": "憂緒",
				"ENG_NAME": "憂緒",
				"STRING": "「あっ、あれ……あれはっ、久我くんが、……その、落ち着いてくれないと困るからっ……」",
				"ENG_STRING": "「あっ、あれ……あれはっ、久我くんが、……その、落ち着いてくれないと困るからっ……」"
			},
			{
				"TYPE": "ZM",
				"ID": 539658,
				"STRING": "抱きしめて背中をさすってくれた。",
				"ENG_STRING": "抱きしめて背中をさすってくれた。"
			},
			{
				"TYPE": "ZM",
				"ID": 539659,
				"STRING": "そのことを思い出して、また照れくさくなったのか赤い顔をそらしてあわあわする。",
				"ENG_STRING": "そのことを思い出して、また照れくさくなったのか赤い顔をそらしてあわあわする。"
			},
			{
				"TYPE": "ZM",
				"ID": 539660,
				"NAME": "三厳",
				"ENG_NAME": "三厳",
				"STRING": "（あーもー、可愛いなぁ……）",
				"ENG_STRING": "（あーもー、可愛いなぁ……）"
			},
			{
				"TYPE": "ZM",
				"ID": 539661,
				"STRING": "多分俺は、これが見たくて割と余計なことを言ってしまってる気がする。",
				"ENG_STRING": "多分俺は、これが見たくて割と余計なことを言ってしまってる気がする。"
			},
			{
				"TYPE": "ZM",
				"ID": 539662,
				"STRING": "駄目だな、もうちょい自重しないと。",
				"ENG_STRING": "駄目だな、もうちょい自重しないと。"
			},
			{
				"TYPE": "ZM",
				"ID": 539663,
				"NAME": "睦月",
				"ENG_NAME": "睦月",
				"STRING": "「おーい、もーちゃーん！」",
				"ENG_STRING": "「おーい、もーちゃーん！」"
			},
			{
				"TYPE": "ZM",
				"ID": 539664,
				"NAME": "憂緒",
				"ENG_NAME": "憂緒",
				"STRING": "「睦月？」",
				"ENG_STRING": "「睦月？」"
			},
			{
				"TYPE": "ZM",
				"ID": 539665,
				"STRING": "呼び声と共に、手を振りながら花立が駆け寄ってきた。",
				"ENG_STRING": "呼び声と共に、手を振りながら花立が駆け寄ってきた。"
			},
			{
				"TYPE": "ZM",
				"ID": 539666,
				"NAME": "睦月",
				"ENG_NAME": "睦月",
				"STRING": "「早くきてきて！」",
				"ENG_STRING": "「早くきてきて！」"
			},
			{
				"TYPE": "ZM",
				"ID": 539667,
				"NAME": "憂緒",
				"ENG_NAME": "憂緒",
				"STRING": "「な、なんです？」",
				"ENG_STRING": "「な、なんです？」"
			},
			{
				"TYPE": "ZM",
				"ID": 539668,
				"STRING": "モー子の腕を取り引っぱっていこうとするが、ふと俺に気づくと、あっと驚いた顔をする。",
				"ENG_STRING": "モー子の腕を取り引っぱっていこうとするが、ふと俺に気づくと、あっと驚いた顔をする。"
			},
			{
				"TYPE": "ZM",
				"ID": 539669,
				"NAME": "睦月",
				"ENG_NAME": "睦月",
				"STRING": "「はっ！？　ごめん！」",
				"ENG_STRING": "「はっ！？　ごめん！」"
			},
			{
				"TYPE": "ZM",
				"ID": 539670,
				"NAME": "三厳",
				"ENG_NAME": "三厳",
				"STRING": "「え？」",
				"ENG_STRING": "「え？」"
			},
			{
				"TYPE": "ZM",
				"ID": 539671,
				"NAME": "睦月",
				"ENG_NAME": "睦月",
				"STRING": "「もしかしてもりあがってる感じのところだった！？」",
				"ENG_STRING": "「もしかしてもりあがってる感じのところだった！？」"
			},
			{
				"TYPE": "ZM",
				"ID": 539672,
				"NAME": "憂緒",
				"ENG_NAME": "憂緒",
				"STRING": "「何を言い出すんですか睦月っ！？」",
				"ENG_STRING": "「何を言い出すんですか睦月っ！？」"
			},
			{
				"TYPE": "ZM",
				"ID": 539673,
				"NAME": "睦月",
				"ENG_NAME": "睦月",
				"STRING": "「ごめんね、もーちゃん！　わたし気が利かなくて！」",
				"ENG_STRING": "「ごめんね、もーちゃん！　わたし気が利かなくて！」"
			},
			{
				"TYPE": "ZM",
				"ID": 539674,
				"NAME": "憂緒",
				"ENG_NAME": "憂緒",
				"STRING": "「ち、違っ……」",
				"ENG_STRING": "「ち、違っ……」"
			},
			{
				"TYPE": "ZM",
				"ID": 539675,
				"NAME": "睦月",
				"ENG_NAME": "睦月",
				"STRING": "「でも急いでるから！　はい！　じゃあみっちーも手をつないでー！」",
				"ENG_STRING": "「でも急いでるから！　はい！　じゃあみっちーも手をつないでー！」"
			},
			{
				"TYPE": "ZM",
				"ID": 539676,
				"NAME": "三厳",
				"ENG_NAME": "三厳",
				"STRING": "「へ？」",
				"ENG_STRING": "「へ？」"
			},
			{
				"TYPE": "ZM",
				"ID": 539677,
				"STRING": "花立はモー子の腕をぐいと引っぱって、俺の手に握らせる。",
				"ENG_STRING": "花立はモー子の腕をぐいと引っぱって、俺の手に握らせる。"
			},
			{
				"TYPE": "ZM",
				"ID": 539678,
				"NAME": "睦月",
				"ENG_NAME": "睦月",
				"STRING": "「一緒に行こー！　れっつごー！」",
				"ENG_STRING": "「一緒に行こー！　れっつごー！」"
			},
			{
				"TYPE": "ZM",
				"ID": 539679,
				"NAME": "憂緒",
				"ENG_NAME": "憂緒",
				"STRING": "「違うっ、違いますっ！！　睦月！！　話を聞いて！？　私と久我くんは…」",
				"ENG_STRING": "「違うっ、違いますっ！！　睦月！！　話を聞いて！？　私と久我くんは…」"
			},
			{
				"TYPE": "ZM",
				"ID": 539680,
				"NAME": "睦月",
				"ENG_NAME": "睦月",
				"STRING": "「なるほど、わかったよ！」",
				"ENG_STRING": "「なるほど、わかったよ！」"
			},
			{
				"TYPE": "ZM",
				"ID": 539681,
				"NAME": "憂緒",
				"ENG_NAME": "憂緒",
				"STRING": "「まだ何も言ってません――！！」",
				"ENG_STRING": "「まだ何も言ってません――！！」"
			},
			{
				"TYPE": "ZM",
				"ID": 539682,
				"NAME": "三厳",
				"ENG_NAME": "三厳",
				"STRING": "「なんか急ぐみたいだし後でいいじゃん」",
				"ENG_STRING": "「なんか急ぐみたいだし後でいいじゃん」"
			},
			{
				"TYPE": "ZM",
				"ID": 539683,
				"NAME": "憂緒",
				"ENG_NAME": "憂緒",
				"STRING": "「久我くんっ！？　ちょっと引っぱらないで、じ、自分で走れますからっ……！！」",
				"ENG_STRING": "「久我くんっ！？　ちょっと引っぱらないで、じ、自分で走れますからっ……！！」"
			},
			{
				"TYPE": "ZM",
				"ID": 539684,
				"NAME": "憂緒",
				"ENG_NAME": "憂緒",
				"STRING": "「もう！　二人とも話を聞いて――っ！！」",
				"ENG_STRING": "「もう！　二人とも話を聞いて――っ！！」"
			}
		],
		"CHAPTER_SUBNAME": "S01_14_01：一件落着？"
	}
}