[
	{
		"TYPE": "ZM",
		"ID": 356610,
		"STRING": "翌日の放課後、俺は学園長に呼び出しを受けていた。",
		"ENG_STRING": "The next day after school, I was called to the principal's office."
	},
	{
		"TYPE": "ZM",
		"ID": 356611,
		"NAME": "二人",
		"ENG_NAME": "Fuhito",
		"STRING": "「昨日は大変だったようだね」",
		"ENG_STRING": "“Yesterday must've been difficult for you.”"
	},
	{
		"TYPE": "ZM",
		"ID": 356612,
		"NAME": "満琉",
		"ENG_NAME": "Michiru",
		"STRING": "「はい。ご心配をおかけしました」",
		"ENG_STRING": "“Yes. I'm sorry for making you worry.”"
	},
	{
		"TYPE": "ZM",
		"ID": 356613,
		"NAME": "二人",
		"ENG_NAME": "Fuhito",
		"STRING": "「はっはっはっ！　まあ、特に心配はしていなかったがね」",
		"ENG_STRING": "“Ha ha ha! Well, I wasn't particularly concerned.”"
	},
	{
		"TYPE": "ZM",
		"ID": 356614,
		"NAME": "満琉",
		"ENG_NAME": "Michiru",
		"STRING": "「はあ……」",
		"ENG_STRING": "“Okay...”"
	},
	{
		"TYPE": "ZM",
		"ID": 356615,
		"STRING": "心配していなかったというのもどうかと思うが、この学園長だからなあ……。",
		"ENG_STRING": "I don't know exactly what to think about her not being worried about me, but it's the principal we're talking about here..."
	},
	{
		"TYPE": "ZM",
		"ID": 356616,
		"NAME": "満琉",
		"ENG_NAME": "Michiru",
		"STRING": "「ところであの、今日の用件は……」",
		"ENG_STRING": "“So did you need something from me today...?”"
	},
	{
		"TYPE": "ZM",
		"ID": 356617,
		"NAME": "二人",
		"ENG_NAME": "Fuhito",
		"STRING": "「ああ！　君に昨日のことを報告してもらおうと思ってね！」",
		"ENG_STRING": "“Ah! I wanted to hear a report from you about yesterday.”"
	},
	{
		"TYPE": "ZM",
		"ID": 356618,
		"NAME": "満琉",
		"ENG_NAME": "Michiru",
		"STRING": "「昨日のことですか」",
		"ENG_STRING": "“About yesterday?”"
	},
	{
		"TYPE": "ZM",
		"ID": 356619,
		"NAME": "二人",
		"ENG_NAME": "Fuhito",
		"STRING": "「ああ、そうだ。どこに行ったか、何を見たか報告したまえ！　詳しく頼むぞ！」",
		"ENG_STRING": "“Yes. Tell me about where you went and what you saw! As detailed as possible!”"
	},
	{
		"TYPE": "ZM",
		"ID": 356620,
		"NAME": "満琉",
		"ENG_NAME": "Michiru",
		"STRING": "「なるほど。わかりました」",
		"ENG_STRING": "“I see. I can do that.”"
	},
	{
		"TYPE": "ZM",
		"ID": 356621,
		"NAME": "二人",
		"ENG_NAME": "Fuhito",
		"STRING": "「ふははははは！　はーっはっはっはっは！！」",
		"ENG_STRING": "“Bwahahahahaha! Ha ha ha ha ha!!”"
	},
	{
		"TYPE": "ZM",
		"ID": 356622,
		"NAME": "満琉",
		"ENG_NAME": "Michiru",
		"STRING": "「いや、あの……学園長……」",
		"ENG_STRING": "“Umm... Principal...”"
	},
	{
		"TYPE": "ZM",
		"ID": 356623,
		"NAME": "二人",
		"ENG_NAME": "Fuhito",
		"STRING": "「ボタン！　階段脇のボタンを見落としていたとは！　ふはははは！！」@n",
		"ENG_STRING": "“The button! You missed the button on the side wall of the stairs! Hahahaha!”@n"
	},
	{
		"TYPE": "ZM",
		"ID": 356624,
		"NAME": "満琉",
		"ENG_NAME": "Michiru",
		"STRING": "「そんなに笑わなくてもいいんじゃ……」",
		"ENG_STRING": "“You don't have to laugh so hard...”"
	},
	{
		"TYPE": "ZM",
		"ID": 356625,
		"STRING": "怪物を止める話の途中で学園長がいきなり大笑いを始めた。",
		"ENG_STRING": "As I was recounting my experience with stopping the monster, the principal burst into laughter."
	},
	{
		"TYPE": "ZM",
		"ID": 356626,
		"STRING": "どうやら、階段脇のボタンを見落としていたことが相当おかしかったらしい。",
		"ENG_STRING": "She apparently finds our overlooking the button extremely amusing."
	},
	{
		"TYPE": "ZM",
		"ID": 356627,
		"STRING": "その話をしてから、ずっとこの調子で笑われている。",
		"ENG_STRING": "She's been like this for a while now."
	},
	{
		"TYPE": "ZM",
		"ID": 356628,
		"NAME": "二人",
		"ENG_NAME": "Fuhito",
		"STRING": "「何故気付かなかったのかね！？！？？！」",
		"ENG_STRING": "“Why didn't you notice it!?”"
	},
	{
		"TYPE": "ZM",
		"ID": 356629,
		"NAME": "満琉",
		"ENG_NAME": "Michiru",
		"STRING": "「いや、必死だったからってさっき……」",
		"ENG_STRING": "“Well, we were desperate, and...”"
	},
	{
		"TYPE": "ZM",
		"ID": 356630,
		"NAME": "二人",
		"ENG_NAME": "Fuhito",
		"STRING": "「必死だった！　ふははははは！　はー！　はははっ！　は、ひぃ！　ひいい！！」@n",
		"ENG_STRING": "“Desperate! Ahahahahaha! Ha! Hahaha! Ha, hee! Hahaha!!”@n"
	},
	{
		"TYPE": "ZM",
		"ID": 356631,
		"STRING": "何がそこまでツボに入ったのか全くわからん。",
		"ENG_STRING": "I have no idea what she's finding so funny."
	},
	{
		"TYPE": "ZM",
		"ID": 356632,
		"STRING": "自分でもそりゃ間抜けだったとは思うが、ここまで笑うほどのことか？",
		"ENG_STRING": "Sure, it was pretty stupid of us, but does it really warrant that much laughter?"
	},
	{
		"TYPE": "ZM",
		"ID": 356633,
		"NAME": "二人",
		"ENG_NAME": "Fuhito",
		"STRING": "「ひー！　ひ、は、はははっ！　ひい！　はあ、はー。おかしい！」",
		"ENG_STRING": "“Heehee! Hahahaha! Haha! Haha... It's just too funny!”"
	},
	{
		"TYPE": "ZM",
		"ID": 356634,
		"NAME": "満琉",
		"ENG_NAME": "Michiru",
		"STRING": "「そこまでですか」",
		"ENG_STRING": "“Not that funny...”"
	},
	{
		"TYPE": "ZM",
		"ID": 356635,
		"NAME": "二人",
		"ENG_NAME": "Fuhito",
		"STRING": "「相当だ！！！　はっはっはっはっはっは！！！」@n",
		"ENG_STRING": "“It is!!! Ha ha ha ha ha ha!!!”@n"
	},
	{
		"TYPE": "ZM",
		"ID": 356636,
		"NAME": "満琉",
		"ENG_NAME": "Michiru",
		"STRING": "「いやもう、いいから続きを聞いてくださいよ」",
		"ENG_STRING": "“Oh, enough already. Let me finish telling you what happened.”"
	},
	{
		"TYPE": "ZM",
		"ID": 356637,
		"NAME": "二人",
		"ENG_NAME": "Fuhito",
		"STRING": "「はー！　はあ、はあ……わかった、わかった…話したまえ。ふひひっ」",
		"ENG_STRING": "“Haha! Hah hah... Okay, okay... Go ahead. Ahaha!”"
	},
	{
		"TYPE": "ZM",
		"ID": 356638,
		"NAME": "満琉",
		"ENG_NAME": "Michiru",
		"STRING": "「はあ……」",
		"ENG_STRING": "“Okay...”"
	},
	{
		"TYPE": "ZM",
		"ID": 356639,
		"STRING": "とりあえず、さっさと続きを話して解放してもらおう。",
		"ENG_STRING": "For now, I'll just try and wrap this up as soon as possible."
	},
	{
		"TYPE": "ZM",
		"ID": 356640,
		"NAME": "二人",
		"ENG_NAME": "Fuhito",
		"STRING": "「おお？」",
		"ENG_STRING": "“Oh?”"
	},
	{
		"TYPE": "ZM",
		"ID": 356641,
		"NAME": "満琉",
		"ENG_NAME": "Michiru",
		"STRING": "「もうそんな時間に……」",
		"ENG_STRING": "“It's already gotten this late...”"
	},
	{
		"TYPE": "ZM",
		"ID": 356642,
		"NAME": "二人",
		"ENG_NAME": "Fuhito",
		"STRING": "「随分長く話してもらったようだね」",
		"ENG_STRING": "“It was quite the long story.”"
	},
	{
		"TYPE": "ZM",
		"ID": 356643,
		"STRING": "とは言っても、最後の方は学園長が笑ってただけの気がするのだが。",
		"ENG_STRING": "I get the feeling that most of the time near the end was taken up by her laughing."
	},
	{
		"TYPE": "ZM",
		"ID": 356644,
		"STRING": "まあ、何があったかはわかってもらえたみたいだからいいか。",
		"ENG_STRING": "Well, she knows what happened now, so whatever."
	},
	{
		"TYPE": "ZM",
		"ID": 356645,
		"NAME": "二人",
		"ENG_NAME": "Fuhito",
		"STRING": "「いやいや、何があったかはよくわかったよ！　ＤｅＫｕＪｉ」",
		"ENG_STRING": "“I see what you had to go through now! Dekuji!”"
	},
	{
		"TYPE": "ZM",
		"ID": 356646,
		"NAME": "二人",
		"ENG_NAME": "Fuhito",
		"STRING": "「まあ、今後はくれぐれも注意するように！」",
		"ENG_STRING": "“Please be more careful from now on!”"
	},
	{
		"TYPE": "ZM",
		"ID": 356647,
		"NAME": "満琉",
		"ENG_NAME": "Michiru",
		"STRING": "「はい。肝に銘じておきます」",
		"ENG_STRING": "“Yes, I'll take that to heart.”"
	},
	{
		"TYPE": "ZM",
		"ID": 356648,
		"NAME": "二人",
		"ENG_NAME": "Fuhito",
		"STRING": "「あと、注意力散漫にならないよう……ふはははははっ！」@n",
		"ENG_STRING": "“Also, you should learn to pay more attention to your surroundings... Ahahahahaha!”@n"
	},
	{
		"TYPE": "ZM",
		"ID": 356649,
		"NAME": "満琉",
		"ENG_NAME": "Michiru",
		"STRING": "「それはもういいですってば！」",
		"ENG_STRING": "“Knock it off already!”"
	},
	{
		"TYPE": "ZM",
		"ID": 356650,
		"NAME": "二人",
		"ENG_NAME": "Fuhito",
		"STRING": "「はははははっ！！」",
		"ENG_STRING": "“Hahahahahaha!!”"
	},
	{
		"TYPE": "ZM",
		"ID": 356651,
		"NAME": "満琉",
		"ENG_NAME": "Michiru",
		"STRING": "「あの、それじゃあ失礼します」",
		"ENG_STRING": "“Well then, if you'll excuse me now.”"
	},
	{
		"TYPE": "ZM",
		"ID": 356652,
		"NAME": "二人",
		"ENG_NAME": "Fuhito",
		"STRING": "「ああ、ではまたな！　はっはっはっはっはっは！！！！」",
		"ENG_STRING": "“Sure, until next time! Ha ha ha ha ha ha!!!!”"
	},
	{
		"TYPE": "ZM",
		"ID": 356653,
		"STRING": "また変な笑いのツボに入ったみたいだな。",
		"ENG_STRING": "She's in another fit of laughter."
	},
	{
		"TYPE": "ZM",
		"ID": 356654,
		"STRING": "これ以上話すこともないし、そろそろ分室に戻ろう。",
		"ENG_STRING": "I have nothing left to say to her, so I guess I'll head back to the Bureau."
	},
	{
		"TYPE": "ZM",
		"ID": 356655,
		"NAME": "二人",
		"ENG_NAME": "Fuhito",
		"STRING": "「はははっ！　はー、はあおかしい……ふ、ふひっ！！」",
		"ENG_STRING": "“Hahaha! Ahh, ahh, my sides... H-Haha!!”"
	},
	{
		"TYPE": "ZM",
		"ID": 356656,
		"NAME": "一",
		"ENG_NAME": "Ninomae",
		"STRING": "「ぢー」",
		"ENG_STRING": "“Jii.”"
	},
	{
		"TYPE": "ZM",
		"ID": 356657,
		"NAME": "二人",
		"ENG_NAME": "Fuhito",
		"STRING": "「あっはっはっは……ああ、うん」@n",
		"ENG_STRING": "“A ha ha ha... Ah, yes.”@n"
	},
	{
		"TYPE": "ZM",
		"ID": 356658,
		"NAME": "一",
		"ENG_NAME": "Ninomae",
		"STRING": "「ぢぃ！」",
		"ENG_STRING": "“Jii!”"
	},
	{
		"TYPE": "ZM",
		"ID": 356659,
		"NAME": "二人",
		"ENG_NAME": "Fuhito",
		"STRING": "「そうだね。特に何も見られていなかったようだ。安心安心」",
		"ENG_STRING": "“Yes, it doesn't seem like he saw anything important. That's a load off my mind.”"
	},
	{
		"TYPE": "ZM",
		"ID": 356660,
		"NAME": "一",
		"ENG_NAME": "Ninomae",
		"STRING": "「……ちぃ」",
		"ENG_STRING": "“...Chii.”"
	},
	{
		"TYPE": "ZM",
		"ID": 356661,
		"NAME": "満琉",
		"ENG_NAME": "Michiru",
		"STRING": "「はああ……」",
		"ENG_STRING": "“Aah...”"
	},
	{
		"TYPE": "ZM",
		"ID": 356662,
		"NAME": "小太郎",
		"ENG_NAME": "Kotaro",
		"STRING": "「みっちー、おかえり。なんか疲れてる？」@n",
		"ENG_STRING": "“Welcome back, Micchi. You look a bit worn out.”@n"
	},
	{
		"TYPE": "ZM",
		"ID": 356663,
		"NAME": "満琉",
		"ENG_NAME": "Michiru",
		"STRING": "「ああ、ちょっとな。学園長に説明するのが、これほど疲れるとは思わなかった」",
		"ENG_STRING": "“Yeah, just a bit. I never imagined that telling the principal about what happened would be this exhausting.”"
	},
	{
		"TYPE": "ZM",
		"ID": 356664,
		"STRING": "実際、もっとすぐに終わると思っていた。",
		"ENG_STRING": "I thought that it'd be over much sooner."
	},
	{
		"TYPE": "ZM",
		"ID": 356665,
		"STRING": "まさか夜になるまで話すことになるなんて、思ってなかったし。",
		"ENG_STRING": "I never considered the possibility of it dragging on until night."
	},
	{
		"TYPE": "ZM",
		"ID": 356666,
		"STRING": "まあ、ほとんどが学園長の変な笑いのツボのせいだが。",
		"ENG_STRING": "Though a lot of the time was spent waiting for the principal to stop laughing."
	},
	{
		"TYPE": "ZM",
		"ID": 356667,
		"NAME": "憂緒",
		"ENG_NAME": "Ushio",
		"STRING": "「自業自得です」",
		"ENG_STRING": "“You reap what you sow.”"
	},
	{
		"TYPE": "ZM",
		"ID": 356668,
		"NAME": "満琉",
		"ENG_NAME": "Michiru",
		"STRING": "「わかってるよ……」",
		"ENG_STRING": "“I know...”"
	},
	{
		"TYPE": "ZM",
		"ID": 356669,
		"STRING": "紅茶を飲みながら、視線すら向けずに言われてしまった。",
		"ENG_STRING": "Without even turning to face me, she says that while drinking her black tea."
	},
	{
		"TYPE": "ZM",
		"ID": 356670,
		"STRING": "でも、流石に昨日の今日じゃ言い返す言葉も出ない。",
		"ENG_STRING": "Of course, I can't say anything considering that it happened yesterday."
	},
	{
		"TYPE": "ZM",
		"ID": 356671,
		"STRING": "モー子の方もこれ以上言い合う気はないらしいのが救いか。",
		"ENG_STRING": "The one saving grace is that she doesn't seem to be in the mood to say anything else."
	},
	{
		"TYPE": "ZM",
		"ID": 356672,
		"NAME": "満琉",
		"ENG_NAME": "Michiru",
		"STRING": "「今日は特に何もないのか？」",
		"ENG_STRING": "“Did anything happen today?”"
	},
	{
		"TYPE": "ZM",
		"ID": 356673,
		"NAME": "憂緒",
		"ENG_NAME": "Ushio",
		"STRING": "「ええ、先ほど片付けた件以外は今のところ何もありません」",
		"ENG_STRING": "“Apart from the case that I just finished solving, there hasn't been anything else.”"
	},
	{
		"TYPE": "ZM",
		"ID": 356674,
		"NAME": "満琉",
		"ENG_NAME": "Michiru",
		"STRING": "「か、片付けた？」",
		"ENG_STRING": "“Y-You solved it already?”"
	},
	{
		"TYPE": "ZM",
		"ID": 356675,
		"NAME": "小太郎",
		"ENG_NAME": "Kotaro",
		"STRING": "「え！？　い、いつの間に？」",
		"ENG_STRING": "“What!? Wh-When did that happen?”"
	},
	{
		"TYPE": "ZM",
		"ID": 356676,
		"NAME": "憂緒",
		"ENG_NAME": "Ushio",
		"STRING": "「きみたちがこちらに来る前です」",
		"ENG_STRING": "“Before you two arrived.”"
	},
	{
		"TYPE": "ZM",
		"ID": 356677,
		"NAME": "満琉",
		"ENG_NAME": "Michiru",
		"STRING": "「は、はええ……」",
		"ENG_STRING": "“W-Wow...”"
	},
	{
		"TYPE": "ZM",
		"ID": 356678,
		"NAME": "小太郎",
		"ENG_NAME": "Kotaro",
		"STRING": "「何かあったなんて、全然知らなかった……」",
		"ENG_STRING": "“I didn't even realize that something happened...”"
	},
	{
		"TYPE": "ZM",
		"ID": 356679,
		"NAME": "憂緒",
		"ENG_NAME": "Ushio",
		"STRING": "「本来なら、手間取らず簡単に片付くものなのですよ」",
		"ENG_STRING": "“Most of the requests are usually simple things that can be easily completed.”"
	},
	{
		"TYPE": "ZM",
		"ID": 356680,
		"NAME": "憂緒",
		"ENG_NAME": "Ushio",
		"STRING": "「それをきみたちが邪魔するから面倒なことになるのです」",
		"ENG_STRING": "“It's only because of the two of you that things have become complicated.”"
	},
	{
		"TYPE": "ZM",
		"ID": 356681,
		"NAME": "小太郎",
		"ENG_NAME": "Kotaro",
		"STRING": "「う、うう……ごめんなさい」",
		"ENG_STRING": "“U-Uu... Sorry.”"
	},
	{
		"TYPE": "ZM",
		"ID": 356682,
		"NAME": "満琉",
		"ENG_NAME": "Michiru",
		"STRING": "「そ、そんなもんなのか」",
		"ENG_STRING": "“I-Is that so?”"
	},
	{
		"TYPE": "ZM",
		"ID": 356683,
		"NAME": "満琉",
		"ENG_NAME": "Michiru",
		"STRING": "「……ん？」",
		"ENG_STRING": "“...Hmm?”"
	},
	{
		"TYPE": "ZM",
		"ID": 356684,
		"NAME": "憂緒",
		"ENG_NAME": "Ushio",
		"STRING": "「外から走る音が……」",
		"ENG_STRING": "“There's someone running outside...”"
	},
	{
		"TYPE": "ZM",
		"ID": 356685,
		"NAME": "小太郎",
		"ENG_NAME": "Kotaro",
		"STRING": "「外で何かあったんですかね」",
		"ENG_STRING": "“Is there something going on?”"
	},
	{
		"TYPE": "ZM",
		"ID": 356686,
		"NAME": "憂緒",
		"ENG_NAME": "Ushio",
		"STRING": "「そうだとしたら、すぐにこちらに連絡がきそうなものですよ」",
		"ENG_STRING": "“If there were, we would've already been notified.”"
	},
	{
		"TYPE": "ZM",
		"ID": 356687,
		"NAME": "満琉",
		"ENG_NAME": "Michiru",
		"STRING": "「いや、待て。この足音近付いてないか？」",
		"ENG_STRING": "“Hey, wait. Don't those footsteps sound like they're getting closer?”"
	},
	{
		"TYPE": "ZM",
		"ID": 356688,
		"NAME": "小太郎",
		"ENG_NAME": "Kotaro",
		"STRING": "「え？」",
		"ENG_STRING": "“Huh?”"
	},
	{
		"TYPE": "ZM",
		"ID": 356689,
		"NAME": "眠子",
		"ENG_NAME": "Neko",
		"STRING": "「こ、こんにちは！！！」",
		"ENG_STRING": "“H-Hello!!!”"
	},
	{
		"TYPE": "ZM",
		"ID": 356690,
		"NAME": "満琉",
		"ENG_NAME": "Michiru",
		"STRING": "「……風呂屋」",
		"ENG_STRING": "“...Furoya.”"
	},
	{
		"TYPE": "ZM",
		"ID": 356691,
		"NAME": "小太郎",
		"ENG_NAME": "Kotaro",
		"STRING": "「あ、風呂屋町さん」",
		"ENG_STRING": "“Ah, Furoyamachi-san.”"
	},
	{
		"TYPE": "ZM",
		"ID": 356692,
		"STRING": "近付いた足音と共に勢いよく扉が開いた。",
		"ENG_STRING": "The door bursts open."
	},
	{
		"TYPE": "ZM",
		"ID": 356693,
		"STRING": "そして、部屋の中に風呂屋が飛び込んで来る。",
		"ENG_STRING": "Furoya flies in through it."
	},
	{
		"TYPE": "ZM",
		"ID": 356694,
		"NAME": "憂緒",
		"ENG_NAME": "Ushio",
		"STRING": "「はい、こんにちは。大変申し訳ないのですが、扉は静かに開けて頂けますか？」@n",
		"ENG_STRING": "“Hello. Could you please try to open the door more quietly next time?”@n"
	},
	{
		"TYPE": "ZM",
		"ID": 356695,
		"NAME": "眠子",
		"ENG_NAME": "Neko",
		"STRING": "「あ！　す、すいませんでした……」",
		"ENG_STRING": "“Ah! S-Sorry about that...”"
	},
	{
		"TYPE": "ZM",
		"ID": 356696,
		"NAME": "憂緒",
		"ENG_NAME": "Ushio",
		"STRING": "「今後は気をつけるようにしてください」",
		"ENG_STRING": "“Please keep that in mind from now on.”"
	},
	{
		"TYPE": "ZM",
		"ID": 356697,
		"NAME": "眠子",
		"ENG_NAME": "Neko",
		"STRING": "「は、はい」",
		"ENG_STRING": "“Y-Yes.”"
	},
	{
		"TYPE": "ZM",
		"ID": 356698,
		"NAME": "小太郎",
		"ENG_NAME": "Kotaro",
		"STRING": "「風呂屋町さん、昨日は大変だったね」",
		"ENG_STRING": "“Furoyamachi-san, yesterday must've been a tough day for you.”"
	},
	{
		"TYPE": "ZM",
		"ID": 356699,
		"NAME": "眠子",
		"ENG_NAME": "Neko",
		"STRING": "「い、いえ、あの平気です！」",
		"ENG_STRING": "“N-Not at all! I was totally fine with it!”"
	},
	{
		"TYPE": "ZM",
		"ID": 356700,
		"NAME": "眠子",
		"ENG_NAME": "Neko",
		"STRING": "（だ、だって久我くんとずーっと一緒だったし……えへへ）",
		"ENG_STRING": "(A-After all, I got to be with Koga-kun the entire time... Ehehe.)"
	},
	{
		"TYPE": "ZM",
		"ID": 356701,
		"NAME": "小太郎",
		"ENG_NAME": "Kotaro",
		"STRING": "「具合とか悪くない？」",
		"ENG_STRING": "“How are you feeling?”"
	},
	{
		"TYPE": "ZM",
		"ID": 356702,
		"NAME": "眠子",
		"ENG_NAME": "Neko",
		"STRING": "「大丈夫です！　皆さんにもご心配をおかけしました！」@n",
		"ENG_STRING": "“Perfect! Sorry for causing you all to worry!”@n"
	},
	{
		"TYPE": "ZM",
		"ID": 356865,
		"NAME": "憂緒",
		"ENG_NAME": "Ushio",
		"STRING": "「こちらはお気遣いなく。それより、あなたが無事で何よりです」",
		"ENG_STRING": "“There's no need to be concerned about that. The most important thing is that you're safe.”"
	},
	{
		"TYPE": "ZM",
		"ID": 356866,
		"NAME": "眠子",
		"ENG_NAME": "Neko",
		"STRING": "「はい。あの、本当にありがとうございました」@n",
		"ENG_STRING": "“Umm, thank you all so much.”@n"
	},
	{
		"TYPE": "ZM",
		"ID": 357121,
		"STRING": "やって来た風呂屋はモー子とおまるにぺこりと頭を下げていた。",
		"ENG_STRING": "She gives Mooko and Omaru a bow."
	},
	{
		"TYPE": "ZM",
		"ID": 357122,
		"STRING": "昨日の礼を言いに来たんだろうか。",
		"ENG_STRING": "It looks like she's here to thank them today."
	},
	{
		"TYPE": "ZM",
		"ID": 357123,
		"STRING": "……などとぼんやり考えていると、風呂屋は顔を上げて俺を見つめた。",
		"ENG_STRING": "...As that thought crosses my mind, Furoya raises her head and stares at me."
	},
	{
		"TYPE": "ZM",
		"ID": 357124,
		"STRING": "そして、勢いよくこちらに近付いて来る。",
		"ENG_STRING": "She then briskly walks up to me."
	},
	{
		"TYPE": "ZM",
		"ID": 357125,
		"NAME": "眠子",
		"ENG_NAME": "Neko",
		"STRING": "「こ、久我くん！！」",
		"ENG_STRING": "“K-Koga-kun!!”"
	},
	{
		"TYPE": "ZM",
		"ID": 357126,
		"NAME": "満琉",
		"ENG_NAME": "Michiru",
		"STRING": "「お、おう？　な、なんだ」",
		"ENG_STRING": "“H-Huh? Wh-What is it?”"
	},
	{
		"TYPE": "ZM",
		"ID": 357127,
		"NAME": "眠子",
		"ENG_NAME": "Neko",
		"STRING": "「わたし、落ち着いて考えました！！」",
		"ENG_STRING": "“I calmed down and thought it over!!”"
	},
	{
		"TYPE": "ZM",
		"ID": 357128,
		"NAME": "満琉",
		"ENG_NAME": "Michiru",
		"STRING": "「は？　一日しか経ってねーよ！」",
		"ENG_STRING": "“What? It's only been a day!”"
	},
	{
		"TYPE": "ZM",
		"ID": 357129,
		"STRING": "なんのことかと思ったら昨日の話か！",
		"ENG_STRING": "She's here to finish yesterday's conversation!"
	},
	{
		"TYPE": "ZM",
		"ID": 357130,
		"STRING": "っつーか、まだ昨日の今日だ！",
		"ENG_STRING": "It's barely been a day!"
	},
	{
		"TYPE": "ZM",
		"ID": 357131,
		"NAME": "眠子",
		"ENG_NAME": "Neko",
		"STRING": "「えー。それじゃあ、何日経ったら満足なんですかっ！」",
		"ENG_STRING": "“What? How many days should I wait then!?”"
	},
	{
		"TYPE": "ZM",
		"ID": 357132,
		"NAME": "満琉",
		"ENG_NAME": "Michiru",
		"STRING": "「いや、そういう問題じゃなくてな……」",
		"ENG_STRING": "“That's not the problem here...”"
	},
	{
		"TYPE": "ZM",
		"ID": 357133,
		"NAME": "眠子",
		"ENG_NAME": "Neko",
		"STRING": "「本当にちゃんと落ち着いて考えたんですよ」",
		"ENG_STRING": "“I really did settle down to think about it.”"
	},
	{
		"TYPE": "ZM",
		"ID": 357134,
		"NAME": "眠子",
		"ENG_NAME": "Neko",
		"STRING": "（だって、授業中も部屋に帰ってもずっとずーっと、頭の中が久我くんでいっぱいで……！）",
		"ENG_STRING": "(The only thing I could think about, whether at school or at the dorms, was Koga-kun...!)"
	},
	{
		"TYPE": "ZM",
		"ID": 357135,
		"NAME": "眠子",
		"ENG_NAME": "Neko",
		"STRING": "（ああああ……今、その久我くんが目の前にいる……！）",
		"ENG_STRING": "(Ahhh... And right now, he's here in front of me, in the flesh...!)"
	},
	{
		"TYPE": "ZM",
		"ID": 357136,
		"NAME": "満琉",
		"ENG_NAME": "Michiru",
		"STRING": "「全然落ち着いて見えねえ」",
		"ENG_STRING": "“You don't seem calm at all.”"
	},
	{
		"TYPE": "ZM",
		"ID": 357137,
		"NAME": "眠子",
		"ENG_NAME": "Neko",
		"STRING": "「落ち着きました！」",
		"ENG_STRING": "“I'm calm now!”"
	},
	{
		"TYPE": "ZM",
		"ID": 357138,
		"NAME": "満琉",
		"ENG_NAME": "Michiru",
		"STRING": "「……あのな」",
		"ENG_STRING": "“You know...”"
	},
	{
		"TYPE": "ZM",
		"ID": 357139,
		"STRING": "ダメだ。",
		"ENG_STRING": "This isn't working."
	},
	{
		"TYPE": "ZM",
		"ID": 357140,
		"STRING": "根本的に話が通じていないとしか思えないし、ちっとも落ち着いてる気がしない。",
		"ENG_STRING": "Everything I'm saying is going in one ear and out the other, and she doesn't seem in the least bit calm."
	},
	{
		"TYPE": "ZM",
		"ID": 357141,
		"STRING": "しかも、俺と自分の状況をわかってる気がしない。",
		"ENG_STRING": "She also doesn't seem to realize that we live in separate worlds."
	},
	{
		"TYPE": "ZM",
		"ID": 357142,
		"STRING": "別に嬉しい気持ちがないわけじゃないが……本当にそれでいいのか風呂屋は？",
		"ENG_STRING": "It's not that I'm not happy about her feelings, but... would she really be okay with that?"
	},
	{
		"TYPE": "ZM",
		"ID": 357143,
		"NAME": "小太郎",
		"ENG_NAME": "Kotaro",
		"STRING": "「あのぉ……」",
		"ENG_STRING": "“Umm...”"
	},
	{
		"TYPE": "ZM",
		"ID": 357144,
		"NAME": "満琉",
		"ENG_NAME": "Michiru",
		"STRING": "「ん？」",
		"ENG_STRING": "“Hmm?”"
	},
	{
		"TYPE": "ZM",
		"ID": 357145,
		"NAME": "小太郎",
		"ENG_NAME": "Kotaro",
		"STRING": "「なんの話？」",
		"ENG_STRING": "“What are you two talking about?”"
	},
	{
		"TYPE": "ZM",
		"ID": 357146,
		"NAME": "眠子",
		"ENG_NAME": "Neko",
		"STRING": "「あ！　えっと、えっとぉ、あの、それはぁ……」",
		"ENG_STRING": "“Ah! Well, umm, that's...”"
	},
	{
		"TYPE": "ZM",
		"ID": 357147,
		"NAME": "眠子",
		"ENG_NAME": "Neko",
		"STRING": "（わたしと久我くんの未来の話なんですぅ！　って言いたいなあ〜）@n",
		"ENG_STRING": "(I want to say that it's about our future‾)@n"
	},
	{
		"TYPE": "ZM",
		"ID": 357148,
		"NAME": "眠子",
		"ENG_NAME": "Neko",
		"STRING": "（はっ……未来の話だって！　きゃー！！　ちょっとドキドキする！！）@n",
		"ENG_STRING": "(Ah... We're talking about our future! Kyaa!! That made my heart skip a beat!!)@n"
	},
	{
		"TYPE": "ZM",
		"ID": 357149,
		"NAME": "憂緒",
		"ENG_NAME": "Ushio",
		"STRING": "「……はあ」",
		"ENG_STRING": "“...Haa.”"
	},
	{
		"TYPE": "ZM",
		"ID": 357150,
		"STRING": "ヤバイ。",
		"ENG_STRING": "Things aren't looking good."
	},
	{
		"TYPE": "ZM",
		"ID": 357151,
		"STRING": "昨日のことは具体的に説明してないから、おまるが不思議がってる。",
		"ENG_STRING": "I hadn't explained everything to Omaru so he's curious."
	},
	{
		"TYPE": "ZM",
		"ID": 357152,
		"STRING": "でも、あんなもんどう説明すればいいんだよ。",
		"ENG_STRING": "But how am I supposed to explain this to him?"
	},
	{
		"TYPE": "ZM",
		"ID": 357153,
		"STRING": "おまけにモー子のやつなんか、あからさまに迷惑だって顔してこっち見てるし。",
		"ENG_STRING": "To make things worse, Mooko is clearly annoyed."
	},
	{
		"TYPE": "ZM",
		"ID": 357154,
		"NAME": "憂緒",
		"ENG_NAME": "Ushio",
		"STRING": "「できれば、私は静かに紅茶を飲みたいのですが」",
		"ENG_STRING": "“If at all possible, I would like to drink my tea in peace.”"
	},
	{
		"TYPE": "ZM",
		"ID": 357155,
		"NAME": "満琉",
		"ENG_NAME": "Michiru",
		"STRING": "「う、うう。すまん」",
		"ENG_STRING": "“U-Uu, sorry.”"
	},
	{
		"TYPE": "ZM",
		"ID": 357156,
		"NAME": "眠子",
		"ENG_NAME": "Neko",
		"STRING": "「はうう…ごめんなさい」",
		"ENG_STRING": "“Hauu... Sorry.”"
	},
	{
		"TYPE": "ZM",
		"ID": 357157,
		"NAME": "小太郎",
		"ENG_NAME": "Kotaro",
		"STRING": "「ま、まあまあ、憂緒さん」",
		"ENG_STRING": "“N-Now, now, Ushio-san.”"
	},
	{
		"TYPE": "ZM",
		"ID": 357158,
		"NAME": "憂緒",
		"ENG_NAME": "Ushio",
		"STRING": "「はあ……」",
		"ENG_STRING": "“Okay...”"
	},
	{
		"TYPE": "ZM",
		"ID": 357159,
		"NAME": "満琉",
		"ENG_NAME": "Michiru",
		"STRING": "「えっと、あの、風呂屋」",
		"ENG_STRING": "“Hey, Furoya.”"
	},
	{
		"TYPE": "ZM",
		"ID": 357160,
		"NAME": "眠子",
		"ENG_NAME": "Neko",
		"STRING": "「は、はい？　なんでしょうか！」",
		"ENG_STRING": "“Y-Yes? What is it!?”"
	},
	{
		"TYPE": "ZM",
		"ID": 357161,
		"NAME": "満琉",
		"ENG_NAME": "Michiru",
		"STRING": "「ちょっとこっち来い！」",
		"ENG_STRING": "“Come with me for a second!”"
	},
	{
		"TYPE": "ZM",
		"ID": 357162,
		"NAME": "眠子",
		"ENG_NAME": "Neko",
		"STRING": "「え？　あ、あの！」",
		"ENG_STRING": "“Huh? Wh-What!?”"
	},
	{
		"TYPE": "ZM",
		"ID": 357163,
		"STRING": "なんだか、いたたまれない気持ちになって風呂屋の腕を掴んで歩き出した。",
		"ENG_STRING": "Unable to endure being here for any longer, I grab her arm and walk out."
	},
	{
		"TYPE": "ZM",
		"ID": 357164,
		"STRING": "もう、この場所にいない方がいい。",
		"ENG_STRING": "We should probably go someplace else."
	},
	{
		"TYPE": "ZM",
		"ID": 357165,
		"NAME": "眠子",
		"ENG_NAME": "Neko",
		"STRING": "（きゃー！　久我くんに腕を掴まれてるー！！！）",
		"ENG_STRING": "(Kyaa! Koga-kun's holding my arm!!!)"
	},
	{
		"TYPE": "ZM",
		"ID": 357166,
		"NAME": "眠子",
		"ENG_NAME": "Neko",
		"STRING": "（あ、あ！　でも、できれば手を繋ぎたかったかも……）",
		"ENG_STRING": "“A-Ah! But I wish he'd hold my hand instead...)"
	},
	{
		"TYPE": "ZM",
		"ID": 357167,
		"NAME": "眠子",
		"ENG_NAME": "Neko",
		"STRING": "（指を絡めて恋人繋ぎみたいな……恋人！　きゃー！　そんなの無理むりー！！）@n",
		"ENG_STRING": "(Our fingers entwined like lovers... Lovers! Kyaa! That'd never happen!!)@n"
	},
	{
		"TYPE": "ZM",
		"ID": 357168,
		"NAME": "満琉",
		"ENG_NAME": "Michiru",
		"STRING": "「ほら、行くぞ！！」",
		"ENG_STRING": "“Come on, let's go!!”"
	},
	{
		"TYPE": "ZM",
		"ID": 357169,
		"NAME": "眠子",
		"ENG_NAME": "Neko",
		"STRING": "「は、はい！　はい！！！」",
		"ENG_STRING": "“O-Okay! Okay!!!”"
	},
	{
		"TYPE": "ZM",
		"ID": 357170,
		"NAME": "満琉",
		"ENG_NAME": "Michiru",
		"STRING": "「……はあ」",
		"ENG_STRING": "“...Haa.”"
	},
	{
		"TYPE": "ZM",
		"ID": 357171,
		"NAME": "眠子",
		"ENG_NAME": "Neko",
		"STRING": "「は、はわわ……」",
		"ENG_STRING": "“H-Hawawa...”"
	},
	{
		"TYPE": "ZM",
		"ID": 357172,
		"STRING": "とりあえず風呂屋を連れて外に出たが……。",
		"ENG_STRING": "I've brought her outside of the office now, but..."
	},
	{
		"TYPE": "ZM",
		"ID": 357173,
		"STRING": "どうするべきなんだろう。",
		"ENG_STRING": "What do I do now?"
	},
	{
		"TYPE": "ZM",
		"ID": 357174,
		"NAME": "眠子",
		"ENG_NAME": "Neko",
		"STRING": "（ど、どうしよう！　また二人っきり！）",
		"ENG_STRING": "(Wh-What should I do!? We're alone again!)"
	},
	{
		"TYPE": "ZM",
		"ID": 357175,
		"NAME": "満琉",
		"ENG_NAME": "Michiru",
		"STRING": "「…………」",
		"ENG_STRING": "“......”"
	},
	{
		"TYPE": "ZM",
		"ID": 357176,
		"NAME": "眠子",
		"ENG_NAME": "Neko",
		"STRING": "（な、何か話した方がいいのかな？　でも久我くん黙ってるし。あ……黙ってる顔もかっこいい……）@n",
		"ENG_STRING": "(Sh-Should I talk about something? Koga-kun isn't saying anything though. Ah... His face when he's quiet is so dreamy...)@n"
	},
	{
		"TYPE": "ZM",
		"ID": 357177,
		"NAME": "眠子",
		"ENG_NAME": "Neko",
		"STRING": "（こんな顔で、久我くんに何か言われちゃったらどうしよう！！）",
		"ENG_STRING": "(What'll I do if he talks to me with that expression!?)"
	},
	{
		"TYPE": "ZM",
		"ID": 357178,
		"STRING": "昨日、風呂屋に言われたことを考えなかったわけじゃない。",
		"ENG_STRING": "I did spend some time yesterday thinking about what Furoya said to me."
	},
	{
		"TYPE": "ZM",
		"ID": 357179,
		"STRING": "ゆっくり考えて気付いたのは、俺は風呂屋を嫌いじゃないってことだ。",
		"ENG_STRING": "After much thought, I came to the conclusion that I don't hate her."
	},
	{
		"TYPE": "ZM",
		"ID": 357180,
		"STRING": "それに、多分それなりに好意も持っている。",
		"ENG_STRING": "Actually, I'd have to say that I kind of like her."
	},
	{
		"TYPE": "ZM",
		"ID": 357181,
		"NAME": "満琉",
		"ENG_NAME": "Michiru",
		"STRING": "「……」",
		"ENG_STRING": "“......”"
	},
	{
		"TYPE": "ZM",
		"ID": 357182,
		"NAME": "眠子",
		"ENG_NAME": "Neko",
		"STRING": "「久我くん……？」",
		"ENG_STRING": "“Koga-kun...?”"
	},
	{
		"TYPE": "ZM",
		"ID": 357183,
		"NAME": "眠子",
		"ENG_NAME": "Neko",
		"STRING": "（何か考えてるみたい…どうしたのかな。もしかして、この前の返事……！？）@n",
		"ENG_STRING": "(He looks like he's deep in thought... What's he thinking about? Maybe he's going to give me an answer...!?)@n"
	},
	{
		"TYPE": "ZM",
		"ID": 357184,
		"NAME": "眠子",
		"ENG_NAME": "Neko",
		"STRING": "（あ、あ！　か、彼女にしてくれるって言われたらわたし！！！　まだ心の準備できてないよ！　どうしよう！！）@n",
		"ENG_STRING": "(A-Ah! H-He might even ask me to be his girlfriend!!! I'm not mentally prepared yet! What should I do!?)@n"
	},
	{
		"TYPE": "ZM",
		"ID": 357185,
		"STRING": "あの時、あの場所で風呂屋に膝枕をしてもらってすごく心が休まった。",
		"ENG_STRING": "When Furoya lent me her lap to use as a pillow that time, it was really soothing."
	},
	{
		"TYPE": "ZM",
		"ID": 357186,
		"STRING": "精神的に弱ってたってことを差し引いても、あの時はずっとこうしていたいと思えた。",
		"ENG_STRING": "Even after taking into account the fact that I had a nervous breakdown, I thought that I wanted to stay that way forever."
	},
	{
		"TYPE": "ZM",
		"ID": 357187,
		"STRING": "でも、だからと言って風呂屋の言葉にハイハイって答えるもんでもないだろ。",
		"ENG_STRING": "But what Furoya said isn't something that I can simply answer “Yes” to right away."
	},
	{
		"TYPE": "ZM",
		"ID": 357188,
		"STRING": "それに、お互いに違う世界の人間だってこともある……。",
		"ENG_STRING": "And there's also the part about how we live in two different worlds..."
	},
	{
		"TYPE": "ZM",
		"ID": 357189,
		"NAME": "満琉",
		"ENG_NAME": "Michiru",
		"STRING": "「あのな、風呂屋」",
		"ENG_STRING": "“Furoya.”"
	},
	{
		"TYPE": "ZM",
		"ID": 357190,
		"NAME": "眠子",
		"ENG_NAME": "Neko",
		"STRING": "「はい！　はい！！」",
		"ENG_STRING": "“Yes! What is it!?”"
	},
	{
		"TYPE": "ZM",
		"ID": 357191,
		"NAME": "満琉",
		"ENG_NAME": "Michiru",
		"STRING": "「いや、あの」",
		"ENG_STRING": "“Well, uhh...”"
	},
	{
		"TYPE": "ZM",
		"ID": 357192,
		"NAME": "眠子",
		"ENG_NAME": "Neko",
		"STRING": "「な、なんでしょうか！　あ、あの、こ、心の準備はまだですが受け止めます！」@n",
		"ENG_STRING": "“Wh-What is it? I-I'm not mentally prepared yet, but I'll take anything you've got!”@n"
	},
	{
		"TYPE": "ZM",
		"ID": 357193,
		"NAME": "満琉",
		"ENG_NAME": "Michiru",
		"STRING": "「……何をだよ」",
		"ENG_STRING": "“...Take what?”"
	},
	{
		"TYPE": "ZM",
		"ID": 357194,
		"NAME": "眠子",
		"ENG_NAME": "Neko",
		"STRING": "「色々です！　ドーンと来てください！」@n",
		"ENG_STRING": "“Anything! Come at me!”@n"
	},
	{
		"TYPE": "ZM",
		"ID": 357377,
		"NAME": "満琉",
		"ENG_NAME": "Michiru",
		"STRING": "「ああ、そう……いや、そうじゃなくて」",
		"ENG_STRING": "“Is that so... No, you've got the wrong idea.”"
	},
	{
		"TYPE": "ZM",
		"ID": 357378,
		"NAME": "眠子",
		"ENG_NAME": "Neko",
		"STRING": "「はい！」",
		"ENG_STRING": "“Okay!”"
	},
	{
		"TYPE": "ZM",
		"ID": 357379,
		"STRING": "風呂屋はきらきらした目をしながら俺を見ている。",
		"ENG_STRING": "Her eyes are sparkling as she gazes at me."
	},
	{
		"TYPE": "ZM",
		"ID": 357380,
		"STRING": "そんな目を見たら、答えを待ち望んでいるってことが嫌でもわかる。",
		"ENG_STRING": "It's plain as day that she's expecting an answer to her confession."
	},
	{
		"TYPE": "ZM",
		"ID": 357381,
		"STRING": "だからやっぱり、簡単に答えていい問題じゃない。",
		"ENG_STRING": "But like I said, it's not something that I can do so easily."
	},
	{
		"TYPE": "ZM",
		"ID": 357382,
		"NAME": "満琉",
		"ENG_NAME": "Michiru",
		"STRING": "「お前の言いたいことはよくわかった」",
		"ENG_STRING": "“I know what you want to say.”"
	},
	{
		"TYPE": "ZM",
		"ID": 357383,
		"NAME": "眠子",
		"ENG_NAME": "Neko",
		"STRING": "「え……」",
		"ENG_STRING": "“Huh...”"
	},
	{
		"TYPE": "ZM",
		"ID": 357384,
		"NAME": "眠子",
		"ENG_NAME": "Neko",
		"STRING": "（わたしの言いたいことって、つ、つまり、す…好きってことだよね！？）@n",
		"ENG_STRING": "(What I want to say? D-Does he mean... he knows that I love him!?)@n"
	},
	{
		"TYPE": "ZM",
		"ID": 357385,
		"NAME": "眠子",
		"ENG_NAME": "Neko",
		"STRING": "（う、嬉しい！　気持ちはちゃんと伝わってるんだ）",
		"ENG_STRING": "(I-I'm so happy! I managed to properly convey my feelings.)"
	},
	{
		"TYPE": "ZM",
		"ID": 357386,
		"NAME": "満琉",
		"ENG_NAME": "Michiru",
		"STRING": "「でも、少し考える時間が欲しい」",
		"ENG_STRING": "“Could you give me a bit of time to think about it?”"
	},
	{
		"TYPE": "ZM",
		"ID": 357387,
		"NAME": "眠子",
		"ENG_NAME": "Neko",
		"STRING": "「考える時間ですか……」",
		"ENG_STRING": "“A bit of time, huh...?”"
	},
	{
		"TYPE": "ZM",
		"ID": 357388,
		"NAME": "満琉",
		"ENG_NAME": "Michiru",
		"STRING": "「ああ、そうだ」",
		"ENG_STRING": "“Yeah, that's right.”"
	},
	{
		"TYPE": "ZM",
		"ID": 357389,
		"NAME": "眠子",
		"ENG_NAME": "Neko",
		"STRING": "（それって、すぐに断るってことじゃないんだよね。つまり、わたしを嫌いじゃないってことかな……）",
		"ENG_STRING": "(So it's not going to be an instant rejection. Which means that he doesn't hate me...)"
	},
	{
		"TYPE": "ZM",
		"ID": 357390,
		"NAME": "満琉",
		"ENG_NAME": "Michiru",
		"STRING": "「だから、もう少し待って欲しい」",
		"ENG_STRING": "“So just wait a little longer.”"
	},
	{
		"TYPE": "ZM",
		"ID": 357391,
		"NAME": "眠子",
		"ENG_NAME": "Neko",
		"STRING": "（じゃあ、嫌いじゃないってことは…ちょっとでも脈があるってこと！？！？？）@n",
		"ENG_STRING": "(If he doesn't hate me, then... there's still a glimmer of hope!?)@n"
	},
	{
		"TYPE": "ZM",
		"ID": 357392,
		"NAME": "眠子",
		"ENG_NAME": "Neko",
		"STRING": "「…………」",
		"ENG_STRING": "“......”"
	},
	{
		"TYPE": "ZM",
		"ID": 357393,
		"NAME": "満琉",
		"ENG_NAME": "Michiru",
		"STRING": "「悪い、すぐに答えられなくて」",
		"ENG_STRING": "“I feel bad for making you wait.”"
	},
	{
		"TYPE": "ZM",
		"ID": 357394,
		"NAME": "眠子",
		"ENG_NAME": "Neko",
		"STRING": "「ま、待ちます！　わたし、待ちますから！」",
		"ENG_STRING": "“D-Don't be! I'll wait for as long as it takes!”"
	},
	{
		"TYPE": "ZM",
		"ID": 357395,
		"NAME": "満琉",
		"ENG_NAME": "Michiru",
		"STRING": "「ああ」",
		"ENG_STRING": "“Yeah.”"
	},
	{
		"TYPE": "ZM",
		"ID": 357396,
		"NAME": "眠子",
		"ENG_NAME": "Neko",
		"STRING": "（だったら、わたしを好きになってもらえるようにがんばる！）",
		"ENG_STRING": "(In that case, I'll do my best to make him fall in love with me!)"
	},
	{
		"TYPE": "ZM",
		"ID": 357397,
		"NAME": "眠子",
		"ENG_NAME": "Neko",
		"STRING": "（絶対に、久我くんを攻略してみせるから！）",
		"ENG_STRING": "(I'll definitely conquer Koga-kun!)"
	},
	{
		"TYPE": "ZM",
		"ID": 357398,
		"STRING": "風呂屋のやつ、なんか思いつめた顔してるが……大丈夫かな。",
		"ENG_STRING": "She looks like she's brooding over something... Is this going to be all right?"
	},
	{
		"TYPE": "ZM",
		"ID": 357399,
		"STRING": "もっと、はっきり答えた方が良かったんだろうか。",
		"ENG_STRING": "Maybe I should've given a more definite answer."
	},
	{
		"TYPE": "ZM",
		"ID": 357400,
		"STRING": "でも、今みたいな曖昧な気持ちのままで答えるなんて風呂屋にも悪い気がする。",
		"ENG_STRING": "I wouldn't feel right with answering her when I'm not sure of my own feelings, though."
	},
	{
		"TYPE": "ZM",
		"ID": 357401,
		"STRING": "やっぱり……ちゃんと考える時間を作った方がいいな。",
		"ENG_STRING": "I guess... I should invest more time into thinking about this."
	}
]