[
	{
		"TYPE": "ZM",
		"ID": 333058,
		"NAME": "真弥",
		"ENG_NAME": "Maya",
		"STRING": "「お腹減ったー！」",
		"ENG_STRING": "“I'm starving!”"
	},
	{
		"TYPE": "ZM",
		"ID": 333059,
		"NAME": "そあら",
		"ENG_NAME": "Soara",
		"STRING": "「あははっ、もうまーやちゃんてばー」",
		"ENG_STRING": "“Ahaha, oh Maya-chan.”"
	},
	{
		"TYPE": "ZM",
		"ID": 333060,
		"STRING": "昼休みのチャイムが鳴ると同時に、黒谷真弥が両手を高らかに挙げながら叫ぶ。",
		"ENG_STRING": "Once the lunch bell rings, Kurodani Maya raises both her hands and yells."
	},
	{
		"TYPE": "ZM",
		"ID": 333061,
		"STRING": "それを見て笑いながら他のクラスメイト達もわらわらと席を立ち、仲の良い者同士集まって教室を出て行った。",
		"ENG_STRING": "Seeing her and laughing, our other classmates leave their seats and exit the classroom in their own little groups."
	},
	{
		"TYPE": "ZM",
		"ID": 333062,
		"NAME": "満琉",
		"ENG_NAME": "Michiru",
		"STRING": "（平和だなあ……）",
		"ENG_STRING": "(It's so peaceful...)"
	},
	{
		"TYPE": "ZM",
		"ID": 333063,
		"STRING": "明らかに何かが起きているのに、無駄に平穏な日々が続くというのは思いの外ストレスがたまるらしい。",
		"ENG_STRING": "There is very clearly something going on at this school, so the passing of these uneventful days is surprisingly stressful."
	},
	{
		"TYPE": "ZM",
		"ID": 333064,
		"STRING": "知りたくもない事実を体感させられる日々である。",
		"ENG_STRING": "I'm being forced to experience a truth I didn't want to know about."
	},
	{
		"TYPE": "ZM",
		"ID": 333065,
		"NAME": "真弥",
		"ENG_NAME": "Maya",
		"STRING": "「なーにー？　久我ってばテンション低くない？　どしたの？」",
		"ENG_STRING": "“What's wrong, Koga-kun? You seem pretty out of it.”"
	},
	{
		"TYPE": "ZM",
		"ID": 333066,
		"STRING": "嬉しい飯時にふさわしくない顔つきをしてしまっていたらしい。",
		"ENG_STRING": "She must be thinking that I'm making an otherwise delightful lunch break gloomy."
	},
	{
		"TYPE": "ZM",
		"ID": 333067,
		"STRING": "目ざとく黒谷に見つけられ、俺は慌てて平静を装った。",
		"ENG_STRING": "I rush to fix my composure."
	},
	{
		"TYPE": "ZM",
		"ID": 333068,
		"NAME": "満琉",
		"ENG_NAME": "Michiru",
		"STRING": "「ん？　いや、別に……」",
		"ENG_STRING": "“Hmm? Oh, it's nothing...”"
	},
	{
		"TYPE": "ZM",
		"ID": 333069,
		"STRING": "誤魔化そうとした俺の言葉を聞かずに、黒谷は更に疑問をぶつけてくる。",
		"ENG_STRING": "Ignoring my dodge, she continues questioning me."
	},
	{
		"TYPE": "ZM",
		"ID": 333070,
		"NAME": "真弥",
		"ENG_NAME": "Maya",
		"STRING": "「もしかしてさあ、やっぱり何かあったの？」@n",
		"ENG_STRING": "“Don't tell me something happened.”@n"
	},
	{
		"TYPE": "ZM",
		"ID": 333071,
		"NAME": "満琉",
		"ENG_NAME": "Michiru",
		"STRING": "「やっぱり？」",
		"ENG_STRING": "“Why do you say that?”"
	},
	{
		"TYPE": "ZM",
		"ID": 333072,
		"STRING": "内心どきっとしたが、なんとか顔には出さず聞き返す。",
		"ENG_STRING": "I'm somewhat shocked, but I manage to not show it on my face and answer with a question of my own."
	},
	{
		"TYPE": "ZM",
		"ID": 333073,
		"NAME": "真弥",
		"ENG_NAME": "Maya",
		"STRING": "「ここんとこ風紀の人達が、いつもより早く見回り始めてるような気がするんだけど？」",
		"ENG_STRING": "“The Disciplinary Committee guys have been starting their patrols earlier lately.”"
	},
	{
		"TYPE": "ZM",
		"ID": 333074,
		"STRING": "眼鏡の端をちょいと指先で持ち上げながら、黒谷は俺の顔をのぞき込む。",
		"ENG_STRING": "Adjusting her glasses with her fingertips, she peers into my face."
	},
	{
		"TYPE": "ZM",
		"ID": 333075,
		"STRING": "どうやら彼女は何が起きたか正確な情報まで掴んでいるわけではないようだが……。",
		"ENG_STRING": "She hasn't grasped exactly what's going on, but..."
	},
	{
		"TYPE": "ZM",
		"ID": 333076,
		"NAME": "満琉",
		"ENG_NAME": "Michiru",
		"STRING": "（さすが、何かありそうな気配には敏感だなあ……）",
		"ENG_STRING": "(She sure is sharp when it comes to these sorts of things...)"
	},
	{
		"TYPE": "ZM",
		"ID": 333077,
		"STRING": "しかし、今のところ何が起きたのかすら掴んでないだけに下手なことは言わない方がいいだろうな。",
		"ENG_STRING": "I have to be careful with what I say to her."
	},
	{
		"TYPE": "ZM",
		"ID": 333078,
		"NAME": "真弥",
		"ENG_NAME": "Maya",
		"STRING": "「ね？　なにかあったの？　幽霊？　おばけ？　妖怪？」",
		"ENG_STRING": "“Well? Is there something happening? Ghosts? Phantoms? Spirits?”"
	},
	{
		"TYPE": "ZM",
		"ID": 333079,
		"NAME": "そあら",
		"ENG_NAME": "Soara",
		"STRING": "「まーやちゃん、それ全部ほとんどかわんないよ……」@n",
		"ENG_STRING": "“Maya-chan, those are all pretty much the same thing...”@n"
	},
	{
		"TYPE": "ZM",
		"ID": 333080,
		"STRING": "あの白い奴に関しては、そのどれかが当たりである恐れがあるってのが嫌だな。",
		"ENG_STRING": "I'd hate for that guy in white to be one of those three."
	},
	{
		"TYPE": "ZM",
		"ID": 333081,
		"STRING": "もちろんそんなことは、ここでは言わないが。",
		"ENG_STRING": "Of course, that's not something I'm going to be saying to her."
	},
	{
		"TYPE": "ZM",
		"ID": 333082,
		"NAME": "満琉",
		"ENG_NAME": "Michiru",
		"STRING": "「妖怪とかいう話は聞かないな。けど風紀が早めに見回ってるなら、お前らも早めに帰った方が良いぞ」",
		"ENG_STRING": "“I haven't heard anything about ghosts, but if they're patrolling early, then you guys should go back to the dorms early, too.”"
	},
	{
		"TYPE": "ZM",
		"ID": 333083,
		"STRING": "興味本位で首を突っ込んで、巻き込まれでもしたらたまったもんじゃない。",
		"ENG_STRING": "I don't want her poking her nose in this out of idle curiosity."
	},
	{
		"TYPE": "ZM",
		"ID": 333084,
		"STRING": "さりげに帰寮を促すと、吉田の方は真剣そのものの眼差しで受け入れた。",
		"ENG_STRING": "As I casually suggest that they obediently follow orders, Yoshida takes my words to heart."
	},
	{
		"TYPE": "ZM",
		"ID": 333085,
		"NAME": "そあら",
		"ENG_NAME": "Soara",
		"STRING": "「そりゃもう、帰るよ！　すっごい帰る！　すぐ帰る！」",
		"ENG_STRING": "“Of course we will! We definitely will! We'll go back to the dorms ASAP!”"
	},
	{
		"TYPE": "ZM",
		"ID": 333086,
		"NAME": "真弥",
		"ENG_NAME": "Maya",
		"STRING": "「ちぇー。一回くらい見てみたいんだけどなあ」",
		"ENG_STRING": "“Aww. I want to see something like that at least once.”"
	},
	{
		"TYPE": "ZM",
		"ID": 333087,
		"NAME": "そあら",
		"ENG_NAME": "Soara",
		"STRING": "「見たくないよっ！？　わたし帰るもん〜！！」",
		"ENG_STRING": "“Well I don't! I'll be going back‾!!”"
	},
	{
		"TYPE": "ZM",
		"ID": 333088,
		"NAME": "満琉",
		"ENG_NAME": "Michiru",
		"STRING": "「是非そうしてくれ。で、急がないと学食混むぞ？」",
		"ENG_STRING": "“Please do so. By the way, if you don't get going, the cafeteria's going to be packed.”"
	},
	{
		"TYPE": "ZM",
		"ID": 333089,
		"STRING": "話を切り上げるべく思い出させてやると、思惑通り黒谷はすぐ乗ってくれた。",
		"ENG_STRING": "Trying to cut the conversation short, Kurodani takes the bait."
	},
	{
		"TYPE": "ZM",
		"ID": 333090,
		"NAME": "真弥",
		"ENG_NAME": "Maya",
		"STRING": "「あっ！　やばい、そあら急ぐよ！」@n",
		"ENG_STRING": "“Ah! You're right. Let's go, Soara!”@n"
	},
	{
		"TYPE": "ZM",
		"ID": 333091,
		"NAME": "そあら",
		"ENG_NAME": "Soara",
		"STRING": "「えええっ！？　待ってまーやちゃん〜！！」@n",
		"ENG_STRING": "“Whaat!? Wait up, Maya-chan‾!!”@n"
	},
	{
		"TYPE": "ZM",
		"ID": 333092,
		"STRING": "黒谷はあっという間に教室を駆け出して行き、吉田が悲鳴を上げる。",
		"ENG_STRING": "Kurodani dashes out of the classroom and Yoshida yells out."
	},
	{
		"TYPE": "ZM",
		"ID": 333093,
		"NAME": "そあら",
		"ENG_NAME": "Soara",
		"STRING": "「あっ、久我くんじゃあねー」@n",
		"ENG_STRING": "“Ah, see you later, Koga-kun.”@n"
	},
	{
		"TYPE": "ZM",
		"ID": 333094,
		"NAME": "満琉",
		"ENG_NAME": "Michiru",
		"STRING": "「おう」",
		"ENG_STRING": "“See you.”"
	},
	{
		"TYPE": "ZM",
		"ID": 333095,
		"STRING": "にぎやかな連中だ……。",
		"ENG_STRING": "What a lively bunch..."
	},
	{
		"TYPE": "ZM",
		"ID": 333096,
		"NAME": "小太郎",
		"ENG_NAME": "Kotaro",
		"STRING": "「……みっちー？」@n",
		"ENG_STRING": "“...Micchi?”@n"
	},
	{
		"TYPE": "ZM",
		"ID": 333097,
		"NAME": "満琉",
		"ENG_NAME": "Michiru",
		"STRING": "「おう、おまる」",
		"ENG_STRING": "“Hey, Omaru.”"
	},
	{
		"TYPE": "ZM",
		"ID": 333098,
		"STRING": "騒々しく教室を飛び出していった黒谷達を目で追いながら、おまるが俺の席までやってくる。",
		"ENG_STRING": "Omaru makes his way over to my seat as I watch the two girls fly out of the classroom."
	},
	{
		"TYPE": "ZM",
		"ID": 333099,
		"NAME": "小太郎",
		"ENG_NAME": "Kotaro",
		"STRING": "「何騒いでたの、黒谷さん？」",
		"ENG_STRING": "“What was Kurodani-san making such a fuss about?”"
	},
	{
		"TYPE": "ZM",
		"ID": 333100,
		"NAME": "満琉",
		"ENG_NAME": "Michiru",
		"STRING": "「いつも通りだよ。村雲の件は知らないみたいだ」",
		"ENG_STRING": "“The same as always. It looks like she doesn't know anything about what happened to Murakumo.”"
	},
	{
		"TYPE": "ZM",
		"ID": 333101,
		"NAME": "小太郎",
		"ENG_NAME": "Kotaro",
		"STRING": "「そっか。やっぱりまだ一般の生徒には伏せてるんだね」",
		"ENG_STRING": "“I see. So the news hasn't reached the regular students yet.”"
	},
	{
		"TYPE": "ZM",
		"ID": 333102,
		"NAME": "満琉",
		"ENG_NAME": "Michiru",
		"STRING": "「説明しようにも、何が起きたのかわからんからな。さて、俺たちも飯にしようぜ」",
		"ENG_STRING": "“Even if we tried to explain, we haven't got a clue about the cause. Anyway, we should go grab lunch, too.”"
	},
	{
		"TYPE": "ZM",
		"ID": 333103,
		"NAME": "満琉",
		"ENG_NAME": "Michiru",
		"STRING": "「食っておかないと、どうせ今日も放課後は学園中歩き回る羽目になるからな」",
		"ENG_STRING": "“We'll be walking around all day after school, so we'll need energy.”"
	},
	{
		"TYPE": "ZM",
		"ID": 333104,
		"NAME": "小太郎",
		"ENG_NAME": "Kotaro",
		"STRING": "「そうだね……」",
		"ENG_STRING": "“Yeah...”"
	},
	{
		"TYPE": "ZM",
		"ID": 333105,
		"STRING": "白い奴が現れないか、風紀委員と連携して一通り見回っているがあれ以来見つからないばかりか噂すら聞かない。",
		"ENG_STRING": "Perhaps it's because we've been patrolling the school along with the Disciplinary Committee, but the guy in white hasn't shown up since, and we haven't heard any more rumours about the ghost."
	},
	{
		"TYPE": "ZM",
		"ID": 333106,
		"NAME": "満琉",
		"ENG_NAME": "Michiru",
		"STRING": "（すっかり気配すら消しちまいやがったなあ……）",
		"ENG_STRING": "(It's really trying to erase all traces of itself...)"
	},
	{
		"TYPE": "ZM",
		"ID": 333107,
		"NAME": "校内放送",
		"ENG_NAME": "PA Announcement",
		"STRING": "『下校時刻になりました。全校生徒は速やかに校内から退出し、寮へ戻って下さい』",
		"ENG_STRING": "“Classes are now over for the day. All students, please leave the school and return to your dormitories immediately.”"
	},
	{
		"TYPE": "ZM",
		"ID": 333108,
		"STRING": "予定通り、学園中をさんざん歩き回って分室へと戻ってきた。",
		"ENG_STRING": "As expected, we ended up coming back to the Bureau after scouring the school."
	},
	{
		"TYPE": "ZM",
		"ID": 333109,
		"NAME": "満琉",
		"ENG_NAME": "Michiru",
		"STRING": "「ふぁ〜あ……今日も空振りか」",
		"ENG_STRING": "“Fwahh... No luck today either.“?"
	},
	{
		"TYPE": "ZM",
		"ID": 333110,
		"STRING": "どさりと椅子に腰を下ろし、欠伸しながら背筋を伸ばす。",
		"ENG_STRING": "Flopping down onto a chair, I stretch myself out as I yawn."
	},
	{
		"TYPE": "ZM",
		"ID": 333111,
		"STRING": "普段なら疲れを感じるような運動量では決してないのに、やたら疲れた気分になるのは結果がまったく出ていないからだろう。",
		"ENG_STRING": "I'd normally never feel exhausted after this amount of exercise, but it's probably because all of our efforts have been fruitless so far."
	},
	{
		"TYPE": "ZM",
		"ID": 333112,
		"NAME": "小太郎",
		"ENG_NAME": "Kotaro",
		"STRING": "「他に何も事件が起きてないのはいいんだけどね……」",
		"ENG_STRING": "“I sure hope no other incidents occur...”"
	},
	{
		"TYPE": "ZM",
		"ID": 333113,
		"NAME": "満琉",
		"ENG_NAME": "Michiru",
		"STRING": "「それだけが救いだな」",
		"ENG_STRING": "“It'd be a big help.”"
	},
	{
		"TYPE": "ZM",
		"ID": 333114,
		"STRING": "しかし、こう何事もないと緊張感を保つのも一苦労だ。",
		"ENG_STRING": "That being said, being stressed despite nothing happening is quite trying as well."
	},
	{
		"TYPE": "ZM",
		"ID": 333115,
		"NAME": "小太郎",
		"ENG_NAME": "Kotaro",
		"STRING": "「このまま、村雲先輩の一件がうやむやになっちゃうってことあると思う？」",
		"ENG_STRING": "“Do you think we'll ever find out what happened to Murakumo-senpai?”"
	},
	{
		"TYPE": "ZM",
		"ID": 333116,
		"NAME": "満琉",
		"ENG_NAME": "Michiru",
		"STRING": "「あり得なくはないが、気持ち悪いな」",
		"ENG_STRING": "“It's possible we won't, but it'd leave a bitter aftertaste in my mouth.”"
	},
	{
		"TYPE": "ZM",
		"ID": 333117,
		"STRING": "被害者が増えないという意味なら大歓迎だが、真相は闇の中なのはさすがに御免だ。",
		"ENG_STRING": "As much as I don't want any more victims, I'm dying to know the truth."
	},
	{
		"TYPE": "ZM",
		"ID": 333118,
		"NAME": "小太郎",
		"ENG_NAME": "Kotaro",
		"STRING": "「そうだよね、結局何が起きたのかわからないままなんて……」",
		"ENG_STRING": "“Yeah, not knowing what happened would be...”"
	},
	{
		"TYPE": "ZM",
		"ID": 333119,
		"NAME": "満琉",
		"ENG_NAME": "Michiru",
		"STRING": "「なんだかわからんが村雲が倒れました、で終わっちまったら洒落にならん」",
		"ENG_STRING": "“It'd be terrible if we had to end this inconclusively.”"
	},
	{
		"TYPE": "ZM",
		"ID": 333120,
		"NAME": "満琉",
		"ENG_NAME": "Michiru",
		"STRING": "「忘れた頃にひょっこり被害者が、なんてことになっても困るしな」",
		"ENG_STRING": "“It'd also be bad if another victim appeared once we let down our guard.”"
	},
	{
		"TYPE": "ZM",
		"ID": 333121,
		"NAME": "憂緒",
		"ENG_NAME": "Ushio",
		"STRING": "「…………………」",
		"ENG_STRING": "“......”"
	},
	{
		"TYPE": "ZM",
		"ID": 333122,
		"STRING": "あまり実のないことを話している俺たちの横で、モー子は難しい顔のまま黙り込んでいた。",
		"ENG_STRING": "Mooko is silent and has a complicated expression as she listens to our idle conversation from the side."
	},
	{
		"TYPE": "ZM",
		"ID": 333123,
		"NAME": "満琉",
		"ENG_NAME": "Michiru",
		"STRING": "「どうした、モー子？　何か気になることでもあるのか？」",
		"ENG_STRING": "“What's wrong, Mooko? Is there something that's caught your attention?”"
	},
	{
		"TYPE": "ZM",
		"ID": 333124,
		"NAME": "憂緒",
		"ENG_NAME": "Ushio",
		"STRING": "「いえ……犯人は――あれが事故ではなく犯人がいるとすればの話ですが……」",
		"ENG_STRING": "“No... The culprit――Assuming that it was not an accident and that there actually is a culprit...”"
	},
	{
		"TYPE": "ZM",
		"ID": 333125,
		"NAME": "憂緒",
		"ENG_NAME": "Ushio",
		"STRING": "「犯人が村雲くんを昏倒させた理由を考えていたんです。なんのためだったのか、と」",
		"ENG_STRING": "“What would have been his motive for making Murakumo-kun faint? Why did he do it?”"
	},
	{
		"TYPE": "ZM",
		"ID": 333126,
		"NAME": "満琉",
		"ENG_NAME": "Michiru",
		"STRING": "「理由？」",
		"ENG_STRING": "“Motive?”"
	},
	{
		"TYPE": "ZM",
		"ID": 333127,
		"NAME": "憂緒",
		"ENG_NAME": "Ushio",
		"STRING": "「結果としては、村雲くんは意識を失い、記憶が三日分消されていました」",
		"ENG_STRING": "“The end result was that Murakumo-kun became unconscious and lost three days' worth of memories.”"
	},
	{
		"TYPE": "ZM",
		"ID": 333128,
		"NAME": "憂緒",
		"ENG_NAME": "Ushio",
		"STRING": "「それは犯人にとって、やろうとしたことのすべてだったと思いますか？」",
		"ENG_STRING": "“Is that all that the culprit was trying to accomplish?”"
	},
	{
		"TYPE": "ZM",
		"ID": 333129,
		"STRING": "……村雲が倒れていた時の状況を思い出す。",
		"ENG_STRING": "...I think back to when we first discovered Murakumo collapsed in the hallway."
	},
	{
		"TYPE": "ZM",
		"ID": 333130,
		"STRING": "あれは――俺たちが見たあの光景は、犯人の目的が達せられた後のものだったか否か。",
		"ENG_STRING": "I can't tell whether or not the culprit had accomplished his goal based on what we witnessed."
	},
	{
		"TYPE": "ZM",
		"ID": 333131,
		"STRING": "もしそうだとしたら、そして犯人があの白い奴だったとしたら、あいつは何故早々に立ち去らず、あの場で村雲を見つめていたんだ……？",
		"ENG_STRING": "If he had, and if the culprit was that guy in white, then why was he standing there, watching over Murakumo? Why didn't he leave sooner...?"
	},
	{
		"TYPE": "ZM",
		"ID": 333132,
		"NAME": "満琉",
		"ENG_NAME": "Michiru",
		"STRING": "「……どうかな。俺らが来たからやろうとしてたことが中断されたって可能性はあるよな」",
		"ENG_STRING": "“...I don't know. It's possible that we interrupted what he was trying to do.”"
	},
	{
		"TYPE": "ZM",
		"ID": 333133,
		"NAME": "憂緒",
		"ENG_NAME": "Ushio",
		"STRING": "「私もそう考えてみたんです」",
		"ENG_STRING": "“I have also considered that.”"
	},
	{
		"TYPE": "ZM",
		"ID": 333134,
		"STRING": "俺たちがあの場に現れなかったら、あの光景にはまだ続きがあったかも知れない。",
		"ENG_STRING": "Something more might've happened if we hadn't showed up at that moment in time."
	},
	{
		"TYPE": "ZM",
		"ID": 333135,
		"STRING": "その続きがどういうものかは不明だが……。",
		"ENG_STRING": "Though what that might've been remains a mystery..."
	},
	{
		"TYPE": "ZM",
		"ID": 333136,
		"NAME": "小太郎",
		"ENG_NAME": "Kotaro",
		"STRING": "「えーと、中断したんだとして、おれたちが来なかったら、例えば何をしようとするの？」",
		"ENG_STRING": "“Umm, if that were the case, what could've happened if we hadn't shown up?”"
	},
	{
		"TYPE": "ZM",
		"ID": 333137,
		"NAME": "満琉",
		"ENG_NAME": "Michiru",
		"STRING": "「気絶させた後になら……懐から何か盗むとか？」",
		"ENG_STRING": "“Maybe... steal something from his pockets?”"
	},
	{
		"TYPE": "ZM",
		"ID": 333138,
		"STRING": "それ以上暴力的な何かだったとは思いたくないし、状況からしてもそうは思えなかった。",
		"ENG_STRING": "I don't want to imagine it being anything more violent than that, and it didn't seem like it would be."
	},
	{
		"TYPE": "ZM",
		"ID": 333139,
		"STRING": "あくまで俺の感じた印象ではあるが、そこまで殺伐とした雰囲気は感じられなかったと思う。",
		"ENG_STRING": "While it's only my own impression, I didn't sense any murderous intent."
	},
	{
		"TYPE": "ZM",
		"ID": 333140,
		"STRING": "モー子もそう思っているのか、俺の言葉に頷きながら自分も意見を述べる。",
		"ENG_STRING": "Thinking along similar lines, Mooko nods and states her own thoughts on the matter."
	},
	{
		"TYPE": "ZM",
		"ID": 333141,
		"NAME": "憂緒",
		"ENG_NAME": "Ushio",
		"STRING": "「……どこかへ連れ去るとか」",
		"ENG_STRING": "“...Or perhaps take him elsewhere.”"
	},
	{
		"TYPE": "ZM",
		"ID": 333142,
		"NAME": "満琉",
		"ENG_NAME": "Michiru",
		"STRING": "「連れ去る、か。なるほどな」",
		"ENG_STRING": "“Take him elsewhere, huh? That could work.”"
	},
	{
		"TYPE": "ZM",
		"ID": 333143,
		"STRING": "あり得なくはないか。",
		"ENG_STRING": "It's plausible."
	},
	{
		"TYPE": "ZM",
		"ID": 333144,
		"STRING": "意識のある状態じゃ抵抗されるだろうから、昏倒させたところで俺たちが来た、とか。",
		"ENG_STRING": "He'd probably resist if he were conscious, and we arrived right after the guy in white made him faint."
	},
	{
		"TYPE": "ZM",
		"ID": 333145,
		"NAME": "満琉",
		"ENG_NAME": "Michiru",
		"STRING": "「しかし、村雲なんかさらってどうすんだ？」",
		"ENG_STRING": "“But what would be the point in kidnapping Murakumo?”"
	},
	{
		"TYPE": "ZM",
		"ID": 333146,
		"NAME": "憂緒",
		"ENG_NAME": "Ushio",
		"STRING": "「そこまではわかりません。連れ去る目的だったと断定する材料もありませんから」",
		"ENG_STRING": "“I haven't figured that much out yet. There currently isn't enough information to go off of.”"
	},
	{
		"TYPE": "ZM",
		"ID": 333147,
		"NAME": "満琉",
		"ENG_NAME": "Michiru",
		"STRING": "「まあ、単に何らかの理由で記憶を消したかったって線もあるしな」",
		"ENG_STRING": "“Well, maybe that guy just wanted to erase his memories for whatever reason.”"
	},
	{
		"TYPE": "ZM",
		"ID": 333148,
		"NAME": "憂緒",
		"ENG_NAME": "Ushio",
		"STRING": "「そうですね。記憶以外に変調を来していることは何もないようですし……」",
		"ENG_STRING": "“Indeed. There are no other symptoms aside from his memory loss...”"
	},
	{
		"TYPE": "ZM",
		"ID": 333149,
		"NAME": "小太郎",
		"ENG_NAME": "Kotaro",
		"STRING": "「うん、村雲先輩、あれから体調崩したりもしてないみたいだね」",
		"ENG_STRING": "“Yeah, Murakumo-senpai's been in good shape ever since then, too.”"
	},
	{
		"TYPE": "ZM",
		"ID": 333150,
		"NAME": "満琉",
		"ENG_NAME": "Michiru",
		"STRING": "「昨日廊下で会ったときはいつも通りやかましかったぞ」",
		"ENG_STRING": "“He was as noisy as always when I ran into him in the hallway yesterday.”"
	},
	{
		"TYPE": "ZM",
		"ID": 333151,
		"STRING": "相変わらず顔を見ただけで噛みついてきて、いつも通りの問答が起きた。",
		"ENG_STRING": "He started snapping at me upon seeing me and our usual exchange ensued."
	},
	{
		"TYPE": "ZM",
		"ID": 333152,
		"STRING": "俺の何がそんなに気に入らないんだ、あいつは。",
		"ENG_STRING": "What is it about me that he hates so much?"
	},
	{
		"TYPE": "ZM",
		"ID": 333153,
		"NAME": "小太郎",
		"ENG_NAME": "Kotaro",
		"STRING": "「みっちーと先輩の喧嘩、なんか名物みたいになってるんだけど」",
		"ENG_STRING": "“Your quarrels are getting famous.”"
	},
	{
		"TYPE": "ZM",
		"ID": 333154,
		"NAME": "満琉",
		"ENG_NAME": "Michiru",
		"STRING": "「そう言えば、妙にギャラリーが多かったな」",
		"ENG_STRING": "“Now that you mention it, there were quite a few spectators.”"
	},
	{
		"TYPE": "ZM",
		"ID": 333155,
		"STRING": "何故か言い争う俺と村雲を、足を止めて遠巻きに見ている生徒が大勢いたような。",
		"ENG_STRING": "For whatever reason, there was a crowd of people who stopped to watch us argue."
	},
	{
		"TYPE": "ZM",
		"ID": 333156,
		"STRING": "ついでにそいつらを、早く帰寮しろと追い払おうとしている風紀委員もいた気がする。",
		"ENG_STRING": "And I think there were some Dicplinary Committee members who were trying to drive them back to their dorms."
	},
	{
		"TYPE": "ZM",
		"ID": 333157,
		"NAME": "憂緒",
		"ENG_NAME": "Ushio",
		"STRING": "「……妙な評判を立てないで下さい」",
		"ENG_STRING": "“...Please don't develop a weird reputation for yourself.”"
	},
	{
		"TYPE": "ZM",
		"ID": 333158,
		"NAME": "満琉",
		"ENG_NAME": "Michiru",
		"STRING": "「わざとじゃない。向こうから突っかかって来るからだ」",
		"ENG_STRING": "“I'm not doing it on purpose. He's the one who always starts it.”"
	},
	{
		"TYPE": "ZM",
		"ID": 333159,
		"NAME": "憂緒",
		"ENG_NAME": "Ushio",
		"STRING": "「きみがからかうのではないのですか」",
		"ENG_STRING": "“Is that not because you tease him?”"
	},
	{
		"TYPE": "ZM",
		"ID": 333160,
		"NAME": "満琉",
		"ENG_NAME": "Michiru",
		"STRING": "「俺は返事してるだけだぞ？」",
		"ENG_STRING": "“I'm merely replying to his questions.”"
	},
	{
		"TYPE": "ZM",
		"ID": 333161,
		"NAME": "小太郎",
		"ENG_NAME": "Kotaro",
		"STRING": "「その……返事の内容が問題なんじゃ……」",
		"ENG_STRING": "“It's the contents of those responses that are the problem here...”"
	},
	{
		"TYPE": "ZM",
		"ID": 333162,
		"NAME": "憂緒",
		"ENG_NAME": "Ushio",
		"STRING": "「自重して下さい」",
		"ENG_STRING": "“Please exercise prudence.”"
	},
	{
		"TYPE": "ZM",
		"ID": 333163,
		"NAME": "満琉",
		"ENG_NAME": "Michiru",
		"STRING": "「村雲に言ってくれ」",
		"ENG_STRING": "“Tell that to Murakumo.”"
	},
	{
		"TYPE": "ZM",
		"ID": 333164,
		"STRING": "多分、村雲に言ったらまったく同じ答えが帰ってきそうな気がするが。",
		"ENG_STRING": "I get the feeling that he'd probably say the same thing as me if he were told that."
	},
	{
		"TYPE": "ZM",
		"ID": 333165,
		"STRING": "モー子は頭の痛そうな声で言った。",
		"ENG_STRING": "Mooko says the following as if she has a headache:"
	},
	{
		"TYPE": "ZM",
		"ID": 333166,
		"NAME": "憂緒",
		"ENG_NAME": "Ushio",
		"STRING": "「……壬生さんは止めないのですか」",
		"ENG_STRING": "“...Did Mibu-san not stop you two?”"
	},
	{
		"TYPE": "ZM",
		"ID": 333167,
		"NAME": "満琉",
		"ENG_NAME": "Michiru",
		"STRING": "「微笑ましく見守られてる事が多いんだが、なんでだろう」",
		"ENG_STRING": "“She just kept watching us with a smile on her face. I wonder why.”"
	},
	{
		"TYPE": "ZM",
		"ID": 333168,
		"NAME": "憂緒",
		"ENG_NAME": "Ushio",
		"STRING": "「…………………」",
		"ENG_STRING": "“......”"
	},
	{
		"TYPE": "ZM",
		"ID": 333169,
		"NAME": "小太郎",
		"ENG_NAME": "Kotaro",
		"STRING": "「…………………」",
		"ENG_STRING": "“......”"
	},
	{
		"TYPE": "ZM",
		"ID": 333170,
		"NAME": "満琉",
		"ENG_NAME": "Michiru",
		"STRING": "「なんで黙るんだよ二人とも」",
		"ENG_STRING": "“Why aren't you two saying anything?”"
	},
	{
		"TYPE": "ZM",
		"ID": 333171,
		"NAME": "小太郎",
		"ENG_NAME": "Kotaro",
		"STRING": "「えーと、あの、それで、どうするの今日は？」@n",
		"ENG_STRING": "“Well, umm, on another note, what are we going to do now?”@n"
	},
	{
		"TYPE": "ZM",
		"ID": 333172,
		"STRING": "何故かおまるが、誤魔化すように強引に話題を変えやがった。",
		"ENG_STRING": "He forcefully tries to change the topic."
	},
	{
		"TYPE": "ZM",
		"ID": 333173,
		"STRING": "しかし追求すると俺の方がダメージを食らいそうな予感がしたので黙っておくことにする。",
		"ENG_STRING": "It would probably only serve to hurt me if I tried to switch it back, so I keep quiet."
	},
	{
		"TYPE": "ZM",
		"ID": 333174,
		"NAME": "小太郎",
		"ENG_NAME": "Kotaro",
		"STRING": "「もう少し見回ってみる？」",
		"ENG_STRING": "“Should we keep patrolling some more?”"
	},
	{
		"TYPE": "ZM",
		"ID": 333175,
		"NAME": "満琉",
		"ENG_NAME": "Michiru",
		"STRING": "「そうだなあ……」",
		"ENG_STRING": "“Yeah...”"
	},
	{
		"TYPE": "ZM",
		"ID": 333176,
		"STRING": "白い奴は見つからないばかりか、目撃情報もない。",
		"ENG_STRING": "Not only have we not been able to find the guy in white, there haven't been any witness reports either."
	},
	{
		"TYPE": "ZM",
		"ID": 333177,
		"STRING": "しかし他に手がかりがないため、俺たちはあてもなく白い奴を捜して歩いている状態である。",
		"ENG_STRING": "However, since we don't have any leads to go on, we don't have any choice but to randomly search for him."
	},
	{
		"TYPE": "ZM",
		"ID": 333178,
		"NAME": "憂緒",
		"ENG_NAME": "Ushio",
		"STRING": "「ここでこうしているよりはマシでしょうね」",
		"ENG_STRING": "“It's better than sitting here doing nothing.”"
	},
	{
		"TYPE": "ZM",
		"ID": 333179,
		"NAME": "満琉",
		"ENG_NAME": "Michiru",
		"STRING": "「他にどうしようもないし、行くか……」",
		"ENG_STRING": "“And not like there's anything else on our plates...”"
	},
	{
		"TYPE": "ZM",
		"ID": 333180,
		"STRING": "腰を上げようとした途端、電話のベルが鳴った。",
		"ENG_STRING": "The telephone rings as soon as I get up from my seat."
	},
	{
		"TYPE": "ZM",
		"ID": 333181,
		"NAME": "憂緒",
		"ENG_NAME": "Ushio",
		"STRING": "「はい、特殊事案調査分室です」",
		"ENG_STRING": "“Hello, you've reached the Bureau for the Investigation of Special Affairs.”"
	},
	{
		"TYPE": "ZM",
		"ID": 333182,
		"STRING": "モー子が受話器を取り上げると、少し慌てたような声が漏れ聞こえてくる。",
		"ENG_STRING": "She lifts the receiver. Through it, I can hear a somewhat panicked voice."
	},
	{
		"TYPE": "ZM",
		"ID": 333183,
		"NAME": "憂緒",
		"ENG_NAME": "Ushio",
		"STRING": "「えっ……？」",
		"ENG_STRING": "“Wha...?”"
	},
	{
		"TYPE": "ZM",
		"ID": 333184,
		"STRING": "その声に耳を傾けたモー子の表情がさっと険しくなった。",
		"ENG_STRING": "Her expression suddenly goes grim as she listens."
	},
	{
		"TYPE": "ZM",
		"ID": 333185,
		"NAME": "小太郎",
		"ENG_NAME": "Kotaro",
		"STRING": "「何？　事件？」",
		"ENG_STRING": "“What is it? An incident?”"
	},
	{
		"TYPE": "ZM",
		"ID": 333186,
		"NAME": "満琉",
		"ENG_NAME": "Michiru",
		"STRING": "「そうらしいな」",
		"ENG_STRING": "“Seems that way.”"
	},
	{
		"TYPE": "ZM",
		"ID": 333187,
		"NAME": "憂緒",
		"ENG_NAME": "Ushio",
		"STRING": "「……それは本当ですか！？　どこで！？　……ええ……また保健室前なんですね？」",
		"ENG_STRING": "“...Seriously!? Where!? Okay... Outside the infirmary again?”"
	},
	{
		"TYPE": "ZM",
		"ID": 333188,
		"STRING": "俺とおまるは顔を見合わせ、席を立ってモー子の側へ駆け寄る。",
		"ENG_STRING": "Omaru and I exchange glances and rush over to Mooko, who's now standing up."
	},
	{
		"TYPE": "ZM",
		"ID": 333189,
		"NAME": "憂緒",
		"ENG_NAME": "Ushio",
		"STRING": "「わかりました。すぐそちらへ向かいます。……はい、では」",
		"ENG_STRING": "“Understood. We'll head there now... Yes, goodbye.”"
	},
	{
		"TYPE": "ZM",
		"ID": 333190,
		"STRING": "電話を切ったモー子は、集まってきた俺たちに言いながら扉へと向かう。",
		"ENG_STRING": "Hanging up, she tells us what she heard on the phone while walking towards the door."
	},
	{
		"TYPE": "ZM",
		"ID": 333191,
		"NAME": "憂緒",
		"ENG_NAME": "Ushio",
		"STRING": "「風紀委員からの通報です。また生徒が保健室前で倒れていると」@n",
		"ENG_STRING": "“A Disciplinary Committee member said that there's another student collapsed outside the infirmary.”@n"
	},
	{
		"TYPE": "ZM",
		"ID": 333192,
		"NAME": "満琉",
		"ENG_NAME": "Michiru",
		"STRING": "「なっ……、またなのかよ！？」",
		"ENG_STRING": "“Wha... Another one!?”"
	},
	{
		"TYPE": "ZM",
		"ID": 333193,
		"NAME": "満琉",
		"ENG_NAME": "Michiru",
		"STRING": "「鍔姫ちゃん！」",
		"ENG_STRING": "“Tsubaki-chan!”"
	},
	{
		"TYPE": "ZM",
		"ID": 333194,
		"NAME": "鍔姫",
		"ENG_NAME": "Tsubaki",
		"STRING": "「……ああ、来てくれたか」@n",
		"ENG_STRING": "“...Oh, you're here.”@n"
	},
	{
		"TYPE": "ZM",
		"ID": 333195,
		"STRING": "駆けつけると、保健室前では鍔姫ちゃんが待っていた。",
		"ENG_STRING": "Running up to the infirmary, we find Tsubaki-chan there waiting for us."
	},
	{
		"TYPE": "ZM",
		"ID": 333196,
		"STRING": "倒れていた生徒は既に運ばれたのか、廊下には見当たらない。",
		"ENG_STRING": "The collapsed student is nowhere to be found. They've probably already been taken inside."
	},
	{
		"TYPE": "ZM",
		"ID": 333197,
		"NAME": "憂緒",
		"ENG_NAME": "Ushio",
		"STRING": "「通報がありましたので」",
		"ENG_STRING": "“We received a report.”"
	},
	{
		"TYPE": "ZM",
		"ID": 333198,
		"NAME": "鍔姫",
		"ENG_NAME": "Tsubaki",
		"STRING": "「うん、見つけたのは別の風紀委員なんだが……」",
		"ENG_STRING": "“Yeah. I wasn't the one who found her though...”"
	},
	{
		"TYPE": "ZM",
		"ID": 333199,
		"STRING": "そう言いながら鍔姫ちゃんは、モー子から俺へと視線を移す。",
		"ENG_STRING": "She shifts her gaze from Mooko to me."
	},
	{
		"TYPE": "ZM",
		"ID": 333200,
		"NAME": "鍔姫",
		"ENG_NAME": "Tsubaki",
		"STRING": "「吉田そあらさんというのは、確か久我くんと同じクラスの人だな？」@n",
		"ENG_STRING": "“Yoshida Soara-san is one of your classmates, right, Koga-kun?”@n"
	},
	{
		"TYPE": "ZM",
		"ID": 333201,
		"NAME": "満琉",
		"ENG_NAME": "Michiru",
		"STRING": "「吉田！？」",
		"ENG_STRING": "“Yoshida!?”"
	},
	{
		"TYPE": "ZM",
		"ID": 333202,
		"NAME": "小太郎",
		"ENG_NAME": "Kotaro",
		"STRING": "「吉田さんっ！？」",
		"ENG_STRING": "“Yoshida-san!?”"
	},
	{
		"TYPE": "ZM",
		"ID": 333203,
		"STRING": "意外すぎる名前が出てきて、俺とおまるはほとんど同時に叫んでいた。",
		"ENG_STRING": "A completely unexpected name comes from her mouth, and Omaru and I shout out at practically the same instant."
	},
	{
		"TYPE": "ZM",
		"ID": 333204,
		"NAME": "満琉",
		"ENG_NAME": "Michiru",
		"STRING": "「倒れてたってのは、吉田なのか？」",
		"ENG_STRING": "“Is she the one who collapsed?”"
	},
	{
		"TYPE": "ZM",
		"ID": 333205,
		"NAME": "鍔姫",
		"ENG_NAME": "Tsubaki",
		"STRING": "「そうなんだ。ああ、でも気を失ってるだけで命に別状はないそうだ」@n",
		"ENG_STRING": "“Yes. Ah, but she's just unconscious and not in any life-threatening danger.”@n"
	},
	{
		"TYPE": "ZM",
		"ID": 333206,
		"STRING": "それを聞いて、少なからずほっとする。",
		"ENG_STRING": "Hearing that gives me a considerable amount of relief."
	},
	{
		"TYPE": "ZM",
		"ID": 333207,
		"STRING": "自分でも驚くほど一瞬にして緊張感が高まっていたらしく、肩から力が抜けるのを感じた。",
		"ENG_STRING": "My shoulders relax enough to make me feel amazed at how tense I was."
	},
	{
		"TYPE": "ZM",
		"ID": 333208,
		"NAME": "満琉",
		"ENG_NAME": "Michiru",
		"STRING": "「つまり、村雲と同じ状態？」",
		"ENG_STRING": "“So it's the same as what happened to Murakumo?”"
	},
	{
		"TYPE": "ZM",
		"ID": 333209,
		"NAME": "鍔姫",
		"ENG_NAME": "Tsubaki",
		"STRING": "「そうだ、やはり怪我はない」",
		"ENG_STRING": "“Yeah. She doesn't have any injuries.”"
	},
	{
		"TYPE": "ZM",
		"ID": 333210,
		"NAME": "小太郎",
		"ENG_NAME": "Kotaro",
		"STRING": "「そうですか……。無事でよかったぁ」",
		"ENG_STRING": "“I see... Thank goodness she's not hurt.”"
	},
	{
		"TYPE": "ZM",
		"ID": 333211,
		"NAME": "満琉",
		"ENG_NAME": "Michiru",
		"STRING": "「まあな……」",
		"ENG_STRING": "“Yeah...”"
	},
	{
		"TYPE": "ZM",
		"ID": 333212,
		"STRING": "しかし、なんで吉田なんだ。",
		"ENG_STRING": "But why Yoshida of all people?"
	},
	{
		"TYPE": "ZM",
		"ID": 333213,
		"STRING": "仮に村雲と同じ犯人のしでかしたことだとしたら、人選の意味がわからない。",
		"ENG_STRING": "If the culprit is the same one, then his choice of people makes no sense."
	},
	{
		"TYPE": "ZM",
		"ID": 333214,
		"NAME": "憂緒",
		"ENG_NAME": "Ushio",
		"STRING": "「同じクラスと言うことは、今日、吉田さんに会っているのですね？」",
		"ENG_STRING": "“Since you three are classmates, I'm assuming that you saw her earlier today?”"
	},
	{
		"TYPE": "ZM",
		"ID": 333215,
		"NAME": "満琉",
		"ENG_NAME": "Michiru",
		"STRING": "「ああ、もちろん。どこも変わった様子はなかったんだがな……」",
		"ENG_STRING": "“Yeah, we did. She seemed the same as always though...”"
	},
	{
		"TYPE": "ZM",
		"ID": 333216,
		"STRING": "昼休み、いつも通り黒谷と一緒にいた光景を思い出す。",
		"ENG_STRING": "I recall my ordinary conversation with Kurodani during lunch."
	},
	{
		"TYPE": "ZM",
		"ID": 333217,
		"NAME": "小太郎",
		"ENG_NAME": "Kotaro",
		"STRING": "「うん、普通に元気だったよ」",
		"ENG_STRING": "“Yeah, she was perfectly fine.”"
	},
	{
		"TYPE": "ZM",
		"ID": 333218,
		"NAME": "憂緒",
		"ENG_NAME": "Ushio",
		"STRING": "「授業が終わった後は？　すぐに教室を出たのでしょうか」",
		"ENG_STRING": "“Did she leave the classroom immediately after classes finished?”"
	},
	{
		"TYPE": "ZM",
		"ID": 333219,
		"NAME": "満琉",
		"ENG_NAME": "Michiru",
		"STRING": "「どうだったかな……。俺の方がすぐ分室に向かっちまったからそこまではわからん」",
		"ENG_STRING": "“I'm not sure... I didn't notice because I went straight to the Bureau once they were over.”"
	},
	{
		"TYPE": "ZM",
		"ID": 333220,
		"NAME": "小太郎",
		"ENG_NAME": "Kotaro",
		"STRING": "「おれも見てないなあ」",
		"ENG_STRING": "“I didn't see, either.”"
	},
	{
		"TYPE": "ZM",
		"ID": 333221,
		"STRING": "確か黒谷と何か話していたような気がするが、普段通りの光景なのでほとんど気にもとめておらず、はっきり思い出せなかった。",
		"ENG_STRING": "I think she was talking to Kurodani about something, but it was so routine that I didn't pay much attention to it and I can't clearly remember."
	},
	{
		"TYPE": "ZM",
		"ID": 333222,
		"NAME": "満琉",
		"ENG_NAME": "Michiru",
		"STRING": "「……一応、昼間話したときそれとなく早めに帰れってのは言ったんだがな……」",
		"ENG_STRING": "“For what it's worth, I did indirectly tell her to quickly return to the dorms when we were talking during lunch...”"
	},
	{
		"TYPE": "ZM",
		"ID": 333223,
		"STRING": "もう少しはっきり注意するよう言うべきだったか……。",
		"ENG_STRING": "Maybe I should've been more explicit about it..."
	},
	{
		"TYPE": "ZM",
		"ID": 333224,
		"NAME": "憂緒",
		"ENG_NAME": "Ushio",
		"STRING": "「警戒を促すにも私たちにも何が起きたか把握出来ていない。どのように注意すべきか具体的なことが言えません」",
		"ENG_STRING": "“As much as I want to caution everyone, it's difficult to determine how to do so when we haven't fully grasped the situation.”"
	},
	{
		"TYPE": "ZM",
		"ID": 333225,
		"NAME": "満琉",
		"ENG_NAME": "Michiru",
		"STRING": "「……そうだな」",
		"ENG_STRING": "“...Hmm.”"
	},
	{
		"TYPE": "ZM",
		"ID": 333226,
		"STRING": "責められるかと思ったが、モー子はむしろ、そこを悔いている暇はないと言いたげな口調だった。",
		"ENG_STRING": "I thought that she'd condemn me, but she instead seems to be trying to tell me that we don't have the time to be regretting our actions."
	},
	{
		"TYPE": "ZM",
		"ID": 333227,
		"STRING": "もちろんその通りなのだろうが、やっぱり口惜しい胃の痛みは消えてくれない。",
		"ENG_STRING": "While I admit that that's true, the pain I'm feeling in my stomach out of frustration hasn't subsided."
	},
	{
		"TYPE": "ZM",
		"ID": 333228,
		"NAME": "小太郎",
		"ENG_NAME": "Kotaro",
		"STRING": "「それで、吉田さんは？　保健室で寝てるんですか？」",
		"ENG_STRING": "“So where's Yoshida-san now? Is she sleeping in the infirmary?”"
	},
	{
		"TYPE": "ZM",
		"ID": 333229,
		"NAME": "鍔姫",
		"ENG_NAME": "Tsubaki",
		"STRING": "「いや、もうすぐ夜になるから寮の自室に運ばれている」",
		"ENG_STRING": "“No, it's almost night, so we brought her back to her room.”"
	},
	{
		"TYPE": "ZM",
		"ID": 333230,
		"NAME": "満琉",
		"ENG_NAME": "Michiru",
		"STRING": "「あ、そうか。夜の世界のことは内緒なんだったな」",
		"ENG_STRING": "“Oh, I see. The Night Realm's supposed to be a secret after all.”"
	},
	{
		"TYPE": "ZM",
		"ID": 333231,
		"NAME": "鍔姫",
		"ENG_NAME": "Tsubaki",
		"STRING": "「ああ、村雲と同じ状態とはいえ、朝まで絶対に起きないとは限らないしな」",
		"ENG_STRING": "“Yeah. It's the same as what happened to Murakumo, but it's not guaranteed that she'll be out cold until morning.”"
	},
	{
		"TYPE": "ZM",
		"ID": 333232,
		"STRING": "万が一、夜のうちに目を覚ましたら、秘密がバレるだけでなく、吉田の方もパニックを起こすだろう。",
		"ENG_STRING": "In the off chance that she wakes up in the middle of the night, not only would the secret be exposed, she'd probably also suffer a panic attack."
	},
	{
		"TYPE": "ZM",
		"ID": 333233,
		"STRING": "村雲と同じ状態なら、数日分の記憶も飛んでいる可能性が高いから混乱もするだろうし……。",
		"ENG_STRING": "It's likely that her memories of the past couple days will be lost, so she'd be confused as well..."
	},
	{
		"TYPE": "ZM",
		"ID": 333234,
		"NAME": "満琉",
		"ENG_NAME": "Michiru",
		"STRING": "「寮の方がましか」",
		"ENG_STRING": "“Her room was the safer choice.”"
	},
	{
		"TYPE": "ZM",
		"ID": 333235,
		"NAME": "鍔姫",
		"ENG_NAME": "Tsubaki",
		"STRING": "「先生方もそういう判断でね。一応、友達が様子を見てくれているそうだ」",
		"ENG_STRING": "“The teachers came to that conclusion, too. In any case, her friend's looking after her now.”"
	},
	{
		"TYPE": "ZM",
		"ID": 333236,
		"NAME": "小太郎",
		"ENG_NAME": "Kotaro",
		"STRING": "「黒谷さんかな？」",
		"ENG_STRING": "“Kurodani-san?”"
	},
	{
		"TYPE": "ZM",
		"ID": 333237,
		"NAME": "満琉",
		"ENG_NAME": "Michiru",
		"STRING": "「だろうな。あいつら仲いいし」",
		"ENG_STRING": "“Probably. They're very close.”"
	},
	{
		"TYPE": "ZM",
		"ID": 333238,
		"NAME": "鍔姫",
		"ENG_NAME": "Tsubaki",
		"STRING": "「黒谷真弥さん、だったかな。同じクラスの人だな」",
		"ENG_STRING": "“Kurodani Maya was her name I think. They're in the same class.”"
	},
	{
		"TYPE": "ZM",
		"ID": 333239,
		"NAME": "満琉",
		"ENG_NAME": "Michiru",
		"STRING": "「うん、そう。あのにぎやかな奴」",
		"ENG_STRING": "“Yeah, the energetic one.”"
	},
	{
		"TYPE": "ZM",
		"ID": 333240,
		"STRING": "さすがの黒谷も、吉田が昏倒して運ばれて来たら狼狽してるだろうなぁ……。",
		"ENG_STRING": "I'm sure that even she'd be flustered too if she saw Yoshida being carried in while unconscious..."
	},
	{
		"TYPE": "ZM",
		"ID": 333241,
		"NAME": "憂緒",
		"ENG_NAME": "Ushio",
		"STRING": "「なら、吉田さんはひとまず安心と見ていいですね」",
		"ENG_STRING": "“It is probably safe to assume that Yoshida-san is in good hands now.”"
	},
	{
		"TYPE": "ZM",
		"ID": 333242,
		"NAME": "満琉",
		"ENG_NAME": "Michiru",
		"STRING": "「明日の朝には話聞けるといいんだけどな……」",
		"ENG_STRING": "“I hope we'll be able to get some answers from her tomorrow morning...”"
	},
	{
		"TYPE": "ZM",
		"ID": 333243,
		"STRING": "ただし、村雲の時と同じように、何も覚えてない可能性もあるが。",
		"ENG_STRING": "Though, like Murakumo, she might've forgotten everything."
	},
	{
		"TYPE": "ZM",
		"ID": 333244,
		"NAME": "静春",
		"ENG_NAME": "Shizuka",
		"STRING": "「壬生さ……げっ！」@n",
		"ENG_STRING": "“Mibu-sa... Geh!”@n"
	},
	{
		"TYPE": "ZM",
		"ID": 333245,
		"STRING": "走ってきた村雲が、俺たちを見て露骨に嫌な顔をする。",
		"ENG_STRING": "Murakumo comes running up, and upon seeing us, blatantly shows a face of disgust."
	},
	{
		"TYPE": "ZM",
		"ID": 333246,
		"NAME": "静春",
		"ENG_NAME": "Shizuka",
		"STRING": "「何でお前らがいるんだよ……」",
		"ENG_STRING": "“Why are you guys here...?”"
	},
	{
		"TYPE": "ZM",
		"ID": 333247,
		"NAME": "満琉",
		"ENG_NAME": "Michiru",
		"STRING": "「お前さんのお仲間が通報してくれたんだが」",
		"ENG_STRING": "“Because we got a report from one of your team members.”"
	},
	{
		"TYPE": "ZM",
		"ID": 333248,
		"NAME": "静春",
		"ENG_NAME": "Shizuka",
		"STRING": "「通報？　あ……」@n",
		"ENG_STRING": "“Report? Oh...”@n"
	},
	{
		"TYPE": "ZM",
		"ID": 333249,
		"STRING": "はっとしたように村雲は声のトーンを落とす。",
		"ENG_STRING": "He suddenly realizes and lowers his tone of voice."
	},
	{
		"TYPE": "ZM",
		"ID": 333250,
		"STRING": "そして周囲にさっと目を走らせた。",
		"ENG_STRING": "He then scans our surroundings."
	},
	{
		"TYPE": "ZM",
		"ID": 333251,
		"STRING": "自分が倒れていたのと同じ場所、という事を悟った顔だった。",
		"ENG_STRING": "It looks like he's noticed that it's the same place where he fainted."
	},
	{
		"TYPE": "ZM",
		"ID": 333252,
		"NAME": "満琉",
		"ENG_NAME": "Michiru",
		"STRING": "「そうだよ、またここに生徒が倒れてたんだ」",
		"ENG_STRING": "“That's right. Another student collapsed here.”"
	},
	{
		"TYPE": "ZM",
		"ID": 333253,
		"STRING": "村雲は、感情を押し隠すように強引に表情を消した。",
		"ENG_STRING": "He forcefully tries to conceal his emotions."
	},
	{
		"TYPE": "ZM",
		"ID": 333254,
		"NAME": "静春",
		"ENG_NAME": "Shizuka",
		"STRING": "「……意識は？」",
		"ENG_STRING": "“...Are they awake yet?”"
	},
	{
		"TYPE": "ZM",
		"ID": 333255,
		"NAME": "鍔姫",
		"ENG_NAME": "Tsubaki",
		"STRING": "「まだ戻っていないそうだ」",
		"ENG_STRING": "“Not yet.”"
	},
	{
		"TYPE": "ZM",
		"ID": 333256,
		"NAME": "満琉",
		"ENG_NAME": "Michiru",
		"STRING": "「もしお前と同じ状態なら、一晩くらいはかかるんだろ」",
		"ENG_STRING": "“If it's the exact same thing as what happened to you, it'll take until the next morning.”"
	},
	{
		"TYPE": "ZM",
		"ID": 333257,
		"NAME": "静春",
		"ENG_NAME": "Shizuka",
		"STRING": "「だろ、とか言われてもオレは気づいたら三日たってたっつーの！」",
		"ENG_STRING": "“Well I wouldn't know. When I woke up, three days had passed!”"
	},
	{
		"TYPE": "ZM",
		"ID": 333258,
		"NAME": "満琉",
		"ENG_NAME": "Michiru",
		"STRING": "「そうか、自分の体感だと一晩どころじゃないか」",
		"ENG_STRING": "“Oh, right, it was more than just a night from your perspective.”"
	},
	{
		"TYPE": "ZM",
		"ID": 333259,
		"NAME": "静春",
		"ENG_NAME": "Shizuka",
		"STRING": "「……まあな」",
		"ENG_STRING": "“...Yeah.”"
	},
	{
		"TYPE": "ZM",
		"ID": 333260,
		"STRING": "妙に淡々と頷かれた。",
		"ENG_STRING": "Surprisingly, he meekly nods."
	},
	{
		"TYPE": "ZM",
		"ID": 333261,
		"STRING": "覚えてないのは悔しいが、ずっと気にしてると思われるのもしゃくだと思っているんだろうか。",
		"ENG_STRING": "I'm sure that the fact he can't remember what happened is gnawing at him on the inside."
	},
	{
		"TYPE": "ZM",
		"ID": 333262,
		"NAME": "満琉",
		"ENG_NAME": "Michiru",
		"STRING": "（なんか思うところがある風でもあるんだよな……）",
		"ENG_STRING": "(He looks like he might have a clue as to what's going on...)"
	},
	{
		"TYPE": "ZM",
		"ID": 333263,
		"STRING": "見た目より思い詰めてるんじゃなけりゃいいんだが。",
		"ENG_STRING": "I hope he's not tormenting himself too much over it."
	},
	{
		"TYPE": "ZM",
		"ID": 333264,
		"STRING": "けっこうそういうタイプに見えるのが、ちょっと怖いんだよなこいつ。",
		"ENG_STRING": "He's the kind of person who'd do just that. It's a little scary."
	},
	{
		"TYPE": "ZM",
		"ID": 333265,
		"NAME": "満琉",
		"ENG_NAME": "Michiru",
		"STRING": "（思うところって言えば、モー子もか）",
		"ENG_STRING": "(And speaking of which, Mooko seems like she has an idea, too.)"
	},
	{
		"TYPE": "ZM",
		"ID": 333266,
		"STRING": "そっとモー子の方を盗み見ると、鍔姫ちゃんに吉田が倒れていた状況を聞いているところだった。",
		"ENG_STRING": "Glancing over at her, I see that she's talking to Tsubaki-chan about Yoshida."
	},
	{
		"TYPE": "ZM",
		"ID": 333267,
		"NAME": "憂緒",
		"ENG_NAME": "Ushio",
		"STRING": "「……では、今回は付近には人影はなかったんですね？」",
		"ENG_STRING": "“...So there weren't any signs of other people in the vicinity this time?”"
	},
	{
		"TYPE": "ZM",
		"ID": 333268,
		"NAME": "鍔姫",
		"ENG_NAME": "Tsubaki",
		"STRING": "「ああ、倒れた女生徒以外誰も居なかったそうだ」",
		"ENG_STRING": "“That's right. I was told that there was nobody else other than her.”"
	},
	{
		"TYPE": "ZM",
		"ID": 333269,
		"NAME": "憂緒",
		"ENG_NAME": "Ushio",
		"STRING": "「周辺でも、例の白い人影を見たなどと言う話は？」",
		"ENG_STRING": "“What about the surrounding areas? Did anyone report seeing a white figure?”"
	},
	{
		"TYPE": "ZM",
		"ID": 333270,
		"NAME": "鍔姫",
		"ENG_NAME": "Tsubaki",
		"STRING": "「それもないよ。不審な人影は何も目撃されてない」",
		"ENG_STRING": "“No. There were no reports of any suspicious people.”"
	},
	{
		"TYPE": "ZM",
		"ID": 333271,
		"STRING": "その辺は、風紀委員会が人海戦術で素早く聞き込んで回ってくれていたらしい。",
		"ENG_STRING": "Apparently, the Disciplinary Committee sent everyone they had to in order to investigate and gather information as quickly as possible."
	},
	{
		"TYPE": "ZM",
		"ID": 333272,
		"NAME": "鍔姫",
		"ENG_NAME": "Tsubaki",
		"STRING": "「保健の先生も部屋にいたそうだが、妙な物音も、争うような声も何も聞いていないと言ってる」",
		"ENG_STRING": "“The nurse was in at the time, but she said that she didn't hear any strange noises or the sound of a fight.”"
	},
	{
		"TYPE": "ZM",
		"ID": 333273,
		"NAME": "憂緒",
		"ENG_NAME": "Ushio",
		"STRING": "「音もなく、ですか……」",
		"ENG_STRING": "“Completely soundless, huh...?”"
	},
	{
		"TYPE": "ZM",
		"ID": 333274,
		"STRING": "目の前の保健室にいた先生すら何も聞いていないってのは不気味だな……。",
		"ENG_STRING": "How uncanny that she didn't hear anything when it was right outside..."
	},
	{
		"TYPE": "ZM",
		"ID": 333275,
		"NAME": "満琉",
		"ENG_NAME": "Michiru",
		"STRING": "「吉田はかなり恐がりだから、あの白いのが目の前に現れたらそれだけで悲鳴上げると思うぞ」",
		"ENG_STRING": "“Yoshida's quite the scaredy-cat, so just seeing that guy in white would've been enough to make her scream.”"
	},
	{
		"TYPE": "ZM",
		"ID": 333276,
		"NAME": "小太郎",
		"ENG_NAME": "Kotaro",
		"STRING": "「そうだね。確実に叫んでるね」",
		"ENG_STRING": "“Yeah, I would, too.”"
	},
	{
		"TYPE": "ZM",
		"ID": 333277,
		"STRING": "同じ恐がりどうし、気持ちはわかると言いたげにおまるは確信をもって頷いた。",
		"ENG_STRING": "Omaru, being equally as timid, empathizes with her and nods."
	},
	{
		"TYPE": "ZM",
		"ID": 333278,
		"NAME": "憂緒",
		"ENG_NAME": "Ushio",
		"STRING": "「では不意を突かれたか、あるいは昏倒した現場がそもそもここではないか、ですね」",
		"ENG_STRING": "“In which case, she was either taken off guard or this wasn't the location where she fainted.”"
	},
	{
		"TYPE": "ZM",
		"ID": 333279,
		"NAME": "満琉",
		"ENG_NAME": "Michiru",
		"STRING": "「あの白い奴がどっかから吉田をここまで運んできたってことか？」",
		"ENG_STRING": "“You mean that guy in white brought Yoshida here?”"
	},
	{
		"TYPE": "ZM",
		"ID": 333280,
		"NAME": "憂緒",
		"ENG_NAME": "Ushio",
		"STRING": "「現場が別だとすれば、その可能性もあります。ですがまだ、誰の仕業かは断定出来ません」",
		"ENG_STRING": "“That is possible if this isn't the scene of the incident. However, we still can't pinpoint who the culprit is.”"
	},
	{
		"TYPE": "ZM",
		"ID": 333281,
		"NAME": "満琉",
		"ENG_NAME": "Michiru",
		"STRING": "「まあ、そりゃそうだが」",
		"ENG_STRING": "“Yeah, I guess.”"
	},
	{
		"TYPE": "ZM",
		"ID": 333282,
		"STRING": "……しかし、あの白い奴が無関係だったら何であの場にいたんだって話になるよな。",
		"ENG_STRING": "...Then the question becomes, if that guy in white is unrelated to this, then why was he standing there?"
	},
	{
		"TYPE": "ZM",
		"ID": 333283,
		"STRING": "前から目撃されてた噂の幽霊がたまたま通りかかりました、なんて偶然があるだろうか……。",
		"ENG_STRING": "The rumoured ghost just happened to be walking by? Do coincidences like that even happen...?"
	},
	{
		"TYPE": "ZM",
		"ID": 333284,
		"NAME": "小太郎",
		"ENG_NAME": "Kotaro",
		"STRING": "「けど、なんで今度もここで倒れてるんだろう？」",
		"ENG_STRING": "“But why was she found collapsed here, in the same place as last time?”"
	},
	{
		"TYPE": "ZM",
		"ID": 333285,
		"STRING": "ふと呟かれたおまるの言葉に、俺も引っかかる。",
		"ENG_STRING": "He mutters a question that's also been on my mind."
	},
	{
		"TYPE": "ZM",
		"ID": 333286,
		"NAME": "満琉",
		"ENG_NAME": "Michiru",
		"STRING": "「そういやそうだな。この保健室って何かあるのか？　いわゆる魔術的な何かが」",
		"ENG_STRING": "“Yeah, is there something special about the infirmary? Maybe something to do with magic?”"
	},
	{
		"TYPE": "ZM",
		"ID": 333287,
		"NAME": "憂緒",
		"ENG_NAME": "Ushio",
		"STRING": "「そういう話は聞いたことがありません」",
		"ENG_STRING": "“I haven't heard of anything of the sort.”"
	},
	{
		"TYPE": "ZM",
		"ID": 333288,
		"STRING": "モー子が首を振り、鍔姫ちゃんはそれに同意するよう頷いた。",
		"ENG_STRING": "Mooko shakes her head, and Tsubaki-chan nods, being of the same opinion."
	},
	{
		"TYPE": "ZM",
		"ID": 333289,
		"NAME": "鍔姫",
		"ENG_NAME": "Tsubaki",
		"STRING": "「私もだ。以前にもここで何か事件が起きたというような話も覚えがない。村雲はどうだ？　よく資料を読んでるだろう、君は」",
		"ENG_STRING": "“I also haven't. I can't recall there being any incidents happening here before. Can you, Murakumo? You've read through the old reports.”"
	},
	{
		"TYPE": "ZM",
		"ID": 333290,
		"STRING": "話を振られた村雲も心当たりはないようで、腕を組んだまま申し訳なさそうに言う。",
		"ENG_STRING": "Nothing comes to mind for him either it seems as he crosses his arms and says apologetically:"
	},
	{
		"TYPE": "ZM",
		"ID": 333291,
		"NAME": "静春",
		"ENG_NAME": "Shizuka",
		"STRING": "「保健室に関しては特に……変わった騒ぎがあったなんて記述は見たことありません」",
		"ENG_STRING": "“I didn't see any accounts of anything particularly... strange happening involving the infirmary.”"
	},
	{
		"TYPE": "ZM",
		"ID": 333292,
		"NAME": "小太郎",
		"ENG_NAME": "Kotaro",
		"STRING": "「じゃあ別に場所には意味はないのかな？」",
		"ENG_STRING": "“So the location isn't important then?”"
	},
	{
		"TYPE": "ZM",
		"ID": 333293,
		"NAME": "憂緒",
		"ENG_NAME": "Ushio",
		"STRING": "「……ただ、なぜこの場所なのかというのは確かに気になりますね」",
		"ENG_STRING": "“...However, it's still curious as to why it happened here both times.”"
	},
	{
		"TYPE": "ZM",
		"ID": 333294,
		"NAME": "憂緒",
		"ENG_NAME": "Ushio",
		"STRING": "「私たちにはわからなくても、何かしらの意味があるのかもしれません」",
		"ENG_STRING": "“There may be some sort of meaning behind it that's not apparent to us.”"
	},
	{
		"TYPE": "ZM",
		"ID": 333295,
		"NAME": "満琉",
		"ENG_NAME": "Michiru",
		"STRING": "「じゃあここに見張りでも立ててみるか？　怪しい奴が近づけないように」",
		"ENG_STRING": "“Should we have someone stand guard to prevent any shady people from coming near here?”"
	},
	{
		"TYPE": "ZM",
		"ID": 333296,
		"NAME": "憂緒",
		"ENG_NAME": "Ushio",
		"STRING": "「その手は打っておいて損はないと思います。いかがですか、壬生さん」",
		"ENG_STRING": "“There's no harm in trying that. What do you think, Mibu-san?”"
	},
	{
		"TYPE": "ZM",
		"ID": 333297,
		"NAME": "鍔姫",
		"ENG_NAME": "Tsubaki",
		"STRING": "「そうだな、風紀委員長に頼んでみよう」",
		"ENG_STRING": "“I'll try asking the Disciplinary Committee chief.”"
	},
	{
		"TYPE": "ZM",
		"ID": 333298,
		"NAME": "憂緒",
		"ENG_NAME": "Ushio",
		"STRING": "「お願いします。私は念のため遺品が使用された形跡がないか確認します」",
		"ENG_STRING": "“Please do. I will go confirm whether or not a Mist has been used, just in case.”"
	},
	{
		"TYPE": "ZM",
		"ID": 333299,
		"NAME": "満琉",
		"ENG_NAME": "Michiru",
		"STRING": "「んじゃ図書館か」",
		"ENG_STRING": "“Off to the library then?”"
	},
	{
		"TYPE": "ZM",
		"ID": 333300,
		"STRING": "遺品関係ならまずリトに確認するしかないからな。",
		"ENG_STRING": "Rito's the only one we can ask about Mist-related matters."
	},
	{
		"TYPE": "ZM",
		"ID": 333301,
		"NAME": "鍔姫",
		"ENG_NAME": "Tsubaki",
		"STRING": "「よろしく頼むぞ。行こう、村雲」@n",
		"ENG_STRING": "“I'll be counting on you guys for that. Let's go, Murakumo.”@n"
	},
	{
		"TYPE": "ZM",
		"ID": 333302,
		"NAME": "静春",
		"ENG_NAME": "Shizuka",
		"STRING": "「あ、はい」",
		"ENG_STRING": "“Ah, sure.”"
	},
	{
		"TYPE": "ZM",
		"ID": 333303,
		"STRING": "風紀の二人は足早にその場を立ち去って行った。",
		"ENG_STRING": "The two of them briskly leave."
	},
	{
		"TYPE": "ZM",
		"ID": 333304,
		"STRING": "なんとなくその後ろ姿を見送る……",
		"ENG_STRING": "As I'm seeing them off..."
	},
	{
		"TYPE": "ZM",
		"ID": 333305,
		"NAME": "満琉",
		"ENG_NAME": "Michiru",
		"STRING": "「あいつ大丈夫かな」",
		"ENG_STRING": "“Will he be okay?”"
	},
	{
		"TYPE": "ZM",
		"ID": 333306,
		"NAME": "小太郎",
		"ENG_NAME": "Kotaro",
		"STRING": "「え？」",
		"ENG_STRING": "“Huh?”"
	},
	{
		"TYPE": "ZM",
		"ID": 333307,
		"NAME": "満琉",
		"ENG_NAME": "Michiru",
		"STRING": "「静春ちゃんだよ。なんか思い詰めてそうだから」",
		"ENG_STRING": "“I'm talking about Shizuka-chan. It seems like he's really frustrated.”"
	},
	{
		"TYPE": "ZM",
		"ID": 333308,
		"NAME": "小太郎",
		"ENG_NAME": "Kotaro",
		"STRING": "「……うん。やっぱり気にしてるみたいだね」",
		"ENG_STRING": "“...Yeah. He's probably still worried about it.”"
	},
	{
		"TYPE": "ZM",
		"ID": 333309,
		"STRING": "おまるにもそう見えるのか。",
		"ENG_STRING": "He thinks so too, huh?"
	},
	{
		"TYPE": "ZM",
		"ID": 333310,
		"STRING": "俺に対しては、いつも勢いだけはいいから、余計大人しく感じるってわけでもないらしい。",
		"ENG_STRING": "Murakumo's normally so aggressive towards me, so I'm guessing he's not just going through a quiet phase."
	},
	{
		"TYPE": "ZM",
		"ID": 333311,
		"NAME": "満琉",
		"ENG_NAME": "Michiru",
		"STRING": "「まあ、鍔姫ちゃんがついてるからそうそう無茶はしないと思いたいんだが」",
		"ENG_STRING": "“Well, Tsubaki-chan's with him so he hopefully won't be doing anything too rash.”"
	},
	{
		"TYPE": "ZM",
		"ID": 333313,
		"NAME": "憂緒",
		"ENG_NAME": "Ushio",
		"STRING": "「壬生さんは無茶をしそうなら止めてくれるでしょう」",
		"ENG_STRING": "“I'm sure she'd stop him if he tried.”"
	},
	{
		"TYPE": "ZM",
		"ID": 333314,
		"NAME": "満琉",
		"ENG_NAME": "Michiru",
		"STRING": "「ああ……」",
		"ENG_STRING": "“Oh...”"
	},
	{
		"TYPE": "ZM",
		"ID": 333315,
		"STRING": "まずは図書館だな。",
		"ENG_STRING": "For now, we need to go to the library."
	},
	{
		"TYPE": "ZM",
		"ID": 333316,
		"STRING": "俺たちは人気の無くなった廊下を歩き校舎の地下へと向かう……。",
		"ENG_STRING": "Walking through the now-deserted hallway, we head towards the basement of the school..."
	},
	{
		"TYPE": "ZM",
		"ID": 333317,
		"STRING": "リトはいつも通り、図書館の奥で一人たたずんでいた。",
		"ENG_STRING": "Rito is, as always, standing all by herself deep within the library."
	},
	{
		"TYPE": "ZM",
		"ID": 333318,
		"STRING": "微かな埃が、淡い灯りの中で、きらきらとささやかな装飾のように舞っている。",
		"ENG_STRING": "A bit of dust dances in the air under the dim lighting, making for a modest decoration."
	},
	{
		"TYPE": "ZM",
		"ID": 333319,
		"NAME": "憂緒",
		"ENG_NAME": "Ushio",
		"STRING": "「リトさん」",
		"ENG_STRING": "“Rito-san.”"
	},
	{
		"TYPE": "ZM",
		"ID": 333320,
		"NAME": "リト",
		"ENG_NAME": "Rito",
		"STRING": "「……また何かあったみたいね」",
		"ENG_STRING": "“...It looks like something has happened again.”"
	},
	{
		"TYPE": "ZM",
		"ID": 333321,
		"STRING": "ぞろぞろと近づいて来た俺たちを見て、リトはふわりと長い髪を揺らし近づいてくる。",
		"ENG_STRING": "Seeing us approaching, she walks towards us, her long hair gently swaying."
	},
	{
		"TYPE": "ZM",
		"ID": 333322,
		"STRING": "さっき慌ただしく出て行ったから、そのうち来ると踏んでいたのだろう。",
		"ENG_STRING": "Given how we rushed out of the Bureau office earlier, she was probably expecting us."
	},
	{
		"TYPE": "ZM",
		"ID": 333323,
		"NAME": "リト",
		"ENG_NAME": "Rito",
		"STRING": "「今度はなに？」",
		"ENG_STRING": "“What happened this time?”"
	},
	{
		"TYPE": "ZM",
		"ID": 333324,
		"NAME": "憂緒",
		"ENG_NAME": "Ushio",
		"STRING": "「先日と同じです。保健室前に生徒が倒れていました」",
		"ENG_STRING": "“The same thing as a few days ago. A student collapsed outside the infirmary.”"
	},
	{
		"TYPE": "ZM",
		"ID": 333325,
		"NAME": "リト",
		"ENG_NAME": "Rito",
		"STRING": "「そう……。まったく同じ状況なの？」",
		"ENG_STRING": "“I see... Is the situation identical?”"
	},
	{
		"TYPE": "ZM",
		"ID": 333326,
		"NAME": "憂緒",
		"ENG_NAME": "Ushio",
		"STRING": "「ほとんど。違っているのは今回は白い人影が目撃されていないことくらいです」",
		"ENG_STRING": "“Almost. The only difference is that the white figure was not spotted.”"
	},
	{
		"TYPE": "ZM",
		"ID": 333327,
		"NAME": "満琉",
		"ENG_NAME": "Michiru",
		"STRING": "「でも、あいつは俺たちが駆けつけたときもさっさと消え失せたからなあ」",
		"ENG_STRING": "“Though he disappeared pretty quickly when we tried to chase him last time.”"
	},
	{
		"TYPE": "ZM",
		"ID": 333328,
		"NAME": "小太郎",
		"ENG_NAME": "Kotaro",
		"STRING": "「今回は見つかる前に消えただけかもしれないよね」",
		"ENG_STRING": "“He could've just left before anyone got there.”"
	},
	{
		"TYPE": "ZM",
		"ID": 333329,
		"STRING": "むしろ、その可能性が高い気がする。",
		"ENG_STRING": "That's most likely what happened."
	},
	{
		"TYPE": "ZM",
		"ID": 333330,
		"STRING": "前回より俺たちも風紀委員も警戒していたのだから、向こうだってその気配くらい察するだろう。",
		"ENG_STRING": "We and the Disciplinary Committee have been on our guards since Murakumo's incident. The guy in white has to have noticed it, too."
	},
	{
		"TYPE": "ZM",
		"ID": 333331,
		"NAME": "憂緒",
		"ENG_NAME": "Ushio",
		"STRING": "「リトさん、本日、校内で遺品が使用された形跡はありませんか？」",
		"ENG_STRING": "“Rito-san, are there any signs of a Mist having been used today?”"
	},
	{
		"TYPE": "ZM",
		"ID": 333332,
		"NAME": "リト",
		"ENG_NAME": "Rito",
		"STRING": "「私の把握している限りは、ないわね」",
		"ENG_STRING": "“As far as I can tell, no.”"
	},
	{
		"TYPE": "ZM",
		"ID": 333333,
		"NAME": "憂緒",
		"ENG_NAME": "Ushio",
		"STRING": "「やはり、ですか。では後で、今回倒れた生徒にも遺品の形跡がないか調べて貰えますか？」",
		"ENG_STRING": "“I thought so. In that case, would you be able to check for any traces of a Mist being used on the student who collapsed later?”"
	},
	{
		"TYPE": "ZM",
		"ID": 333334,
		"NAME": "リト",
		"ENG_NAME": "Rito",
		"STRING": "「もちろんいいわよ」",
		"ENG_STRING": "“I'd be glad to.”"
	},
	{
		"TYPE": "ZM",
		"ID": 333335,
		"NAME": "憂緒",
		"ENG_NAME": "Ushio",
		"STRING": "「あと、念のために確認しておきたいのですが」",
		"ENG_STRING": "“Also, I would like to confirm one last thing.”"
	},
	{
		"TYPE": "ZM",
		"ID": 333336,
		"NAME": "リト",
		"ENG_NAME": "Rito",
		"STRING": "「なにかしら？」",
		"ENG_STRING": "“What is it?”"
	},
	{
		"TYPE": "ZM",
		"ID": 333337,
		"NAME": "憂緒",
		"ENG_NAME": "Ushio",
		"STRING": "「現場は二度とも同じ保健室の前の廊下なのです」",
		"ENG_STRING": "“Both incidents occurred in the hallway outside the infirmary.”"
	},
	{
		"TYPE": "ZM",
		"ID": 333338,
		"NAME": "憂緒",
		"ENG_NAME": "Ushio",
		"STRING": "「あの保健室やその付近に、遺品に関係した何か特別な事柄はありますか？」",
		"ENG_STRING": "“Is there anything special about that area with regards to Mists?”"
	},
	{
		"TYPE": "ZM",
		"ID": 333339,
		"NAME": "リト",
		"ENG_NAME": "Rito",
		"STRING": "「保健室……。そうね、保健室になにかがあったという記述は読んだ記憶がないわ」",
		"ENG_STRING": "“The infirmary... No, I can't recall reading about anything involving that place.”"
	},
	{
		"TYPE": "ZM",
		"ID": 333340,
		"STRING": "あまり考え込むこともなく、リトはモー子の疑問を否定した。",
		"ENG_STRING": "Rito answers her question without much thought."
	},
	{
		"TYPE": "ZM",
		"ID": 333341,
		"NAME": "憂緒",
		"ENG_NAME": "Ushio",
		"STRING": "「では、過去にあの場所が保健室以外の別の部屋だったことがあるというようなことは？」",
		"ENG_STRING": "“Are there any records about that location being a room other than the infirmary in the past?”"
	},
	{
		"TYPE": "ZM",
		"ID": 333342,
		"STRING": "今度は数秒考えてから返答する。",
		"ENG_STRING": "This time, it takes her a few seconds before she responds."
	},
	{
		"TYPE": "ZM",
		"ID": 333343,
		"NAME": "リト",
		"ENG_NAME": "Rito",
		"STRING": "「……改装は何度かされているはずよ」",
		"ENG_STRING": "“...It's been renovated several times.”"
	},
	{
		"TYPE": "ZM",
		"ID": 333344,
		"NAME": "憂緒",
		"ENG_NAME": "Ushio",
		"STRING": "「校内の見取り図などは？」",
		"ENG_STRING": "“Are there any maps of the school's interior?”"
	},
	{
		"TYPE": "ZM",
		"ID": 333345,
		"NAME": "リト",
		"ENG_NAME": "Rito",
		"STRING": "「あるわよ」",
		"ENG_STRING": "“There are.”"
	},
	{
		"TYPE": "ZM",
		"ID": 333346,
		"NAME": "憂緒",
		"ENG_NAME": "Ushio",
		"STRING": "「それを調べさせて貰えますか？」",
		"ENG_STRING": "“Could we take a look at them?”"
	},
	{
		"TYPE": "ZM",
		"ID": 333347,
		"NAME": "リト",
		"ENG_NAME": "Rito",
		"STRING": "「ええ、いいわ。地図は向こうの奥の棚。私も一緒に行くわ」",
		"ENG_STRING": "“Yes, of course. The maps are located on a bookshelf on the other side of the library. I'll accompany you.”"
	},
	{
		"TYPE": "ZM",
		"ID": 333348,
		"NAME": "憂緒",
		"ENG_NAME": "Ushio",
		"STRING": "「お願いします。地図だけでも膨大でしょうから」",
		"ENG_STRING": "“Thank you. Even maps can be quite large.”"
	},
	{
		"TYPE": "ZM",
		"ID": 333349,
		"NAME": "小太郎",
		"ENG_NAME": "Kotaro",
		"STRING": "「手伝おうか？」",
		"ENG_STRING": "“Do you want us to help?”"
	},
	{
		"TYPE": "ZM",
		"ID": 333350,
		"NAME": "憂緒",
		"ENG_NAME": "Ushio",
		"STRING": "「いえ、必要ありません。引き続き学園内の捜索をお願いします」",
		"ENG_STRING": "“No, there is no need for that. Please continue searching the school.”"
	},
	{
		"TYPE": "ZM",
		"ID": 333351,
		"NAME": "満琉",
		"ENG_NAME": "Michiru",
		"STRING": "「そうだな。白い奴がそうそう現れるかどうかはわからんけど」",
		"ENG_STRING": "“All right, though we don't know if that guy in white will show up again.”"
	},
	{
		"TYPE": "ZM",
		"ID": 333352,
		"STRING": "モー子はきゅっと形の良い眉目を寄せ、真剣な眼差しで言った。",
		"ENG_STRING": "Furrowing her brow, she says with a grave look in her eyes:"
	},
	{
		"TYPE": "ZM",
		"ID": 333353,
		"NAME": "憂緒",
		"ENG_NAME": "Ushio",
		"STRING": "「……万が一現れても、不用意に追うとまた消えてしまいそうですから、慎重に」",
		"ENG_STRING": "“...In the off chance that he does appear, he may very well vanish again, so please exercise prudence when pursuing him.”"
	},
	{
		"TYPE": "ZM",
		"ID": 333354,
		"NAME": "満琉",
		"ENG_NAME": "Michiru",
		"STRING": "「ああ、わかってる」",
		"ENG_STRING": "“Yeah, got it.”"
	},
	{
		"TYPE": "ZM",
		"ID": 333355,
		"STRING": "頷いて、俺とおまるは図書館を出る。",
		"ENG_STRING": "Nodding, Omaru and I leave the library."
	},
	{
		"TYPE": "ZM",
		"ID": 333356,
		"NAME": "満琉",
		"ENG_NAME": "Michiru",
		"STRING": "（……やっぱり）",
		"ENG_STRING": "(...I was right.)"
	},
	{
		"TYPE": "ZM",
		"ID": 333357,
		"STRING": "モー子はあの白い奴をどこか気遣っているような気がする。",
		"ENG_STRING": "She's anxious about that guy in white."
	},
	{
		"TYPE": "ZM",
		"ID": 333358,
		"NAME": "小太郎",
		"ENG_NAME": "Kotaro",
		"STRING": "「どうしたの？」@n",
		"ENG_STRING": "“What's up?”@n"
	},
	{
		"TYPE": "ZM",
		"ID": 333359,
		"NAME": "満琉",
		"ENG_NAME": "Michiru",
		"STRING": "「いや、どうも気になってな」",
		"ENG_STRING": "“Nothing much. There's just something on my mind.”"
	},
	{
		"TYPE": "ZM",
		"ID": 333360,
		"NAME": "小太郎",
		"ENG_NAME": "Kotaro",
		"STRING": "「何が？」",
		"ENG_STRING": "“Noticed what?”"
	},
	{
		"TYPE": "ZM",
		"ID": 333361,
		"NAME": "満琉",
		"ENG_NAME": "Michiru",
		"STRING": "「……モー子の奴、やっぱり何か隠してる気がしないか？」",
		"ENG_STRING": "“...Don't you get the feeling that Mooko's hiding something from us?”"
	},
	{
		"TYPE": "ZM",
		"ID": 333362,
		"NAME": "小太郎",
		"ENG_NAME": "Kotaro",
		"STRING": "「隠してる……のかなぁ？」",
		"ENG_STRING": "“Hiding... You think so?”"
	},
	{
		"TYPE": "ZM",
		"ID": 333363,
		"NAME": "満琉",
		"ENG_NAME": "Michiru",
		"STRING": "「ん？」",
		"ENG_STRING": "“Hmm?”"
	},
	{
		"TYPE": "ZM",
		"ID": 333364,
		"STRING": "おまるは少し歩調を緩めながら、視線を自分の足下へと落とす。",
		"ENG_STRING": "He slows down and looks at his feet."
	},
	{
		"TYPE": "ZM",
		"ID": 333365,
		"NAME": "小太郎",
		"ENG_NAME": "Kotaro",
		"STRING": "「なんていうか、憂緒さんの場合、本人は隠してるつもりはないんじゃないのかも、って……」",
		"ENG_STRING": "“I don't think she's doing it on purpose...”"
	},
	{
		"TYPE": "ZM",
		"ID": 333366,
		"STRING": "言いづらそうに、沈んだ声色でおまるは言った。",
		"ENG_STRING": "He says that in a subdued voice, as if he finds it difficult to say."
	},
	{
		"TYPE": "ZM",
		"ID": 333367,
		"NAME": "満琉",
		"ENG_NAME": "Michiru",
		"STRING": "「ああ……」",
		"ENG_STRING": "“Oh...”"
	},
	{
		"TYPE": "ZM",
		"ID": 333368,
		"NAME": "満琉",
		"ENG_NAME": "Michiru",
		"STRING": "「俺らに言う必要はないって、普通に思ってるだけってことか」",
		"ENG_STRING": "“She probably thinks that there's no need to tell us about it.”"
	},
	{
		"TYPE": "ZM",
		"ID": 333369,
		"NAME": "小太郎",
		"ENG_NAME": "Kotaro",
		"STRING": "「うん、まあ、本当に必要な事はちゃんと話してくれてると思うけどね。事件の情報とか」",
		"ENG_STRING": "“Yeah. At least she tells us the important stuff, like information about incidents.”"
	},
	{
		"TYPE": "ZM",
		"ID": 333370,
		"NAME": "小太郎",
		"ENG_NAME": "Kotaro",
		"STRING": "「でも、これは関係ないだろうって憂緒さんが思ったことは……」",
		"ENG_STRING": "“But I wonder what it is that she thinks is irrelevant...”"
	},
	{
		"TYPE": "ZM",
		"ID": 333371,
		"NAME": "満琉",
		"ENG_NAME": "Michiru",
		"STRING": "「いちいち言わないか。ま、最初からそうっちゃそうだったけどな」",
		"ENG_STRING": "“She won't tell us. Well, she's been that way from the start.”"
	},
	{
		"TYPE": "ZM",
		"ID": 333372,
		"STRING": "確かに、それだけのことなのかも知れない。",
		"ENG_STRING": "That may be all there is to it."
	},
	{
		"TYPE": "ZM",
		"ID": 333373,
		"STRING": "モー子の態度が不自然だと思い込んでいたが、実はこっちが必要以上に気にしすぎていただけなのかも……。",
		"ENG_STRING": "I had thought that she's been acting weirdly, but maybe she's just being overly cautious with us..."
	},
	{
		"TYPE": "ZM",
		"ID": 333374,
		"NAME": "小太郎",
		"ENG_NAME": "Kotaro",
		"STRING": "「……未だにあまり信用されてないのかなーって思うと、ちょっと寂しいけどね……」",
		"ENG_STRING": "“It's a bit disheartening to think that she still doesn't trust us after all this time...”"
	},
	{
		"TYPE": "ZM",
		"ID": 333375,
		"STRING": "ぽつりと、おまるは独り言のように呟いた。",
		"ENG_STRING": "He says that as if to himself."
	},
	{
		"TYPE": "ZM",
		"ID": 333376,
		"STRING": "そんなおまるの沈んだ顔を視界の隅に捕らえ、俺は何故かモー子に対して少し苛立ちを覚える。",
		"ENG_STRING": "Catching a glimpse of his depressed face makes me a little irritated about Mooko for some reason."
	},
	{
		"TYPE": "ZM",
		"ID": 333377,
		"NAME": "満琉",
		"ENG_NAME": "Michiru",
		"STRING": "「こっちだって全幅の信頼を置いてるわけじゃない」",
		"ENG_STRING": "“It's not like I completely trust her, either.”"
	},
	{
		"TYPE": "ZM",
		"ID": 333378,
		"NAME": "小太郎",
		"ENG_NAME": "Kotaro",
		"STRING": "「なんでそこ張り合うのっ！？　そこは張り合っちゃ駄目だろ！？」@n",
		"ENG_STRING": "“Since when was this a competition!? That's not something you should compete over!”@n"
	},
	{
		"TYPE": "ZM",
		"ID": 333379,
		"NAME": "満琉",
		"ENG_NAME": "Michiru",
		"STRING": "「あ、そうなのか？　なんかしょげてるから、対抗するべきかと思って」",
		"ENG_STRING": "“Oh, really? You seemed down in the dumps, so I wanted to counteract that.”"
	},
	{
		"TYPE": "ZM",
		"ID": 333380,
		"NAME": "小太郎",
		"ENG_NAME": "Kotaro",
		"STRING": "「みっちー……からかってるだろ……」",
		"ENG_STRING": "“Micchi... You're teasing me, aren't you...”"
	},
	{
		"TYPE": "ZM",
		"ID": 333381,
		"STRING": "おまるをからかったつもりはなかったんだがな。",
		"ENG_STRING": "That wasn't my intention."
	},
	{
		"TYPE": "ZM",
		"ID": 333382,
		"STRING": "自分でも何に対して腹が立ったのかよくわからなくなってきて、それを誤魔化そうとしたら自分でもわけのわからない発言になっていた。",
		"ENG_STRING": "I'm not exactly sure why I'm so pissed off, but I ended up saying something stupid as a result of my trying to hide that."
	},
	{
		"TYPE": "ZM",
		"ID": 333383,
		"NAME": "満琉",
		"ENG_NAME": "Michiru",
		"STRING": "「いや、へこませたみたいだから、場を和ませようと」",
		"ENG_STRING": "“No, I wanted to get rid of the gloomy atmosphere.”"
	},
	{
		"TYPE": "ZM",
		"ID": 333384,
		"STRING": "とりあえず内心の混乱を顔に出さないように、いつもより軽い口調で言う。",
		"ENG_STRING": "I say that in my usual lighthearted tone of voice to avoid betraying my inner confusion."
	},
	{
		"TYPE": "ZM",
		"ID": 333385,
		"STRING": "おまるは気づかずいつもの軽口だと思ってくれたようだった。",
		"ENG_STRING": "He doesn't seem to notice and is taking it as another one of my jokes."
	},
	{
		"TYPE": "ZM",
		"ID": 333386,
		"NAME": "小太郎",
		"ENG_NAME": "Kotaro",
		"STRING": "「和まないよっ！！　もー、どっちも頑固なんだから……」@n",
		"ENG_STRING": "“Don't do that!! Geez, both of you are so stubborn...”@n"
	},
	{
		"TYPE": "ZM",
		"ID": 333387,
		"NAME": "満琉",
		"ENG_NAME": "Michiru",
		"STRING": "「俺もかよ？」",
		"ENG_STRING": "“I am?”"
	},
	{
		"TYPE": "ZM",
		"ID": 333388,
		"NAME": "小太郎",
		"ENG_NAME": "Kotaro",
		"STRING": "「おれから見たらいい勝負だよ、みっちーも憂緒さんも」",
		"ENG_STRING": "“To me, you're neck and neck in a battle of stubbornness.”"
	},
	{
		"TYPE": "ZM",
		"ID": 333389,
		"NAME": "満琉",
		"ENG_NAME": "Michiru",
		"STRING": "「不本意だなあ……」",
		"ENG_STRING": "“Much to my displeasure...”"
	},
	{
		"TYPE": "ZM",
		"ID": 333390,
		"STRING": "言ってから、モー子が例の口調で心底不本意ですと俺と同じ台詞を言ってる姿がありありと浮かんだ。",
		"ENG_STRING": "I can clearly picture her saying the exact same phrase, her voice bleeding with disappointment."
	},
	{
		"TYPE": "ZM",
		"ID": 333391,
		"STRING": "浮かんだが、なんか悔しいので口には出さないでおくことにした。",
		"ENG_STRING": "It's making me angry though, so I don't say anything about it."
	},
	{
		"TYPE": "ZM",
		"ID": 333392,
		"NAME": "小太郎",
		"ENG_NAME": "Kotaro",
		"STRING": "「ほら、みっちー、行くよ！」",
		"ENG_STRING": "“Come on, Micchi. Let's go!”"
	},
	{
		"TYPE": "ZM",
		"ID": 333393,
		"NAME": "満琉",
		"ENG_NAME": "Michiru",
		"STRING": "「わかったわかった」",
		"ENG_STRING": "“All right, all right.”"
	},
	{
		"TYPE": "ZM",
		"ID": 333394,
		"STRING": "……しかし、おまるはおまるで、未だにどこかズレてる俺たちの間柄をけっこう気にしてるんだな。",
		"ENG_STRING": "...In his own little way, he's worrying about the gulf that still exists in our relationship with her."
	},
	{
		"TYPE": "ZM",
		"ID": 333395,
		"NAME": "満琉",
		"ENG_NAME": "Michiru",
		"STRING": "（気にならないわけじゃないけどな。俺だって……）",
		"ENG_STRING": "(Though it's not like I'm not concerned about it either...)"
	},
	{
		"TYPE": "ZM",
		"ID": 333396,
		"STRING": "肝心のモー子が今のところ腹割る気ゼロっぽいからなぁ……。",
		"ENG_STRING": "After all, I don't think she's planning on opening up to us anytime soon..."
	},
	{
		"TYPE": "ZM",
		"ID": 333397,
		"NAME": "小太郎",
		"ENG_NAME": "Kotaro",
		"STRING": "「みっちーってばー！」",
		"ENG_STRING": "“Micchi!”"
	},
	{
		"TYPE": "ZM",
		"ID": 333398,
		"NAME": "満琉",
		"ENG_NAME": "Michiru",
		"STRING": "「あー、今行く！」",
		"ENG_STRING": "“Yeah, I'm coming!”"
	},
	{
		"TYPE": "ZM",
		"ID": 333399,
		"STRING": "気づけばずいぶん先へ行っていたおまるを追いかけて廊下を走った。",
		"ENG_STRING": "Before I know it, he's already a good distance ahead of me, and I run to catch up."
	},
	{
		"TYPE": "ZM",
		"ID": 333400,
		"STRING": "……で。",
		"ENG_STRING": "...And..."
	},
	{
		"TYPE": "ZM",
		"ID": 333401,
		"STRING": "例によって白い奴は影も形も噂もなかった。",
		"ENG_STRING": "As expected, we caught neither a glimpse nor wind of the guy in white."
	}
]