[
	{
		"TYPE": "ZM",
		"ID": 309762,
		"STRING": "しばらく消えた扉を見つめ、呆然と佇んでいたが、ふと我に返る。",
		"ENG_STRING": "I stare blankly at the location where the door was, but I soon return to my senses."
	},
	{
		"TYPE": "ZM",
		"ID": 309763,
		"NAME": "眠子",
		"ENG_NAME": "Neko",
		"STRING": "「帰ってきた……」",
		"ENG_STRING": "“We're back...”"
	},
	{
		"TYPE": "ZM",
		"ID": 309764,
		"NAME": "満琉",
		"ENG_NAME": "Michiru",
		"STRING": "「そうみたいだな」",
		"ENG_STRING": "“Looks like it.”"
	},
	{
		"TYPE": "ZM",
		"ID": 309765,
		"STRING": "休み時間なのだろうか、生徒たちの声が聞こえる。",
		"ENG_STRING": "I can hear the bustling of students, so it's probably recess."
	},
	{
		"TYPE": "ZM",
		"ID": 309766,
		"STRING": "あまりにも日常すぎて、逆に変な感じがした。",
		"ENG_STRING": "Being thrown back into the ordinary feels a bit weird after all this time."
	},
	{
		"TYPE": "ZM",
		"ID": 309767,
		"STRING": "でもここで突っ立っているわけにはいかない。",
		"ENG_STRING": "We can't keep standing around here, though."
	},
	{
		"TYPE": "ZM",
		"ID": 309768,
		"NAME": "満琉",
		"ENG_NAME": "Michiru",
		"STRING": "「教室まで送るよ。みんな、心配してるだろ」",
		"ENG_STRING": "“I'll take you back to your classroom. Everyone's probably worried sick.”"
	},
	{
		"TYPE": "ZM",
		"ID": 309769,
		"NAME": "眠子",
		"ENG_NAME": "Neko",
		"STRING": "「あっ、はい」",
		"ENG_STRING": "“Ah, sure.”"
	},
	{
		"TYPE": "ZM",
		"ID": 309770,
		"STRING": "風呂屋の教室の前まで送っていくと―――。",
		"ENG_STRING": "As I'm about to do so――"
	},
	{
		"TYPE": "ZM",
		"ID": 309771,
		"NAME": "女子生徒Ａ",
		"ENG_NAME": "Female Student A",
		"STRING": "「眠子！？」",
		"ENG_STRING": "“Neko!?”"
	},
	{
		"TYPE": "ZM",
		"ID": 309772,
		"NAME": "女子生徒Ｂ",
		"ENG_NAME": "Female Student B",
		"STRING": "「眠子だ、眠子がいる！」",
		"ENG_STRING": "“It's Neko!”"
	},
	{
		"TYPE": "ZM",
		"ID": 309773,
		"NAME": "男子生徒Ａ",
		"ENG_NAME": "Male Student A",
		"STRING": "「おい、風呂屋町、どこにいたんだよ！？」",
		"ENG_STRING": "“Hey, Furoyamachi, where the heck were you!?”"
	},
	{
		"TYPE": "ZM",
		"ID": 309774,
		"NAME": "眠子",
		"ENG_NAME": "Neko",
		"STRING": "「え、えっとぉ」",
		"ENG_STRING": "“Ah, well...”"
	},
	{
		"TYPE": "ZM",
		"ID": 309775,
		"STRING": "風呂屋は心配していたクラスメイトたちにあっという間に囲まれていた。",
		"ENG_STRING": "She's quickly surrounded by a group of concerned classmates."
	},
	{
		"TYPE": "ZM",
		"ID": 309776,
		"NAME": "眠子",
		"ENG_NAME": "Neko",
		"STRING": "「こ、久我くん」",
		"ENG_STRING": "“K-Koga-kun.”"
	},
	{
		"TYPE": "ZM",
		"ID": 309777,
		"NAME": "満琉",
		"ENG_NAME": "Michiru",
		"STRING": "「あーみんなへの説明はまかせた……」",
		"ENG_STRING": "“Oh, I'll leave the explanation to you...”"
	},
	{
		"TYPE": "ZM",
		"ID": 309778,
		"NAME": "眠子",
		"ENG_NAME": "Neko",
		"STRING": "「なんて言えばいいんですかぁ〜〜」",
		"ENG_STRING": "“What am I supposed to say‾!?”"
	},
	{
		"TYPE": "ZM",
		"ID": 309779,
		"NAME": "満琉",
		"ENG_NAME": "Michiru",
		"STRING": "「難しい問題だな……俺も分室に帰るよ。おまるたちが心配してるだろうからな」",
		"ENG_STRING": "“That's a tough question... I'm going back to the Bureau. Omaru's probably worried to death.”"
	},
	{
		"TYPE": "ZM",
		"ID": 309780,
		"NAME": "眠子",
		"ENG_NAME": "Neko",
		"STRING": "「あ……」",
		"ENG_STRING": "“Ah...”"
	},
	{
		"TYPE": "ZM",
		"ID": 309781,
		"NAME": "満琉",
		"ENG_NAME": "Michiru",
		"STRING": "「じゃあな。今度からは変なもの拾ったら特査に届けるんだぞ」",
		"ENG_STRING": "“See you later. Next time you pick up something strange, bring it straight to us.”"
	},
	{
		"TYPE": "ZM",
		"ID": 309782,
		"STRING": "俺は騒がしい人の輪から離れた。",
		"ENG_STRING": "I leave the rowdy bunch of students."
	},
	{
		"TYPE": "ZM",
		"ID": 309783,
		"NAME": "眠子",
		"ENG_NAME": "Neko",
		"STRING": "「ありがとう……！　ありがとうございます、久我くん！」@n",
		"ENG_STRING": "“Thanks...! Thank you so much, Koga-kun!”@n"
	},
	{
		"TYPE": "ZM",
		"ID": 309784,
		"STRING": "風呂屋の声を背にして、俺は分室に向かった。",
		"ENG_STRING": "Hearing her voice from behind, I head towards the Bureau."
	},
	{
		"TYPE": "ZM",
		"ID": 309785,
		"NAME": "満琉",
		"ENG_NAME": "Michiru",
		"STRING": "「はあ……気が重い……」",
		"ENG_STRING": "“Ahh... I'm not looking forward to this...”"
	},
	{
		"TYPE": "ZM",
		"ID": 309786,
		"STRING": "これからあの分室に戻らねばならないと思うと、どうしてもため息しか出てこなくなる。",
		"ENG_STRING": "When I think about how I have to return to the Bureau, I can't help but sigh."
	},
	{
		"TYPE": "ZM",
		"ID": 309787,
		"STRING": "モー子に忠告されていながら、まんまと二次遭難してしまったんだ。",
		"ENG_STRING": "Just as Mooko had predicted when she warned me, I ended up in a second mishap."
	},
	{
		"TYPE": "ZM",
		"ID": 309788,
		"STRING": "どんだけ馬鹿にされることだろう。",
		"ENG_STRING": "There's going to be no end to her insults."
	},
	{
		"TYPE": "ZM",
		"ID": 309789,
		"STRING": "絶対零度の視線付きで。",
		"ENG_STRING": "And she'll be giving another one of those absolute zero glares."
	},
	{
		"TYPE": "ZM",
		"ID": 309790,
		"NAME": "満琉",
		"ENG_NAME": "Michiru",
		"STRING": "「でも行かないわけにいかねーしな……」",
		"ENG_STRING": "“I can't not go though...”"
	},
	{
		"TYPE": "ZM",
		"ID": 309791,
		"STRING": "せっかく学園に帰ってこられたのに、俺の足取りは重かった。",
		"ENG_STRING": "Despite having come back to the school, my footsteps are leaden."
	},
	{
		"TYPE": "ZM",
		"ID": 309792,
		"NAME": "満琉",
		"ENG_NAME": "Michiru",
		"STRING": "「た、ただいま〜〜」",
		"ENG_STRING": "“I-I'm back‾‾”"
	},
	{
		"TYPE": "ZM",
		"ID": 309793,
		"STRING": "若干、間の抜けた第一声ではあるが、とりあえず最初にいう言葉はこれしかないなと。",
		"ENG_STRING": "I say that in a somewhat dopey manner, but that's probably the first thing I should say."
	},
	{
		"TYPE": "ZM",
		"ID": 309794,
		"NAME": "小太郎",
		"ENG_NAME": "Kotaro",
		"STRING": "「あ……」",
		"ENG_STRING": "“Ah...”"
	},
	{
		"TYPE": "ZM",
		"ID": 309795,
		"STRING": "分室にはおまるがひとりでいた。",
		"ENG_STRING": "Omaru's alone in the Bureau office."
	},
	{
		"TYPE": "ZM",
		"ID": 309796,
		"STRING": "椅子にちょこんと座って、所在なさげにしている。",
		"ENG_STRING": "He sits quietly in the chair, looking bored."
	},
	{
		"TYPE": "ZM",
		"ID": 309797,
		"NAME": "小太郎",
		"ENG_NAME": "Kotaro",
		"STRING": "「みっ、みっちー！？」@n",
		"ENG_STRING": "“M-Micchi!?”@n"
	},
	{
		"TYPE": "ZM",
		"ID": 309798,
		"STRING": "がたんと大きな音をさせて、おまるは立ち上がった。",
		"ENG_STRING": "With a jerk, he stands up, making a loud bang."
	},
	{
		"TYPE": "ZM",
		"ID": 309799,
		"NAME": "満琉",
		"ENG_NAME": "Michiru",
		"STRING": "「よ、よお。ただいまー」",
		"ENG_STRING": "“H-Hey. I'm back.”"
	},
	{
		"TYPE": "ZM",
		"ID": 309800,
		"NAME": "小太郎",
		"ENG_NAME": "Kotaro",
		"STRING": "「み、みっちー……」@n",
		"ENG_STRING": "“M-Micchi...”@n"
	},
	{
		"TYPE": "ZM",
		"ID": 309801,
		"STRING": "おまるは大きな目をうるうると潤ませた。",
		"ENG_STRING": "His eyes widen and they become wet with tears."
	},
	{
		"TYPE": "ZM",
		"ID": 309802,
		"NAME": "小太郎",
		"ENG_NAME": "Kotaro",
		"STRING": "「みっちーーー！！」@n",
		"ENG_STRING": "“Micchiiii!!”@n"
	},
	{
		"TYPE": "ZM",
		"ID": 309803,
		"STRING": "そういいながら、おまるは俺に抱きついてきた。",
		"ENG_STRING": "As he says that, he wraps his arms around me."
	},
	{
		"TYPE": "ZM",
		"ID": 309804,
		"NAME": "満琉",
		"ENG_NAME": "Michiru",
		"STRING": "「お、おっと」",
		"ENG_STRING": "“Wh-Whoa there.”"
	},
	{
		"TYPE": "ZM",
		"ID": 309805,
		"NAME": "小太郎",
		"ENG_NAME": "Kotaro",
		"STRING": "「よかった、よかったよ〜〜！」",
		"ENG_STRING": "“I'm so glad. I'm so glad‾‾!”"
	},
	{
		"TYPE": "ZM",
		"ID": 309806,
		"STRING": "抱きついてくれるのが美少女だったら、嬉しかったんだけど、おまるもずいぶん心配してくれてたのだろう。",
		"ENG_STRING": "I'd be overjoyed if the one embracing me were a girl, but it seems like he was quite worried about me."
	},
	{
		"TYPE": "ZM",
		"ID": 309807,
		"NAME": "満琉",
		"ENG_NAME": "Michiru",
		"STRING": "「おいおい、大げさだな」",
		"ENG_STRING": "“Hey, hey, you're overexaggerating.”"
	},
	{
		"TYPE": "ZM",
		"ID": 309808,
		"NAME": "小太郎",
		"ENG_NAME": "Kotaro",
		"STRING": "「だって、リトさんにみっちーは鍵が使えないはずって言われちゃって。おれ、なんで渡しちゃったんだろうって」",
		"ENG_STRING": "“But Rito-san even said that you probably wouldn't be able to use the key and asked why I gave it to you.”"
	},
	{
		"TYPE": "ZM",
		"ID": 309809,
		"NAME": "満琉",
		"ENG_NAME": "Michiru",
		"STRING": "「そうか、俺じゃやっぱりダメだったんだな」",
		"ENG_STRING": "“I see, so I really don't have the mana for it.”"
	},
	{
		"TYPE": "ZM",
		"ID": 309810,
		"NAME": "小太郎",
		"ENG_NAME": "Kotaro",
		"STRING": "「それなのに鍵を渡しちゃってごめん」",
		"ENG_STRING": "“I threw you the key at the last minute, so sorry.”"
	},
	{
		"TYPE": "ZM",
		"ID": 309811,
		"NAME": "満琉",
		"ENG_NAME": "Michiru",
		"STRING": "「いや、それは俺も知らないことだったし、そもそも俺があの世界に飛び込んだせいであって」",
		"ENG_STRING": "“No, I forgot about it too, and it's all because I jumped through the door.”"
	},
	{
		"TYPE": "ZM",
		"ID": 309812,
		"NAME": "小太郎",
		"ENG_NAME": "Kotaro",
		"STRING": "「いやいや、おれが鍵を渡さなければ！」",
		"ENG_STRING": "“No, no, if only I didn't give you the key!”"
	},
	{
		"TYPE": "ZM",
		"ID": 309813,
		"NAME": "満琉",
		"ENG_NAME": "Michiru",
		"STRING": "「いやいや、俺が行かなければ！」",
		"ENG_STRING": "“No, no, if only I didn't go in!”"
	},
	{
		"TYPE": "ZM",
		"ID": 309814,
		"NAME": "小太郎",
		"ENG_NAME": "Kotaro",
		"STRING": "「とにかくごめん」",
		"ENG_STRING": "“In any case, I'm sorry.”"
	},
	{
		"TYPE": "ZM",
		"ID": 309815,
		"NAME": "満琉",
		"ENG_NAME": "Michiru",
		"STRING": "「それは俺だって」",
		"ENG_STRING": "“Likewise.”"
	},
	{
		"TYPE": "ZM",
		"ID": 309816,
		"STRING": "お互いぺこぺこと頭を下げ合った。",
		"ENG_STRING": "We both lower our heads."
	},
	{
		"TYPE": "ZM",
		"ID": 309817,
		"NAME": "小太郎",
		"ENG_NAME": "Kotaro",
		"STRING": "「あ！　で、風呂屋町さんはいたの！？」@n",
		"ENG_STRING": "“Ah! So did you find Furoyamachi-san!?”@n"
	},
	{
		"TYPE": "ZM",
		"ID": 309818,
		"STRING": "俺は無事に彼女を教室に送り届けたと話した。",
		"ENG_STRING": "I tell him that I safely brought her back and took her to her classroom."
	},
	{
		"TYPE": "ZM",
		"ID": 309819,
		"NAME": "小太郎",
		"ENG_NAME": "Kotaro",
		"STRING": "「よかった！　無事に見つかって」",
		"ENG_STRING": "“That's great! So she's all right?”"
	},
	{
		"TYPE": "ZM",
		"ID": 309820,
		"NAME": "満琉",
		"ENG_NAME": "Michiru",
		"STRING": "「ああ、怪我もない」",
		"ENG_STRING": "“Yeah, completely unharmed.”"
	},
	{
		"TYPE": "ZM",
		"ID": 309821,
		"NAME": "小太郎",
		"ENG_NAME": "Kotaro",
		"STRING": "「じゃあ、風呂屋町さんの魔力で戻ってこれたの？」",
		"ENG_STRING": "“Did you manage to get back with her mana then?”"
	},
	{
		"TYPE": "ZM",
		"ID": 309822,
		"NAME": "満琉",
		"ENG_NAME": "Michiru",
		"STRING": "「ええとそれは……」",
		"ENG_STRING": "“Well, about that...”"
	},
	{
		"TYPE": "ZM",
		"ID": 309823,
		"STRING": "どうやって説明しようか。",
		"ENG_STRING": "How should I go about explaining this?"
	},
	{
		"TYPE": "ZM",
		"ID": 309824,
		"STRING": "というか、どこから説明したらいいのか……。",
		"ENG_STRING": "Or rather, where should I even start explaining from...?"
	},
	{
		"TYPE": "ZM",
		"ID": 309825,
		"NAME": "満琉",
		"ENG_NAME": "Michiru",
		"STRING": "「話せば長くなるんだけどな……」",
		"ENG_STRING": "“It's going to be a long story...”"
	},
	{
		"TYPE": "ZM",
		"ID": 309826,
		"NAME": "小太郎",
		"ENG_NAME": "Kotaro",
		"STRING": "@w5@h5「あ！」@w0@h0",
		"ENG_STRING": "@w5@h5“Ah!“@w0@h0"
	},
	{
		"TYPE": "ZM",
		"ID": 309827,
		"STRING": "俺の話を遮って、おまるが大きな声を出す。",
		"ENG_STRING": "Cutting my sentence short, Omaru lets out a shout."
	},
	{
		"TYPE": "ZM",
		"ID": 309828,
		"NAME": "満琉",
		"ENG_NAME": "Michiru",
		"STRING": "「な、なんだよ」",
		"ENG_STRING": "“Wh-What is it?”"
	},
	{
		"TYPE": "ZM",
		"ID": 309829,
		"NAME": "小太郎",
		"ENG_NAME": "Kotaro",
		"STRING": "「みっちーが戻ってきたこと、憂緒さんとリトさんに知らせないと！」",
		"ENG_STRING": "“I have to let Ushio-san and Rito-san know that you're back!”"
	},
	{
		"TYPE": "ZM",
		"ID": 309830,
		"NAME": "満琉",
		"ENG_NAME": "Michiru",
		"STRING": "「あ……」",
		"ENG_STRING": "“Ah...”"
	},
	{
		"TYPE": "ZM",
		"ID": 309831,
		"STRING": "おまるは、内線電話に駆け寄った。",
		"ENG_STRING": "He runs over to the telephone."
	},
	{
		"TYPE": "ZM",
		"ID": 309832,
		"STRING": "そして、受話器を取りあげて、どこかに電話をかける。",
		"ENG_STRING": "He then picks up the receiver and places a call."
	},
	{
		"TYPE": "ZM",
		"ID": 309833,
		"NAME": "小太郎",
		"ENG_NAME": "Kotaro",
		"STRING": "「あ、リトさん？　特査分室の烏丸ですけど、憂緒さんは……」",
		"ENG_STRING": "“Ah, Rito-san? This is Karasuma from the Bureau. Is Ushio-san there...?”"
	},
	{
		"TYPE": "ZM",
		"ID": 309834,
		"STRING": "どうやらモー子はリトと一緒に図書館にいるようだな。",
		"ENG_STRING": "It seems that Mooko and Rito-san are together somewhere in the library."
	},
	{
		"TYPE": "ZM",
		"ID": 309835,
		"STRING": "俺がこの部屋に帰ってくるときには鉢合わせなかったから、多分奥の方にいたんだろう。",
		"ENG_STRING": "They're probably somewhere deep in the shelves, since I didn't run into them on my way here."
	},
	{
		"TYPE": "ZM",
		"ID": 309836,
		"NAME": "小太郎",
		"ENG_NAME": "Kotaro",
		"STRING": "「憂緒さん？　今、みっちーが……」@n",
		"ENG_STRING": "“Ushio-san? Micchi just...”@n"
	},
	{
		"TYPE": "ZM",
		"ID": 309837,
		"STRING": "正直なところ、モー子には会いたくない……。",
		"ENG_STRING": "To be honest, I don't really want to see her..."
	},
	{
		"TYPE": "ZM",
		"ID": 309838,
		"STRING": "でも報告しないわけにいかないし、会わないわけにもいかないしな……。",
		"ENG_STRING": "Not letting her know is out of the question though, and so is not seeing her..."
	},
	{
		"TYPE": "ZM",
		"ID": 309839,
		"STRING": "俺が苦悩している間に、おまるの電話が終わった。",
		"ENG_STRING": "As I'm racking my brain over it, Omaru finishes his call."
	},
	{
		"TYPE": "ZM",
		"ID": 309840,
		"NAME": "小太郎",
		"ENG_NAME": "Kotaro",
		"STRING": "「今、こっちに戻ってくるって」",
		"ENG_STRING": "“They're coming back now.”"
	},
	{
		"TYPE": "ZM",
		"ID": 309841,
		"NAME": "満琉",
		"ENG_NAME": "Michiru",
		"STRING": "「あ、そ、そう……」",
		"ENG_STRING": "“Oh, i-is that so...”"
	},
	{
		"TYPE": "ZM",
		"ID": 309842,
		"NAME": "小太郎",
		"ENG_NAME": "Kotaro",
		"STRING": "「それで、みっちー、あの後ってどうなったの？　風呂屋町さんにはすぐ会えたの？」",
		"ENG_STRING": "“So Micchi, what happened after? Did you find Furoyamachi-san soon?”"
	},
	{
		"TYPE": "ZM",
		"ID": 309843,
		"NAME": "満琉",
		"ENG_NAME": "Michiru",
		"STRING": "「ああ、それは……」",
		"ENG_STRING": "“Yeah, well...”"
	},
	{
		"TYPE": "ZM",
		"ID": 309844,
		"STRING": "参ったな。どうやって説明しようか。",
		"ENG_STRING": "What a pickle. How do I explain this?"
	},
	{
		"TYPE": "ZM",
		"ID": 309845,
		"STRING": "ふと、その前に例の鍵をおまるに渡そうと思い当たる。",
		"ENG_STRING": "Suddenly, I'm reminded of what Mooko told me to do with the key.,"
	},
	{
		"TYPE": "ZM",
		"ID": 309846,
		"NAME": "満琉",
		"ENG_NAME": "Michiru",
		"STRING": "「この鍵、俺が持っていてもしかたない。モー子がいうとおり、おまるが預かっていてくれ」",
		"ENG_STRING": "“Here, having me hold onto this is useless. Mooko even said that you should keep it.”"
	},
	{
		"TYPE": "ZM",
		"ID": 309847,
		"NAME": "小太郎",
		"ENG_NAME": "Kotaro",
		"STRING": "「うん、わかった」",
		"ENG_STRING": "“All right.”"
	},
	{
		"TYPE": "ZM",
		"ID": 309848,
		"STRING": "問題の鍵はようやっと俺の手を離れた。",
		"ENG_STRING": "That problematic key is finally out of my hands."
	},
	{
		"TYPE": "ZM",
		"ID": 309849,
		"STRING": "なんとなく安心した気分。",
		"ENG_STRING": "I feel a bit relieved."
	},
	{
		"TYPE": "ZM",
		"ID": 309850,
		"NAME": "小太郎",
		"ENG_NAME": "Kotaro",
		"STRING": "「それにしてもやっかいな鍵だよね」",
		"ENG_STRING": "“It sure is a troublesome key.”"
	},
	{
		"TYPE": "ZM",
		"ID": 309851,
		"NAME": "満琉",
		"ENG_NAME": "Michiru",
		"STRING": "「ああ、それはたしかだ。あの世界は、なんと言ったらいいのか……」",
		"ENG_STRING": "“That's for sure. I don't even know where to start when it comes to that world...”"
	},
	{
		"TYPE": "ZM",
		"ID": 309852,
		"NAME": "憂緒",
		"ENG_NAME": "Ushio",
		"STRING": "「……久我くん」@n",
		"ENG_STRING": "“...Koga-kun.”@n"
	},
	{
		"TYPE": "ZM",
		"ID": 309853,
		"STRING": "で、出た！",
		"ENG_STRING": "Sh-She's here!"
	},
	{
		"TYPE": "ZM",
		"ID": 309854,
		"STRING": "俺は絶対零度の視線を覚悟して、モー子を見た。",
		"ENG_STRING": "Preparing myself for her signature glare, I turn to face her."
	},
	{
		"TYPE": "ZM",
		"ID": 309855,
		"NAME": "憂緒",
		"ENG_NAME": "Ushio",
		"STRING": "「………………」",
		"ENG_STRING": "“......”"
	},
	{
		"TYPE": "ZM",
		"ID": 309856,
		"NAME": "満琉",
		"ENG_NAME": "Michiru",
		"STRING": "「あ……」",
		"ENG_STRING": "“Ah...”"
	},
	{
		"TYPE": "ZM",
		"ID": 309857,
		"STRING": "鋭い視線が俺に投げかけられていた。",
		"ENG_STRING": "She sends me a menacing scowl."
	},
	{
		"TYPE": "ZM",
		"ID": 309858,
		"STRING": "でもそれはいつもの絶対零度とは違っていて。",
		"ENG_STRING": "However, it's different from her usual one that's as cold as absolute zero."
	},
	{
		"TYPE": "ZM",
		"ID": 309859,
		"STRING": "冷たいというより、熱いという感じだった。",
		"ENG_STRING": "It feels more warm than cold."
	},
	{
		"TYPE": "ZM",
		"ID": 309860,
		"STRING": "お、怒ってる……。",
		"ENG_STRING": "Sh-She's totally mad..."
	},
	{
		"TYPE": "ZM",
		"ID": 309861,
		"STRING": "俺が感じたのは、まずそれだった。",
		"ENG_STRING": "That's the first thing that crosses my mind."
	},
	{
		"TYPE": "ZM",
		"ID": 309862,
		"STRING": "モー子の強い視線からは、ばりばりとその感情が伝わってきた。",
		"ENG_STRING": "Her sharp gaze is clearly sending me that message."
	},
	{
		"TYPE": "ZM",
		"ID": 309863,
		"NAME": "憂緒",
		"ENG_NAME": "Ushio",
		"STRING": "「きみと言う人は……」",
		"ENG_STRING": "“You are such...”"
	},
	{
		"TYPE": "ZM",
		"ID": 309864,
		"STRING": "その視線が揺らいだ。",
		"ENG_STRING": "Her expression wavers."
	},
	{
		"TYPE": "ZM",
		"ID": 309865,
		"STRING": "怒りの感情に何かが混じった。",
		"ENG_STRING": "There's a bit of something else mixed in with the anger."
	},
	{
		"TYPE": "ZM",
		"ID": 309866,
		"STRING": "そんな気がした。",
		"ENG_STRING": "That's the feeling I'm getting."
	},
	{
		"TYPE": "ZM",
		"ID": 309867,
		"STRING": "モー子の瞳がすこし潤んだような気がする。",
		"ENG_STRING": "Her eyes seem to be getting wet."
	},
	{
		"TYPE": "ZM",
		"ID": 309868,
		"STRING": "涙？　まさか。",
		"ENG_STRING": "Tears? No way."
	},
	{
		"TYPE": "ZM",
		"ID": 309869,
		"NAME": "小太郎",
		"ENG_NAME": "Kotaro",
		"STRING": "「あ、あの……」",
		"ENG_STRING": "“U-Umm...”"
	},
	{
		"TYPE": "ZM",
		"ID": 309870,
		"STRING": "俺たちの間の不穏な空気におまるがビビってる。",
		"ENG_STRING": "Omaru shrinks away from the disquieting atmosphere between Mooko and me."
	},
	{
		"TYPE": "ZM",
		"ID": 309871,
		"STRING": "俺もモー子の強い視線にいたたまれなくなった。",
		"ENG_STRING": "I can't endure her stare any longer."
	},
	{
		"TYPE": "ZM",
		"ID": 309872,
		"STRING": "思わず彼女から、目を逸らした。",
		"ENG_STRING": "I avert my gaze on impulse."
	},
	{
		"TYPE": "ZM",
		"ID": 309873,
		"NAME": "満琉",
		"ENG_NAME": "Michiru",
		"STRING": "「あ〜ええと」",
		"ENG_STRING": "“Ah‾ Umm...”"
	},
	{
		"TYPE": "ZM",
		"ID": 309874,
		"NAME": "満琉",
		"ENG_NAME": "Michiru",
		"STRING": "「あれだけ注意したのに、まんまと二次遭難してバカだと思ってるんだろ？　ほんと、その通りだよ」",
		"ENG_STRING": "“Even after you warned me so much, I went and got myself into another accident. You probably think I'm an idiot, right? Well, you're right.”"
	},
	{
		"TYPE": "ZM",
		"ID": 309875,
		"NAME": "満琉",
		"ENG_NAME": "Michiru",
		"STRING": "「ほんと今回ばかりは俺がバカだったよ」",
		"ENG_STRING": "“Really, this time I did something incredibly stupid.”"
	},
	{
		"TYPE": "ZM",
		"ID": 309876,
		"STRING": "自嘲気味にそう言った瞬間。",
		"ENG_STRING": "As I'm deriding myself..."
	},
	{
		"TYPE": "ZM",
		"ID": 309877,
		"NAME": "小太郎",
		"ENG_NAME": "Kotaro",
		"STRING": "@w5@h5「え！」@w0@h0",
		"ENG_STRING": "@w5@h5“Wha―!“@w0@h0"
	},
	{
		"TYPE": "ZM",
		"ID": 309878,
		"STRING": "左の頬に柔らかい衝撃。",
		"ENG_STRING": "I feel a light impact on my left cheek."
	},
	{
		"TYPE": "ZM",
		"ID": 309879,
		"STRING": "モー子に平手を食らったと気がついた時には、すでにその手は離れていた。",
		"ENG_STRING": "By the time I realize that Mooko had slapped me, she's already withdrawn her hand."
	},
	{
		"TYPE": "ZM",
		"ID": 309880,
		"NAME": "満琉",
		"ENG_NAME": "Michiru",
		"STRING": "「……モー子……？」",
		"ENG_STRING": "“...Mooko...?”"
	},
	{
		"TYPE": "ZM",
		"ID": 309881,
		"NAME": "憂緒",
		"ENG_NAME": "Ushio",
		"STRING": "「どうしてあんな勝手なことを！」",
		"ENG_STRING": "“Why did you do something so reckless!?”"
	},
	{
		"TYPE": "ZM",
		"ID": 309882,
		"NAME": "憂緒",
		"ENG_NAME": "Ushio",
		"STRING": "「危うく大変なことになるところだったんです！」",
		"ENG_STRING": "“You almost got yourself into serious danger!”"
	},
	{
		"TYPE": "ZM",
		"ID": 309883,
		"NAME": "憂緒",
		"ENG_NAME": "Ushio",
		"STRING": "「それをなんですか、その態度は！！」",
		"ENG_STRING": "“And what is with that attitude!?”"
	},
	{
		"TYPE": "ZM",
		"ID": 309884,
		"NAME": "憂緒",
		"ENG_NAME": "Ushio",
		"STRING": "「もし帰ってこれなかったら、どうするつもりだったんです！？」",
		"ENG_STRING": "“What were you going to do if you couldn't get back!?”"
	},
	{
		"TYPE": "ZM",
		"ID": 309885,
		"STRING": "烈火のごとく。",
		"ENG_STRING": "She's red with anger."
	},
	{
		"TYPE": "ZM",
		"ID": 309886,
		"STRING": "まさにそんな様子でモー子はまくしたてた。",
		"ENG_STRING": "In that state, she yells at me non-stop."
	},
	{
		"TYPE": "ZM",
		"ID": 309887,
		"NAME": "憂緒",
		"ENG_NAME": "Ushio",
		"STRING": "「二度と……帰ってこれなかったら……！」",
		"ENG_STRING": "“If you... couldn't get back...!”"
	},
	{
		"TYPE": "ZM",
		"ID": 309888,
		"STRING": "俺は言葉も出なかった。",
		"ENG_STRING": "I'm at a loss for words."
	},
	{
		"TYPE": "ZM",
		"ID": 309889,
		"STRING": "こんなモー子ははじめてだった。",
		"ENG_STRING": "It's my first time seeing her like this."
	},
	{
		"TYPE": "ZM",
		"ID": 309890,
		"NAME": "憂緒",
		"ENG_NAME": "Ushio",
		"STRING": "「……っ！」",
		"ENG_STRING": "“......!”"
	},
	{
		"TYPE": "ZM",
		"ID": 309891,
		"STRING": "モー子は、くるりと踵を返して、開け放たれたままだったドアから外に飛び出していった。",
		"ENG_STRING": "Turning around, she dashes out through the open Bureau office door."
	},
	{
		"TYPE": "ZM",
		"ID": 309892,
		"STRING": "俺はようやくそこで我に返った。",
		"ENG_STRING": "I finally catch up with the situation."
	},
	{
		"TYPE": "ZM",
		"ID": 309893,
		"NAME": "満琉",
		"ENG_NAME": "Michiru",
		"STRING": "「な、なんなんだよ、あいつ……」",
		"ENG_STRING": "“Wh-What's up with her...”"
	},
	{
		"TYPE": "ZM",
		"ID": 309894,
		"NAME": "満琉",
		"ENG_NAME": "Michiru",
		"STRING": "「あいつってあんなキャラ…だったっけ…」",
		"ENG_STRING": "“Was she always... that kind of person...?”"
	},
	{
		"TYPE": "ZM",
		"ID": 309895,
		"STRING": "突然のことに俺は動揺していた。",
		"ENG_STRING": "I'm taken aback by the sudden turn of events."
	},
	{
		"TYPE": "ZM",
		"ID": 309896,
		"STRING": "想像していたのは、もっと違う姿だ。",
		"ENG_STRING": "It's the complete opposite of what I anticipated."
	},
	{
		"TYPE": "ZM",
		"ID": 309897,
		"STRING": "もっと冷たく対応されて、延々ネチネチと嫌味を言われて、馬鹿にされて……。",
		"ENG_STRING": "I was expecting her to treat me more coldly and nag and talk down to me endlessly..."
	},
	{
		"TYPE": "ZM",
		"ID": 309898,
		"NAME": "小太郎",
		"ENG_NAME": "Kotaro",
		"STRING": "「……心配してたんだよ、すごく……」",
		"ENG_STRING": "“...She was really worried about you...”"
	},
	{
		"TYPE": "ZM",
		"ID": 309899,
		"NAME": "満琉",
		"ENG_NAME": "Michiru",
		"STRING": "「え？」",
		"ENG_STRING": "“Huh?”"
	},
	{
		"TYPE": "ZM",
		"ID": 309900,
		"NAME": "小太郎",
		"ENG_NAME": "Kotaro",
		"STRING": "「みっちーがあの扉の中に入ってからすぐに、リトさんに聞いて帰ってこれなくなってることはわかったんだ」",
		"ENG_STRING": "“Right after you entered the door, she went and asked Rito-san, who told her that you wouldn't be able to come back.”"
	},
	{
		"TYPE": "ZM",
		"ID": 309901,
		"NAME": "小太郎",
		"ENG_NAME": "Kotaro",
		"STRING": "「それから憂緒さん、寮にも帰らず、授業も出ずに図書館でずっと、みっちーを助けるための方法を探してたんだよ」",
		"ENG_STRING": "“After that, she didn't go back to the dorms or even to class and stayed in the library the entire time, trying to find out how to save you.”"
	},
	{
		"TYPE": "ZM",
		"ID": 309902,
		"NAME": "小太郎",
		"ENG_NAME": "Kotaro",
		"STRING": "「口には出してなかったけど、心配してることくらい態度でわかったよ」",
		"ENG_STRING": "“She didn't say it out loud, but anyone could tell how worried she was.”"
	},
	{
		"TYPE": "ZM",
		"ID": 309903,
		"STRING": "その言葉を聞いて、俺はモー子を追いかけるために分室を飛び出した。",
		"ENG_STRING": "Hearing his words, I run out of the office, chasing after her."
	},
	{
		"TYPE": "ZM",
		"ID": 309904,
		"STRING": "分室の外に飛び出すと、去っていくモー子の後ろ姿が見えた。",
		"ENG_STRING": "Once I step outside, I can see Mooko's back."
	},
	{
		"TYPE": "ZM",
		"ID": 309905,
		"STRING": "俺はそれを追いかける。",
		"ENG_STRING": "I run after it."
	},
	{
		"TYPE": "ZM",
		"ID": 309906,
		"NAME": "満琉",
		"ENG_NAME": "Michiru",
		"STRING": "「モー子！　待てよ！」",
		"ENG_STRING": "“Mooko! Wait!”"
	},
	{
		"TYPE": "ZM",
		"ID": 309907,
		"STRING": "この距離なら聞こえないわけがない。",
		"ENG_STRING": "There's no way she can't hear me from this distance."
	},
	{
		"TYPE": "ZM",
		"ID": 309908,
		"STRING": "でもモー子は立ち止まろうともしない。",
		"ENG_STRING": "However, she doesn't stop."
	},
	{
		"TYPE": "ZM",
		"ID": 309909,
		"NAME": "満琉",
		"ENG_NAME": "Michiru",
		"STRING": "「待てってば！」",
		"ENG_STRING": "“I said wait!”"
	},
	{
		"TYPE": "ZM",
		"ID": 309910,
		"STRING": "俺は追いつきざまに、モー子の腕を掴んだ。@n",
		"ENG_STRING": "Catching up to her, I grab her arm.@n"
	},
	{
		"TYPE": "ZM",
		"ID": 309911,
		"STRING": "モー子もさすがに立ち止まって、振り返った。",
		"ENG_STRING": "Naturally, she stops and turns around."
	},
	{
		"TYPE": "ZM",
		"ID": 309912,
		"NAME": "憂緒",
		"ENG_NAME": "Ushio",
		"STRING": "「離してください！」@n",
		"ENG_STRING": "“Let go!”@n"
	},
	{
		"TYPE": "ZM",
		"ID": 309913,
		"NAME": "満琉",
		"ENG_NAME": "Michiru",
		"STRING": "「……ったよ」",
		"ENG_STRING": "“...rry.”"
	},
	{
		"TYPE": "ZM",
		"ID": 309914,
		"NAME": "憂緒",
		"ENG_NAME": "Ushio",
		"STRING": "「何ですかっ！？」",
		"ENG_STRING": "“What did you say!?”"
	},
	{
		"TYPE": "ZM",
		"ID": 309915,
		"NAME": "満琉",
		"ENG_NAME": "Michiru",
		"STRING": "「だから、悪かったよ！」",
		"ENG_STRING": "“I'm sorry, okay!?”"
	},
	{
		"TYPE": "ZM",
		"ID": 309916,
		"STRING": "俺の言葉に、モー子は大きく目を見開いた。",
		"ENG_STRING": "Her eyes widen."
	},
	{
		"TYPE": "ZM",
		"ID": 309917,
		"STRING": "意外なことを言われた、という顔だ。",
		"ENG_STRING": "She most likely wasn't expecting me to say that."
	},
	{
		"TYPE": "ZM",
		"ID": 309918,
		"STRING": "やっぱり俺はバツが悪かったけども……。",
		"ENG_STRING": "It's certainly embarrassing for me, but..."
	},
	{
		"TYPE": "ZM",
		"ID": 309919,
		"NAME": "満琉",
		"ENG_NAME": "Michiru",
		"STRING": "「心配かけて、悪かった」",
		"ENG_STRING": "“I'm sorry for making you worry.”"
	},
	{
		"TYPE": "ZM",
		"ID": 309920,
		"NAME": "憂緒",
		"ENG_NAME": "Ushio",
		"STRING": "「心配なんてしていませんっ！」",
		"ENG_STRING": "“I wasn't worried about you!”"
	},
	{
		"TYPE": "ZM",
		"ID": 309921,
		"STRING": "やはりモー子はいつもと様子が違った。",
		"ENG_STRING": "She's clearly acting unlike her usual self."
	},
	{
		"TYPE": "ZM",
		"ID": 309922,
		"STRING": "あのブリザード級の冷静さがない。",
		"ENG_STRING": "Her calm and collected demeanour is nowhere to be found."
	},
	{
		"TYPE": "ZM",
		"ID": 309923,
		"STRING": "でも怒っているだけでもない。",
		"ENG_STRING": "Rage isn't the only emotion she's displaying, though."
	},
	{
		"TYPE": "ZM",
		"ID": 309924,
		"NAME": "憂緒",
		"ENG_NAME": "Ushio",
		"STRING": "「……心配なんてしてませんから」",
		"ENG_STRING": "“...I wasn't worried about you at all.”"
	},
	{
		"TYPE": "ZM",
		"ID": 309925,
		"NAME": "満琉",
		"ENG_NAME": "Michiru",
		"STRING": "「そうなのか？」",
		"ENG_STRING": "“Really now?”"
	},
	{
		"TYPE": "ZM",
		"ID": 309926,
		"NAME": "憂緒",
		"ENG_NAME": "Ushio",
		"STRING": "「そうですっ！」",
		"ENG_STRING": "“Yes, really!”"
	},
	{
		"TYPE": "ZM",
		"ID": 309927,
		"NAME": "満琉",
		"ENG_NAME": "Michiru",
		"STRING": "「……そうか」",
		"ENG_STRING": "“...I see.”"
	},
	{
		"TYPE": "ZM",
		"ID": 309928,
		"NAME": "満琉",
		"ENG_NAME": "Michiru",
		"STRING": "「でも、俺がお前の注意を守らなかったのは確かなんだ。だから謝る。悪かったよ」",
		"ENG_STRING": "“I'm entirely to blame for not heeding your warning. That's why I'm apologizing. I'm truly sorry.”"
	},
	{
		"TYPE": "ZM",
		"ID": 309929,
		"NAME": "憂緒",
		"ENG_NAME": "Ushio",
		"STRING": "「……え」",
		"ENG_STRING": "“...Huh?”"
	},
	{
		"TYPE": "ZM",
		"ID": 309930,
		"NAME": "満琉",
		"ENG_NAME": "Michiru",
		"STRING": "「悪かった」",
		"ENG_STRING": "“I'm sorry.”"
	},
	{
		"TYPE": "ZM",
		"ID": 309931,
		"STRING": "俺はモー子に頭を下げた。",
		"ENG_STRING": "I lower my head."
	},
	{
		"TYPE": "ZM",
		"ID": 309932,
		"NAME": "憂緒",
		"ENG_NAME": "Ushio",
		"STRING": "「私は別に……そんな……」",
		"ENG_STRING": "“I wasn't... That's...”"
	},
	{
		"TYPE": "ZM",
		"ID": 309933,
		"STRING": "顔をあげると、モー子は俺から視線を逸らしていた。",
		"ENG_STRING": "Raising my head, I see that she's looking away."
	},
	{
		"TYPE": "ZM",
		"ID": 309934,
		"STRING": "いつもキッとまっすぐに視線を寄こすモー子には珍しいことだった。",
		"ENG_STRING": "It's a rare sight, since she's usually looking straight at me."
	},
	{
		"TYPE": "ZM",
		"ID": 309935,
		"STRING": "やっぱり、いつものモー子とは違う。",
		"ENG_STRING": "She's definitely not her usual self."
	},
	{
		"TYPE": "ZM",
		"ID": 309936,
		"NAME": "憂緒",
		"ENG_NAME": "Ushio",
		"STRING": "「……離してください」",
		"ENG_STRING": "“...Please let go.”"
	},
	{
		"TYPE": "ZM",
		"ID": 309937,
		"NAME": "満琉",
		"ENG_NAME": "Michiru",
		"STRING": "「え」",
		"ENG_STRING": "“Huh?”"
	},
	{
		"TYPE": "ZM",
		"ID": 309938,
		"NAME": "憂緒",
		"ENG_NAME": "Ushio",
		"STRING": "「腕」",
		"ENG_STRING": "“My arm.”"
	},
	{
		"TYPE": "ZM",
		"ID": 309939,
		"NAME": "満琉",
		"ENG_NAME": "Michiru",
		"STRING": "「あ、ああ、ごめん！」",
		"ENG_STRING": "“Oh, right, sorry!”"
	},
	{
		"TYPE": "ZM",
		"ID": 309940,
		"STRING": "モー子の腕を掴んだままだった。",
		"ENG_STRING": "I was holding onto her arm this entire time."
	},
	{
		"TYPE": "ZM",
		"ID": 309941,
		"STRING": "俺は慌ててそれを離した。",
		"ENG_STRING": "I quickly release it."
	},
	{
		"TYPE": "ZM",
		"ID": 309942,
		"STRING": "モー子は少し困ったような顔をしていた。",
		"ENG_STRING": "Her expression is a bit troubled."
	},
	{
		"TYPE": "ZM",
		"ID": 309943,
		"STRING": "やっぱり。",
		"ENG_STRING": "There's no doubt about it."
	},
	{
		"TYPE": "ZM",
		"ID": 309944,
		"STRING": "いつものモー子とは違う。",
		"ENG_STRING": "She's not acting like herself."
	},
	{
		"TYPE": "ZM",
		"ID": 309945,
		"STRING": "さっきみたいに声を荒げたり、困ったように視線を逸らしたり、これまでそんなモー子は見たことがなかった。",
		"ENG_STRING": "She's never raised her voice or averted her gaze due to an awkward situation before."
	},
	{
		"TYPE": "ZM",
		"ID": 309946,
		"STRING": "いつも感情をコントロールしている彼女が、今はそれを出来てない感じがした。",
		"ENG_STRING": "She always has her emotions in check, but now it feels like they're out of control."
	},
	{
		"TYPE": "ZM",
		"ID": 309947,
		"STRING": "こんなモー子は初めて見た。",
		"ENG_STRING": "It's the first time I've seen her like this."
	},
	{
		"TYPE": "ZM",
		"ID": 309948,
		"NAME": "憂緒",
		"ENG_NAME": "Ushio",
		"STRING": "「……ヤヌスの鍵はどうしましたか」",
		"ENG_STRING": "“...What happened to the Key of Janus?”"
	},
	{
		"TYPE": "ZM",
		"ID": 309949,
		"NAME": "満琉",
		"ENG_NAME": "Michiru",
		"STRING": "「あ、ああ。おまるに預けたよ」",
		"ENG_STRING": "“O-Oh, I left it with Omaru.”"
	},
	{
		"TYPE": "ZM",
		"ID": 309950,
		"NAME": "憂緒",
		"ENG_NAME": "Ushio",
		"STRING": "「……戻ります」",
		"ENG_STRING": "“...I'm going back.”"
	},
	{
		"TYPE": "ZM",
		"ID": 309951,
		"NAME": "満琉",
		"ENG_NAME": "Michiru",
		"STRING": "「ん？」",
		"ENG_STRING": "“Hmm?”"
	},
	{
		"TYPE": "ZM",
		"ID": 309952,
		"NAME": "憂緒",
		"ENG_NAME": "Ushio",
		"STRING": "「分室です。烏丸くんから鍵を受け取ります」",
		"ENG_STRING": "“To the Bureau. I'm getting the key from Karasuma-kun.”"
	},
	{
		"TYPE": "ZM",
		"ID": 309953,
		"STRING": "そう言うなり、モー子はさっさと分室に向かって歩き出していった。",
		"ENG_STRING": "Saying that, she walks briskly towards the office."
	},
	{
		"TYPE": "ZM",
		"ID": 309954,
		"STRING": "やれやれと思いながら、俺もその後に続く。",
		"ENG_STRING": "Breathing a sigh of relief, I follow after her."
	},
	{
		"TYPE": "ZM",
		"ID": 309955,
		"STRING": "俺たちは無言で分室に戻ってきた。",
		"ENG_STRING": "We return to the Bureau without saying a single word."
	},
	{
		"TYPE": "ZM",
		"ID": 309956,
		"NAME": "小太郎",
		"ENG_NAME": "Kotaro",
		"STRING": "「あ……おかえり」@n",
		"ENG_STRING": "“Ah... Welcome back.”@n"
	},
	{
		"TYPE": "ZM",
		"ID": 309957,
		"STRING": "分室ではおまるがひとりで待っていてくれていた。",
		"ENG_STRING": "Omaru was waiting for us by himself in the office."
	},
	{
		"TYPE": "ZM",
		"ID": 309958,
		"STRING": "何か言いたそうにしているが。",
		"ENG_STRING": "He looks like he has something he really wants to say."
	},
	{
		"TYPE": "ZM",
		"ID": 309959,
		"NAME": "憂緒",
		"ENG_NAME": "Ushio",
		"STRING": "「烏丸くん。例の鍵、私が預かることにしました」",
		"ENG_STRING": "“Karasuma-kun, I'll be holding onto the key from now on.”"
	},
	{
		"TYPE": "ZM",
		"ID": 309960,
		"NAME": "小太郎",
		"ENG_NAME": "Kotaro",
		"STRING": "「えっ？　あ、うん、わかりました」",
		"ENG_STRING": "“Huh? Ah, okay, here you go.”"
	},
	{
		"TYPE": "ZM",
		"ID": 309961,
		"STRING": "小太郎は鍵をモー子に差しだした。",
		"ENG_STRING": "He gives it to her."
	},
	{
		"TYPE": "ZM",
		"ID": 309962,
		"STRING": "モー子もそれを受け取り、胸ポケットにいれる。",
		"ENG_STRING": "Accepting it, she places it in her breast pocket."
	},
	{
		"TYPE": "ZM",
		"ID": 309963,
		"NAME": "憂緒",
		"ENG_NAME": "Ushio",
		"STRING": "「学園長には私から返しておきます。今日はいろいろありましたし、これで解散にしましょう」",
		"ENG_STRING": "“I'll return it to the principal. A lot has happened, so let's call it a day.”"
	},
	{
		"TYPE": "ZM",
		"ID": 309964,
		"STRING": "そう言って、モー子はすぐに分室から出ようとした。",
		"ENG_STRING": "She proceeds to head for the exit."
	},
	{
		"TYPE": "ZM",
		"ID": 309965,
		"STRING": "一瞬だけ俺をちらっと見たが、何も言わず、そのまま出ていく。",
		"ENG_STRING": "She glances at me briefly, but then walks out without saying anything."
	},
	{
		"TYPE": "ZM",
		"ID": 309966,
		"STRING": "見えた横顔がいつものツンとした彼女とは違って見えた。",
		"ENG_STRING": "Her profile still looks different from how it normally does."
	},
	{
		"TYPE": "ZM",
		"ID": 309967,
		"STRING": "俺の気のせいかもしれないが。",
		"ENG_STRING": "It might just be my imagination though."
	},
	{
		"TYPE": "ZM",
		"ID": 309968,
		"NAME": "小太郎",
		"ENG_NAME": "Kotaro",
		"STRING": "「みっちー……」",
		"ENG_STRING": "“Micchi...”"
	},
	{
		"TYPE": "ZM",
		"ID": 309969,
		"NAME": "満琉",
		"ENG_NAME": "Michiru",
		"STRING": "「あ、ああ、すまない。心配かけたな」",
		"ENG_STRING": "“Ah, sorry, I made you worry a lot.”"
	},
	{
		"TYPE": "ZM",
		"ID": 309970,
		"NAME": "満琉",
		"ENG_NAME": "Michiru",
		"STRING": "「俺たちも帰ろうか。あっちであったことは帰り道においおい話すよ」",
		"ENG_STRING": "“Let's get going, too. I'll tell you the whole story on the way back.”"
	},
	{
		"TYPE": "ZM",
		"ID": 309971,
		"NAME": "小太郎",
		"ENG_NAME": "Kotaro",
		"STRING": "「そう……うん、帰ろう。疲れただろ、みっちー」",
		"ENG_STRING": "“Sure... Okay, let's go. I'm sure you're exhausted.”"
	},
	{
		"TYPE": "ZM",
		"ID": 309972,
		"STRING": "おまるは、ようやくほっとしたような表情を見せた。",
		"ENG_STRING": "A look of relief finally appears on his face."
	},
	{
		"TYPE": "ZM",
		"ID": 309973,
		"NAME": "リト",
		"ENG_NAME": "Rito",
		"STRING": "「あら、戻ってきたの。鹿ケ谷憂緒。まだ私に何か聞きたいことがあるのね？」",
		"ENG_STRING": "“Oh, you're back, Shishigatani Ushio. Is there still something you wanted to ask me?”"
	},
	{
		"TYPE": "ZM",
		"ID": 309974,
		"NAME": "憂緒",
		"ENG_NAME": "Ushio",
		"STRING": "「はい」",
		"ENG_STRING": "“Yes.”"
	},
	{
		"TYPE": "ZM",
		"ID": 309975,
		"NAME": "リト",
		"ENG_NAME": "Rito",
		"STRING": "「久我満琉は無事だったの？」",
		"ENG_STRING": "“Is Koga Michiru doing well?”"
	},
	{
		"TYPE": "ZM",
		"ID": 309976,
		"NAME": "憂緒",
		"ENG_NAME": "Ushio",
		"STRING": "「……はい」",
		"ENG_STRING": "“...Yes.”"
	},
	{
		"TYPE": "ZM",
		"ID": 309977,
		"NAME": "リト",
		"ENG_NAME": "Rito",
		"STRING": "「そう！　それはよかったわ。それで用件はなにかしら？」",
		"ENG_STRING": "“That's great to hear! So what is it that you wanted to know about?”"
	},
	{
		"TYPE": "ZM",
		"ID": 309978,
		"NAME": "憂緒",
		"ENG_NAME": "Ushio",
		"STRING": "「やはり久我くんはこの鍵を使うに足りる魔力がなかったようです。では……私は。私もやはり使えませんか？」@n",
		"ENG_STRING": "“You said that Koga-kun lacks the mana required to use this key. Then... what about me? Am I able to use it?”@n"
	},
	{
		"TYPE": "ZM",
		"ID": 309979,
		"NAME": "リト",
		"ENG_NAME": "Rito",
		"STRING": "「……そうねえ」",
		"ENG_STRING": "“...Let's see.”"
	},
	{
		"TYPE": "ZM",
		"ID": 309980,
		"NAME": "リト",
		"ENG_NAME": "Rito",
		"STRING": "「……一度なら大丈夫そうよ。鹿ケ谷憂緒。二回目からは保証できないけれど」",
		"ENG_STRING": "“...One time should be fine. I can't guarantee that it'll work twice.”"
	},
	{
		"TYPE": "ZM",
		"ID": 309981,
		"NAME": "憂緒",
		"ENG_NAME": "Ushio",
		"STRING": "「一度だけなら確実に使えるということですね」",
		"ENG_STRING": "“So I will for sure be able to successfully use it once?”"
	},
	{
		"TYPE": "ZM",
		"ID": 309982,
		"NAME": "リト",
		"ENG_NAME": "Rito",
		"STRING": "「ええ」",
		"ENG_STRING": "“Yes.”"
	},
	{
		"TYPE": "ZM",
		"ID": 309983,
		"NAME": "憂緒",
		"ENG_NAME": "Ushio",
		"STRING": "「ありがとうございます。失礼します」",
		"ENG_STRING": "“Thank you very much. Please excuse me.”"
	},
	{
		"TYPE": "ZM",
		"ID": 309984,
		"NAME": "リト",
		"ENG_NAME": "Rito",
		"STRING": "「…………」",
		"ENG_STRING": "“......”"
	},
	{
		"TYPE": "ZM",
		"ID": 309985,
		"NAME": "憂緒",
		"ENG_NAME": "Ushio",
		"STRING": "「特査分室の扉……」",
		"ENG_STRING": "“The Bureau office door...”"
	},
	{
		"TYPE": "ZM",
		"ID": 309986,
		"NAME": "憂緒",
		"ENG_NAME": "Ushio",
		"STRING": "「ここで使ってみよう。この鍵を。……一度だけ」@n",
		"ENG_STRING": "“I'll try it here. I'll try using this key... just once.”@n"
	},
	{
		"TYPE": "ZM",
		"ID": 309987,
		"NAME": "憂緒",
		"ENG_NAME": "Ushio",
		"STRING": "「いや、一度だけでいい」",
		"ENG_STRING": "“No, one time is all I need.”"
	},
	{
		"TYPE": "ZM",
		"ID": 309988,
		"NAME": "憂緒",
		"ENG_NAME": "Ushio",
		"STRING": "（彼女のいる場所に繋がれば……私はただ、それだけを………）",
		"ENG_STRING": "(If it'll take me to where she is... that's all I need...)"
	},
	{
		"TYPE": "ZM",
		"ID": 309989,
		"NAME": "小太郎",
		"ENG_NAME": "Kotaro",
		"STRING": "「みっちー、もう出られる？」",
		"ENG_STRING": "“Micchi, are you ready to go?”"
	},
	{
		"TYPE": "ZM",
		"ID": 309990,
		"NAME": "満琉",
		"ENG_NAME": "Michiru",
		"STRING": "「ああ、ちょっと待ってくれ。ええと……」",
		"ENG_STRING": "“Ah, just give me a second. Umm...”"
	},
	{
		"TYPE": "ZM",
		"ID": 309991,
		"STRING": "帰り支度を終えたおまるに、俺は急かされた。",
		"ENG_STRING": "Omaru finishes getting ready to leave and presses me."
	},
	{
		"TYPE": "ZM",
		"ID": 309992,
		"STRING": "分室に置きっぱなしだった鞄をあけて、ざっとその中を整理していたのだが。",
		"ENG_STRING": "I sort out the things in my bag, which was left open here the entire time."
	},
	{
		"TYPE": "ZM",
		"ID": 309993,
		"NAME": "満琉",
		"ENG_NAME": "Michiru",
		"STRING": "「ん？」",
		"ENG_STRING": "“Hmm?”"
	},
	{
		"TYPE": "ZM",
		"ID": 309994,
		"NAME": "小太郎",
		"ENG_NAME": "Kotaro",
		"STRING": "「どうかした？」",
		"ENG_STRING": "“What's wrong?”"
	},
	{
		"TYPE": "ZM",
		"ID": 309995,
		"NAME": "満琉",
		"ENG_NAME": "Michiru",
		"STRING": "「財布がない」",
		"ENG_STRING": "“I can't find my wallet.”"
	},
	{
		"TYPE": "ZM",
		"ID": 309996,
		"STRING": "ええと、最後に使ったのはいつだっけ？",
		"ENG_STRING": "When did I last use it?"
	},
	{
		"TYPE": "ZM",
		"ID": 309997,
		"STRING": "遭難した日の昼に購買でパンを買ったあと、上着のポケットに……。",
		"ENG_STRING": "On the day of the mishap, I used it to buy bread at the school store during lunch, and then put it in my blazer pocket..."
	},
	{
		"TYPE": "ZM",
		"ID": 309998,
		"NAME": "満琉",
		"ENG_NAME": "Michiru",
		"STRING": "「しまった、あっちの世界で落としたのか？」",
		"ENG_STRING": "“Crap, did I drop it in that world?”"
	},
	{
		"TYPE": "ZM",
		"ID": 309999,
		"STRING": "脱いだ時に落としたのかもしれない。",
		"ENG_STRING": "It might have fallen out when I took it off."
	},
	{
		"TYPE": "ZM",
		"ID": 310000,
		"STRING": "うん、その可能性が高いな。",
		"ENG_STRING": "Yeah, the probability of that is high."
	},
	{
		"TYPE": "ZM",
		"ID": 310001,
		"NAME": "小太郎",
		"ENG_NAME": "Kotaro",
		"STRING": "「ええー財布をあっちに？」",
		"ENG_STRING": "“What? You lost your wallet over there?”"
	},
	{
		"TYPE": "ZM",
		"ID": 310002,
		"NAME": "満琉",
		"ENG_NAME": "Michiru",
		"STRING": "「多分……」",
		"ENG_STRING": "“Probably...”"
	},
	{
		"TYPE": "ZM",
		"ID": 310003,
		"NAME": "小太郎",
		"ENG_NAME": "Kotaro",
		"STRING": "「ええええ、それはもう絶望的！」",
		"ENG_STRING": "“You'll have no chance of getting it back then!”"
	},
	{
		"TYPE": "ZM",
		"ID": 310004,
		"NAME": "満琉",
		"ENG_NAME": "Michiru",
		"STRING": "「だよなぁ〜」",
		"ENG_STRING": "“Yeah...”"
	},
	{
		"TYPE": "ZM",
		"ID": 310005,
		"STRING": "今月の昼飯代がパアだ。",
		"ENG_STRING": "There goes this month's lunch money."
	},
	{
		"TYPE": "ZM",
		"ID": 310006,
		"STRING": "明日からどうすんだよ。",
		"ENG_STRING": "What am I going to do starting tomorrow?"
	},
	{
		"TYPE": "ZM",
		"ID": 310007,
		"STRING": "俺は文字通り、頭を抱えた。",
		"ENG_STRING": "I'm almost literally tearing my hair out."
	},
	{
		"TYPE": "ZM",
		"ID": 310008,
		"STRING": "その時。@n",
		"ENG_STRING": "And then...@n"
	},
	{
		"TYPE": "ZM",
		"ID": 310009,
		"STRING": "おまるに、肩を揺すぶられた。",
		"ENG_STRING": "Omaru's shoulders tremble."
	},
	{
		"TYPE": "ZM",
		"ID": 310010,
		"NAME": "小太郎",
		"ENG_NAME": "Kotaro",
		"STRING": "「ちょっと、みっちー見てよ！」",
		"ENG_STRING": "“Hey, Micchi, look!”"
	},
	{
		"TYPE": "ZM",
		"ID": 310011,
		"NAME": "満琉",
		"ENG_NAME": "Michiru",
		"STRING": "「え！？」",
		"ENG_STRING": "“Huh!?”"
	},
	{
		"TYPE": "ZM",
		"ID": 310012,
		"STRING": "顔を上げると、分室の真ん中に突然、扉が出現していた。",
		"ENG_STRING": "Raising my head, I see that a door has appeared out of nowhere in the middle of the office."
	},
	{
		"TYPE": "ZM",
		"ID": 310013,
		"STRING": "突然としかいいようがない。",
		"ENG_STRING": "There's no other way to describe it."
	},
	{
		"TYPE": "ZM",
		"ID": 310014,
		"STRING": "そして、ドアが開いて……。",
		"ENG_STRING": "The door opens, and..."
	},
	{
		"TYPE": "ZM",
		"ID": 310015,
		"NAME": "小太郎",
		"ENG_NAME": "Kotaro",
		"STRING": "「うわっ！！」@n",
		"ENG_STRING": "“Whoa!!”@n"
	},
	{
		"TYPE": "ZM",
		"ID": 310017,
		"STRING": "おまるが後ずさった。",
		"ENG_STRING": "Omaru steps backwards."
	},
	{
		"TYPE": "ZM",
		"ID": 310018,
		"STRING": "ドアから顔を出したのは、あの白マントだった。",
		"ENG_STRING": "The ghost appears from the door."
	},
	{
		"TYPE": "ZM",
		"ID": 310019,
		"NAME": "満琉",
		"ENG_NAME": "Michiru",
		"STRING": "「お前は……」",
		"ENG_STRING": "“You're...”"
	},
	{
		"TYPE": "ZM",
		"ID": 310020,
		"STRING": "白マントはにゅっと手を差しだした。",
		"ENG_STRING": "Its hand darts out."
	},
	{
		"TYPE": "ZM",
		"ID": 310021,
		"STRING": "マントの下からちらっと見えてるのは……。",
		"ENG_STRING": "Under the cloak, I see..."
	},
	{
		"TYPE": "ZM",
		"ID": 310022,
		"NAME": "満琉",
		"ENG_NAME": "Michiru",
		"STRING": "「俺の財布！？」",
		"ENG_STRING": "“My wallet!?”"
	},
	{
		"TYPE": "ZM",
		"ID": 310023,
		"STRING": "黒いナイロン製の財布。軽くて気に入ってる。",
		"ENG_STRING": "A black wallet made of nylon. I liked it because it was light."
	},
	{
		"TYPE": "ZM",
		"ID": 310024,
		"STRING": "間違いない、俺の財布だった。",
		"ENG_STRING": "It's undoubtedly my wallet."
	},
	{
		"TYPE": "ZM",
		"ID": 310025,
		"STRING": "俺は扉に近付き、腕を伸ばして、それを受け取った。",
		"ENG_STRING": "I approach the door, reach out, and take it from its hand."
	},
	{
		"TYPE": "ZM",
		"ID": 310026,
		"NAME": "満琉",
		"ENG_NAME": "Michiru",
		"STRING": "「……わざわざ届けてくれたのか？」",
		"ENG_STRING": "“...You came to give this back to me?”"
	},
	{
		"TYPE": "ZM",
		"ID": 310027,
		"STRING": "白マントは微かに頷くような仕草をした。@n",
		"ENG_STRING": "It gives a faint nod.@n"
	},
	{
		"TYPE": "ZM",
		"ID": 310028,
		"NAME": "小太郎",
		"ENG_NAME": "Kotaro",
		"STRING": "「え、なになに、その人いい人なの？」@n",
		"ENG_STRING": "“What? So it's a good person?”@n"
	},
	{
		"TYPE": "ZM",
		"ID": 310029,
		"NAME": "満琉",
		"ENG_NAME": "Michiru",
		"STRING": "「ああ、わりといい人だと思う。人じゃないかもしれないけど」",
		"ENG_STRING": "“Yeah, looks like it. Though it might not be a person.”"
	},
	{
		"TYPE": "ZM",
		"ID": 310030,
		"NAME": "小太郎",
		"ENG_NAME": "Kotaro",
		"STRING": "「やめてよ怖いこというの！？」",
		"ENG_STRING": "“Don't say that! It's scary!”"
	},
	{
		"TYPE": "ZM",
		"ID": 310031,
		"STRING": "今度は背後からドアの開く音がした。",
		"ENG_STRING": "This time, I hear the sound of a door opening from behind."
	},
	{
		"TYPE": "ZM",
		"ID": 310032,
		"STRING": "俺たちは振り返った。",
		"ENG_STRING": "We turn around."
	},
	{
		"TYPE": "ZM",
		"ID": 310033,
		"STRING": "そこには帰ったはずのモー子がいた。",
		"ENG_STRING": "There, we see Mooko, who should've left already."
	},
	{
		"TYPE": "ZM",
		"ID": 310034,
		"STRING": "びっくりしたように大きく目を見開いて。",
		"ENG_STRING": "Her eyes are wide open in surprise."
	},
	{
		"TYPE": "ZM",
		"ID": 310035,
		"NAME": "憂緒",
		"ENG_NAME": "Ushio",
		"STRING": "「ここは……分室！？」",
		"ENG_STRING": "“This is... the Bureau!?”"
	},
	{
		"TYPE": "ZM",
		"ID": 310036,
		"NAME": "満琉",
		"ENG_NAME": "Michiru",
		"STRING": "「モー子、どうした？」",
		"ENG_STRING": "“Mooko, what's wrong?”"
	},
	{
		"TYPE": "ZM",
		"ID": 310037,
		"NAME": "憂緒",
		"ENG_NAME": "Ushio",
		"STRING": "「……あっ！？」@n",
		"ENG_STRING": "“...Ah!?”@n"
	},
	{
		"TYPE": "ZM",
		"ID": 310038,
		"STRING": "モー子は、白マントを見て、驚いているようだった。",
		"ENG_STRING": "Mooko sees the ghost and is shocked."
	},
	{
		"TYPE": "ZM",
		"ID": 310039,
		"STRING": "無理もないだろう。",
		"ENG_STRING": "It's to be expected."
	},
	{
		"TYPE": "ZM",
		"ID": 310040,
		"STRING": "どう見ても怪しい。",
		"ENG_STRING": "This is clearly strange."
	},
	{
		"TYPE": "ZM",
		"ID": 310041,
		"NAME": "憂緒",
		"ENG_NAME": "Ushio",
		"STRING": "「まさか……あなたは……！」",
		"ENG_STRING": "“Don't tell me... that you're...!”"
	},
	{
		"TYPE": "ZM",
		"ID": 310042,
		"STRING": "モー子は、白マントに近寄ろうとした。",
		"ENG_STRING": "She walks up to the ghost."
	},
	{
		"TYPE": "ZM",
		"ID": 310043,
		"STRING": "なんだ、知っているのか？",
		"ENG_STRING": "What, so they're acquainted?"
	},
	{
		"TYPE": "ZM",
		"ID": 310044,
		"STRING": "白マントは、くるりと裾を翻して、現れた扉の中に逃げ込んだ。",
		"ENG_STRING": "The ghost quickly turns around, causing its cloak to flutter, and runs back through the door that appeared."
	},
	{
		"TYPE": "ZM",
		"ID": 310045,
		"STRING": "と同時に扉が閉まり、空中に溶けるようにその形が失われていく。",
		"ENG_STRING": "At the same time, the ghost closes it, and it begins vanishing into thin air."
	},
	{
		"TYPE": "ZM",
		"ID": 310046,
		"NAME": "憂緒",
		"ENG_NAME": "Ushio",
		"STRING": "「待って……！」@n",
		"ENG_STRING": "“Wait...!”@n"
	},
	{
		"TYPE": "ZM",
		"ID": 310047,
		"STRING": "モー子が駆け寄った時には、跡形もなく扉は消えていた。@n",
		"ENG_STRING": "By the time she reaches it, the door is completely gone, leaving not a single trace.@n"
	},
	{
		"TYPE": "ZM",
		"ID": 310048,
		"NAME": "小太郎",
		"ENG_NAME": "Kotaro",
		"STRING": "「憂緒さん、どうしたの？」",
		"ENG_STRING": "“Ushio-san, is something wrong?”"
	},
	{
		"TYPE": "ZM",
		"ID": 310049,
		"NAME": "憂緒",
		"ENG_NAME": "Ushio",
		"STRING": "「………………」",
		"ENG_STRING": "“......”"
	},
	{
		"TYPE": "ZM",
		"ID": 310050,
		"STRING": "おまるの問いに答えもせず、モー子は消えた扉があった空間をじっと見ていた。",
		"ENG_STRING": "Without answering his question, Mooko continues to stare at the area where the door was."
	},
	{
		"TYPE": "ZM",
		"ID": 310051,
		"STRING": "俺はモー子の手に、あの鍵が握られていることに気がついた。",
		"ENG_STRING": "I notice that she's holding the key in her hand."
	},
	{
		"TYPE": "ZM",
		"ID": 310052,
		"STRING": "使ったのか？",
		"ENG_STRING": "Did she use it?"
	},
	{
		"TYPE": "ZM",
		"ID": 310053,
		"NAME": "満琉",
		"ENG_NAME": "Michiru",
		"STRING": "「モー子、どうしたんだ？」",
		"ENG_STRING": "“Mooko, what's the matter?”"
	},
	{
		"TYPE": "ZM",
		"ID": 310054,
		"NAME": "憂緒",
		"ENG_NAME": "Ushio",
		"STRING": "「…………」",
		"ENG_STRING": "“......”"
	},
	{
		"TYPE": "ZM",
		"ID": 310055,
		"NAME": "満琉",
		"ENG_NAME": "Michiru",
		"STRING": "「その鍵、学園長に返すんじゃなかったのか」",
		"ENG_STRING": "“Weren't you going to give that key back to the principal?”"
	},
	{
		"TYPE": "ZM",
		"ID": 310056,
		"NAME": "憂緒",
		"ENG_NAME": "Ushio",
		"STRING": "@w5@h5「っ！」@w0@h0",
		"ENG_STRING": "@w5@h5“!“@w0@h0"
	},
	{
		"TYPE": "ZM",
		"ID": 310057,
		"STRING": "モー子は慌てた様子で、鍵を両手で包み込んだ。@n",
		"ENG_STRING": "She frantically covers the key with her hands.@n"
	},
	{
		"TYPE": "ZM",
		"ID": 310058,
		"STRING": "まるで誰にも見せたくない、とでもいうふうに。",
		"ENG_STRING": "As if she doesn't want anyone to see it."
	},
	{
		"TYPE": "ZM",
		"ID": 310059,
		"NAME": "憂緒",
		"ENG_NAME": "Ushio",
		"STRING": "「なんでもありません。失礼します！」",
		"ENG_STRING": "“It's nothing. Excuse me!”"
	},
	{
		"TYPE": "ZM",
		"ID": 310060,
		"NAME": "小太郎",
		"ENG_NAME": "Kotaro",
		"STRING": "「あっ……」",
		"ENG_STRING": "“Ah...”"
	},
	{
		"TYPE": "ZM",
		"ID": 310061,
		"STRING": "モー子は、何も語らず分室から出ていってしまった。",
		"ENG_STRING": "She leaves the office without explaining anything."
	},
	{
		"TYPE": "ZM",
		"ID": 310062,
		"NAME": "小太郎",
		"ENG_NAME": "Kotaro",
		"STRING": "「どうしちゃったのかな……」",
		"ENG_STRING": "“What's gotten into her...”"
	},
	{
		"TYPE": "ZM",
		"ID": 310063,
		"STRING": "おまるがぽつりと呟いた。",
		"ENG_STRING": "He mutters that under his breath."
	},
	{
		"TYPE": "ZM",
		"ID": 310064,
		"NAME": "満琉",
		"ENG_NAME": "Michiru",
		"STRING": "「…………」",
		"ENG_STRING": "“......”"
	},
	{
		"TYPE": "ZM",
		"ID": 310065,
		"STRING": "もしかして、最初から何らかの目的のために鍵を使うつもりで、学園長に返すなと言ったのか？",
		"ENG_STRING": "Could it be that she only told us not to return it to the principal because she wanted to use it for something?"
	},
	{
		"TYPE": "ZM",
		"ID": 310066,
		"STRING": "モー子が辿り着きたかった場所はどこだったのだろう。",
		"ENG_STRING": "I wonder where she wanted to go."
	},
	{
		"TYPE": "ZM",
		"ID": 310067,
		"STRING": "まさか、この分室ってことはないだろうけど。",
		"ENG_STRING": "It couldn't possibly have been here."
	},
	{
		"TYPE": "ZM",
		"ID": 310068,
		"STRING": "モー子は分室の扉を閉めずに去っていった。",
		"ENG_STRING": "Mooko left without closing the office door."
	},
	{
		"TYPE": "ZM",
		"ID": 310069,
		"STRING": "俺はそれを見つめるだけだった。",
		"ENG_STRING": "All I could do was keep staring at it."
	},
	{
		"TYPE": "ZM",
		"ID": 310070,
		"NAME": "憂緒",
		"ENG_NAME": "Ushio",
		"STRING": "（落ち着いて……状況を整理しなければ）",
		"ENG_STRING": "(Calm down... Think carefully about the situation.)"
	},
	{
		"TYPE": "ZM",
		"ID": 310071,
		"NAME": "憂緒",
		"ENG_NAME": "Ushio",
		"STRING": "（リトさんの見立てはほぼ完璧なはず。ならば鍵は正しく機能していたとして……）",
		"ENG_STRING": "(Rito-san's judgements are almost never wrong. So if the key did work properly...)"
	},
	{
		"TYPE": "ZM",
		"ID": 310072,
		"NAME": "憂緒",
		"ENG_NAME": "Ushio",
		"STRING": "（……分室の扉を使って、そのまま分室に繋がったのではないとすると……）",
		"ENG_STRING": "(...I used it on the Bureau's door, and it connected to the Bureau...)"
	},
	{
		"TYPE": "ZM",
		"ID": 310073,
		"NAME": "憂緒",
		"ENG_NAME": "Ushio",
		"STRING": "（あの白いマントの人物……まさか……）",
		"ENG_STRING": "(Then the person in the white cloak... It can't be...)"
	},
	{
		"TYPE": "ZM",
		"ID": 310074,
		"NAME": "二人",
		"ENG_NAME": "Fuhito",
		"STRING": "「いやあ、ご苦労様！」",
		"ENG_STRING": "“My, splendid work!”"
	},
	{
		"TYPE": "ZM",
		"ID": 310075,
		"NAME": "憂緒",
		"ENG_NAME": "Ushio",
		"STRING": "「えっ！？　学園長！？　突然現れるなんて……」",
		"ENG_STRING": "“Huh!? Principal!? Where did you come from...?”"
	},
	{
		"TYPE": "ZM",
		"ID": 310076,
		"NAME": "二人",
		"ENG_NAME": "Fuhito",
		"STRING": "「いやいや、君に学園長室までご足労いただくのもあれだからね。私から出向いたわけだよ」@n",
		"ENG_STRING": "“I wanted to save you the trouble of coming all the way to my office, so I decided to come to you.”@n"
	},
	{
		"TYPE": "ZM",
		"ID": 310077,
		"NAME": "二人",
		"ENG_NAME": "Fuhito",
		"STRING": "「すぐに会えてよかった。なあ、ニノマエ君」",
		"ENG_STRING": "“I'm glad I found you so soon, right, Ninomae-kun?”"
	},
	{
		"TYPE": "ZM",
		"ID": 310078,
		"NAME": "一",
		"ENG_NAME": "Ninomae",
		"STRING": "「ぢぃーーー」",
		"ENG_STRING": "“Jiii.”"
	},
	{
		"TYPE": "ZM",
		"ID": 310079,
		"NAME": "憂緒",
		"ENG_NAME": "Ushio",
		"STRING": "「あの……」",
		"ENG_STRING": "“Umm...”"
	},
	{
		"TYPE": "ZM",
		"ID": 310080,
		"NAME": "二人",
		"ENG_NAME": "Fuhito",
		"STRING": "「鍵を見つけてくれてありがとう。いやあ、本当に助かったよ！　はっはっはっ」@n",
		"ENG_STRING": "“Thank you for finding my key. My, what a lifesaver! Ha ha ha!”@n"
	},
	{
		"TYPE": "ZM",
		"ID": 310081,
		"NAME": "二人",
		"ENG_NAME": "Fuhito",
		"STRING": "「任務おつかれさま。ではこちらで預からせてもらうよ」",
		"ENG_STRING": "“You did well. I'll handle it from here on.”"
	},
	{
		"TYPE": "ZM",
		"ID": 310082,
		"NAME": "二人",
		"ENG_NAME": "Fuhito",
		"STRING": "「ほいっと」",
		"ENG_STRING": "“Yoink.”"
	},
	{
		"TYPE": "ZM",
		"ID": 310083,
		"NAME": "憂緒",
		"ENG_NAME": "Ushio",
		"STRING": "「あ！　それは……」",
		"ENG_STRING": "“Ah! That's...”"
	},
	{
		"TYPE": "ZM",
		"ID": 310084,
		"NAME": "二人",
		"ENG_NAME": "Fuhito",
		"STRING": "「やれやれ、ようやく戻ってきたか。なにしろ大事な大事な鍵だからね〜」",
		"ENG_STRING": "“Good grief, it's finally back in my hands. It's a very, very important key after all‾”"
	},
	{
		"TYPE": "ZM",
		"ID": 310085,
		"NAME": "二人",
		"ENG_NAME": "Fuhito",
		"STRING": "「ひとまずきちんとポッケに入れておこう。な、ニノマエ君」",
		"ENG_STRING": "“I should make sure to put it in my pocket first, right, Ninomae-kun?”"
	},
	{
		"TYPE": "ZM",
		"ID": 310086,
		"NAME": "一",
		"ENG_NAME": "Ninomae",
		"STRING": "「ぢぃ〜」",
		"ENG_STRING": "“Jii‾”"
	},
	{
		"TYPE": "ZM",
		"ID": 310087,
		"NAME": "憂緒",
		"ENG_NAME": "Ushio",
		"STRING": "「…………」",
		"ENG_STRING": "“......”"
	},
	{
		"TYPE": "ZM",
		"ID": 310088,
		"NAME": "二人",
		"ENG_NAME": "Fuhito",
		"STRING": "「優秀な学生が多くて嬉しいよ。では失敬！！」@n",
		"ENG_STRING": "“I'm delighted by how many talented students we have here. Well then, good day!!”@n"
	},
	{
		"TYPE": "ZM",
		"ID": 310089,
		"NAME": "憂緒",
		"ENG_NAME": "Ushio",
		"STRING": "「…………」",
		"ENG_STRING": "“......”"
	},
	{
		"TYPE": "ZM",
		"ID": 310090,
		"NAME": "白マント",
		"ENG_NAME": "Ghost",
		"STRING": "「…………」",
		"ENG_STRING": "“......”"
	},
	{
		"TYPE": "ZM",
		"ID": 310091,
		"NAME": "二人",
		"ENG_NAME": "Fuhito",
		"STRING": "「やあ、いたいた。よいしょっと」@n",
		"ENG_STRING": "“Ah, there you are. Up we go.”@n"
	},
	{
		"TYPE": "ZM",
		"ID": 310092,
		"NAME": "二人",
		"ENG_NAME": "Fuhito",
		"STRING": "「ようやく鍵が戻ってきた。少し強引だったかもしれないが」@n",
		"ENG_STRING": "“I finally retrieved the key, though it required some force on my part.”@n"
	},
	{
		"TYPE": "ZM",
		"ID": 310093,
		"NAME": "二人",
		"ENG_NAME": "Fuhito",
		"STRING": "「今回は迷惑をかけてしまってすまなかったね」",
		"ENG_STRING": "“Sorry for causing trouble for you.”"
	},
	{
		"TYPE": "ZM",
		"ID": 310094,
		"NAME": "二人",
		"ENG_NAME": "Fuhito",
		"STRING": "「まさかまさか、ここに忍び込まれるとは思わなかった。今後なにか対策を考えたほうがいいかもしれないね。どう思う、ニノマエ君」",
		"ENG_STRING": "“I never imagined that they'd sneak into here. We'll have to think of countermeasures to ensure it doesn't happen again. What do you think, Ninomae-kun?”"
	},
	{
		"TYPE": "ZM",
		"ID": 310095,
		"NAME": "一",
		"ENG_NAME": "Ninomae",
		"STRING": "「ぢぃ〜〜」",
		"ENG_STRING": "“Jii‾‾”"
	},
	{
		"TYPE": "ZM",
		"ID": 310096,
		"NAME": "二人",
		"ENG_NAME": "Fuhito",
		"STRING": "「うん、そうだな」",
		"ENG_STRING": "“Yes, that's true.”"
	},
	{
		"TYPE": "ZM",
		"ID": 310097,
		"NAME": "白マント",
		"ENG_NAME": "Ghost",
		"STRING": "「……」",
		"ENG_STRING": "“......”"
	},
	{
		"TYPE": "ZM",
		"ID": 310098,
		"NAME": "二人",
		"ENG_NAME": "Fuhito",
		"STRING": "「大事な会議がはいっていたから、対応も遅れてしまってすまなかった」",
		"ENG_STRING": "“There was an important meeting I had to attend, so I wasn't able to respond as quickly as I would've liked.”"
	},
	{
		"TYPE": "ZM",
		"ID": 310099,
		"NAME": "二人",
		"ENG_NAME": "Fuhito",
		"STRING": "「ああ、会議は無事に終わったよ。少しばかり大事な会議だったのでね、私が欠席するわけにいかなかったのだよ」",
		"ENG_STRING": "“Ah, the meeting finished without a hitch. I couldn't miss it since it was so important.”"
	},
	{
		"TYPE": "ZM",
		"ID": 310100,
		"NAME": "二人",
		"ENG_NAME": "Fuhito",
		"STRING": "「ところで、彼らとは何か話をしたのかい？」",
		"ENG_STRING": "“By the way, did you say anything to him?”"
	},
	{
		"TYPE": "ZM",
		"ID": 310101,
		"NAME": "白マント",
		"ENG_NAME": "Ghost",
		"STRING": "「…………」",
		"ENG_STRING": "“......”"
	},
	{
		"TYPE": "ZM",
		"ID": 310102,
		"NAME": "二人",
		"ENG_NAME": "Fuhito",
		"STRING": "「そうか。ならいい」",
		"ENG_STRING": "“I see. That's good.”"
	},
	{
		"TYPE": "ZM",
		"ID": 310103,
		"NAME": "二人",
		"ENG_NAME": "Fuhito",
		"STRING": "「さすが君は自分の役目を本当によくわかっている」",
		"ENG_STRING": "“As expected, you know your duties well.”"
	},
	{
		"TYPE": "ZM",
		"ID": 310104,
		"NAME": "白マント",
		"ENG_NAME": "Ghost",
		"STRING": "「……」",
		"ENG_STRING": "“......”"
	},
	{
		"TYPE": "ZM",
		"ID": 310105,
		"NAME": "二人",
		"ENG_NAME": "Fuhito",
		"STRING": "「ああ、すまない。君を信用していないわけじゃないんだ。なにしろ想定外の出来事だったからね。……いやいや君を疑ってるわけじゃない。これはすまない」@n",
		"ENG_STRING": "“Ah, my apologies. It's not that I don't trust you. It was unexpected after all. ...No, no, I don't doubt you. I'm sorry.”@n"
	},
	{
		"TYPE": "ZM",
		"ID": 310106,
		"NAME": "二人",
		"ENG_NAME": "Fuhito",
		"STRING": "「しかし、完全にこちらの管理ミスとは言え、君は学園の生徒と接触してしまった」",
		"ENG_STRING": "“However, while it was a mistake on my part, you did interact with the students.”"
	},
	{
		"TYPE": "ZM",
		"ID": 310107,
		"NAME": "二人",
		"ENG_NAME": "Fuhito",
		"STRING": "「……ふむ、しばらくは学園に姿を見せるのは控えたほうがいいかもしれないな。幽霊が出ると校内でも噂になってしまっているからな」",
		"ENG_STRING": "“...Hmm, you should refrain from showing up in the school for a while. There are rumours going around about a ghost.”"
	},
	{
		"TYPE": "ZM",
		"ID": 310108,
		"NAME": "二人",
		"ENG_NAME": "Fuhito",
		"STRING": "「それではこれからもどうか、どうかよろしく頼むよ」",
		"ENG_STRING": "“I'll be counting on you from now on.”"
	},
	{
		"TYPE": "ZM",
		"ID": 310109,
		"NAME": "白マント",
		"ENG_NAME": "Ghost",
		"STRING": "「…………」",
		"ENG_STRING": "“......”"
	},
	{
		"TYPE": "ZM",
		"ID": 310110,
		"NAME": "二人",
		"ENG_NAME": "Fuhito",
		"STRING": "「それにしても、ここに迷い込んだ片方が久我満琉とはな。やはり運命というものは存在するのだろうな……」",
		"ENG_STRING": "“But still, Koga Michiru was one of the students who wandered in here. I guess fate does exist...”"
	},
	{
		"TYPE": "ZM",
		"ID": 310111,
		"NAME": "二人",
		"ENG_NAME": "Fuhito",
		"STRING": "「くくくくっ……あははははははは……」@n",
		"ENG_STRING": "“Hehehehe... Ahahahahahahaha...”@n"
	}
]