[
	{
		"TYPE": "ZM",
		"ID": 271874,
		"NAME": "満琉",
		"ENG_NAME": "Michiru",
		"STRING": "「えーと……まあ、どうぞ」",
		"ENG_STRING": "“Umm... Come on in.”"
	},
	{
		"TYPE": "ZM",
		"ID": 271875,
		"NAME": "憂緒",
		"ENG_NAME": "Ushio",
		"STRING": "「……お邪魔します」",
		"ENG_STRING": "“...Thanks.”"
	},
	{
		"TYPE": "ZM",
		"ID": 271876,
		"STRING": "どうぞ、も何も手錠でつながっているので入るしかないわけだが。",
		"ENG_STRING": "Not like there's any need for her to thank me. With the handcuffs linking our wrists, she has no choice but to come in anyway."
	},
	{
		"TYPE": "ZM",
		"ID": 271877,
		"NAME": "小太郎",
		"ENG_NAME": "Kotaro",
		"STRING": "「お邪魔しまーす」@n",
		"ENG_STRING": "“Sorry for intruding.”@n"
	},
	{
		"TYPE": "ZM",
		"ID": 271878,
		"NAME": "憂緒",
		"ENG_NAME": "Ushio",
		"STRING": "「……………………」",
		"ENG_STRING": "“......”"
	},
	{
		"TYPE": "ZM",
		"ID": 271879,
		"STRING": "わざとらしく明るく言うおまると、見事なまでに不機嫌そのもののモー子。",
		"ENG_STRING": "Omaru's voice was cheerful, as if to brighten up the mood, but Mooko remains as displeased as ever."
	},
	{
		"TYPE": "ZM",
		"ID": 271880,
		"STRING": "まあ、そりゃそうか……。",
		"ENG_STRING": "I can definitely see why, though..."
	},
	{
		"TYPE": "ZM",
		"ID": 271881,
		"NAME": "満琉",
		"ENG_NAME": "Michiru",
		"STRING": "（参ったな……）",
		"ENG_STRING": "(What a pickle I've gotten us into...)"
	},
	{
		"TYPE": "ZM",
		"ID": 271882,
		"STRING": "この学園は東と西に学生寮がそれぞれ分かれている。",
		"ENG_STRING": "Students at this school are split between the east and west dorms."
	},
	{
		"TYPE": "ZM",
		"ID": 271883,
		"STRING": "おそらく夜の世界が到来するためだろう、放課後は完全に行き来が出来なくなってしまうのだが、幸い特査のメンバーは全員が東寮だった。",
		"ENG_STRING": "We're prohibited from entering and leaving after classes, probably because of the Realm of Night, but fortunately, all three of us are in the east dorm."
	},
	{
		"TYPE": "ZM",
		"ID": 271884,
		"STRING": "寮に戻ったあとどうすべきか話し合った結果、女子の部屋に野郎が乗り込むよりはマシだろうということで俺の部屋で休むことになったのだ。",
		"ENG_STRING": "After coming back, we discussed what we should do, and decided that having her stay over in my room would be better than having a guy stay over in a girl's room."
	},
	{
		"TYPE": "ZM",
		"ID": 271885,
		"STRING": "食事は衆人環視の中で食べる苦行に耐えかねたので、テイクアウトにしてもらった。",
		"ENG_STRING": "Wanting to avoid other people, we ordered takeout for dinner."
	},
	{
		"TYPE": "ZM",
		"ID": 271886,
		"STRING": "そんなもん授業だけで十分だ。",
		"ENG_STRING": "We'd get enough of that during class anyway."
	},
	{
		"TYPE": "ZM",
		"ID": 271887,
		"NAME": "満琉",
		"ENG_NAME": "Michiru",
		"STRING": "（明日が怖いなー……）",
		"ENG_STRING": "(I'm not looking forward to tomorrow...)"
	},
	{
		"TYPE": "ZM",
		"ID": 271888,
		"NAME": "小太郎",
		"ENG_NAME": "Kotaro",
		"STRING": "「これで全部かな……な、なんかすごい量だけど」",
		"ENG_STRING": "“That should be all of it... Th-There seems to be a lot though.”"
	},
	{
		"TYPE": "ZM",
		"ID": 271889,
		"STRING": "運んでくれた食事を置いて、おまるが絶句する。",
		"ENG_STRING": "Omaru is left speechless after putting all of the food onto the table."
	},
	{
		"TYPE": "ZM",
		"ID": 271890,
		"NAME": "憂緒",
		"ENG_NAME": "Ushio",
		"STRING": "「……誰がこんなに大量の食事を頼んだのですか」",
		"ENG_STRING": "“...Who ordered this much food?”"
	},
	{
		"TYPE": "ZM",
		"ID": 271891,
		"NAME": "満琉",
		"ENG_NAME": "Michiru",
		"STRING": "「俺」",
		"ENG_STRING": "“Me.”"
	},
	{
		"TYPE": "ZM",
		"ID": 271892,
		"NAME": "小太郎",
		"ENG_NAME": "Kotaro",
		"STRING": "「みっちーこれ全部食べられるの？」",
		"ENG_STRING": "“You can eat all of this, Micchi?”"
	},
	{
		"TYPE": "ZM",
		"ID": 271893,
		"NAME": "満琉",
		"ENG_NAME": "Michiru",
		"STRING": "「いつもこれくらいは食うんだよ。習慣だ習慣」",
		"ENG_STRING": "“This amount is normal for me. I'm used to it.”"
	},
	{
		"TYPE": "ZM",
		"ID": 271894,
		"NAME": "小太郎",
		"ENG_NAME": "Kotaro",
		"STRING": "「みっちーってご飯大好きってタイプだったんだ……」",
		"ENG_STRING": "“I didn't know that you enjoyed eating so much...”"
	},
	{
		"TYPE": "ZM",
		"ID": 271895,
		"NAME": "満琉",
		"ENG_NAME": "Michiru",
		"STRING": "「いや別にそうでもねーんだけど……いやまあ嫌いでもないか」",
		"ENG_STRING": "“Not really... Well, not like I hate it either.”"
	},
	{
		"TYPE": "ZM",
		"ID": 271896,
		"NAME": "憂緒",
		"ENG_NAME": "Ushio",
		"STRING": "「…………」",
		"ENG_STRING": "“......”"
	},
	{
		"TYPE": "ZM",
		"ID": 271897,
		"NAME": "小太郎",
		"ENG_NAME": "Kotaro",
		"STRING": "「じゃあおれ部屋に戻……」",
		"ENG_STRING": "“Well, I'll be going back to my room now...”"
	},
	{
		"TYPE": "ZM",
		"ID": 271898,
		"NAME": "満琉",
		"ENG_NAME": "Michiru",
		"STRING": "「まあそう急ぐことないだろ！　ゆっくりして行け！」@n",
		"ENG_STRING": "“What's the hurry!? Spend some quality time with us!”@n"
	},
	{
		"TYPE": "ZM",
		"ID": 271899,
		"STRING": "早々に逃げようとするおまるの襟首を捕まえる。",
		"ENG_STRING": "I catch Omaru by the collar as he was about to quickly make off."
	},
	{
		"TYPE": "ZM",
		"ID": 271900,
		"NAME": "満琉",
		"ENG_NAME": "Michiru",
		"STRING": "「ここで食え。お前もここで食え。なあ、親友だろわかれよ空気読め！」",
		"ENG_STRING": "“Eat here. You're eating with us. You're my friend, so I'm sure you understand what I'm getting at, right!?”"
	},
	{
		"TYPE": "ZM",
		"ID": 271901,
		"NAME": "小太郎",
		"ENG_NAME": "Kotaro",
		"STRING": "「わ、わかった！　わかったから首っ……しまるっ……！！」",
		"ENG_STRING": "“O-Okay, okay! Let go... I can't breathe...!!”"
	},
	{
		"TYPE": "ZM",
		"ID": 271902,
		"NAME": "満琉",
		"ENG_NAME": "Michiru",
		"STRING": "「よし。あ、モー子座れよ、その辺に」",
		"ENG_STRING": "“All right. Ah, feel free to sit down, Mooko.”"
	},
	{
		"TYPE": "ZM",
		"ID": 271903,
		"NAME": "憂緒",
		"ENG_NAME": "Ushio",
		"STRING": "「きみが座ってくれないと手がぶら下がります」",
		"ENG_STRING": "“My arm will be left dangling if you don't sit down.”"
	},
	{
		"TYPE": "ZM",
		"ID": 271904,
		"NAME": "満琉",
		"ENG_NAME": "Michiru",
		"STRING": "「……そーだな」",
		"ENG_STRING": "“...Right.”"
	},
	{
		"TYPE": "ZM",
		"ID": 271905,
		"NAME": "憂緒",
		"ENG_NAME": "Ushio",
		"STRING": "「あと、親友が窒息しかかっていますが」",
		"ENG_STRING": "“Also, your friend seems to be suffocating.”"
	},
	{
		"TYPE": "ZM",
		"ID": 271906,
		"NAME": "満琉",
		"ENG_NAME": "Michiru",
		"STRING": "「あ」",
		"ENG_STRING": "“Oh.”"
	},
	{
		"TYPE": "ZM",
		"ID": 271907,
		"NAME": "小太郎",
		"ENG_NAME": "Kotaro",
		"STRING": "「っ、く、げほっげほっ！　し、死ぬかと……」",
		"ENG_STRING": "“Geh! Cough cough! I-I thought I was a goner...”"
	},
	{
		"TYPE": "ZM",
		"ID": 271908,
		"NAME": "満琉",
		"ENG_NAME": "Michiru",
		"STRING": "「悪い悪い」",
		"ENG_STRING": "“My bad.”"
	},
	{
		"TYPE": "ZM",
		"ID": 271909,
		"NAME": "小太郎",
		"ENG_NAME": "Kotaro",
		"STRING": "「本当に親友だと思ってる！？」",
		"ENG_STRING": "“Are you sure you think of me as your friend!?”"
	},
	{
		"TYPE": "ZM",
		"ID": 271910,
		"NAME": "満琉",
		"ENG_NAME": "Michiru",
		"STRING": "「思ってる思ってる。いやー、おまるいい奴だなー」",
		"ENG_STRING": "“I do, I do. What a great guy you are, Omaru.”"
	},
	{
		"TYPE": "ZM",
		"ID": 271911,
		"NAME": "憂緒",
		"ENG_NAME": "Ushio",
		"STRING": "「……同意しておきます」",
		"ENG_STRING": "“...I agree.”"
	},
	{
		"TYPE": "ZM",
		"ID": 271912,
		"NAME": "満琉",
		"ENG_NAME": "Michiru",
		"STRING": "（ありゃ……）",
		"ENG_STRING": "(Oh...)"
	},
	{
		"TYPE": "ZM",
		"ID": 271913,
		"STRING": "ずっと堅かったモー子の表情が少し和らいだ。",
		"ENG_STRING": "Her stiff expression loosens up a bit."
	},
	{
		"TYPE": "ZM",
		"ID": 271914,
		"NAME": "小太郎",
		"ENG_NAME": "Kotaro",
		"STRING": "「はあ、もう……とにかく食べようよ、お腹すいたよ」",
		"ENG_STRING": "“Aah, geez... Let's start eating already. I'm starving.”"
	},
	{
		"TYPE": "ZM",
		"ID": 271915,
		"NAME": "憂緒",
		"ENG_NAME": "Ushio",
		"STRING": "「そうですね」",
		"ENG_STRING": "“Me, too.”"
	},
	{
		"TYPE": "ZM",
		"ID": 271916,
		"STRING": "とりあえず床の上に車座になって三人座る。",
		"ENG_STRING": "The three of us sit around the table on the floor."
	},
	{
		"TYPE": "ZM",
		"ID": 271917,
		"STRING": "俺とモー子は手錠が邪魔なので、おまるが食事を広げて蓋を開けてくれた。",
		"ENG_STRING": "Since the handcuffs are in our way, Omaru lays the table and opens the lids for us."
	},
	{
		"TYPE": "ZM",
		"ID": 271918,
		"NAME": "満琉",
		"ENG_NAME": "Michiru",
		"STRING": "「おまる、このソースも開けて」",
		"ENG_STRING": "“Omaru, could you open the bottle of sauce?”"
	},
	{
		"TYPE": "ZM",
		"ID": 271919,
		"NAME": "小太郎",
		"ENG_NAME": "Kotaro",
		"STRING": "「うん、貸して」",
		"ENG_STRING": "“Sure, pass it here.”"
	},
	{
		"TYPE": "ZM",
		"ID": 271920,
		"NAME": "満琉",
		"ENG_NAME": "Michiru",
		"STRING": "「あとそっちの七味唐辛子も取って」",
		"ENG_STRING": "“Also, grab the spices over there, would you?”"
	},
	{
		"TYPE": "ZM",
		"ID": 271921,
		"NAME": "小太郎",
		"ENG_NAME": "Kotaro",
		"STRING": "「はいはい」",
		"ENG_STRING": "“Got it.”"
	},
	{
		"TYPE": "ZM",
		"ID": 271922,
		"NAME": "憂緒",
		"ENG_NAME": "Ushio",
		"STRING": "「……久我くん、左手をもう少しこちらに動かせませんか」",
		"ENG_STRING": "“...Koga-kun, could you move your left hand over this way a bit more?”"
	},
	{
		"TYPE": "ZM",
		"ID": 271923,
		"NAME": "満琉",
		"ENG_NAME": "Michiru",
		"STRING": "「あ、すまん」",
		"ENG_STRING": "“Ah, sorry.”"
	},
	{
		"TYPE": "ZM",
		"ID": 271924,
		"STRING": "利き腕の右手に手錠があるモー子は非常に可動域が狭くなってしまって食べにくそうだった。",
		"ENG_STRING": "With her dominant hand in the handcuffs, her movements are extremely limited, making it difficult for her to eat."
	},
	{
		"TYPE": "ZM",
		"ID": 271925,
		"NAME": "小太郎",
		"ENG_NAME": "Kotaro",
		"STRING": "「憂緒さん、サラダ届く？」",
		"ENG_STRING": "“Ushio-san, can you reach the salad?”"
	},
	{
		"TYPE": "ZM",
		"ID": 271926,
		"NAME": "憂緒",
		"ENG_NAME": "Ushio",
		"STRING": "「久我くんが協力してくれれば届きます」",
		"ENG_STRING": "“I can if Koga-kun cooperates.”"
	},
	{
		"TYPE": "ZM",
		"ID": 271927,
		"NAME": "満琉",
		"ENG_NAME": "Michiru",
		"STRING": "「これ、かけるまで待ってくれ」",
		"ENG_STRING": "“Give me a sec to finish putting this on.”"
	},
	{
		"TYPE": "ZM",
		"ID": 271928,
		"STRING": "……面倒くさい。",
		"ENG_STRING": "...What a pain."
	},
	{
		"TYPE": "ZM",
		"ID": 271929,
		"STRING": "予想はしてたが、これは非常に面倒くさい。",
		"ENG_STRING": "This is much worse than what I had anticipated."
	},
	{
		"TYPE": "ZM",
		"ID": 271930,
		"NAME": "憂緒",
		"ENG_NAME": "Ushio",
		"STRING": "「え、あ、かけ過ぎでは……」",
		"ENG_STRING": "“Huh? Aren't you putting a bit too much...”"
	},
	{
		"TYPE": "ZM",
		"ID": 271931,
		"NAME": "満琉",
		"ENG_NAME": "Michiru",
		"STRING": "「え？　何が？」",
		"ENG_STRING": "“Oh, am I?”"
	},
	{
		"TYPE": "ZM",
		"ID": 271932,
		"NAME": "憂緒",
		"ENG_NAME": "Ushio",
		"STRING": "「おかずが赤く染まっていますが」",
		"ENG_STRING": "“The food's turning red...”"
	},
	{
		"TYPE": "ZM",
		"ID": 271933,
		"NAME": "満琉",
		"ENG_NAME": "Michiru",
		"STRING": "「そりゃ唐辛子だからな」",
		"ENG_STRING": "“Because it's chili pepper.”"
	},
	{
		"TYPE": "ZM",
		"ID": 271934,
		"NAME": "憂緒",
		"ENG_NAME": "Ushio",
		"STRING": "「……………まさかと思いますが、久我くん的にそれは適量なのですか」",
		"ENG_STRING": "“...I don't want to believe it, but are you saying that amount is to your taste?”"
	},
	{
		"TYPE": "ZM",
		"ID": 271935,
		"NAME": "満琉",
		"ENG_NAME": "Michiru",
		"STRING": "「俺、辛いの好きなんだよ」",
		"ENG_STRING": "“Yeah, I love spicy stuff.”"
	},
	{
		"TYPE": "ZM",
		"ID": 271936,
		"NAME": "小太郎",
		"ENG_NAME": "Kotaro",
		"STRING": "「いくらなんでも身体に悪そうじゃない？」",
		"ENG_STRING": "“Still, that seems bad for your health.”"
	},
	{
		"TYPE": "ZM",
		"ID": 271937,
		"NAME": "満琉",
		"ENG_NAME": "Michiru",
		"STRING": "「大丈夫だって」",
		"ENG_STRING": "“It's fine.”"
	},
	{
		"TYPE": "ZM",
		"ID": 271938,
		"NAME": "憂緒",
		"ENG_NAME": "Ushio",
		"STRING": "「………………………」",
		"ENG_STRING": "“......”"
	},
	{
		"TYPE": "ZM",
		"ID": 271939,
		"STRING": "まったく理解出来ない未知の料理を見る目で、モー子は固まっていた。",
		"ENG_STRING": "As if she's looking at something completely baffling and foreign to her, Mooko tenses up."
	},
	{
		"TYPE": "ZM",
		"ID": 271940,
		"NAME": "満琉",
		"ENG_NAME": "Michiru",
		"STRING": "「そういえばモー子は辛いの苦手だったっけ」",
		"ENG_STRING": "“Oh yeah, you said that you didn't like spicy things, right?”"
	},
	{
		"TYPE": "ZM",
		"ID": 271941,
		"NAME": "憂緒",
		"ENG_NAME": "Ushio",
		"STRING": "「ええ………」",
		"ENG_STRING": "“Yes...”"
	},
	{
		"TYPE": "ZM",
		"ID": 271942,
		"STRING": "頷いて目を逸らす。",
		"ENG_STRING": "She nods and averts her gaze."
	},
	{
		"TYPE": "ZM",
		"ID": 271943,
		"STRING": "味を想像するのも嫌だと顔に書いてあった。",
		"ENG_STRING": "I can tell that she doesn't even want to imagine what it's going to taste like."
	},
	{
		"TYPE": "ZM",
		"ID": 271944,
		"NAME": "満琉",
		"ENG_NAME": "Michiru",
		"STRING": "「ま、いいや。さー、食おうぜ」",
		"ENG_STRING": "“Well, whatever. Let's dig in.”"
	},
	{
		"TYPE": "ZM",
		"ID": 271945,
		"NAME": "小太郎",
		"ENG_NAME": "Kotaro",
		"STRING": "「みっちー、もうちょっと腕上げないと鎖がお皿につくよ！」",
		"ENG_STRING": "“Micchi, if you don't lift your arm up higher, the chain's going to get in the food!”"
	},
	{
		"TYPE": "ZM",
		"ID": 271946,
		"NAME": "満琉",
		"ENG_NAME": "Michiru",
		"STRING": "「あああ、モー子待て！」",
		"ENG_STRING": "“Ahh, Mooko, wait!”"
	},
	{
		"TYPE": "ZM",
		"ID": 271947,
		"NAME": "憂緒",
		"ENG_NAME": "Ushio",
		"STRING": "「待ってますから、まずその左手のお味噌汁を置いて下さい！」",
		"ENG_STRING": "“I am waiting, so put down that bowl of miso soup in your left hand first!”"
	},
	{
		"TYPE": "ZM",
		"ID": 271948,
		"NAME": "満琉",
		"ENG_NAME": "Michiru",
		"STRING": "「面倒くせえな、もう……ほれ、モー子、あーん」",
		"ENG_STRING": "“Ah, geez... Here Mooko, open wide.”"
	},
	{
		"TYPE": "ZM",
		"ID": 271949,
		"NAME": "憂緒",
		"ENG_NAME": "Ushio",
		"STRING": "「烏丸くん、申し訳ありませんがサラダをもう少しこちらに」",
		"ENG_STRING": "“Excuse me, Karasuma-kun, could you move the salad closer to me, please?”"
	},
	{
		"TYPE": "ZM",
		"ID": 271950,
		"NAME": "小太郎",
		"ENG_NAME": "Kotaro",
		"STRING": "「あ、はい」",
		"ENG_STRING": "“Ah, sure.”"
	},
	{
		"TYPE": "ZM",
		"ID": 271951,
		"NAME": "満琉",
		"ENG_NAME": "Michiru",
		"STRING": "「……あーんは？」",
		"ENG_STRING": "“...You're not going to open wide?”"
	},
	{
		"TYPE": "ZM",
		"ID": 271952,
		"NAME": "憂緒",
		"ENG_NAME": "Ushio",
		"STRING": "「ドレッシングはどこですか？」",
		"ENG_STRING": "“Where's the dressing?”"
	},
	{
		"TYPE": "ZM",
		"ID": 271953,
		"NAME": "小太郎",
		"ENG_NAME": "Kotaro",
		"STRING": "「ごまだれと青じそどっちがいい？」",
		"ENG_STRING": "“Sesame or green perilla?”"
	},
	{
		"TYPE": "ZM",
		"ID": 271954,
		"NAME": "憂緒",
		"ENG_NAME": "Ushio",
		"STRING": "「青じそで」",
		"ENG_STRING": "“Green perilla, please.”"
	},
	{
		"TYPE": "ZM",
		"ID": 271955,
		"NAME": "満琉",
		"ENG_NAME": "Michiru",
		"STRING": "「お前ら、無視すんなよ……」",
		"ENG_STRING": "“Hey, you guys, don't just ignore me...”"
	},
	{
		"TYPE": "ZM",
		"ID": 271956,
		"STRING": "清々しいほどスルーされたのでちょっと凹みながらもそもそ食事を終えた……。",
		"ENG_STRING": "Feeling depressed that they're treating me like I'm invisible, I mechanically chew the rest of my meal..."
	},
	{
		"TYPE": "ZM",
		"ID": 271957,
		"NAME": "小太郎",
		"ENG_NAME": "Kotaro",
		"STRING": "「はー、ごちそうさま！」@n",
		"ENG_STRING": "“Ahh, I'm stuffed!”@n"
	},
	{
		"TYPE": "ZM",
		"ID": 271958,
		"NAME": "憂緒",
		"ENG_NAME": "Ushio",
		"STRING": "「……ごちそうさまでした」",
		"ENG_STRING": "“...Thanks for the meal.”"
	},
	{
		"TYPE": "ZM",
		"ID": 271959,
		"NAME": "満琉",
		"ENG_NAME": "Michiru",
		"STRING": "「どーにかこぼさずには食えたなあ」",
		"ENG_STRING": "“At least we managed to finish eating without spilling anything.”"
	},
	{
		"TYPE": "ZM",
		"ID": 271960,
		"NAME": "憂緒",
		"ENG_NAME": "Ushio",
		"STRING": "「だからと言ってこのまま暮らすのは、心底絶対に御免ですが」",
		"ENG_STRING": "“That being said, I would not want to keep living like this.”"
	},
	{
		"TYPE": "ZM",
		"ID": 271961,
		"NAME": "満琉",
		"ENG_NAME": "Michiru",
		"STRING": "「当然だ」",
		"ENG_STRING": "“Of course.”"
	},
	{
		"TYPE": "ZM",
		"ID": 271962,
		"NAME": "小太郎",
		"ENG_NAME": "Kotaro",
		"STRING": "「それにしてもみっちー、本当に用意された分全部食べちゃったね」",
		"ENG_STRING": "“I'm still surprised that you actually ate everything here, Micchi.”"
	},
	{
		"TYPE": "ZM",
		"ID": 271963,
		"NAME": "憂緒",
		"ENG_NAME": "Ushio",
		"STRING": "「摂取カロリーはきちんと計算した方がいいと思いますが」",
		"ENG_STRING": "“You probably want to keep track of calorie intake.”"
	},
	{
		"TYPE": "ZM",
		"ID": 271964,
		"NAME": "満琉",
		"ENG_NAME": "Michiru",
		"STRING": "「あー大丈夫大丈夫、いつでもカロリー消費してるんで」",
		"ENG_STRING": "“It's fine. I always burn them all off anyway.”"
	},
	{
		"TYPE": "ZM",
		"ID": 271965,
		"NAME": "小太郎",
		"ENG_NAME": "Kotaro",
		"STRING": "「あ、お茶貰ってこようか？」@n",
		"ENG_STRING": "“Oh, should I go make some tea?”@n"
	},
	{
		"TYPE": "ZM",
		"ID": 271966,
		"NAME": "満琉",
		"ENG_NAME": "Michiru",
		"STRING": "「いや、お茶なら冷蔵庫にあるからいれて……あ」",
		"ENG_STRING": "“There's some in the fridge already, so there's no need to... Ah.”"
	},
	{
		"TYPE": "ZM",
		"ID": 271967,
		"NAME": "小太郎",
		"ENG_NAME": "Kotaro",
		"STRING": "「はーい」@n",
		"ENG_STRING": "“I'll go get it then.”@n"
	},
	{
		"TYPE": "ZM",
		"ID": 271968,
		"NAME": "満琉",
		"ENG_NAME": "Michiru",
		"STRING": "「待った、おまる！」",
		"ENG_STRING": "“Wait, Omaru!”"
	},
	{
		"TYPE": "ZM",
		"ID": 271969,
		"NAME": "小太郎",
		"ENG_NAME": "Kotaro",
		"STRING": "「なーにー？」",
		"ENG_STRING": "“What?”"
	},
	{
		"TYPE": "ZM",
		"ID": 271970,
		"NAME": "小太郎",
		"ENG_NAME": "Kotaro",
		"STRING": "「……………………」",
		"ENG_STRING": "“......”"
	},
	{
		"TYPE": "ZM",
		"ID": 271971,
		"NAME": "満琉",
		"ENG_NAME": "Michiru",
		"STRING": "（やっべー、遅かった……）",
		"ENG_STRING": "(Crap, I was too late...)"
	},
	{
		"TYPE": "ZM",
		"ID": 271972,
		"NAME": "小太郎",
		"ENG_NAME": "Kotaro",
		"STRING": "「……ねえ、みっちー？」@n",
		"ENG_STRING": "“...Hey, Micchi?”@n"
	},
	{
		"TYPE": "ZM",
		"ID": 271973,
		"NAME": "満琉",
		"ENG_NAME": "Michiru",
		"STRING": "「な、なんだ？」",
		"ENG_STRING": "“Wh-What is it?”"
	},
	{
		"TYPE": "ZM",
		"ID": 271974,
		"NAME": "小太郎",
		"ENG_NAME": "Kotaro",
		"STRING": "「お茶ってこれじゃないよね？」",
		"ENG_STRING": "“This isn't the tea, right?”"
	},
	{
		"TYPE": "ZM",
		"ID": 271975,
		"STRING": "冷蔵庫の前で、おまるが不思議そうに銀色の缶を手にとって見せる。",
		"ENG_STRING": "Standing in front of the refrigerator, Omaru takes out a silver can and shows it to me."
	},
	{
		"TYPE": "ZM",
		"ID": 271976,
		"NAME": "満琉",
		"ENG_NAME": "Michiru",
		"STRING": "「違う違う！　お茶はペットボトルのがあるだろ？」",
		"ENG_STRING": "“It's not! It should be in a plastic bottle.”"
	},
	{
		"TYPE": "ZM",
		"ID": 271977,
		"NAME": "憂緒",
		"ENG_NAME": "Ushio",
		"STRING": "「……久我くん？」",
		"ENG_STRING": "“...Koga-kun?”"
	},
	{
		"TYPE": "ZM",
		"ID": 271978,
		"NAME": "満琉",
		"ENG_NAME": "Michiru",
		"STRING": "「それは置いといて、早くお茶を」",
		"ENG_STRING": "“Put that back where you found it, and hurry up and bring the tea here.”"
	},
	{
		"TYPE": "ZM",
		"ID": 271979,
		"NAME": "憂緒",
		"ENG_NAME": "Ushio",
		"STRING": "「どう見てもビールなんですが、きみは、まさか飲酒……」",
		"ENG_STRING": "“That's clearly beer. Are you by any chance drinking...”"
	},
	{
		"TYPE": "ZM",
		"ID": 271980,
		"NAME": "満琉",
		"ENG_NAME": "Michiru",
		"STRING": "「はっはっは、まさかー」",
		"ENG_STRING": "“Ha ha ha, no way.”"
	},
	{
		"TYPE": "ZM",
		"ID": 271981,
		"NAME": "小太郎",
		"ENG_NAME": "Kotaro",
		"STRING": "「なんで棒読みなの！？」",
		"ENG_STRING": "“Why was that in monotone!?”"
	},
	{
		"TYPE": "ZM",
		"ID": 271982,
		"NAME": "満琉",
		"ENG_NAME": "Michiru",
		"STRING": "「冗談だ。そんな堂々と法を犯すほど危険人物じゃないよ、俺は」",
		"ENG_STRING": "“Just kidding. I'm not the kind of person who'd break the law so openly.”"
	},
	{
		"TYPE": "ZM",
		"ID": 271983,
		"NAME": "憂緒",
		"ENG_NAME": "Ushio",
		"STRING": "「……本当でしょうね」",
		"ENG_STRING": "“...Really now?”"
	},
	{
		"TYPE": "ZM",
		"ID": 271984,
		"NAME": "満琉",
		"ENG_NAME": "Michiru",
		"STRING": "「信用しろよ」",
		"ENG_STRING": "“Trust me, will you?”"
	},
	{
		"TYPE": "ZM",
		"ID": 271985,
		"NAME": "憂緒",
		"ENG_NAME": "Ushio",
		"STRING": "「………………………」",
		"ENG_STRING": "“......”"
	},
	{
		"TYPE": "ZM",
		"ID": 271986,
		"NAME": "満琉",
		"ENG_NAME": "Michiru",
		"STRING": "「いやそりゃ信用できねーかもしれないけど、でも本当だって！　誓ってもいい！」",
		"ENG_STRING": "“Okay, even if you don't believe me, it's the truth! I swear it!”"
	},
	{
		"TYPE": "ZM",
		"ID": 271987,
		"NAME": "憂緒",
		"ENG_NAME": "Ushio",
		"STRING": "「嘘だったら承知しませんよ」",
		"ENG_STRING": "“I won't let you get away with it if you're lying.”"
	},
	{
		"TYPE": "ZM",
		"ID": 271988,
		"NAME": "満琉",
		"ENG_NAME": "Michiru",
		"STRING": "「嘘じゃない嘘じゃない」",
		"ENG_STRING": "“I'm not, I'm not.”"
	},
	{
		"TYPE": "ZM",
		"ID": 271989,
		"NAME": "小太郎",
		"ENG_NAME": "Kotaro",
		"STRING": "「大人向け炭酸飲料ってやつ？　珍しいものが好きなんだね」",
		"ENG_STRING": "“So it's one of those carbonated drinks meant for adults? You sure like some weird things.”"
	},
	{
		"TYPE": "ZM",
		"ID": 271990,
		"NAME": "満琉",
		"ENG_NAME": "Michiru",
		"STRING": "「そっちのが辛いものに合うんだよ」",
		"ENG_STRING": "“They go well with spicy food.”"
	},
	{
		"TYPE": "ZM",
		"ID": 271991,
		"STRING": "しげしげ缶をながめていたおまるは、それを冷蔵庫に戻してお茶を持ってくる。",
		"ENG_STRING": "After staring at the can intently, Omaru puts it back in the fridge and returns with the tea."
	},
	{
		"TYPE": "ZM",
		"ID": 271992,
		"NAME": "満琉",
		"ENG_NAME": "Michiru",
		"STRING": "「っ……はー！　なんかやっと一息ついた感じだなー」",
		"ENG_STRING": "“...Haa! That hits the spot.”"
	},
	{
		"TYPE": "ZM",
		"ID": 271993,
		"NAME": "小太郎",
		"ENG_NAME": "Kotaro",
		"STRING": "「みっちー、オヤジくさいよ」",
		"ENG_STRING": "“Micchi, you're starting to sound like a geezer.”"
	},
	{
		"TYPE": "ZM",
		"ID": 271994,
		"NAME": "満琉",
		"ENG_NAME": "Michiru",
		"STRING": "「ほっとけ。ちょっとくらいリラックスさせろよ」",
		"ENG_STRING": "“Leave me alone. Let me kick back and relax for a bit.”"
	},
	{
		"TYPE": "ZM",
		"ID": 271995,
		"NAME": "憂緒",
		"ENG_NAME": "Ushio",
		"STRING": "「この状況でリラックスできるとは、きみはよほど剛胆な人間なのですね」",
		"ENG_STRING": "“You must have nerves of steel to be able to relax in this situation.”"
	},
	{
		"TYPE": "ZM",
		"ID": 271996,
		"NAME": "満琉",
		"ENG_NAME": "Michiru",
		"STRING": "「……………」",
		"ENG_STRING": "“......”"
	},
	{
		"TYPE": "ZM",
		"ID": 271997,
		"STRING": "和やかだった空気が少しだけ凍りついた。",
		"ENG_STRING": "The peaceful atmosphere just got a bit chillier."
	},
	{
		"TYPE": "ZM",
		"ID": 271998,
		"STRING": "まあ、確かにこの状況の原因は主に俺の悪ふざけなのだが……。",
		"ENG_STRING": "Well, it's true that it's my fault that things are the way they are right now..."
	},
	{
		"TYPE": "ZM",
		"ID": 271999,
		"NAME": "満琉",
		"ENG_NAME": "Michiru",
		"STRING": "「今は焦っても仕方ねーだろ」",
		"ENG_STRING": "“Not like worrying is going to do us any good at this point.”"
	},
	{
		"TYPE": "ZM",
		"ID": 272000,
		"NAME": "憂緒",
		"ENG_NAME": "Ushio",
		"STRING": "「そうですか。事態への反省というものが感じられなかったもので」",
		"ENG_STRING": "“I see, so you're not even reflecting on your actions.”"
	},
	{
		"TYPE": "ZM",
		"ID": 272001,
		"NAME": "満琉",
		"ENG_NAME": "Michiru",
		"STRING": "「いや、反省も後悔もしてるけど、おもいっきり」",
		"ENG_STRING": "“No, I am, and I seriously regret what I did.”"
	},
	{
		"TYPE": "ZM",
		"ID": 272002,
		"NAME": "憂緒",
		"ENG_NAME": "Ushio",
		"STRING": "「…………」",
		"ENG_STRING": "“......”"
	},
	{
		"TYPE": "ZM",
		"ID": 272003,
		"NAME": "満琉",
		"ENG_NAME": "Michiru",
		"STRING": "「……なんだよ」",
		"ENG_STRING": "“...What now?”"
	},
	{
		"TYPE": "ZM",
		"ID": 272004,
		"NAME": "憂緒",
		"ENG_NAME": "Ushio",
		"STRING": "「いえ、何でもありません」",
		"ENG_STRING": "“No, it's nothing.”"
	},
	{
		"TYPE": "ZM",
		"ID": 272005,
		"NAME": "満琉",
		"ENG_NAME": "Michiru",
		"STRING": "「言いたいことがあるなら、はっきり言えよ」",
		"ENG_STRING": "“If you have something you want to say, then spit it out.”"
	},
	{
		"TYPE": "ZM",
		"ID": 272006,
		"NAME": "憂緒",
		"ENG_NAME": "Ushio",
		"STRING": "「何でもないと言ったはずですが」",
		"ENG_STRING": "“I told you that it's nothing.”"
	},
	{
		"TYPE": "ZM",
		"ID": 272007,
		"NAME": "小太郎",
		"ENG_NAME": "Kotaro",
		"STRING": "「あっ、あっあのー！」",
		"ENG_STRING": "“U-Umm!”"
	},
	{
		"TYPE": "ZM",
		"ID": 272008,
		"STRING": "俺とモー子の雰囲気を見てまずいと思ったのか、慌てたようにおまるが話に滑り込んでくる。",
		"ENG_STRING": "Omaru, seeing things take a turn for the worse, hastily tries to slip into the conversation."
	},
	{
		"TYPE": "ZM",
		"ID": 272009,
		"NAME": "小太郎",
		"ENG_NAME": "Kotaro",
		"STRING": "「あの妖精って、どこから来て、どこに行っちゃったのかな！　明日は妖精を捜すんだよね？」",
		"ENG_STRING": "“I wonder where that fairy came from and where it went. We're going to look for it tomorrow, right?”"
	},
	{
		"TYPE": "ZM",
		"ID": 272010,
		"NAME": "憂緒",
		"ENG_NAME": "Ushio",
		"STRING": "「勿論です。明日はどうあっても、あの妖精を捜し出さなければ……」",
		"ENG_STRING": "“Naturally. We have to find it tomorrow, no matter what...”"
	},
	{
		"TYPE": "ZM",
		"ID": 272011,
		"STRING": "確かにそうだ。",
		"ENG_STRING": "Omaru's right."
	},
	{
		"TYPE": "ZM",
		"ID": 272012,
		"STRING": "ここでモー子と睨みあっていてもしょうがない。",
		"ENG_STRING": "Fighting with Mooko here is useless."
	},
	{
		"TYPE": "ZM",
		"ID": 272013,
		"STRING": "結局、悪かったのは俺の軽率な行動なのには違いないし。",
		"ENG_STRING": "My thoughtless prank is without a doubt at fault here."
	},
	{
		"TYPE": "ZM",
		"ID": 272014,
		"STRING": "大人げない。大人げないぞ俺……。",
		"ENG_STRING": "I'm acting so immature..."
	},
	{
		"TYPE": "ZM",
		"ID": 272015,
		"NAME": "満琉",
		"ENG_NAME": "Michiru",
		"STRING": "「あれも遺品がらみなのか？」",
		"ENG_STRING": "“Was that the work of another Mist?”"
	},
	{
		"TYPE": "ZM",
		"ID": 272016,
		"NAME": "憂緒",
		"ENG_NAME": "Ushio",
		"STRING": "「他には考えられませんから、おそらく」",
		"ENG_STRING": "“I can't think of any other possible explanation.”"
	},
	{
		"TYPE": "ZM",
		"ID": 272017,
		"NAME": "満琉",
		"ENG_NAME": "Michiru",
		"STRING": "「しかし手錠の鍵持って行く遺品てなんだよ？」",
		"ENG_STRING": "“But what kind of Mist would take the key to a pair of handcuffs?”"
	},
	{
		"TYPE": "ZM",
		"ID": 272018,
		"STRING": "ふと、モー子は軽く眉根を寄せながら独り言のように呟いた。",
		"ENG_STRING": "Mooko suddenly furrows her brow and mutters to herself."
	},
	{
		"TYPE": "ZM",
		"ID": 272019,
		"NAME": "憂緒",
		"ENG_NAME": "Ushio",
		"STRING": "「目的は本当に手錠の鍵だったのか……」@n",
		"ENG_STRING": "“Was it really after the key to the handcuffs...?”@n"
	},
	{
		"TYPE": "SELR",
		"ID": 0,
		"STRING": "鍵が目的だと思う",
		"ENG_STRING": "I think it was"
	},
	{
		"TYPE": "SELR",
		"ID": 1,
		"STRING": "俺たちを拘束したかったのでは？",
		"ENG_STRING": "Maybe it wanted to restrain us?"
	},
	{
		"TYPE": "ZM",
		"ID": 272130,
		"NAME": "満琉",
		"ENG_NAME": "Michiru",
		"STRING": "「そりゃ鍵が目的だろ。妖精は『見つけた』って言ってたぜ」",
		"ENG_STRING": "“I think it was. It even said, 'I found it'.”"
	},
	{
		"TYPE": "ZM",
		"ID": 272131,
		"NAME": "小太郎",
		"ENG_NAME": "Kotaro",
		"STRING": "「あー、言ってた！　そうだったね」",
		"ENG_STRING": "“Ah, now that you mention it!”"
	},
	{
		"TYPE": "ZM",
		"ID": 272132,
		"NAME": "憂緒",
		"ENG_NAME": "Ushio",
		"STRING": "「私もそう思います。他の目的、例えば私たちを今のような状況に追い込むために鍵を奪ったという線は捨ててもいいでしょう」",
		"ENG_STRING": "“I believe so, too. We can most likely ignore the possibility of it having any other objective, for example, to trap us in this situation.”"
	},
	{
		"TYPE": "ZM",
		"ID": 272133,
		"NAME": "満琉",
		"ENG_NAME": "Michiru",
		"STRING": "「わかりきったことでも律儀に検討するんだな」",
		"ENG_STRING": "“You put even the most evident facts under scrutiny, huh?”"
	},
	{
		"TYPE": "ZM",
		"ID": 272134,
		"NAME": "憂緒",
		"ENG_NAME": "Ushio",
		"STRING": "「推理とはそういうものです。すべての可能性を排除した後、最後に残るのが真実……」",
		"ENG_STRING": "“That is how deduction works. When you have eliminated the impossible, whatever remains, however improbable, must be the truth...”"
	},
	{
		"TYPE": "ZM",
		"ID": 272135,
		"STRING": "ほんの微かにだが、モー子の口許がほころんでいた。",
		"ENG_STRING": "Her mouth curls into an ever-so-slight smile."
	},
	{
		"TYPE": "ZM",
		"ID": 272136,
		"STRING": "こういう話題は嫌いじゃないらしい。",
		"ENG_STRING": "It seems she's fond of topics like these."
	},
	{
		"TYPE": "ZM",
		"ID": 272137,
		"NAME": "満琉",
		"ENG_NAME": "Michiru",
		"STRING": "「……問題は、可能性の枠が常識外れってことだな、この学園は」",
		"ENG_STRING": "“...The problem is that at this school, the possibilities aren't bound by common sense.”"
	},
	{
		"TYPE": "ZM",
		"ID": 272138,
		"NAME": "憂緒",
		"ENG_NAME": "Ushio",
		"STRING": "「確かにそうですが魔術や遺品の特性を正しく理解すれば、論理的に答えを導き出す事は出来ますよ」",
		"ENG_STRING": "“While that is true, as long as you properly understand magic and the characteristics of Mists, you can reach a logical conclusion.”"
	},
	{
		"TYPE": "ZM",
		"ID": 272139,
		"STRING": "自信ありげな口調だった。",
		"ENG_STRING": "Her tone of voice is brimming with confidence."
	},
	{
		"TYPE": "ZM",
		"ID": 272140,
		"STRING": "まあ、俺もそういうのは嫌いじゃない。",
		"ENG_STRING": "Not that I really mind I guess."
	},
	{
		"TYPE": "ZM",
		"ID": 272141,
		"NAME": "憂緒",
		"ENG_NAME": "Ushio",
		"STRING": "「……言っておきますが」",
		"ENG_STRING": "“...Let me just say this.”"
	},
	{
		"TYPE": "ZM",
		"ID": 272142,
		"STRING": "俺の視線に気づいたのか、はっとモー子は怒ったように眉根を寄せる。",
		"ENG_STRING": "Having realized that I'm looking at her, she narrows her brow in what appears to be anger."
	},
	{
		"TYPE": "ZM",
		"ID": 272143,
		"NAME": "憂緒",
		"ENG_NAME": "Ushio",
		"STRING": "「……手錠のせいで行動を共にするしかないから方針を検討しているだけです。勘違いしないで下さいね」",
		"ENG_STRING": "“...I am only formulating a plan because we have no choice but to work together due to these handcuffs. Don't misunderstand.”"
	},
	{
		"TYPE": "ZM",
		"ID": 272144,
		"NAME": "満琉",
		"ENG_NAME": "Michiru",
		"STRING": "「勘違いってなんだよ」",
		"ENG_STRING": "“What's there to misunderstand?”"
	},
	{
		"TYPE": "ZM",
		"ID": 272145,
		"NAME": "憂緒",
		"ENG_NAME": "Ushio",
		"STRING": "「楽しんでいるわけではありません」",
		"ENG_STRING": "“I am not doing this because I think it's fun.”"
	},
	{
		"TYPE": "ZM",
		"ID": 272146,
		"NAME": "満琉",
		"ENG_NAME": "Michiru",
		"STRING": "「わかってるよ。楽しかねーよ、俺だって」",
		"ENG_STRING": "“I know that much. This isn't fun for me, either.”"
	},
	{
		"TYPE": "ZM",
		"ID": 272147,
		"STRING": "俺が答えると納得したのか、モー子はまた何か考え込んだ。",
		"ENG_STRING": "Mooko falls back into thought, seemingly satisfied with my response."
	},
	{
		"TYPE": "ZM",
		"ID": 272386,
		"NAME": "満琉",
		"ENG_NAME": "Michiru",
		"STRING": "「んー、実は鍵が目的じゃなくて俺達を拘束したかったとか？」",
		"ENG_STRING": "“Hmm, maybe that's not the case and it wanted to restrain us?”"
	},
	{
		"TYPE": "ZM",
		"ID": 272387,
		"NAME": "憂緒",
		"ENG_NAME": "Ushio",
		"STRING": "「誰が、何のためにです？」",
		"ENG_STRING": "“But who would make it do that, and for what reason?”"
	},
	{
		"TYPE": "ZM",
		"ID": 272388,
		"NAME": "満琉",
		"ENG_NAME": "Michiru",
		"STRING": "「そりゃあ……遺品回収されたくない誰か、とか」",
		"ENG_STRING": "“I guess... someone who doesn't want the Mists to be retrieved?”"
	},
	{
		"TYPE": "ZM",
		"ID": 272389,
		"NAME": "憂緒",
		"ENG_NAME": "Ushio",
		"STRING": "「烏丸くんは自由の身ですよ？」",
		"ENG_STRING": "“Nothing happened to Karasuma-kun, though.”"
	},
	{
		"TYPE": "ZM",
		"ID": 272390,
		"NAME": "小太郎",
		"ENG_NAME": "Kotaro",
		"STRING": "「戦力だと思われてない……とかじゃないよね」",
		"ENG_STRING": "“They don't consider me to be capable of anything... I hope that's not the case.”"
	},
	{
		"TYPE": "ZM",
		"ID": 272391,
		"NAME": "満琉",
		"ENG_NAME": "Michiru",
		"STRING": "「ネガティブすぎるだろ」",
		"ENG_STRING": "“Stop being so hard on yourself.”"
	},
	{
		"TYPE": "ZM",
		"ID": 272392,
		"NAME": "憂緒",
		"ENG_NAME": "Ushio",
		"STRING": "「そもそも、妖精はなんと言って鍵を持って行きました？」@n",
		"ENG_STRING": "“For starters, what did the fairy say when it picked up the key?”@n"
	},
	{
		"TYPE": "ZM",
		"ID": 272393,
		"NAME": "満琉",
		"ENG_NAME": "Michiru",
		"STRING": "「え？　見つけた、って……あ」",
		"ENG_STRING": "“Huh? 'I found it'... Ah.”"
	},
	{
		"TYPE": "ZM",
		"ID": 272394,
		"NAME": "憂緒",
		"ENG_NAME": "Ushio",
		"STRING": "「そうでしょう。ならば目的はやはり鍵の可能性が高い」",
		"ENG_STRING": "“Exactly, which means that the probability of it being after the key is high.”"
	},
	{
		"TYPE": "ZM",
		"ID": 272395,
		"NAME": "満琉",
		"ENG_NAME": "Michiru",
		"STRING": "「……そうか」",
		"ENG_STRING": "“...I see.”"
	},
	{
		"TYPE": "ZM",
		"ID": 272396,
		"NAME": "小太郎",
		"ENG_NAME": "Kotaro",
		"STRING": "「確かに、そうだったね……」",
		"ENG_STRING": "“That certainly makes sense...”"
	},
	{
		"TYPE": "ZM",
		"ID": 272397,
		"NAME": "憂緒",
		"ENG_NAME": "Ushio",
		"STRING": "「同じものを見聞きしていたんですから、もう少ししっかりして下さい」",
		"ENG_STRING": "“We all saw what happened, so please use your head a little more.”"
	},
	{
		"TYPE": "ZM",
		"ID": 272398,
		"NAME": "満琉",
		"ENG_NAME": "Michiru",
		"STRING": "「お、おう」",
		"ENG_STRING": "“O-Okay.”"
	},
	{
		"TYPE": "ZM",
		"ID": 272399,
		"NAME": "憂緒",
		"ENG_NAME": "Ushio",
		"STRING": "「手錠のせいで嫌でも協力体制を取らざるを得ないというのに……」",
		"ENG_STRING": "“Because of these handcuffs, we have no choice but to work together...”"
	},
	{
		"TYPE": "ZM",
		"ID": 272400,
		"STRING": "くそ、言い返せないのが腹立つ……。",
		"ENG_STRING": "Ugh, it's annoying how I can't argue with what she's saying..."
	},
	{
		"TYPE": "ZM",
		"ID": 272642,
		"NAME": "憂緒",
		"ENG_NAME": "Ushio",
		"STRING": "「目的は鍵だったとして、なぜ鍵が欲しかったのかが不明ですね」",
		"ENG_STRING": "“We've established that its goal was the key, but its motive is still unclear.”"
	},
	{
		"TYPE": "ZM",
		"ID": 272643,
		"NAME": "満琉",
		"ENG_NAME": "Michiru",
		"STRING": "「なぜ、ねえ……」",
		"ENG_STRING": "“Motive, huh...?”"
	},
	{
		"TYPE": "ZM",
		"ID": 272644,
		"NAME": "憂緒",
		"ENG_NAME": "Ushio",
		"STRING": "「何か意見があるのでしたら、どうぞ？」",
		"ENG_STRING": "“Feel free to offer any opinions on the matter.”"
	},
	{
		"TYPE": "SELR",
		"ID": 0,
		"STRING": "実はあれは手錠の鍵じゃなかったのでは？",
		"ENG_STRING": "Maybe it wasn't the key to the handcuffs?"
	},
	{
		"TYPE": "SELR",
		"ID": 1,
		"STRING": "鍵なら何でもよかったのでは？",
		"ENG_STRING": "Maybe it was fine with any key?"
	},
	{
		"TYPE": "ZM",
		"ID": 272898,
		"NAME": "満琉",
		"ENG_NAME": "Michiru",
		"STRING": "「実はあれは、手錠の鍵じゃないとか？」",
		"ENG_STRING": "“Maybe it wasn't actually the key to the handcuffs?”"
	},
	{
		"TYPE": "ZM",
		"ID": 272899,
		"NAME": "小太郎",
		"ENG_NAME": "Kotaro",
		"STRING": "「え、でも、おれの手にはめたときちゃんと外れたよ？」",
		"ENG_STRING": "“Huh? But you used it to take off the handcuffs when you put them on me.”"
	},
	{
		"TYPE": "ZM",
		"ID": 272900,
		"NAME": "満琉",
		"ENG_NAME": "Michiru",
		"STRING": "「あ、そっか」",
		"ENG_STRING": "“Oh, right.”"
	},
	{
		"TYPE": "ZM",
		"ID": 272901,
		"NAME": "憂緒",
		"ENG_NAME": "Ushio",
		"STRING": "「……しっかりして下さい」",
		"ENG_STRING": "“...Please think before you speak.”"
	},
	{
		"TYPE": "ZM",
		"ID": 272902,
		"STRING": "呆れられた……。",
		"ENG_STRING": "She's clearly disappointed..."
	},
	{
		"TYPE": "ZM",
		"ID": 272903,
		"NAME": "憂緒",
		"ENG_NAME": "Ushio",
		"STRING": "「おそらく鍵という形状であれば、何の鍵でもよかったのでしょう。そういう風に見えました」",
		"ENG_STRING": "“It was most likely fine with any key it found. That's what it looked like to me.”"
	},
	{
		"TYPE": "ZM",
		"ID": 272904,
		"NAME": "小太郎",
		"ENG_NAME": "Kotaro",
		"STRING": "「確かに『手錠の鍵見つけた』とは言ってなかったよね」",
		"ENG_STRING": "“It didn't say, 'I found the key to the handcuffs' after all.”"
	},
	{
		"TYPE": "ZM",
		"ID": 272905,
		"NAME": "満琉",
		"ENG_NAME": "Michiru",
		"STRING": "「なるほどなあ……」",
		"ENG_STRING": "“True...”"
	},
	{
		"TYPE": "ZM",
		"ID": 273154,
		"NAME": "満琉",
		"ENG_NAME": "Michiru",
		"STRING": "「鍵なら何でもよかったのかな。妙に喜んで持ってったよな」",
		"ENG_STRING": "“Maybe it was fine with any key? It seemed pretty happy when it picked it up.”"
	},
	{
		"TYPE": "ZM",
		"ID": 273155,
		"NAME": "小太郎",
		"ENG_NAME": "Kotaro",
		"STRING": "「そう言えば『手錠の鍵みつけた』とは言ってなかったね」",
		"ENG_STRING": "“Speaking of which, it didn't say, 'I found the key to the handcuffs'.”"
	},
	{
		"TYPE": "ZM",
		"ID": 273156,
		"NAME": "憂緒",
		"ENG_NAME": "Ushio",
		"STRING": "「そうですね。鍵でありさえすればよかったような言動に見えました」",
		"ENG_STRING": "“Indeed. Its actions make me think that any key would have sufficed.”"
	},
	{
		"TYPE": "ZM",
		"ID": 273666,
		"NAME": "憂緒",
		"ENG_NAME": "Ushio",
		"STRING": "「……久我くん」",
		"ENG_STRING": "“...Koga-kun.”"
	},
	{
		"TYPE": "ZM",
		"ID": 273667,
		"NAME": "満琉",
		"ENG_NAME": "Michiru",
		"STRING": "「ん？」",
		"ENG_STRING": "“Hmm?”"
	},
	{
		"TYPE": "ZM",
		"ID": 273668,
		"NAME": "憂緒",
		"ENG_NAME": "Ushio",
		"STRING": "「思ったよりも、ちゃんと考えているようですね」",
		"ENG_STRING": "“You're more capable than I thought you were.”"
	},
	{
		"TYPE": "ZM",
		"ID": 273669,
		"NAME": "満琉",
		"ENG_NAME": "Michiru",
		"STRING": "「……それ、誉めてんのか？」",
		"ENG_STRING": "“...Is that supposed to be a compliment?”"
	},
	{
		"TYPE": "ZM",
		"ID": 273670,
		"STRING": "モー子は、その問いかけには答えずすました顔でお茶を飲んだ。",
		"ENG_STRING": "Mooko doesn't answer my question and nonchalantly takes a sip of tea."
	},
	{
		"TYPE": "ZM",
		"ID": 273671,
		"NAME": "満琉",
		"ENG_NAME": "Michiru",
		"STRING": "（わかりにくい奴……）",
		"ENG_STRING": "(Man, she's hard to read...)"
	},
	{
		"TYPE": "ZM",
		"ID": 273922,
		"NAME": "満琉",
		"ENG_NAME": "Michiru",
		"STRING": "「よく考えたら色々整理できるもんなんだな」",
		"ENG_STRING": "“Once you really sit down and think about it, everything fits into place.”"
	},
	{
		"TYPE": "ZM",
		"ID": 273923,
		"NAME": "小太郎",
		"ENG_NAME": "Kotaro",
		"STRING": "「みっちーも半分はあってたよ？　すごいよ？」",
		"ENG_STRING": "“You got half of the answers right. That's pretty good.”"
	},
	{
		"TYPE": "ZM",
		"ID": 273924,
		"NAME": "憂緒",
		"ENG_NAME": "Ushio",
		"STRING": "「詰めが甘いともいいますね」",
		"ENG_STRING": "“He didn't completely think things through.”"
	},
	{
		"TYPE": "ZM",
		"ID": 273925,
		"NAME": "満琉",
		"ENG_NAME": "Michiru",
		"STRING": "「何か文句をつけないと気がすまないのかお前……」",
		"ENG_STRING": "“Do you have to turn everything into a complaint...?”"
	},
	{
		"TYPE": "ZM",
		"ID": 273926,
		"NAME": "憂緒",
		"ENG_NAME": "Ushio",
		"STRING": "「現状、きみのミスは私にとっても命取りになるんです。それを把握しておいて下さい」",
		"ENG_STRING": "“Please understand that your mistakes could prove to be fatal to me.”"
	},
	{
		"TYPE": "ZM",
		"ID": 273927,
		"NAME": "満琉",
		"ENG_NAME": "Michiru",
		"STRING": "「……わかったよ」",
		"ENG_STRING": "“...All right.”"
	},
	{
		"TYPE": "ZM",
		"ID": 274178,
		"NAME": "憂緒",
		"ENG_NAME": "Ushio",
		"STRING": "「久我くん、真面目に考えていますか？」",
		"ENG_STRING": "“Koga-kun, are you using your brain at all?”"
	},
	{
		"TYPE": "ZM",
		"ID": 274179,
		"NAME": "満琉",
		"ENG_NAME": "Michiru",
		"STRING": "「そのつもりなんだけど」",
		"ENG_STRING": "“I'm trying to at least.”"
	},
	{
		"TYPE": "ZM",
		"ID": 274180,
		"NAME": "憂緒",
		"ENG_NAME": "Ushio",
		"STRING": "「…………………」",
		"ENG_STRING": "“......”"
	},
	{
		"TYPE": "ZM",
		"ID": 274181,
		"STRING": "……ため息つかれた。",
		"ENG_STRING": "...She heaves a sigh."
	},
	{
		"TYPE": "ZM",
		"ID": 274182,
		"STRING": "さすがに片っ端から外したもんなぁ。",
		"ENG_STRING": "I did get both of the questions wrong after all."
	},
	{
		"TYPE": "ZM",
		"ID": 274183,
		"NAME": "憂緒",
		"ENG_NAME": "Ushio",
		"STRING": "「きみ一人が自滅するのは勝手ですが、今は私も巻き込まれることをお忘れ無く」",
		"ENG_STRING": "“I don't care if you decide to dig your own grave, but don't forget that you will be dragging me along with you.”"
	},
	{
		"TYPE": "ZM",
		"ID": 274184,
		"NAME": "満琉",
		"ENG_NAME": "Michiru",
		"STRING": "「う、うん」",
		"ENG_STRING": "“Y-Yeah.”"
	},
	{
		"TYPE": "ZM",
		"ID": 274434,
		"NAME": "小太郎",
		"ENG_NAME": "Kotaro",
		"STRING": "「けど、これとりあえず言わないとまずいよね……村雲先輩に」",
		"ENG_STRING": "“In any case, we should probably let Murakumo-senpai know about this, right?”"
	},
	{
		"TYPE": "ZM",
		"ID": 274435,
		"NAME": "満琉",
		"ENG_NAME": "Michiru",
		"STRING": "「げ……」",
		"ENG_STRING": "“Geh...”"
	},
	{
		"TYPE": "ZM",
		"ID": 274436,
		"NAME": "憂緒",
		"ENG_NAME": "Ushio",
		"STRING": "「げ、ではありません。当然でしょう、彼の物なんですから」",
		"ENG_STRING": "“Don't whine. These handcuffs belong to him after all.”"
	},
	{
		"TYPE": "ZM",
		"ID": 274437,
		"NAME": "満琉",
		"ENG_NAME": "Michiru",
		"STRING": "「ま、まあな」",
		"ENG_STRING": "“I-I guess.”"
	},
	{
		"TYPE": "ZM",
		"ID": 274438,
		"NAME": "憂緒",
		"ENG_NAME": "Ushio",
		"STRING": "「きみが彼とどれだけ仲が悪かろうと、何も言わないまま済ませるわけにはいきませんよ」",
		"ENG_STRING": "“Regardless of how incompatible you two are, we'll have to let him know about this at some point.”"
	},
	{
		"TYPE": "ZM",
		"ID": 274439,
		"NAME": "満琉",
		"ENG_NAME": "Michiru",
		"STRING": "「わかってるよ！」",
		"ENG_STRING": "“I know, I know!”"
	},
	{
		"TYPE": "ZM",
		"ID": 274440,
		"NAME": "憂緒",
		"ENG_NAME": "Ushio",
		"STRING": "「それに、念のため妖精に心当たりがないか聞いてみる必要もあると思います」",
		"ENG_STRING": "“For good measure, we should also ask him if he knows anything about that fairy.”"
	},
	{
		"TYPE": "ZM",
		"ID": 274441,
		"NAME": "満琉",
		"ENG_NAME": "Michiru",
		"STRING": "「……そうだな……」",
		"ENG_STRING": "“Yeah...”"
	},
	{
		"TYPE": "ZM",
		"ID": 274442,
		"STRING": "思いっきり嫌み言われそうだなー。",
		"ENG_STRING": "I get the feeling that this is going to end up with him yelling at me."
	},
	{
		"TYPE": "ZM",
		"ID": 274443,
		"STRING": "面倒くせえ……。",
		"ENG_STRING": "What a pain..."
	},
	{
		"TYPE": "ZM",
		"ID": 274444,
		"NAME": "憂緒",
		"ENG_NAME": "Ushio",
		"STRING": "「……他にもなくなった鍵がないか調べてみるべきかもしれませんね」",
		"ENG_STRING": "“...It would be a good idea to check if anyone else is missing keys.”"
	},
	{
		"TYPE": "ZM",
		"ID": 274445,
		"NAME": "小太郎",
		"ENG_NAME": "Kotaro",
		"STRING": "「そうだね、鍵なら何でもいいなら他にも持ってっちゃってるかもね」",
		"ENG_STRING": "“Yeah, if it's taking away any key it finds, other people might've lost theirs, too.”"
	},
	{
		"TYPE": "ZM",
		"ID": 274446,
		"NAME": "満琉",
		"ENG_NAME": "Michiru",
		"STRING": "「鍵のあるところ見張ってたらまた来るんじゃねーか？」",
		"ENG_STRING": "“Could we have a stake out at a place where there's a key? Maybe it'll come for it.”"
	},
	{
		"TYPE": "ZM",
		"ID": 274447,
		"NAME": "憂緒",
		"ENG_NAME": "Ushio",
		"STRING": "「その可能性もありますね」",
		"ENG_STRING": "“That sounds plausible.”"
	},
	{
		"TYPE": "ZM",
		"ID": 274448,
		"STRING": "あーだこーだと、明日の予定を話し合う。",
		"ENG_STRING": "We spend some time discussing our plan for tomorrow."
	},
	{
		"TYPE": "ZM",
		"ID": 274449,
		"STRING": "気がつくとけっこういい時間になっていた。",
		"ENG_STRING": "Time passes by quickly without our realizing it."
	},
	{
		"TYPE": "ZM",
		"ID": 274450,
		"NAME": "小太郎",
		"ENG_NAME": "Kotaro",
		"STRING": "「じゃあ、おれ部屋に戻るよ」@n",
		"ENG_STRING": "“I'll be going back to my room now.”@n"
	},
	{
		"TYPE": "ZM",
		"ID": 274451,
		"STRING": "そう言っておまるが腰を上げる。",
		"ENG_STRING": "He stands up as he says that."
	},
	{
		"TYPE": "ZM",
		"ID": 274452,
		"NAME": "満琉",
		"ENG_NAME": "Michiru",
		"STRING": "「泊まってかねえ？」",
		"ENG_STRING": "“Why don't you stay over, too?”"
	},
	{
		"TYPE": "ZM",
		"ID": 274453,
		"NAME": "小太郎",
		"ENG_NAME": "Kotaro",
		"STRING": "「き、気持ちはわかるけどさ、どこに寝るんだよ？」",
		"ENG_STRING": "“I-I understand how you feel, but where would I sleep?”"
	},
	{
		"TYPE": "ZM",
		"ID": 274454,
		"NAME": "満琉",
		"ENG_NAME": "Michiru",
		"STRING": "「……床？」",
		"ENG_STRING": "“...On the floor?”"
	},
	{
		"TYPE": "ZM",
		"ID": 274455,
		"NAME": "小太郎",
		"ENG_NAME": "Kotaro",
		"STRING": "「勘弁してよ！　風邪ひいちゃうよ！」",
		"ENG_STRING": "“Give me a break! I don't want to catch a cold!”"
	},
	{
		"TYPE": "ZM",
		"ID": 274456,
		"NAME": "満琉",
		"ENG_NAME": "Michiru",
		"STRING": "「だよなー。いやわかってた。ちょっと言ってみただけ」",
		"ENG_STRING": "“I suppose. It's okay, I just wanted to try asking.”"
	},
	{
		"TYPE": "ZM",
		"ID": 274457,
		"NAME": "憂緒",
		"ENG_NAME": "Ushio",
		"STRING": "「………………………」",
		"ENG_STRING": "“......”"
	},
	{
		"TYPE": "ZM",
		"ID": 274458,
		"STRING": "モー子はモー子で非常に何か言いたそうな気配を感じるが、あえて口を開かない。",
		"ENG_STRING": "I can tell that Mooko has something she desperately wants to say, but she keeps quiet."
	},
	{
		"TYPE": "ZM",
		"ID": 274459,
		"NAME": "小太郎",
		"ENG_NAME": "Kotaro",
		"STRING": "「じゃあ……また、明日ね」@n",
		"ENG_STRING": "“Well... See you tomorrow.”@n"
	},
	{
		"TYPE": "ZM",
		"ID": 274460,
		"NAME": "満琉",
		"ENG_NAME": "Michiru",
		"STRING": "「ああ、また明日」",
		"ENG_STRING": "“All right, see you.”"
	},
	{
		"TYPE": "ZM",
		"ID": 274461,
		"NAME": "小太郎",
		"ENG_NAME": "Kotaro",
		"STRING": "「うん、おやすみー」",
		"ENG_STRING": "“Good night.”"
	},
	{
		"TYPE": "ZM",
		"ID": 274462,
		"NAME": "憂緒",
		"ENG_NAME": "Ushio",
		"STRING": "「………………おやすみなさい」",
		"ENG_STRING": "“...Good night.”"
	},
	{
		"TYPE": "ZM",
		"ID": 274463,
		"STRING": "やけに固い声でモー子がおまるを見送る。",
		"ENG_STRING": "Mooko sends him off stiffly."
	},
	{
		"TYPE": "ZM",
		"ID": 274464,
		"STRING": "そして俺とは視線を合わせない。",
		"ENG_STRING": "And now she won't look at me."
	},
	{
		"TYPE": "ZM",
		"ID": 274465,
		"NAME": "満琉",
		"ENG_NAME": "Michiru",
		"STRING": "（あー……二人っきりか……）",
		"ENG_STRING": "(Ah... We're alone, aren't we...)"
	},
	{
		"TYPE": "ZM",
		"ID": 274466,
		"STRING": "これは気まずい。",
		"ENG_STRING": "This feels really awkward."
	},
	{
		"TYPE": "ZM",
		"ID": 274467,
		"STRING": "さっきまで、かろうじて平常に保たれていた空気が急速に重くなる。",
		"ENG_STRING": "That feeling of normality we had before promptly disappears."
	},
	{
		"TYPE": "ZM",
		"ID": 274468,
		"NAME": "満琉",
		"ENG_NAME": "Michiru",
		"STRING": "「と、とりあえずさ、モー子ベッドで寝ろよ」",
		"ENG_STRING": "“A-Anyway, you take the bed, Mooko.”"
	},
	{
		"TYPE": "ZM",
		"ID": 274469,
		"NAME": "憂緒",
		"ENG_NAME": "Ushio",
		"STRING": "「……きみは？」",
		"ENG_STRING": "“...What about you?”"
	},
	{
		"TYPE": "ZM",
		"ID": 274470,
		"NAME": "満琉",
		"ENG_NAME": "Michiru",
		"STRING": "「その下」",
		"ENG_STRING": "“I'll sleep on the floor.”"
	},
	{
		"TYPE": "ZM",
		"ID": 274471,
		"NAME": "憂緒",
		"ENG_NAME": "Ushio",
		"STRING": "「風邪を引きますよ」",
		"ENG_STRING": "“You'll catch a cold.”"
	},
	{
		"TYPE": "ZM",
		"ID": 274472,
		"NAME": "満琉",
		"ENG_NAME": "Michiru",
		"STRING": "「だってあのベッドに二人は狭いだろ。いやそれ以前の問題もあるけど」",
		"ENG_STRING": "“The bed's too small for the both of us, and that's not even the biggest problem.”"
	},
	{
		"TYPE": "ZM",
		"ID": 274473,
		"NAME": "憂緒",
		"ENG_NAME": "Ushio",
		"STRING": "「……………………」",
		"ENG_STRING": "“......”"
	},
	{
		"TYPE": "ZM",
		"ID": 274474,
		"STRING": "いつも以上に眉間に困惑の色をにじませつつモー子は逡巡している。",
		"ENG_STRING": "She's at a loss, her expression showing more frustration than ever."
	},
	{
		"TYPE": "ZM",
		"ID": 274475,
		"NAME": "満琉",
		"ENG_NAME": "Michiru",
		"STRING": "「いいからいいから。俺、頑丈だから大丈夫だって」",
		"ENG_STRING": "“I'll be fine. I'm a pretty tough guy, if I do say so myself.”"
	},
	{
		"TYPE": "ZM",
		"ID": 274476,
		"NAME": "憂緒",
		"ENG_NAME": "Ushio",
		"STRING": "「……法を犯すほど危険人物ではないのでしょう」",
		"ENG_STRING": "“...You said that you're not the kind of person who would break the law, correct?”"
	},
	{
		"TYPE": "ZM",
		"ID": 274477,
		"NAME": "満琉",
		"ENG_NAME": "Michiru",
		"STRING": "「え、まあ、そりゃ……そこは信用してもらっていいけどさ」",
		"ENG_STRING": "“Huh? Well, it's great that you believe me, but...”"
	},
	{
		"TYPE": "ZM",
		"ID": 274478,
		"NAME": "憂緒",
		"ENG_NAME": "Ushio",
		"STRING": "「でしたら、風邪を引かれるよりは良い選択だと判断します。この距離では確実に私に伝染ります」",
		"ENG_STRING": "“In which case, I believe that it would be a better choice than having you get sick. I could catch it from you when we're this close together.”"
	},
	{
		"TYPE": "ZM",
		"ID": 274479,
		"NAME": "満琉",
		"ENG_NAME": "Michiru",
		"STRING": "「……つか、寝不足はいいのか？」",
		"ENG_STRING": "“...You're okay with not sleeping?”"
	},
	{
		"TYPE": "ZM",
		"ID": 274480,
		"NAME": "憂緒",
		"ENG_NAME": "Ushio",
		"STRING": "「寝不足？」",
		"ENG_STRING": "“What do you mean?”"
	},
	{
		"TYPE": "ZM",
		"ID": 274481,
		"NAME": "満琉",
		"ENG_NAME": "Michiru",
		"STRING": "「寝れるか？　真横にいて」",
		"ENG_STRING": "“Will you be able to sleep with me right beside you?”"
	},
	{
		"TYPE": "ZM",
		"ID": 274482,
		"NAME": "憂緒",
		"ENG_NAME": "Ushio",
		"STRING": "「……………………」",
		"ENG_STRING": "“......”"
	},
	{
		"TYPE": "ZM",
		"ID": 274483,
		"STRING": "再びコピーしてきたような顔で逡巡するモー子。",
		"ENG_STRING": "Faltering once again, her face is a carbon copy of before."
	},
	{
		"TYPE": "ZM",
		"ID": 274484,
		"NAME": "憂緒",
		"ENG_NAME": "Ushio",
		"STRING": "「その、程度の、冷静さはあるつもり……です」",
		"ENG_STRING": "“I think... that I'll... be able to stay calm enough...”"
	},
	{
		"TYPE": "ZM",
		"ID": 274485,
		"NAME": "満琉",
		"ENG_NAME": "Michiru",
		"STRING": "「俺は自信ないんだけどなあ」",
		"ENG_STRING": "“I don't have that much faith in myself though.”"
	},
	{
		"TYPE": "ZM",
		"ID": 274486,
		"NAME": "憂緒",
		"ENG_NAME": "Ushio",
		"STRING": "「徹夜と風邪とどちらがマシですか」",
		"ENG_STRING": "“Which would you prefer: an all-nighter or a cold?”"
	},
	{
		"TYPE": "ZM",
		"ID": 274487,
		"NAME": "満琉",
		"ENG_NAME": "Michiru",
		"STRING": "「……徹夜かな」",
		"ENG_STRING": "“...Probably the all-nighter.”"
	},
	{
		"TYPE": "ZM",
		"ID": 274488,
		"NAME": "憂緒",
		"ENG_NAME": "Ushio",
		"STRING": "「ならあまり選択の余地はないと思います」",
		"ENG_STRING": "“Then I don't think there's much room for dicussion.”"
	},
	{
		"TYPE": "ZM",
		"ID": 274489,
		"NAME": "満琉",
		"ENG_NAME": "Michiru",
		"STRING": "「本当にいいのかよ？」",
		"ENG_STRING": "“Are you sure you're okay with this?”"
	},
	{
		"TYPE": "ZM",
		"ID": 274490,
		"NAME": "憂緒",
		"ENG_NAME": "Ushio",
		"STRING": "「念を押さないで下さい。心が折れます」",
		"ENG_STRING": "“Stop reminding me. I'll end up changing my mind.”"
	},
	{
		"TYPE": "ZM",
		"ID": 274491,
		"NAME": "満琉",
		"ENG_NAME": "Michiru",
		"STRING": "「やっぱ無理してんじゃん！」",
		"ENG_STRING": "“So you are pushing yourself!”"
	},
	{
		"TYPE": "ZM",
		"ID": 274492,
		"NAME": "憂緒",
		"ENG_NAME": "Ushio",
		"STRING": "「だからと言って、きみを床に追いやるのはどうかと」",
		"ENG_STRING": "“Even so, I don't feel right forcing you to sleep on the floor.”"
	},
	{
		"TYPE": "ZM",
		"ID": 274493,
		"NAME": "満琉",
		"ENG_NAME": "Michiru",
		"STRING": "「へ……」",
		"ENG_STRING": "“Huh...”"
	},
	{
		"TYPE": "ZM",
		"ID": 274494,
		"NAME": "憂緒",
		"ENG_NAME": "Ushio",
		"STRING": "「仮にもここは、きみの部屋です。だからと言って私が床に寝るのはどうせ由としないのでしょう」",
		"ENG_STRING": "“This is your room, but you probably wouldn't let me sleep on the floor even if I wanted to.”"
	},
	{
		"TYPE": "ZM",
		"ID": 274495,
		"NAME": "満琉",
		"ENG_NAME": "Michiru",
		"STRING": "「当たり前だろ。一応女の子なんだから」",
		"ENG_STRING": "“Of course. You are technically a girl.”"
	},
	{
		"TYPE": "ZM",
		"ID": 274496,
		"NAME": "憂緒",
		"ENG_NAME": "Ushio",
		"STRING": "「……何故わざわざ一応をつけたんですか？」",
		"ENG_STRING": "“...Was there any reason for you to add 'technically' there?”"
	},
	{
		"TYPE": "ZM",
		"ID": 274497,
		"STRING": "怒ったような早口で言いながら、モー子は意を決したようにベッドの端に腰を下ろす。@n",
		"ENG_STRING": "Irritated, she sits on the edge of the bed, as if having mentally prepared herself.@n"
	},
	{
		"TYPE": "ZM",
		"ID": 274498,
		"NAME": "満琉",
		"ENG_NAME": "Michiru",
		"STRING": "「ふーん……」",
		"ENG_STRING": "“Hmm...”"
	},
	{
		"TYPE": "ZM",
		"ID": 274499,
		"NAME": "憂緒",
		"ENG_NAME": "Ushio",
		"STRING": "「なんですか」",
		"ENG_STRING": "“What is it?”"
	},
	{
		"TYPE": "ZM",
		"ID": 274500,
		"NAME": "満琉",
		"ENG_NAME": "Michiru",
		"STRING": "「いや、意外と優しいんだな」",
		"ENG_STRING": "“Nothing, just thinking about how you're surprisingly kind.”"
	},
	{
		"TYPE": "ZM",
		"ID": 274501,
		"NAME": "憂緒",
		"ENG_NAME": "Ushio",
		"STRING": "「……何がです」",
		"ENG_STRING": "“...How so?”"
	},
	{
		"TYPE": "ZM",
		"ID": 274502,
		"NAME": "満琉",
		"ENG_NAME": "Michiru",
		"STRING": "「問答無用で床で寝ろってタイプかと思ってた」",
		"ENG_STRING": "“I imagined you to be the type of person who'd have me sleep on the floor no matter what.”"
	},
	{
		"TYPE": "ZM",
		"ID": 274503,
		"NAME": "憂緒",
		"ENG_NAME": "Ushio",
		"STRING": "「きみがどう受け取ろうと勝手ですが。風邪を伝染されては困ると言ったはずです」",
		"ENG_STRING": "“Take it however you want, but I already said that it's because I don't want to risk catching a cold from you.”"
	},
	{
		"TYPE": "ZM",
		"ID": 274504,
		"NAME": "満琉",
		"ENG_NAME": "Michiru",
		"STRING": "「そのようで」",
		"ENG_STRING": "“I know.”"
	},
	{
		"TYPE": "ZM",
		"ID": 274505,
		"NAME": "憂緒",
		"ENG_NAME": "Ushio",
		"STRING": "「わかっているのでしたら、結構です」",
		"ENG_STRING": "“It's good that you understand.”"
	},
	{
		"TYPE": "ZM",
		"ID": 274506,
		"STRING": "ぷい、とまたそっぽを向く。",
		"ENG_STRING": "She looks away from me again."
	},
	{
		"TYPE": "ZM",
		"ID": 274507,
		"STRING": "座った膝の上にきちんと揃えて置かれた華奢な指がきゅっと握りしめられた。",
		"ENG_STRING": "Her slender fingers form tight fists on top of her lap."
	},
	{
		"TYPE": "ZM",
		"ID": 274508,
		"NAME": "満琉",
		"ENG_NAME": "Michiru",
		"STRING": "（ああ、まあ……そうか……）",
		"ENG_STRING": "(Ah, I guess... that's to be expected...)"
	},
	{
		"TYPE": "ZM",
		"ID": 274509,
		"STRING": "男の俺は気まずいだけだけど、よく考えたらモー子は怖いよな。",
		"ENG_STRING": "It's definitely awkward for me, but it's probably even worse for her."
	},
	{
		"TYPE": "ZM",
		"ID": 274510,
		"STRING": "昨日今日会ったばっかりの男の部屋に泊まる羽目になるなんてな……。",
		"ENG_STRING": "She's spending the night in the room of a guy she met only yesterday..."
	},
	{
		"TYPE": "ZM",
		"ID": 274511,
		"NAME": "満琉",
		"ENG_NAME": "Michiru",
		"STRING": "「……じゃ、俺が奥だな。手錠を真ん中にしないと」",
		"ENG_STRING": "“...I'll be on the inside then, since the handcuffs have to be in between us.”"
	},
	{
		"TYPE": "ZM",
		"ID": 274512,
		"NAME": "憂緒",
		"ENG_NAME": "Ushio",
		"STRING": "「落とさないで下さいね」",
		"ENG_STRING": "“Please don't push me off.”"
	},
	{
		"TYPE": "ZM",
		"ID": 274513,
		"NAME": "満琉",
		"ENG_NAME": "Michiru",
		"STRING": "「寝相は悪くないから安心してくれ」",
		"ENG_STRING": "“I don't toss and turn that much in my sleep, so don't worry.”"
	},
	{
		"TYPE": "ZM",
		"ID": 274514,
		"STRING": "そう言って、出来るだけさり気ない風にモー子の横からベッドに上がる。",
		"ENG_STRING": "Saying that, I sit beside her on the bed as casually as possible."
	},
	{
		"TYPE": "ZM",
		"ID": 274515,
		"NAME": "憂緒",
		"ENG_NAME": "Ushio",
		"STRING": "「…………あの」",
		"ENG_STRING": "“...Umm.”"
	},
	{
		"TYPE": "ZM",
		"ID": 274516,
		"NAME": "満琉",
		"ENG_NAME": "Michiru",
		"STRING": "「ん？」",
		"ENG_STRING": "“Hmm?”"
	},
	{
		"TYPE": "ZM",
		"ID": 274517,
		"NAME": "憂緒",
		"ENG_NAME": "Ushio",
		"STRING": "「……靴下を、脱ぎたいのですが」",
		"ENG_STRING": "“...I want to take off my stockings.”"
	},
	{
		"TYPE": "ZM",
		"ID": 274518,
		"NAME": "満琉",
		"ENG_NAME": "Michiru",
		"STRING": "「あ、ああ。俺も脱いどこうかな」",
		"ENG_STRING": "“O-Oh, sure. I should take off my socks, too.”"
	},
	{
		"TYPE": "ZM",
		"ID": 274519,
		"STRING": "ベッドの端に並んで腰掛けて、靴下に手を伸ばす。",
		"ENG_STRING": "Sitting side by side on the edge of the bed, I reach for my feet."
	},
	{
		"TYPE": "ZM",
		"ID": 274520,
		"NAME": "満琉",
		"ENG_NAME": "Michiru",
		"STRING": "「二人三脚みたいだな」",
		"ENG_STRING": "“It's like we're in a three-legged race.”"
	},
	{
		"TYPE": "ZM",
		"ID": 274521,
		"NAME": "憂緒",
		"ENG_NAME": "Ushio",
		"STRING": "「……そんなにのぞき込まないで下さい」",
		"ENG_STRING": "“...Don't look at me so much.”"
	},
	{
		"TYPE": "ZM",
		"ID": 274522,
		"NAME": "満琉",
		"ENG_NAME": "Michiru",
		"STRING": "「わ、わざとじゃねえって！」",
		"ENG_STRING": "“I-It wasn't on purpose!”"
	},
	{
		"TYPE": "ZM",
		"ID": 274523,
		"STRING": "ちょっと、くるぶし綺麗だなとか思ったけど。",
		"ENG_STRING": "It did occur to me that her ankles were quite beautiful, though."
	},
	{
		"TYPE": "ZM",
		"ID": 274524,
		"NAME": "満琉",
		"ENG_NAME": "Michiru",
		"STRING": "（……言ったら気まずいレベルが大変なことになるだろうな……）",
		"ENG_STRING": "(...The awkward level would go through the roof if I mentioned that...)"
	},
	{
		"TYPE": "ZM",
		"ID": 274525,
		"STRING": "しかし、靴下はいいとして、服は腕が抜けないから着替えようがないとはいえ……。",
		"ENG_STRING": "Socks aside, with our arms like this, we can't exactly change out of our uniforms..."
	},
	{
		"TYPE": "ZM",
		"ID": 274526,
		"NAME": "満琉",
		"ENG_NAME": "Michiru",
		"STRING": "「なんか……下、はくもの貸そうか？　制服じゃシワになるだろ」",
		"ENG_STRING": "“Do you... want to borrow a pair of pants? Your uniform's going to get wrinkled.”"
	},
	{
		"TYPE": "ZM",
		"ID": 274527,
		"NAME": "憂緒",
		"ENG_NAME": "Ushio",
		"STRING": "「え……」",
		"ENG_STRING": "“Huh...”"
	},
	{
		"TYPE": "ZM",
		"ID": 274528,
		"NAME": "満琉",
		"ENG_NAME": "Michiru",
		"STRING": "「ジャージはいとけよ」",
		"ENG_STRING": "“I'll lend you my track pants.”"
	},
	{
		"TYPE": "ZM",
		"ID": 274529,
		"NAME": "憂緒",
		"ENG_NAME": "Ushio",
		"STRING": "「お、大きすぎませんか」",
		"ENG_STRING": "“W-Wouldn't they be too big for me?”"
	},
	{
		"TYPE": "ZM",
		"ID": 274530,
		"NAME": "満琉",
		"ENG_NAME": "Michiru",
		"STRING": "「寝るだけならいいだろ。ちょっと待ってろ」",
		"ENG_STRING": "“It won't matter when you're sleeping. Let me go grab them.”"
	},
	{
		"TYPE": "ZM",
		"ID": 274531,
		"NAME": "憂緒",
		"ENG_NAME": "Ushio",
		"STRING": "「ま、待てませんよ手錠が……」",
		"ENG_STRING": "“I-I can't do that because of the handcuffs...”"
	},
	{
		"TYPE": "ZM",
		"ID": 274532,
		"NAME": "満琉",
		"ENG_NAME": "Michiru",
		"STRING": "「あ、そうだった。じゃあちょっと来い」",
		"ENG_STRING": "“Oh, right. Come with me then.”"
	},
	{
		"TYPE": "ZM",
		"ID": 274533,
		"NAME": "憂緒",
		"ENG_NAME": "Ushio",
		"STRING": "「ま、待って……」",
		"ENG_STRING": "“W-Wait...”"
	},
	{
		"TYPE": "ZM",
		"ID": 274534,
		"STRING": "引き出しからジャージの下を引っ張り出しモー子に渡す。",
		"ENG_STRING": "I take the bottom half of my sweats from the drawer and hand them to Mooko."
	},
	{
		"TYPE": "ZM",
		"ID": 274535,
		"NAME": "憂緒",
		"ENG_NAME": "Ushio",
		"STRING": "「……ありがとうございます」",
		"ENG_STRING": "“...Thank you.”"
	},
	{
		"TYPE": "ZM",
		"ID": 274536,
		"NAME": "満琉",
		"ENG_NAME": "Michiru",
		"STRING": "「後ろ向いて座ってっから。左手上げとけば大丈夫だよな」",
		"ENG_STRING": "“I'll sit down with my back towards you. You should be okay if I keep my left arm up, right?”"
	},
	{
		"TYPE": "ZM",
		"ID": 274537,
		"NAME": "憂緒",
		"ENG_NAME": "Ushio",
		"STRING": "「そうして下さい」",
		"ENG_STRING": "“Yes, that would be appreciated.”"
	},
	{
		"TYPE": "ZM",
		"ID": 274538,
		"STRING": "左手を後ろに回し床に腰を下ろして窓の方を向く。",
		"ENG_STRING": "Facing the window, I take a seat on the floor, leaving my left arm behind me."
	},
	{
		"TYPE": "ZM",
		"ID": 274539,
		"STRING": "背後でモー子が動く気配と、衣擦れの音。",
		"ENG_STRING": "I can sense her moving behind me and hear the rustling of clothes."
	},
	{
		"TYPE": "ZM",
		"ID": 274540,
		"STRING": "時折、ためらいがちに引っ張られる左手首の金属の輪に、いちいちどきっとする。",
		"ENG_STRING": "Occasionally, my wrist is cautiously pulled by the metal ring, startling me."
	},
	{
		"TYPE": "ZM",
		"ID": 274541,
		"STRING": "呼ばれてるわけではないってことは、わかっているのに振り向きそうになる。",
		"ENG_STRING": "I know she's not doing that to indicate that she's done, but I still get the urge to turn around."
	},
	{
		"TYPE": "ZM",
		"ID": 274542,
		"NAME": "憂緒",
		"ENG_NAME": "Ushio",
		"STRING": "「……もういいです」",
		"ENG_STRING": "“...I'm finished now.”"
	},
	{
		"TYPE": "ZM",
		"ID": 274543,
		"NAME": "満琉",
		"ENG_NAME": "Michiru",
		"STRING": "「お、おう。んじゃ寝るか」",
		"ENG_STRING": "“O-Okay. Let's hit the hay then.”"
	},
	{
		"TYPE": "ZM",
		"ID": 274544,
		"STRING": "なんとなく目を逸らしたまま、先にベッドへと昇った。",
		"ENG_STRING": "Managing to keep my gaze averted from her, I climb onto the bed first."
	},
	{
		"TYPE": "ZM",
		"ID": 274545,
		"NAME": "憂緒",
		"ENG_NAME": "Ushio",
		"STRING": "「あの、灯りは？」@n",
		"ENG_STRING": "“Umm, what about the lights?”@n"
	},
	{
		"TYPE": "ZM",
		"ID": 274546,
		"NAME": "満琉",
		"ENG_NAME": "Michiru",
		"STRING": "「あ、忘れてた。消してくれ」",
		"ENG_STRING": "“Ah, I forgot about that. Could you turn them off?”"
	},
	{
		"TYPE": "ZM",
		"ID": 274547,
		"NAME": "憂緒",
		"ENG_NAME": "Ushio",
		"STRING": "「はい」",
		"ENG_STRING": "“Yes.”"
	},
	{
		"TYPE": "ZM",
		"ID": 274548,
		"STRING": "蛍光灯の紐が引かれ、室内が暗くなる。",
		"ENG_STRING": "With a pull of the string that controls the fluorescent lighting, the room falls into darkness."
	},
	{
		"TYPE": "ZM",
		"ID": 274549,
		"STRING": "窓の外から校舎の方の灯りが微かに届くばかりになった。",
		"ENG_STRING": "Faint lights coming from the school building shine through the window."
	},
	{
		"TYPE": "ZM",
		"ID": 274550,
		"NAME": "満琉",
		"ENG_NAME": "Michiru",
		"STRING": "「よっと……」@n",
		"ENG_STRING": "“Okay...”@n"
	},
	{
		"TYPE": "ZM",
		"ID": 274551,
		"STRING": "掛け布団をめくって半身潜り込む。",
		"ENG_STRING": "I flip open the covers and place them on top of my lower body."
	},
	{
		"TYPE": "ZM",
		"ID": 274552,
		"NAME": "満琉",
		"ENG_NAME": "Michiru",
		"STRING": "（あ……）",
		"ENG_STRING": "(Ah...)"
	},
	{
		"TYPE": "ZM",
		"ID": 274553,
		"STRING": "身体を倒すときに、うっかり床の上のたたまれたスカートと靴下が目に入って妙に焦った。",
		"ENG_STRING": "As I'm lying down, I catch a glimpse of her folded skirt and stockings on the floor, making me feel strangely anxious."
	},
	{
		"TYPE": "ZM",
		"ID": 274554,
		"STRING": "とりあえず横になって、なるべく奥へ移動して横を開ける。",
		"ENG_STRING": "With my body horizontal on the bed, I move towards the wall to make as much room for her as possible."
	},
	{
		"TYPE": "ZM",
		"ID": 274555,
		"NAME": "憂緒",
		"ENG_NAME": "Ushio",
		"STRING": "「……失礼します」",
		"ENG_STRING": "“...Pardon me.”"
	},
	{
		"TYPE": "ZM",
		"ID": 274556,
		"NAME": "満琉",
		"ENG_NAME": "Michiru",
		"STRING": "「はい、どーぞ」",
		"ENG_STRING": "“Yeah, make yourself comfortable.”"
	},
	{
		"TYPE": "ZM",
		"ID": 274557,
		"STRING": "ぎ、とベッドが鳴き、モー子がもぞもぞと布団に潜り込んできた。",
		"ENG_STRING": "The bed squeaks as Mooko makes her way under the covers."
	},
	{
		"TYPE": "ZM",
		"ID": 274558,
		"NAME": "満琉",
		"ENG_NAME": "Michiru",
		"STRING": "「枕は使っていいから。俺、なくて平気だし」",
		"ENG_STRING": "“Go ahead and use the pillow. I'll be fine without it.”"
	},
	{
		"TYPE": "ZM",
		"ID": 274559,
		"STRING": "自由になる右手でモー子の方へと枕を押しやる。",
		"ENG_STRING": "With my free right hand, I push the pillow over."
	},
	{
		"TYPE": "ZM",
		"ID": 274560,
		"NAME": "憂緒",
		"ENG_NAME": "Ushio",
		"STRING": "「いいんですか？」",
		"ENG_STRING": "“Are you sure about this?”"
	},
	{
		"TYPE": "ZM",
		"ID": 274561,
		"NAME": "満琉",
		"ENG_NAME": "Michiru",
		"STRING": "「どこででも寝れるから平気」",
		"ENG_STRING": "“I'm capable of sleeping anywhere.”"
	},
	{
		"TYPE": "ZM",
		"ID": 274562,
		"NAME": "憂緒",
		"ENG_NAME": "Ushio",
		"STRING": "「……お借りします」",
		"ENG_STRING": "“...Thanks.”"
	},
	{
		"TYPE": "ZM",
		"ID": 274563,
		"NAME": "満琉",
		"ENG_NAME": "Michiru",
		"STRING": "「ほれ、布団」",
		"ENG_STRING": "“Here, the blanket.”"
	},
	{
		"TYPE": "ZM",
		"ID": 274564,
		"NAME": "憂緒",
		"ENG_NAME": "Ushio",
		"STRING": "「きゃ！」",
		"ENG_STRING": "“Kyaa!”"
	},
	{
		"TYPE": "ZM",
		"ID": 274565,
		"NAME": "満琉",
		"ENG_NAME": "Michiru",
		"STRING": "「え？」",
		"ENG_STRING": "“Huh?”"
	},
	{
		"TYPE": "ZM",
		"ID": 274566,
		"NAME": "憂緒",
		"ENG_NAME": "Ushio",
		"STRING": "「……鼻に当たりました」",
		"ENG_STRING": "“...It hit my nose.”"
	},
	{
		"TYPE": "ZM",
		"ID": 274567,
		"NAME": "満琉",
		"ENG_NAME": "Michiru",
		"STRING": "「あ、すまん」",
		"ENG_STRING": "“Ah, sorry.”"
	},
	{
		"TYPE": "ZM",
		"ID": 274568,
		"NAME": "憂緒",
		"ENG_NAME": "Ushio",
		"STRING": "「いえ……」",
		"ENG_STRING": "“It's no big deal...”"
	},
	{
		"TYPE": "ZM",
		"ID": 274569,
		"NAME": "満琉",
		"ENG_NAME": "Michiru",
		"STRING": "「はみ出してないか？」",
		"ENG_STRING": "“Is there enough on your side?”"
	},
	{
		"TYPE": "ZM",
		"ID": 274570,
		"NAME": "憂緒",
		"ENG_NAME": "Ushio",
		"STRING": "「……大丈夫です」",
		"ENG_STRING": "“...Yes.”"
	},
	{
		"TYPE": "ZM",
		"ID": 274571,
		"NAME": "満琉",
		"ENG_NAME": "Michiru",
		"STRING": "「そっか、じゃあ、おやす……」",
		"ENG_STRING": "“All right. Good ni...”"
	},
	{
		"TYPE": "ZM",
		"ID": 274572,
		"STRING": "ちょっと身じろぐと、手錠でつながってる手が当たってしまう。",
		"ENG_STRING": "Our hands that are bound by the handcuffs touch as I move around."
	},
	{
		"TYPE": "ZM",
		"ID": 274573,
		"NAME": "満琉",
		"ENG_NAME": "Michiru",
		"STRING": "「お、おやすみ」",
		"ENG_STRING": "“G-Good night.”"
	},
	{
		"TYPE": "ZM",
		"ID": 274574,
		"STRING": "いちいち謝るのもくどいかと思って、気づかないふりをした。",
		"ENG_STRING": "Tired of apologizing, I pretend that I don't notice."
	},
	{
		"TYPE": "ZM",
		"ID": 274575,
		"NAME": "憂緒",
		"ENG_NAME": "Ushio",
		"STRING": "「おやすみ……なさい」",
		"ENG_STRING": "“Good night...”"
	},
	{
		"TYPE": "ZM",
		"ID": 274576,
		"STRING": "モー子の方も慎重に身体をずらして姿勢を整えているのがわかる。",
		"ENG_STRING": "I can tell that Mooko's also shifting around in an effort to find an agreeable position."
	},
	{
		"TYPE": "ZM",
		"ID": 274577,
		"NAME": "満琉",
		"ENG_NAME": "Michiru",
		"STRING": "（……なんかいい匂いするし）",
		"ENG_STRING": "(...She smells kind of nice.)"
	},
	{
		"TYPE": "ZM",
		"ID": 274578,
		"STRING": "女の子の匂いなんだろうな……。",
		"ENG_STRING": "So this is what girls smell like..."
	},
	{
		"TYPE": "ZM",
		"ID": 274579,
		"STRING": "石鹸かな。",
		"ENG_STRING": "Is it the soap she uses?"
	},
	{
		"TYPE": "ZM",
		"ID": 274580,
		"NAME": "満琉",
		"ENG_NAME": "Michiru",
		"STRING": "（いや、考えるな。目がさえたら困るだろ……）",
		"ENG_STRING": "(No, don't think about it. It'd be bad if it kept me up all night...)"
	},
	{
		"TYPE": "ZM",
		"ID": 274581,
		"STRING": "意識するまいとしても、どうしても敏感に感じ取れてしまう。",
		"ENG_STRING": "As much as I try to ignore it, I'm still conscious of her being there."
	},
	{
		"TYPE": "ZM",
		"ID": 274582,
		"STRING": "特に、お互いの体温でほんのり暖まった布団の中が……。",
		"ENG_STRING": "In particular, being under these covers, which have been warmed by our bodies..."
	},
	{
		"TYPE": "ZM",
		"ID": 274583,
		"NAME": "満琉",
		"ENG_NAME": "Michiru",
		"STRING": "（……気持ちいいんだよ）",
		"ENG_STRING": "(...feels nice.)"
	},
	{
		"TYPE": "ZM",
		"ID": 274584,
		"STRING": "ただし、左手首の無粋な金属の感触さえ無視すれば、だが。",
		"ENG_STRING": "If only it weren't for the thing on my left wrist."
	},
	{
		"TYPE": "ZM",
		"ID": 274585,
		"STRING": "こいつのせいでもあり、こいつのおかげでもあるってのが腹立つ。",
		"ENG_STRING": "Everything is the fault of these handcuffs, but they're also to thank, which irritates me."
	},
	{
		"TYPE": "ZM",
		"ID": 274586,
		"STRING": "やっぱりこういう状況は、手錠とか変なもの抜きに堪能したいもんだ。",
		"ENG_STRING": "I'd love to enjoy a situation like this without the handcuffs or anything weird."
	},
	{
		"TYPE": "ZM",
		"ID": 274587,
		"NAME": "満琉",
		"ENG_NAME": "Michiru",
		"STRING": "（まあ、手錠抜きでモー子とこんな状況って………）",
		"ENG_STRING": "(But being with her like this without these handcuffs...)"
	},
	{
		"TYPE": "ZM",
		"ID": 274588,
		"STRING": "…………あり得るのか？",
		"ENG_STRING": "...Would that even happen?"
	},
	{
		"TYPE": "ZM",
		"ID": 274589,
		"STRING": "今のところ、あんま想像出来ないな……。",
		"ENG_STRING": "Considering our current relationship, I can't picture it at all..."
	}
]