[
	{
		"TYPE": "ZM",
		"ID": 353538,
		"STRING": "それからまた、数日が経った。",
		"ENG_STRING": "A couple of days have passed since then."
	},
	{
		"TYPE": "ZM",
		"ID": 353539,
		"STRING": "鍔姫ちゃんの様子は相変わらずのようだ。",
		"ENG_STRING": "Tsubaki-chan is still acting the same way."
	},
	{
		"TYPE": "ZM",
		"ID": 353540,
		"STRING": "気にかかってはいたが、モー子曰く『何もできることはありませんよ』とのことで、特に進展はなかった。",
		"ENG_STRING": "I'm worried, but Mooko said that there's nothing we can do about it, so there hasn't been much progress."
	},
	{
		"TYPE": "ZM",
		"ID": 353541,
		"STRING": "その間ももちろん特査の仕事はあり、今日は遺品回収をしていたんだが……厄介なことになった。",
		"ENG_STRING": "Of course, during this time, we've had our fair share of Bureau work, and today we had to go retrieve a Mist... that was quite troublesome."
	},
	{
		"TYPE": "ZM",
		"ID": 353542,
		"STRING": "まあ、遺品自体は無事に回収できたのだが、厄介なのは別の問題だ。",
		"ENG_STRING": "Well, actually capturing it wasn't hard. The troublesome part is something else."
	},
	{
		"TYPE": "ZM",
		"ID": 353543,
		"NAME": "憂緒",
		"ENG_NAME": "Ushio",
		"STRING": "「………はぁ」",
		"ENG_STRING": "“...Haa.”"
	},
	{
		"TYPE": "ZM",
		"ID": 353544,
		"NAME": "小太郎",
		"ENG_NAME": "Kotaro",
		"STRING": "「………………」",
		"ENG_STRING": "“......”"
	},
	{
		"TYPE": "ZM",
		"ID": 353545,
		"NAME": "満琉",
		"ENG_NAME": "Michiru",
		"STRING": "「…………」",
		"ENG_STRING": "“.........”"
	},
	{
		"TYPE": "ZM",
		"ID": 353546,
		"NAME": "憂緒",
		"ENG_NAME": "Ushio",
		"STRING": "「……はぁぁ」",
		"ENG_STRING": "“...Hahh.”"
	},
	{
		"TYPE": "ZM",
		"ID": 353547,
		"NAME": "小太郎",
		"ENG_NAME": "Kotaro",
		"STRING": "「う、憂緒さん……もうそれくらいにしてあげて……」",
		"ENG_STRING": "“U-Ushio-san... Don't you think you should forgive him already...?”"
	},
	{
		"TYPE": "ZM",
		"ID": 353548,
		"NAME": "満琉",
		"ENG_NAME": "Michiru",
		"STRING": "「…………」",
		"ENG_STRING": "“......”"
	},
	{
		"TYPE": "ZM",
		"ID": 353549,
		"STRING": "先程からモー子はため息ばかりついている。",
		"ENG_STRING": "Mooko's been sighing for a while now."
	},
	{
		"TYPE": "ZM",
		"ID": 353550,
		"STRING": "まともな会話はほとんどない。",
		"ENG_STRING": "We haven't had any real conversation."
	},
	{
		"TYPE": "ZM",
		"ID": 353551,
		"STRING": "気持ちはわからないでもないが、本当にため息をつきたいのは俺の方だ……。",
		"ENG_STRING": "I can understand how she feels, but the one who really wants to sigh is me..."
	},
	{
		"TYPE": "ZM",
		"ID": 353552,
		"NAME": "憂緒",
		"ENG_NAME": "Ushio",
		"STRING": "「はああ……何故こう毎回、厄介な事態になってしまうのか」",
		"ENG_STRING": "“Ahh... Why is it that every time, you get yourself into such trouble?”"
	},
	{
		"TYPE": "ZM",
		"ID": 353553,
		"NAME": "小太郎",
		"ENG_NAME": "Kotaro",
		"STRING": "「でも、遺品は回収できましたし……」",
		"ENG_STRING": "“We did manage to capture the Mist in the end...”"
	},
	{
		"TYPE": "ZM",
		"ID": 353554,
		"NAME": "憂緒",
		"ENG_NAME": "Ushio",
		"STRING": "「回収はできましたが、この人の勝手な行動のせいでまた……」",
		"ENG_STRING": "“Yes, but because of a certain someone's rash actions...”"
	},
	{
		"TYPE": "ZM",
		"ID": 353555,
		"NAME": "小太郎",
		"ENG_NAME": "Kotaro",
		"STRING": "「まあ……それは……」",
		"ENG_STRING": "“Well, that's...”"
	},
	{
		"TYPE": "ZM",
		"ID": 353556,
		"NAME": "満琉",
		"ENG_NAME": "Michiru",
		"STRING": "「にゃー」",
		"ENG_STRING": "“Meow‾”"
	},
	{
		"TYPE": "ZM",
		"ID": 353557,
		"NAME": "小太郎",
		"ENG_NAME": "Kotaro",
		"STRING": "「まさか、みっちーが猫になっちゃうなんてねえ……」",
		"ENG_STRING": "“None of us imagined that Micchi would turn into a cat...”"
	},
	{
		"TYPE": "ZM",
		"ID": 353558,
		"STRING": "うるせえ！　好きでこうなったんじゃねーよ！！　",
		"ENG_STRING": "Shut up! This didn't happen because I wanted it to!!"
	},
	{
		"TYPE": "ZM",
		"ID": 353559,
		"STRING": "と言っても通じてないとは思う。それでも、言わずにいられるか。",
		"ENG_STRING": "...is what I said, but I doubt either of them could understand me. Still, it's not like I could've kept quiet."
	},
	{
		"TYPE": "ZM",
		"ID": 353560,
		"STRING": "……まったくもって情けないことに、今の俺は遺品の呪いで猫になっておまるに抱かれている状態だ。",
		"ENG_STRING": "...How pathetic. I was turned into a cat by the Mist's curse and now I'm being carried in Omaru's arms."
	},
	{
		"TYPE": "ZM",
		"ID": 353561,
		"STRING": "本当に、心の底から情けない……！！",
		"ENG_STRING": "Honestly, it's utterly disgraceful...!!"
	},
	{
		"TYPE": "ZM",
		"ID": 353562,
		"NAME": "小太郎",
		"ENG_NAME": "Kotaro",
		"STRING": "「あの、みっちー元に戻りますよね？」",
		"ENG_STRING": "“Umm, he'll be able to turn back to normal, right?”"
	},
	{
		"TYPE": "ZM",
		"ID": 353563,
		"NAME": "憂緒",
		"ENG_NAME": "Ushio",
		"STRING": "「この呪いには適切な解除方法がありますので、元には戻りますよ」",
		"ENG_STRING": "“There is a method of undoing the curse, so yes.”"
	},
	{
		"TYPE": "ZM",
		"ID": 353564,
		"NAME": "小太郎",
		"ENG_NAME": "Kotaro",
		"STRING": "「良かった！　あの、その方法って？」",
		"ENG_STRING": "“Thank goodness! So what needs to be done?”"
	},
	{
		"TYPE": "ZM",
		"ID": 353565,
		"NAME": "憂緒",
		"ENG_NAME": "Ushio",
		"STRING": "「……口に出したくありません」",
		"ENG_STRING": "“...I would rather not say it.”"
	},
	{
		"TYPE": "ZM",
		"ID": 353566,
		"NAME": "満琉",
		"ENG_NAME": "Michiru",
		"STRING": "「にゃー！　にゃー！！！」",
		"ENG_STRING": "“Meow‾! Meow‾!!!”"
	},
	{
		"TYPE": "ZM",
		"ID": 353567,
		"NAME": "小太郎",
		"ENG_NAME": "Kotaro",
		"STRING": "「ちょ、ちょっとみっちー！　暴れないでよ！！　落ちる！」",
		"ENG_STRING": "“H-Hey, Micchi! Calm down or I'll end up dropping you!”"
	},
	{
		"TYPE": "ZM",
		"ID": 353568,
		"STRING": "ちょっと待て、この状況の俺を見て言いたくないってのはどういうことだ！",
		"ENG_STRING": "Come on. What's the meaning behind not wanting to say it even when I'm right before her in this state!?"
	},
	{
		"TYPE": "ZM",
		"ID": 353569,
		"STRING": "おまるに抱かれてるのも納得いかねーのに！！",
		"ENG_STRING": "I don't like how Omaru's holding me in his arms either!!"
	},
	{
		"TYPE": "ZM",
		"ID": 353570,
		"NAME": "憂緒",
		"ENG_NAME": "Ushio",
		"STRING": "「はあ……リトさんに他の方法はないのか聞いた方がいいのかも……」",
		"ENG_STRING": "“Ahh... It might be better if I asked Rito-san whether there are any other ways of dispelling the curse...”"
	},
	{
		"TYPE": "ZM",
		"ID": 353571,
		"NAME": "小太郎",
		"ENG_NAME": "Kotaro",
		"STRING": "「困ったなあ……」",
		"ENG_STRING": "“What a pickle...”"
	},
	{
		"TYPE": "ZM",
		"ID": 353572,
		"NAME": "そあら",
		"ENG_NAME": "Soara",
		"STRING": "「あれー？　まるくん、猫抱っこしてるー」",
		"ENG_STRING": "“Huh? Maru-kun, you're holding a cat.”"
	},
	{
		"TYPE": "ZM",
		"ID": 353573,
		"NAME": "真弥",
		"ENG_NAME": "Maya",
		"STRING": "「本当だ？　どこから持ち込んだの？」",
		"ENG_STRING": "“Yeah, where'd you pick it up from?”"
	},
	{
		"TYPE": "ZM",
		"ID": 353574,
		"NAME": "小太郎",
		"ENG_NAME": "Kotaro",
		"STRING": "「いや、これは持ち込んだっていうか、あの……憂緒さん……」",
		"ENG_STRING": "“No, I didn't pick it up. Umm... Ushio-san...”"
	},
	{
		"TYPE": "ZM",
		"ID": 353575,
		"NAME": "憂緒",
		"ENG_NAME": "Ushio",
		"STRING": "「…………」",
		"ENG_STRING": "“......”"
	},
	{
		"TYPE": "ZM",
		"ID": 353576,
		"NAME": "小太郎",
		"ENG_NAME": "Kotaro",
		"STRING": "「えっと、ちょっと事情があって……」",
		"ENG_STRING": "“Uhh, there were some circumstances...”"
	},
	{
		"TYPE": "ZM",
		"ID": 353577,
		"NAME": "そあら",
		"ENG_NAME": "Soara",
		"STRING": "「ねえねえ、この子撫でてもいい？」",
		"ENG_STRING": "“Hey, can I pet it?”"
	},
	{
		"TYPE": "ZM",
		"ID": 353578,
		"NAME": "小太郎",
		"ENG_NAME": "Kotaro",
		"STRING": "「え？　そ、それはあのー」",
		"ENG_STRING": "“Huh? W-Well...”"
	},
	{
		"TYPE": "ZM",
		"ID": 353579,
		"NAME": "真弥",
		"ENG_NAME": "Maya",
		"STRING": "「あ、私も抱っこしたい」",
		"ENG_STRING": "“Ah, I want to hold it.”"
	},
	{
		"TYPE": "ZM",
		"ID": 353580,
		"NAME": "満琉",
		"ENG_NAME": "Michiru",
		"STRING": "「にゃ……！」",
		"ENG_STRING": "“Meow...!”"
	},
	{
		"TYPE": "ZM",
		"ID": 353581,
		"NAME": "小太郎",
		"ENG_NAME": "Kotaro",
		"STRING": "「あ、あの、この猫はその……う、憂緒さん！」",
		"ENG_STRING": "“U-Umm, that cat is... U-Ushio-san!”"
	},
	{
		"TYPE": "ZM",
		"ID": 353582,
		"NAME": "憂緒",
		"ENG_NAME": "Ushio",
		"STRING": "「抱かせてあげればいいのではありませんか」",
		"ENG_STRING": "“I don't see a problem with letting her hold it.”"
	},
	{
		"TYPE": "ZM",
		"ID": 353583,
		"NAME": "満琉",
		"ENG_NAME": "Michiru",
		"STRING": "「にゃー！」",
		"ENG_STRING": "“Meow!”"
	},
	{
		"TYPE": "ZM",
		"ID": 353584,
		"STRING": "いやいや、そうじゃないだろ！",
		"ENG_STRING": "What are you saying!?"
	},
	{
		"TYPE": "ZM",
		"ID": 353585,
		"STRING": "姿は猫でも中身は俺なんだから、ちょっとは対応を考えろ。",
		"ENG_STRING": "I may look like a cat, but it's still me on the inside. Think of some countermeasures instead."
	},
	{
		"TYPE": "ZM",
		"ID": 353586,
		"STRING": "しかし、俺が暴れても通じるわけもないし、吉田と黒谷は容赦なく頭を撫でてくる。",
		"ENG_STRING": "My thoughts aren't conveyed in my fit of fury, and Yoshida and Kurodani mercilessly start petting me."
	},
	{
		"TYPE": "ZM",
		"ID": 353587,
		"STRING": "向こうに悪意はないのはわかるのだが、なんとなく屈辱的だ。",
		"ENG_STRING": "I know that they don't mean anything bad by it, but it's humiliating nonetheless."
	},
	{
		"TYPE": "ZM",
		"ID": 353588,
		"STRING": "なんとか逃げられないものか……。",
		"ENG_STRING": "Is there any way I can escape...?"
	},
	{
		"TYPE": "ZM",
		"ID": 353589,
		"NAME": "小太郎",
		"ENG_NAME": "Kotaro",
		"STRING": "「あ、あ！　暴れちゃダメだって！！　危な……！」",
		"ENG_STRING": "“A-Ahh! Don't struggle!! It's dangerous...!”"
	},
	{
		"TYPE": "ZM",
		"ID": 353590,
		"NAME": "そあら",
		"ENG_NAME": "Soara",
		"STRING": "「あー。猫ちゃん、ダメだよー」",
		"ENG_STRING": "“Ah, bad kitty.”"
	},
	{
		"TYPE": "ZM",
		"ID": 353591,
		"NAME": "真弥",
		"ENG_NAME": "Maya",
		"STRING": "「元気な子だなあ」",
		"ENG_STRING": "“It's a lively one, isn't it?”"
	},
	{
		"TYPE": "ZM",
		"ID": 353592,
		"NAME": "満琉",
		"ENG_NAME": "Michiru",
		"STRING": "「にゃー！　にゃっ！」",
		"ENG_STRING": "“Meow! Meow!”"
	},
	{
		"TYPE": "ZM",
		"ID": 353593,
		"NAME": "小太郎",
		"ENG_NAME": "Kotaro",
		"STRING": "「だから、暴れたら危な……あっ！」",
		"ENG_STRING": "“Like I said, it's dangerous if you... Ah!”"
	},
	{
		"TYPE": "ZM",
		"ID": 353594,
		"STRING": "おまるに抱かれたまま暴れているうち、その腕の中から落ちそうになった。",
		"ENG_STRING": "As I'm struggling in Omaru's embrace, I start slipping through his arms."
	},
	{
		"TYPE": "ZM",
		"ID": 353595,
		"STRING": "でも、これならこのまま逃げ出せそうだ。このまま、窓の方に飛び移れば……。",
		"ENG_STRING": "But now, I think I can get out of this. If I jump towards the window..."
	},
	{
		"TYPE": "ZM",
		"ID": 353596,
		"NAME": "満琉",
		"ENG_NAME": "Michiru",
		"STRING": "「……！」",
		"ENG_STRING": "“......!”"
	},
	{
		"TYPE": "ZM",
		"ID": 353597,
		"STRING": "と、思ったが、慣れない猫の身体のせいで上手くバランスが取れなかった。",
		"ENG_STRING": "Unfortunately, because of my unfamiliarity with this body, I can't keep my balance."
	},
	{
		"TYPE": "ZM",
		"ID": 353598,
		"NAME": "憂緒",
		"ENG_NAME": "Ushio",
		"STRING": "「あっ！」",
		"ENG_STRING": "“Ah!”"
	},
	{
		"TYPE": "ZM",
		"ID": 353599,
		"NAME": "そあら",
		"ENG_NAME": "Soara",
		"STRING": "「猫ちゃん！！」",
		"ENG_STRING": "“Kitty!!”"
	},
	{
		"TYPE": "ZM",
		"ID": 353600,
		"NAME": "真弥",
		"ENG_NAME": "Maya",
		"STRING": "「落ちちゃう！」",
		"ENG_STRING": "“It's going to fall!”"
	},
	{
		"TYPE": "ZM",
		"ID": 353601,
		"NAME": "小太郎",
		"ENG_NAME": "Kotaro",
		"STRING": "「うわー！！！　みっちー！！」",
		"ENG_STRING": "“Uwah!!! Micchi!!”"
	},
	{
		"TYPE": "ZM",
		"ID": 353602,
		"NAME": "憂緒",
		"ENG_NAME": "Ushio",
		"STRING": "「……まったく」",
		"ENG_STRING": "“...For goodness' sake.”"
	},
	{
		"TYPE": "ZM",
		"ID": 353603,
		"STRING": "まずい！　このままだと落ちる！！",
		"ENG_STRING": "This is bad! I'm falling!!"
	},
	{
		"TYPE": "ZM",
		"ID": 353604,
		"STRING": "飛び移った窓から落ちたものの、高さもなかったし無事に着地もできた。しかもケガもしていない。",
		"ENG_STRING": "Thankfully, the window isn't too high above the ground, and I manage to safely land without a scratch."
	},
	{
		"TYPE": "ZM",
		"ID": 353605,
		"STRING": "さすが猫。助かった。",
		"ENG_STRING": "As they say, cats always land on their feet."
	},
	{
		"TYPE": "ZM",
		"ID": 353606,
		"STRING": "とは言え、おまるとモー子の二人とははぐれてしまったし……どうしたものか。",
		"ENG_STRING": "However, I've lost Omaru and Mooko as a result... Now what?"
	},
	{
		"TYPE": "ZM",
		"ID": 353607,
		"STRING": "まあでも、時間が経ってからでも分室に戻れば問題はなさそうだ。",
		"ENG_STRING": "Well, I'm sure I'll find them eventually if I head back to the Bureau office."
	},
	{
		"TYPE": "ZM",
		"ID": 353608,
		"STRING": "聞こえてきた足音にびくりとする。",
		"ENG_STRING": "The sound of approaching footsteps startles me."
	},
	{
		"TYPE": "ZM",
		"ID": 353609,
		"STRING": "誰か来たみたいだ。",
		"ENG_STRING": "Someone's coming."
	},
	{
		"TYPE": "ZM",
		"ID": 353610,
		"STRING": "この姿で見付かると面倒なことになる予感しかしない。",
		"ENG_STRING": "Nothing good can possibly come out of someone seeing me like this."
	},
	{
		"TYPE": "ZM",
		"ID": 353611,
		"NAME": "鍔姫",
		"ENG_NAME": "Tsubaki",
		"STRING": "「……ん？」",
		"ENG_STRING": "“...Hmm?”"
	},
	{
		"TYPE": "ZM",
		"ID": 353612,
		"STRING": "しかも、やってきたのは鍔姫ちゃんだった。これはさらに問題だ。",
		"ENG_STRING": "It's Tsubaki-chan. This makes matters even worse."
	},
	{
		"TYPE": "ZM",
		"ID": 353613,
		"STRING": "何しろ彼女は風紀委員だし、この姿のままだと追い出されるかもしれない……。",
		"ENG_STRING": "She's a member of the Disciplinary Committee, so she'll probably drive me out of the campus."
	},
	{
		"TYPE": "ZM",
		"ID": 353614,
		"NAME": "鍔姫",
		"ENG_NAME": "Tsubaki",
		"STRING": "「……………………………っ…」",
		"ENG_STRING": "“......”"
	},
	{
		"TYPE": "ZM",
		"ID": 353615,
		"STRING": "と、思ったんだが……なんだ？",
		"ENG_STRING": "Or so I thought... What's going on?"
	},
	{
		"TYPE": "ZM",
		"ID": 353616,
		"STRING": "鍔姫ちゃん、目を見開いてこっちに視線を向けたまま硬直してる。",
		"ENG_STRING": "Her eyes are wide open and she's staring straight at me, frozen stiff."
	},
	{
		"TYPE": "ZM",
		"ID": 353617,
		"NAME": "鍔姫",
		"ENG_NAME": "Tsubaki",
		"STRING": "「ね……猫……」",
		"ENG_STRING": "“A-A cat...”"
	},
	{
		"TYPE": "ZM",
		"ID": 353618,
		"NAME": "満琉",
		"ENG_NAME": "Michiru",
		"STRING": "「にゃ……」",
		"ENG_STRING": "“Meow...”"
	},
	{
		"TYPE": "ZM",
		"ID": 353619,
		"NAME": "鍔姫",
		"ENG_NAME": "Tsubaki",
		"STRING": "「ねこ……ね、猫さん……」",
		"ENG_STRING": "“Cat... A-A cat...”"
	},
	{
		"TYPE": "ZM",
		"ID": 353620,
		"STRING": "あれ？　なんか、目がきらきらしてるような……っつーか、いつもと何か違う。",
		"ENG_STRING": "Huh? Her eyes look like they're sparkling... There's something different about her."
	},
	{
		"TYPE": "ZM",
		"ID": 353621,
		"NAME": "鍔姫",
		"ENG_NAME": "Tsubaki",
		"STRING": "「猫さんーー！！！！」@n",
		"ENG_STRING": "“A cat!!!!”@n"
	},
	{
		"TYPE": "ZM",
		"ID": 353622,
		"NAME": "満琉",
		"ENG_NAME": "Michiru",
		"STRING": "「にゃーーー！！！！」",
		"ENG_STRING": "“Meow‾!!!!”"
	},
	{
		"TYPE": "ZM",
		"ID": 353623,
		"STRING": "不思議に思っていると、いきなり鍔姫ちゃんに捕まえられた。",
		"ENG_STRING": "As I'm wondering what's going on, Tsubaki-chan suddenly lifts me into her arms."
	},
	{
		"TYPE": "ZM",
		"ID": 353624,
		"STRING": "そして、腕の中で力いっぱい抱きしめられる！",
		"ENG_STRING": "And then she hugs me with all her might!"
	},
	{
		"TYPE": "ZM",
		"ID": 353625,
		"STRING": "苦しい！！　力いっぱい過ぎて苦しい！！！",
		"ENG_STRING": "It hurts!! I can't breathe!!!"
	},
	{
		"TYPE": "ZM",
		"ID": 353626,
		"NAME": "鍔姫",
		"ENG_NAME": "Tsubaki",
		"STRING": "「どうしたんだ？　どこから入って来たんだ？　ん？」",
		"ENG_STRING": "“What are you doing here? Where did you come from? Hmm?”"
	},
	{
		"TYPE": "ZM",
		"ID": 353627,
		"NAME": "満琉",
		"ENG_NAME": "Michiru",
		"STRING": "（な、なんだこれ！　なんだ？　どうなってんだ？？）",
		"ENG_STRING": "(What in the world is going on?)"
	},
	{
		"TYPE": "ZM",
		"ID": 353628,
		"NAME": "鍔姫",
		"ENG_NAME": "Tsubaki",
		"STRING": "「もしかして迷子なのだろうか。ああ、それなら保護しておいた方がいいな。そうだ保護！　私が！」",
		"ENG_STRING": "“Are you lost? Someone should take care of you then. I know! I'll do it!”"
	},
	{
		"TYPE": "ZM",
		"ID": 353629,
		"NAME": "鍔姫",
		"ENG_NAME": "Tsubaki",
		"STRING": "「よしよしよし。何も心配しなくていいからなあ〜」",
		"ENG_STRING": "“Good kitty, good kitty. There's nothing to be worried about anymore‾”"
	},
	{
		"TYPE": "ZM",
		"ID": 353630,
		"STRING": "すごい勢いで撫でられている！　すごいとしか形容できない！",
		"ENG_STRING": "She's petting me furiously! There's no other word I can use to describe it!"
	},
	{
		"TYPE": "ZM",
		"ID": 353631,
		"STRING": "だがその撫で方豪快だしちょっと痛いって鍔姫ちゃん！　加減しろ！　猫には加減が必要！！",
		"ENG_STRING": "But Tsubaki-chan, you're being too aggressive and it hurts! Show some moderation! You need moderation when dealing with cats!!"
	},
	{
		"TYPE": "ZM",
		"ID": 353632,
		"STRING": "っつーかちょっと落ち着け！　と言いたいが、猫の姿じゃにゃーとしか言えねえ！！！",
		"ENG_STRING": "“Hey, calm down!” is what I want to say, but nothing except for meows come out of my mouth!!!"
	},
	{
		"TYPE": "ZM",
		"ID": 353633,
		"NAME": "満琉",
		"ENG_NAME": "Michiru",
		"STRING": "「にゃー！　にゃーにゃー！」",
		"ENG_STRING": "“Meow! Meow meow!”"
	},
	{
		"TYPE": "ZM",
		"ID": 353634,
		"NAME": "鍔姫",
		"ENG_NAME": "Tsubaki",
		"STRING": "「そうかそうか、迷子になって不安なんだな。大丈夫、私がついているから何も不安がらなくていいぞ」",
		"ENG_STRING": "“I see, I see. You're scared because you're lost. Don't worry. I'll be with you, so there's no need to be scared anymore.”"
	},
	{
		"TYPE": "ZM",
		"ID": 353635,
		"NAME": "満琉",
		"ENG_NAME": "Michiru",
		"STRING": "（も、もしかして、鍔姫ちゃんって猫好き……？）",
		"ENG_STRING": "(C-Could it be that Tsubaki-chan is a cat lover...?)"
	},
	{
		"TYPE": "ZM",
		"ID": 353636,
		"NAME": "鍔姫",
		"ENG_NAME": "Tsubaki",
		"STRING": "「ここにいるのもなんだから、そうだな……私の部屋に来るか？」",
		"ENG_STRING": "“Leaving you here wouldn't be good... How about coming to my room?”"
	},
	{
		"TYPE": "ZM",
		"ID": 353637,
		"STRING": "鍔姫ちゃんがじっと俺を見つめていた。",
		"ENG_STRING": "Her gaze is fixed on me."
	},
	{
		"TYPE": "ZM",
		"ID": 353638,
		"STRING": "もしかしたら、必死に訴えれば俺だと通じる奇跡が起こるかもしれない。",
		"ENG_STRING": "Maybe there's a chance of a miracle happening if I try my hardest to convey my thoughts to her."
	},
	{
		"TYPE": "ZM",
		"ID": 353639,
		"STRING": "頑張ればなんとかなるか……！？",
		"ENG_STRING": "I sure hope this works...!"
	},
	{
		"TYPE": "ZM",
		"ID": 353640,
		"NAME": "満琉",
		"ENG_NAME": "Michiru",
		"STRING": "（ちょ、ちょっと鍔姫ちゃん！　俺だって！　俺……！！！）",
		"ENG_STRING": "(H-Hey, Tsubaki-chan! It's me! Me...!!!)"
	},
	{
		"TYPE": "ZM",
		"ID": 353641,
		"NAME": "鍔姫",
		"ENG_NAME": "Tsubaki",
		"STRING": "「……よし！　君が良いと言ってくれるなら、一緒に行こう！」",
		"ENG_STRING": "“...Okay! Since you said you're fine with that, let's go!”"
	},
	{
		"TYPE": "ZM",
		"ID": 353642,
		"NAME": "鍔姫",
		"ENG_NAME": "Tsubaki",
		"STRING": "「あぁ！　私の部屋に猫さんが……猫さん……！！」",
		"ENG_STRING": "“Ahh! A cat... A cat is going to be in my room...!!”"
	},
	{
		"TYPE": "ZM",
		"ID": 353643,
		"STRING": "やっぱり全然通じていなかった。",
		"ENG_STRING": "Of course, that didn't work at all."
	},
	{
		"TYPE": "ZM",
		"ID": 353644,
		"STRING": "これはやばい。非常にまずいことになっていないか。",
		"ENG_STRING": "Things have turned from bad to worse."
	},
	{
		"TYPE": "ZM",
		"ID": 353645,
		"STRING": "絶対に、このまま部屋に連れて行かれるわけにはいかない！",
		"ENG_STRING": "I can't let her take me to her room like this, no matter what!"
	},
	{
		"TYPE": "ZM",
		"ID": 353646,
		"NAME": "鍔姫",
		"ENG_NAME": "Tsubaki",
		"STRING": "「ん？　何か不安なのか、大丈夫だから安心しろ……あ」",
		"ENG_STRING": "“Hmm? Are you worried about something? There's no need to be... Ah.”"
	},
	{
		"TYPE": "ZM",
		"ID": 353647,
		"NAME": "満琉",
		"ENG_NAME": "Michiru",
		"STRING": "（お？　諦めてくれたか？）",
		"ENG_STRING": "(Oh? Is she going to give up?)"
	},
	{
		"TYPE": "ZM",
		"ID": 353648,
		"NAME": "鍔姫",
		"ENG_NAME": "Tsubaki",
		"STRING": "「部屋に君を連れて帰って大丈夫だろうか……さすがに風紀委員たる私が無断で連れて行くのは……」",
		"ENG_STRING": "“Would it be all right to keep a cat in my room...? As a Disciplinary Committee member, I shouldn't do something like that without permission...”"
	},
	{
		"TYPE": "ZM",
		"ID": 353649,
		"NAME": "満琉",
		"ENG_NAME": "Michiru",
		"STRING": "（そうだ鍔姫ちゃん！　勝手に連れて帰っちゃダメ！　離して！！）",
		"ENG_STRING": "(That's right, Tsubaki-chan! You need to get permission! Now release me!!)"
	},
	{
		"TYPE": "ZM",
		"ID": 353650,
		"NAME": "鍔姫",
		"ENG_NAME": "Tsubaki",
		"STRING": "「うーん……だが、猫さん……うっだが、私は風紀委員……ううっ」",
		"ENG_STRING": "“Hmm... But it's a cat... Uu, but I'm a Disciplinary Committee member... Uuu...”"
	},
	{
		"TYPE": "ZM",
		"ID": 353651,
		"NAME": "鍔姫",
		"ENG_NAME": "Tsubaki",
		"STRING": "「あ！」",
		"ENG_STRING": "“Ah!”"
	},
	{
		"TYPE": "ZM",
		"ID": 353652,
		"NAME": "二人",
		"ENG_NAME": "Fuhito",
		"STRING": "「おお！　これはこれは、壬生さんではないか！」",
		"ENG_STRING": "“Ohh! If it isn't Mibu-san!”"
	},
	{
		"TYPE": "ZM",
		"ID": 353653,
		"NAME": "満琉",
		"ENG_NAME": "Michiru",
		"STRING": "（学園長！！！）",
		"ENG_STRING": "(The principal!!!)"
	},
	{
		"TYPE": "ZM",
		"ID": 353654,
		"NAME": "二人",
		"ENG_NAME": "Fuhito",
		"STRING": "「お？　おおおお？」@n",
		"ENG_STRING": "“Oh? Ohh?”@n"
	},
	{
		"TYPE": "ZM",
		"ID": 353655,
		"STRING": "突然やって来た学園長は、猫になった俺をまじまじと見つめた。",
		"ENG_STRING": "The principal, who appeared out of nowhere, stares intently at me."
	},
	{
		"TYPE": "ZM",
		"ID": 353656,
		"STRING": "あ……！　学園長になら気付いてもらえるかも！！",
		"ENG_STRING": "Ah...! The principal should be able to tell!!"
	},
	{
		"TYPE": "ZM",
		"ID": 353657,
		"NAME": "満琉",
		"ENG_NAME": "Michiru",
		"STRING": "「にゃー！　にゃー！！」",
		"ENG_STRING": "“Meow! Meow!!”"
	},
	{
		"TYPE": "ZM",
		"ID": 353658,
		"NAME": "鍔姫",
		"ENG_NAME": "Tsubaki",
		"STRING": "「あ、こら！　お、おとなしく……」",
		"ENG_STRING": "“Ah, hey now! C-Calm down...”"
	},
	{
		"TYPE": "ZM",
		"ID": 353659,
		"NAME": "二人",
		"ENG_NAME": "Fuhito",
		"STRING": "「壬生さん、この猫はどうしたのかね？」",
		"ENG_STRING": "“Mibu-san, what's with the cat?”"
	},
	{
		"TYPE": "ZM",
		"ID": 353660,
		"NAME": "鍔姫",
		"ENG_NAME": "Tsubaki",
		"STRING": "「あ、あの！　さ、さっき迷子になっているのを保護したのですが……」@n",
		"ENG_STRING": "“U-Umm! I-It's a stray that I just picked up...”@n"
	},
	{
		"TYPE": "ZM",
		"ID": 353661,
		"NAME": "二人",
		"ENG_NAME": "Fuhito",
		"STRING": "「なるほど、なるほど……ほほう！！」@n",
		"ENG_STRING": "“I see, I see... Oho!!'@n"
	},
	{
		"TYPE": "ZM",
		"ID": 353662,
		"STRING": "頼む！　気付いてくれ学園長！！",
		"ENG_STRING": "Please! I'm begging you, Principal!!"
	},
	{
		"TYPE": "ZM",
		"ID": 353663,
		"STRING": "抱かれる腕の中で身体を動かしアピールを続けていると、学園長はじっと見つめたまま視線を外さない。",
		"ENG_STRING": "As I move around as much as possible within Tsubaki-chan's arms, the principal does nothing more than continue to stare at me."
	},
	{
		"TYPE": "ZM",
		"ID": 353664,
		"STRING": "わかってくれる……か！？",
		"ENG_STRING": "Will she understand...!?"
	},
	{
		"TYPE": "ZM",
		"ID": 353665,
		"NAME": "二人",
		"ENG_NAME": "Fuhito",
		"STRING": "「で？　君はこの猫をどうするつもりだったのかね？」",
		"ENG_STRING": "“So what are you planning on doing with it?”"
	},
	{
		"TYPE": "ZM",
		"ID": 353666,
		"NAME": "鍔姫",
		"ENG_NAME": "Tsubaki",
		"STRING": "「う！　そ、それは、あの、部屋で……」@n",
		"ENG_STRING": "“Uu! W-Well, umm, I was thinking of bringing it to my room...”@n"
	},
	{
		"TYPE": "ZM",
		"ID": 353667,
		"NAME": "二人",
		"ENG_NAME": "Fuhito",
		"STRING": "「……部屋？」",
		"ENG_STRING": "“...Your room?”"
	},
	{
		"TYPE": "ZM",
		"ID": 353668,
		"NAME": "鍔姫",
		"ENG_NAME": "Tsubaki",
		"STRING": "「部屋で、ほ、保護……しよう…かと……」",
		"ENG_STRING": "“Bringing it to my room... and taking care of it...”"
	},
	{
		"TYPE": "ZM",
		"ID": 353669,
		"NAME": "満琉",
		"ENG_NAME": "Michiru",
		"STRING": "「にゃー！　にゃーにゃー！！」",
		"ENG_STRING": "“Meow! Meow meow!!”"
	},
	{
		"TYPE": "ZM",
		"ID": 353670,
		"STRING": "ダメだと言ってくれ学園長。鍔姫ちゃんは風紀委員だし猫なんか連れて帰っていいわけがない！",
		"ENG_STRING": "Please tell her that she's not allowed to, Principal. It wouldn't be proper for a Disciplinary Committee member to be keeping a cat!"
	},
	{
		"TYPE": "ZM",
		"ID": 353671,
		"STRING": "そしてあわよくば俺の正体にも気づいてくれ！",
		"ENG_STRING": "And please realize who I really am!"
	},
	{
		"TYPE": "ZM",
		"ID": 353672,
		"NAME": "二人",
		"ENG_NAME": "Fuhito",
		"STRING": "「Ｊｅ　ｄｏｂｒａ！」",
		"ENG_STRING": "“Je dobra!”"
	},
	{
		"TYPE": "ZM",
		"ID": 353673,
		"NAME": "鍔姫",
		"ENG_NAME": "Tsubaki",
		"STRING": "「え？　あ、あの……」",
		"ENG_STRING": "“Huh? U-Umm...”"
	},
	{
		"TYPE": "ZM",
		"ID": 353674,
		"NAME": "二人",
		"ENG_NAME": "Fuhito",
		"STRING": "「君は実に優しい子だ！　構わずその猫を保護して、かわいがってあげておくれ！！！」",
		"ENG_STRING": "“What a kind girl you are! Feel free to keep that cat and take care of it!!!”"
	},
	{
		"TYPE": "ZM",
		"ID": 353675,
		"NAME": "鍔姫",
		"ENG_NAME": "Tsubaki",
		"STRING": "「ほ、本当ですか！！！」",
		"ENG_STRING": "“R-Really!?”"
	},
	{
		"TYPE": "ZM",
		"ID": 353676,
		"NAME": "二人",
		"ENG_NAME": "Fuhito",
		"STRING": "「もちろん！　大事に大事にかわいがってあげるのだよ！！」",
		"ENG_STRING": "“Of course! Make sure you treat it tenderly and with loving care!!”"
	},
	{
		"TYPE": "ZM",
		"ID": 353677,
		"NAME": "鍔姫",
		"ENG_NAME": "Tsubaki",
		"STRING": "「はい！！」",
		"ENG_STRING": "“Yes!!”"
	},
	{
		"TYPE": "ZM",
		"ID": 353678,
		"NAME": "満琉",
		"ENG_NAME": "Michiru",
		"STRING": "「にゃーーーーー！！」",
		"ENG_STRING": "“Meeeoooow!!”"
	},
	{
		"TYPE": "ZM",
		"ID": 353679,
		"NAME": "二人",
		"ENG_NAME": "Fuhito",
		"STRING": "「ふふっ」",
		"ENG_STRING": "“Hehe.”"
	},
	{
		"TYPE": "ZM",
		"ID": 353680,
		"STRING": "そう言って学園長は俺を見てニヤリと笑った。",
		"ENG_STRING": "She looks at me and smirks."
	},
	{
		"TYPE": "ZM",
		"ID": 353681,
		"STRING": "その表情を見て確信した。",
		"ENG_STRING": "I'm certain of it."
	},
	{
		"TYPE": "ZM",
		"ID": 353682,
		"STRING": "この人、絶対にわかって言っている……！",
		"ENG_STRING": "She definitely knows who I am...!"
	},
	{
		"TYPE": "ZM",
		"ID": 353683,
		"NAME": "鍔姫",
		"ENG_NAME": "Tsubaki",
		"STRING": "「安心していいぞ。学園長の許可を得たのだからな。さあ、それでは帰ろう！」",
		"ENG_STRING": "“There's no need to worry. I've got the principal's permission now. Let's go to my room!”"
	},
	{
		"TYPE": "ZM",
		"ID": 353684,
		"NAME": "二人",
		"ENG_NAME": "Fuhito",
		"STRING": "「それでは、その猫のことは頼んだよ！　Ｎａ　ｓｈｌｅｄａｎｏｕ」",
		"ENG_STRING": "“Well then, I'll leave that cat to you! Na shledanou!”"
	},
	{
		"TYPE": "ZM",
		"ID": 353685,
		"NAME": "鍔姫",
		"ENG_NAME": "Tsubaki",
		"STRING": "「さようなら、学園長」",
		"ENG_STRING": "“Goodbye, Principal.”"
	},
	{
		"TYPE": "ZM",
		"ID": 353686,
		"STRING": "無責任に言われ、鍔姫ちゃんの部屋に連れて行かれることが決定してしまった。",
		"ENG_STRING": "Responsibility for taking care of me has been dumped onto Tsubaki-chan, and it's now set in stone that I'll be kept in her room."
	},
	{
		"TYPE": "ZM",
		"ID": 353687,
		"STRING": "しかも学園長のお墨付きなのだ、鍔姫ちゃんは何も遠慮する必要はない。",
		"ENG_STRING": "Having received the principal's approval, she's more fired up than ever."
	},
	{
		"TYPE": "ZM",
		"ID": 353688,
		"STRING": "どうしてこんなことになってしまったのだろう……。",
		"ENG_STRING": "How did things turn out this way...?"
	},
	{
		"TYPE": "ZM",
		"ID": 353689,
		"STRING": "いや、学園長のせいだ。それ以外には考えられない！",
		"ENG_STRING": "It's all the principal's fault. That's the only logical answer!"
	},
	{
		"TYPE": "ZM",
		"ID": 353690,
		"NAME": "鍔姫",
		"ENG_NAME": "Tsubaki",
		"STRING": "「さあ、行こう猫さん！！」",
		"ENG_STRING": "“Come on, kitty!!”"
	},
	{
		"TYPE": "ZM",
		"ID": 353691,
		"NAME": "鍔姫",
		"ENG_NAME": "Tsubaki",
		"STRING": "「ふふふふふ……」",
		"ENG_STRING": "“Hehehehehe...”"
	},
	{
		"TYPE": "ZM",
		"ID": 353692,
		"NAME": "満琉",
		"ENG_NAME": "Michiru",
		"STRING": "（え、えっと……）",
		"ENG_STRING": "(U-Umm...)"
	},
	{
		"TYPE": "ZM",
		"ID": 353693,
		"NAME": "鍔姫",
		"ENG_NAME": "Tsubaki",
		"STRING": "「猫さん！　猫さーーーん！！！　よしよしよしー！　よーしよしよし！」",
		"ENG_STRING": "“Kitty! Kitty!!! Who's a good cat? Who's a good cat!?”"
	},
	{
		"TYPE": "ZM",
		"ID": 353694,
		"NAME": "満琉",
		"ENG_NAME": "Michiru",
		"STRING": "「にゃーーー！！！！！」",
		"ENG_STRING": "“Meeeooow!!!!!”"
	},
	{
		"TYPE": "ZM",
		"ID": 353695,
		"STRING": "部屋に到着するなり、鍔姫ちゃんはまたすごい勢いで俺を抱きしめて頭や身体を撫で始めた。",
		"ENG_STRING": "As soon as we reach her room, she starts furiously hugging and petting me again."
	},
	{
		"TYPE": "ZM",
		"ID": 353696,
		"STRING": "さっきも思ったが痛い！　勢いがつきすぎて撫でられているというよりは擦られている感じだ。",
		"ENG_STRING": "It hurts, just like before! It feels more like rubbing than petting."
	},
	{
		"TYPE": "ZM",
		"ID": 353697,
		"STRING": "だが、多分これ、やっている本人はそんなことにはまったく気付いてない。",
		"ENG_STRING": "Though she most likely doesn't realize that."
	},
	{
		"TYPE": "ZM",
		"ID": 353698,
		"NAME": "鍔姫",
		"ENG_NAME": "Tsubaki",
		"STRING": "「うふふ。かわいいなあ、猫さんは本当にとんでもなくかわいいなー！」",
		"ENG_STRING": "“Ehehe. You're just the cutest thing ever!”"
	},
	{
		"TYPE": "ZM",
		"ID": 353699,
		"NAME": "満琉",
		"ENG_NAME": "Michiru",
		"STRING": "（やっぱり、鍔姫ちゃんって猫好き！？　っていうか間違いないぞこれ！）",
		"ENG_STRING": "(There's no doubt about it! She's a cat lover!)"
	},
	{
		"TYPE": "ZM",
		"ID": 353700,
		"NAME": "鍔姫",
		"ENG_NAME": "Tsubaki",
		"STRING": "「もう何も心配しなくていいぞ。飼い主か、もしくは引き取り先が決まるまで私が一緒にいるからな」@n",
		"ENG_STRING": "“There's nothing to be scared of anymore. I'll be with you until we find your owner or someone to adopt you.”@n"
	},
	{
		"TYPE": "ZM",
		"ID": 353701,
		"STRING": "そう言いながら、鍔姫ちゃんの手がまた身体を撫でた。",
		"ENG_STRING": "Saying that, she starts petting me again."
	},
	{
		"TYPE": "ZM",
		"ID": 353702,
		"STRING": "相変わらず勢いはそのままだ。だから痛いって！",
		"ENG_STRING": "The strength she puts into her caresses is the same as always. It hurts, I said!"
	},
	{
		"TYPE": "ZM",
		"ID": 353703,
		"NAME": "鍔姫",
		"ENG_NAME": "Tsubaki",
		"STRING": "「ふふふっ。こんなにたくさん、猫さんを撫でるのは初めてだな。いつもはすぐに逃げられてしまうから」",
		"ENG_STRING": "“Hehehe. It's my first time being able to pet a cat so much. They always run away from me instantly.”"
	},
	{
		"TYPE": "ZM",
		"ID": 353704,
		"NAME": "鍔姫",
		"ENG_NAME": "Tsubaki",
		"STRING": "「君はとてもおとなしい猫さんだな。よしよし……」",
		"ENG_STRING": "“You're so well-behaved. Good kitty...”"
	},
	{
		"TYPE": "ZM",
		"ID": 353705,
		"STRING": "普通の猫は怖がって逃げているだけなのでは……まあ、こんなにされたら逃げたくなる気持ちもわかる。",
		"ENG_STRING": "I'm sure other cats just felt frightened by her... Well, given what's happening to me right now, I can understand why."
	},
	{
		"TYPE": "ZM",
		"ID": 353706,
		"STRING": "鍔姫ちゃん、猫が大好き過ぎて力いっぱいになってるんだろうな。",
		"ENG_STRING": "She loves cats way too much and ends up treating them too roughly."
	},
	{
		"TYPE": "ZM",
		"ID": 353707,
		"NAME": "鍔姫",
		"ENG_NAME": "Tsubaki",
		"STRING": "「おや？　よく見たらここ、砂だらけじゃないか……」",
		"ENG_STRING": "“Oh? Taking a closer look at you, you're covered in sand...”"
	},
	{
		"TYPE": "ZM",
		"ID": 353708,
		"NAME": "満琉",
		"ENG_NAME": "Michiru",
		"STRING": "「にゃー！」",
		"ENG_STRING": "“Meow!”"
	},
	{
		"TYPE": "ZM",
		"ID": 353709,
		"STRING": "俺をじっと見つめていた鍔姫ちゃんは、突然身体を抱き上げるとまじまじと見つめて来た。",
		"ENG_STRING": "She suddenly lifts me up and stares fixedly at me."
	},
	{
		"TYPE": "ZM",
		"ID": 353710,
		"STRING": "ちなみに猫になったときに服は全部その場にばさばさと落ちてしまって、今の俺は当たり前だが全裸だ。",
		"ENG_STRING": "Incidentally, when I was turned into a cat, my clothes were not transformed with me, so I'm buck naked at the moment."
	},
	{
		"TYPE": "ZM",
		"ID": 353711,
		"STRING": "……これはさすがに恥ずかしい！",
		"ENG_STRING": "...This is really embarrassing!"
	},
	{
		"TYPE": "ZM",
		"ID": 353712,
		"NAME": "鍔姫",
		"ENG_NAME": "Tsubaki",
		"STRING": "「よし、せっかくだから一緒にお風呂に入ろうか」",
		"ENG_STRING": "“While we're at it, let's give you a bath.”"
	},
	{
		"TYPE": "ZM",
		"ID": 353713,
		"NAME": "満琉",
		"ENG_NAME": "Michiru",
		"STRING": "@w5@h5（ふ、風呂！？？！）@w0@h0",
		"ENG_STRING": "@w5@h5（A-A bath!?）@w0@h0"
	},
	{
		"TYPE": "ZM",
		"ID": 353714,
		"STRING": "それは……非常にまずい！",
		"ENG_STRING": "This... is really bad!"
	},
	{
		"TYPE": "ZM",
		"ID": 353715,
		"STRING": "なんとか隙を見て逃げ出さないと……。",
		"ENG_STRING": "I have to find an opportunity to escape, or else..."
	},
	{
		"TYPE": "ZM",
		"ID": 353716,
		"NAME": "鍔姫",
		"ENG_NAME": "Tsubaki",
		"STRING": "「準備をして来るから少し待っていてくれ」",
		"ENG_STRING": "“I'll go prepare everything, so give me a few minutes.”"
	},
	{
		"TYPE": "ZM",
		"ID": 353717,
		"NAME": "満琉",
		"ENG_NAME": "Michiru",
		"STRING": "（は！　これは逃げ出すチャンスじゃないのか……）",
		"ENG_STRING": "(Ah! This is my chance...)"
	},
	{
		"TYPE": "ZM",
		"ID": 353718,
		"NAME": "鍔姫",
		"ENG_NAME": "Tsubaki",
		"STRING": "「今日は猫さんの分のタオルも必要だな……」",
		"ENG_STRING": "“I'll need to get a towel ready for you, too...”"
	},
	{
		"TYPE": "ZM",
		"ID": 353719,
		"STRING": "俺を置いて鍔姫ちゃんは風呂に入る準備を始めた。",
		"ENG_STRING": "She leaves me alone and starts with the preparations."
	},
	{
		"TYPE": "ZM",
		"ID": 353720,
		"STRING": "逃げ出すなら今しかない。",
		"ENG_STRING": "This is my only chance to escape."
	},
	{
		"TYPE": "ZM",
		"ID": 353721,
		"STRING": "部屋の扉も、まあなんとかなるだろう。",
		"ENG_STRING": "I'll have to find some way to open the door."
	},
	{
		"TYPE": "ZM",
		"ID": 353722,
		"STRING": "とりあえず、気付かれないようにそっと移動して……。",
		"ENG_STRING": "For now, I'll just slowly make my way over there..."
	},
	{
		"TYPE": "ZM",
		"ID": 353723,
		"NAME": "鍔姫",
		"ENG_NAME": "Tsubaki",
		"STRING": "「……！」",
		"ENG_STRING": "“......!”"
	},
	{
		"TYPE": "ZM",
		"ID": 353724,
		"NAME": "満琉",
		"ENG_NAME": "Michiru",
		"STRING": "「にゃっ！！」",
		"ENG_STRING": "“Meow!!”"
	},
	{
		"TYPE": "ZM",
		"ID": 353725,
		"STRING": "逃げ出そうとそーっと動き出した途端、鍔姫ちゃんがすごい速さで戻って来た。",
		"ENG_STRING": "Tsubaki-chan comes rushing back with incredible speed."
	},
	{
		"TYPE": "ZM",
		"ID": 353726,
		"STRING": "そのあまりの速さに驚き身体が硬直する。",
		"ENG_STRING": "It's so shocking to me that I freeze up."
	},
	{
		"TYPE": "ZM",
		"ID": 353727,
		"NAME": "鍔姫",
		"ENG_NAME": "Tsubaki",
		"STRING": "「今、逃げようとした……？」",
		"ENG_STRING": "“Were you trying to escape just now...?”"
	},
	{
		"TYPE": "ZM",
		"ID": 353728,
		"NAME": "満琉",
		"ENG_NAME": "Michiru",
		"STRING": "（なんでわかるんだ！？！）",
		"ENG_STRING": "(How did she know!?)"
	},
	{
		"TYPE": "ZM",
		"ID": 353729,
		"NAME": "鍔姫",
		"ENG_NAME": "Tsubaki",
		"STRING": "「やはり、すべての猫さんに私は嫌われてしまう運命なのだろうか……」",
		"ENG_STRING": "“I guess I really am destined to be hated by all cats in this world...”"
	},
	{
		"TYPE": "ZM",
		"ID": 353730,
		"STRING": "鍔姫ちゃんは、しょんぼりと肩を落としている。",
		"ENG_STRING": "She droops her shoulders in depression."
	},
	{
		"TYPE": "ZM",
		"ID": 353731,
		"STRING": "ここで俺が逃げ出すのは、なんだか申し訳ない。そんな気持ちがこみあげてくる……。",
		"ENG_STRING": "I'd feel sorry for her if I took another step towards the door..."
	},
	{
		"TYPE": "ZM",
		"ID": 353732,
		"STRING": "こっちを見る目も、すごく寂しそうだ。",
		"ENG_STRING": "Her eyes look extremely lonely as well."
	},
	{
		"TYPE": "ZM",
		"ID": 353733,
		"NAME": "鍔姫",
		"ENG_NAME": "Tsubaki",
		"STRING": "「本当は嫌だったか？　それなら、無理やり連れて来たのは悪かったかもしれない……」",
		"ENG_STRING": "“Do you hate me? I shouldn't have forcefully brought you back with me...”"
	},
	{
		"TYPE": "ZM",
		"ID": 353734,
		"NAME": "満琉",
		"ENG_NAME": "Michiru",
		"STRING": "「にゃーにゃー」",
		"ENG_STRING": "“Meow meow.”"
	},
	{
		"TYPE": "ZM",
		"ID": 353735,
		"NAME": "鍔姫",
		"ENG_NAME": "Tsubaki",
		"STRING": "「嫌じゃない？」",
		"ENG_STRING": "“You don't?”"
	},
	{
		"TYPE": "ZM",
		"ID": 353736,
		"NAME": "満琉",
		"ENG_NAME": "Michiru",
		"STRING": "「にゃー」",
		"ENG_STRING": "“Meow‾”"
	},
	{
		"TYPE": "ZM",
		"ID": 353737,
		"STRING": "そうじゃないと、伝えられるだろうか。",
		"ENG_STRING": "“That's not it.” I hope my message got through to her."
	},
	{
		"TYPE": "ZM",
		"ID": 353738,
		"STRING": "何度も鳴いてみても、それが伝わるかどうかはわからない。",
		"ENG_STRING": "No matter how many times I meow, I can't tell if she understands what I'm trying to say or not."
	},
	{
		"TYPE": "ZM",
		"ID": 353739,
		"STRING": "この姿じゃ、無理だろうか……と、思ったんだが――",
		"ENG_STRING": "It's probably impossible while I'm in this state... or so I thought――"
	},
	{
		"TYPE": "ZM",
		"ID": 353740,
		"NAME": "鍔姫",
		"ENG_NAME": "Tsubaki",
		"STRING": "「そうか！　良かった！！！！」@n",
		"ENG_STRING": "“I see! That's great!!!!”@n"
	},
	{
		"TYPE": "ZM",
		"ID": 353741,
		"NAME": "満琉",
		"ENG_NAME": "Michiru",
		"STRING": "「びにゃあああ！！！」",
		"ENG_STRING": "“Meeooow!!!”"
	},
	{
		"TYPE": "ZM",
		"ID": 353742,
		"STRING": "鍔姫ちゃんの表情は一気に明るくなり、また勢いよく身体を抱きしめられ頭を力一杯撫でられた。",
		"ENG_STRING": "Her expression brightens up in an instant, and she starts hugging and petting me as hard as she can again."
	},
	{
		"TYPE": "ZM",
		"ID": 353743,
		"STRING": "勢いがよすぎて、やっぱり痛い！！！",
		"ENG_STRING": "She's putting too much force into it. It really hurts!!!"
	},
	{
		"TYPE": "ZM",
		"ID": 353744,
		"NAME": "鍔姫",
		"ENG_NAME": "Tsubaki",
		"STRING": "「よし、それじゃあ一緒にお風呂に入ろうな！」",
		"ENG_STRING": "“All right then, let's take a bath together!”"
	},
	{
		"TYPE": "ZM",
		"ID": 353745,
		"NAME": "満琉",
		"ENG_NAME": "Michiru",
		"STRING": "（いやそれは！！！！）",
		"ENG_STRING": "(No, that would be...!!!!)"
	},
	{
		"TYPE": "ZM",
		"ID": 353746,
		"NAME": "鍔姫",
		"ENG_NAME": "Tsubaki",
		"STRING": "「さあ、身体をキレイにしよう！　ぴっかぴかにみがいてあげるぞ！」",
		"ENG_STRING": "“Let's get you nice and clean! I'll make you look spotless!”"
	},
	{
		"TYPE": "ZM",
		"ID": 353747,
		"NAME": "満琉",
		"ENG_NAME": "Michiru",
		"STRING": "（ああああ！　どこを見ればいいのかわからない……）",
		"ENG_STRING": "(Ahhh! Where should I be looking...?)"
	},
	{
		"TYPE": "ZM",
		"ID": 353748,
		"STRING": "言うまでもなく鍔姫ちゃんは裸だし、どこを見ればいいのかわからない。",
		"ENG_STRING": "It goes without saying that Tsubaki-chan is naked."
	},
	{
		"TYPE": "ZM",
		"ID": 353749,
		"STRING": "いや、でも向こうは普通の猫だと思っているんだから、気にしすぎなければ……。",
		"ENG_STRING": "She thinks that I'm just an ordinary cat, so if I don't think about it..."
	},
	{
		"TYPE": "ZM",
		"ID": 353750,
		"STRING": "――って、そんなことやろうと思ってできるわけがない！",
		"ENG_STRING": "――There's no way in hell I can do that!"
	},
	{
		"TYPE": "ZM",
		"ID": 353751,
		"STRING": "どうすればいいんだと頭を抱えたくなる。",
		"ENG_STRING": "I'm racking my brain over what to do about this."
	},
	{
		"TYPE": "ZM",
		"ID": 353752,
		"NAME": "鍔姫",
		"ENG_NAME": "Tsubaki",
		"STRING": "「暴れなくても大丈夫だ。ちゃんと顔には水がかからないように洗うからな……ん？」",
		"ENG_STRING": "“You don't have to squirm so much. I'll be careful not to get any water on your face... Hmm?”"
	},
	{
		"TYPE": "ZM",
		"ID": 353753,
		"STRING": "何だか、鍔姫ちゃんがじっと俺を見ているような……。",
		"ENG_STRING": "What's going on? She looks like she's staring into my face..."
	},
	{
		"TYPE": "ZM",
		"ID": 353754,
		"STRING": "いや……ようじゃない。間違いなく全身を観察するかのごとく見られている。",
		"ENG_STRING": "No... never mind. She's examining my whole body."
	},
	{
		"TYPE": "ZM",
		"ID": 353755,
		"STRING": "だから猫の姿とはいえ俺は今裸なんだが！",
		"ENG_STRING": "I may have the form of a cat, but I'm still naked, you know!"
	},
	{
		"TYPE": "ZM",
		"ID": 353756,
		"NAME": "鍔姫",
		"ENG_NAME": "Tsubaki",
		"STRING": "「ちょっと失礼」",
		"ENG_STRING": "“Excuse me.”"
	},
	{
		"TYPE": "ZM",
		"ID": 353757,
		"NAME": "満琉",
		"ENG_NAME": "Michiru",
		"STRING": "「にゃあーーー！？」",
		"ENG_STRING": "“Meow‾!?”"
	},
	{
		"TYPE": "ZM",
		"ID": 353758,
		"STRING": "まじまじと見つめていた鍔姫ちゃんは、突然身体をひっくり返すと俺に開脚ポーズを取らせた。",
		"ENG_STRING": "As she's scrutinizing my body, she suddenly turns my body over so that I'm on my back with my legs spread apart."
	},
	{
		"TYPE": "ZM",
		"ID": 353759,
		"STRING": "ちょ、ちょっと、このポーズはダメだろ！！！",
		"ENG_STRING": "H-Hey! What are you doing!?"
	},
	{
		"TYPE": "ZM",
		"ID": 353760,
		"NAME": "満琉",
		"ENG_NAME": "Michiru",
		"STRING": "@w5@h5（やめろやめろやめろーーーー！！！！）@w0@h0",
		"ENG_STRING": "@w5@h5（No more! Stop it!!!!）@w0@h0"
	},
	{
		"TYPE": "ZM",
		"ID": 353761,
		"NAME": "鍔姫",
		"ENG_NAME": "Tsubaki",
		"STRING": "「君は、男の子なのだな。なるほど」",
		"ENG_STRING": "“I see. So you're a male.”"
	},
	{
		"TYPE": "ZM",
		"ID": 353762,
		"NAME": "満琉",
		"ENG_NAME": "Michiru",
		"STRING": "@w4@h4（あああああ！！！　恥ずかしすぎる！！！！！）@w0@h0",
		"ENG_STRING": "@w4@h4（Ahhhh!!! I'm dying of embarrassment!!!!!）@w0@h0"
	},
	{
		"TYPE": "ZM",
		"ID": 353763,
		"NAME": "鍔姫",
		"ENG_NAME": "Tsubaki",
		"STRING": "「男の子でも女の子でも、キレイにしなくてはな。よし、洗ってやろう！」",
		"ENG_STRING": "“It doesn't matter what gender you are. You still have to be clean. Let's get washing!”"
	},
	{
		"TYPE": "ZM",
		"ID": 353764,
		"NAME": "満琉",
		"ENG_NAME": "Michiru",
		"STRING": "「にゃー！　にゃー！！」",
		"ENG_STRING": "“Meow! Meow!!”"
	},
	{
		"TYPE": "ZM",
		"ID": 353765,
		"NAME": "鍔姫",
		"ENG_NAME": "Tsubaki",
		"STRING": "「こら！　暴れると綺麗にできないだろう。ほら、じっとして！」",
		"ENG_STRING": "“Come on! I can't clean you if you don't sit still!”"
	},
	{
		"TYPE": "ZM",
		"ID": 353766,
		"NAME": "満琉",
		"ENG_NAME": "Michiru",
		"STRING": "@w5@h5「にゃあああああああああああ！！！！」@w0@h0",
		"ENG_STRING": "@w5@h5“Meeeeeoooow!!!!“@w0@h0"
	},
	{
		"TYPE": "ZM",
		"ID": 353767,
		"STRING": "鍔姫ちゃんに散々身体を見つめられ、全身きれいに洗われてからやっと解放された。",
		"ENG_STRING": "She finally releases me, after having thoroughly looked at my body and rigorously washed me."
	},
	{
		"TYPE": "ZM",
		"ID": 353768,
		"STRING": "最後の方はもう、されるがままでわけがわからない状態になっていた。",
		"ENG_STRING": "Despite that, I have no idea what's going on."
	},
	{
		"TYPE": "ZM",
		"ID": 353769,
		"STRING": "なんだか……ぐったりして動く気にもなれない。",
		"ENG_STRING": "For some reason... I'm completely drained and can't move a muscle."
	},
	{
		"TYPE": "ZM",
		"ID": 353770,
		"STRING": "一方、鍔姫ちゃんは異常に機嫌が良さそうだ……。",
		"ENG_STRING": "On the other hand, Tsubaki-chan seems to be in a strangely good mood..."
	},
	{
		"TYPE": "ZM",
		"ID": 353771,
		"NAME": "鍔姫",
		"ENG_NAME": "Tsubaki",
		"STRING": "「こんなに猫さんと親交を深められるとは思っていなかったなあ。ふふ、ふふふ」",
		"ENG_STRING": "“I never thought I'd get to be this intimate with a cat. Hehe, hehehe.”"
	},
	{
		"TYPE": "ZM",
		"ID": 353772,
		"NAME": "満琉",
		"ENG_NAME": "Michiru",
		"STRING": "（すっげえ、嬉しそうだな……）",
		"ENG_STRING": "(She looks overjoyed...)"
	},
	{
		"TYPE": "ZM",
		"ID": 353773,
		"NAME": "鍔姫",
		"ENG_NAME": "Tsubaki",
		"STRING": "「ほら、身体を拭いてあげよう。こっちにおいで」",
		"ENG_STRING": "“Come here, I'll wipe you off.”"
	},
	{
		"TYPE": "ZM",
		"ID": 353774,
		"STRING": "また、力一杯身体を拭かれているが抵抗する気力も沸かない。",
		"ENG_STRING": "Once again, she puts all of her strength into her actions, but I can't muster the energy to resist."
	},
	{
		"TYPE": "ZM",
		"ID": 353775,
		"STRING": "鍔姫ちゃんが嬉しそうなのはいいことだ、もうじっとしていよう。",
		"ENG_STRING": "I'm glad that she's happy. I'll just stay still now."
	},
	{
		"TYPE": "ZM",
		"ID": 353776,
		"NAME": "鍔姫",
		"ENG_NAME": "Tsubaki",
		"STRING": "「ん、これで綺麗になった。良かった」",
		"ENG_STRING": "“You're all clean now. Isn't that great?”"
	},
	{
		"TYPE": "ZM",
		"ID": 353777,
		"NAME": "満琉",
		"ENG_NAME": "Michiru",
		"STRING": "（本当に嬉しそうな顔してるな。猫、そんなに好きなのか……）",
		"ENG_STRING": "(She's absolutely beaming. It goes to show how fond she is of cats...)"
	},
	{
		"TYPE": "ZM",
		"ID": 353778,
		"NAME": "鍔姫",
		"ENG_NAME": "Tsubaki",
		"STRING": "「毛もさらさらになった……なんだか、君の毛はみーくんの髪に似ている気がするな……」@n",
		"ENG_STRING": "“Your fur's silky smooth now, too... It sort of reminds me of Mii-kun's hair...”@n"
	},
	{
		"TYPE": "ZM",
		"ID": 353779,
		"STRING": "ぐったりしながら撫でられていると、突然自分の名前が出た。",
		"ENG_STRING": "As she's petting me, I suddenly hear her say my name."
	},
	{
		"TYPE": "ZM",
		"ID": 353780,
		"STRING": "驚いて顔を見つめると、俺の視線に気付いて鍔姫ちゃんは優しく微笑みを浮かべた。",
		"ENG_STRING": "I stare at her in astonishment. Noticing my line of sight, she gives me a gentle smile."
	},
	{
		"TYPE": "ZM",
		"ID": 353781,
		"NAME": "鍔姫",
		"ENG_NAME": "Tsubaki",
		"STRING": "「ああ、みーくんは私の大切な友達だ。とても、優しくて頼りになるんだ」",
		"ENG_STRING": "“Oh, Mii-kun is my precious friend. He's really kind and reliable.”"
	},
	{
		"TYPE": "ZM",
		"ID": 353782,
		"NAME": "満琉",
		"ENG_NAME": "Michiru",
		"STRING": "（鍔姫ちゃん……？）",
		"ENG_STRING": "(Tsubaki-chan...?)"
	},
	{
		"TYPE": "ZM",
		"ID": 353783,
		"NAME": "鍔姫",
		"ENG_NAME": "Tsubaki",
		"STRING": "「以前、私に大変なことがあった時に助けてくれたし、それに……もう一人の大事な友達がいなくなった時、慰めてくれた」",
		"ENG_STRING": "“When I was in a lot of trouble, he helped me out, and... when I lost another precious friend of mine, he comforted me.”"
	},
	{
		"TYPE": "ZM",
		"ID": 353784,
		"NAME": "鍔姫",
		"ENG_NAME": "Tsubaki",
		"STRING": "「私は、寂しくて悲しくて泣きたかったはずなのにそれにすら気付けなくて……でも、みーくんが泣けばいいと教えてくれたんだ」@n",
		"ENG_STRING": "“I didn't even realize that I was feeling lonely and holding back my tears... but he taught me that there's nothing wrong with crying.”@n"
	},
	{
		"TYPE": "ZM",
		"ID": 353785,
		"NAME": "鍔姫",
		"ENG_NAME": "Tsubaki",
		"STRING": "「あの時、彼がいてくれて良かった。泣いてみればいいと言ってくれて、私は泣くことができた」",
		"ENG_STRING": "“I'm extremely thankful that he was there at the time. I was able to cry my heart out after he told me to try.”"
	},
	{
		"TYPE": "ZM",
		"ID": 353786,
		"NAME": "満琉",
		"ENG_NAME": "Michiru",
		"STRING": "「にゃー」",
		"ENG_STRING": "“Meow‾”"
	},
	{
		"TYPE": "ZM",
		"ID": 353787,
		"NAME": "鍔姫",
		"ENG_NAME": "Tsubaki",
		"STRING": "「本当にいい友達なんだ。私なんかにはもったいない……でも、これからもずっと友達でいられればと思う」",
		"ENG_STRING": "“He truly is an amazing friend. I'm not good enough for him... but I want to be friends with him forever.”"
	},
	{
		"TYPE": "ZM",
		"ID": 353788,
		"STRING": "そんな風に思ってくれていたのか……。",
		"ENG_STRING": "So that's what's going on in her mind..."
	},
	{
		"TYPE": "ZM",
		"ID": 353789,
		"STRING": "もったいないなんて、そんな風に考える必要なんかないのに。",
		"ENG_STRING": "There's no need at all to think that she's not good enough or anything."
	},
	{
		"TYPE": "ZM",
		"ID": 353790,
		"STRING": "俺だって、これからもずっと、鍔姫ちゃんと友達でいたいと思っているんだから。",
		"ENG_STRING": "I want to always be friends with her as well."
	},
	{
		"TYPE": "ZM",
		"ID": 353791,
		"NAME": "鍔姫",
		"ENG_NAME": "Tsubaki",
		"STRING": "「猫さんには大事な友達はいるか？」",
		"ENG_STRING": "“Do you have any friends you treasure, kitty?”"
	},
	{
		"TYPE": "ZM",
		"ID": 353793,
		"NAME": "満琉",
		"ENG_NAME": "Michiru",
		"STRING": "「にゃー」",
		"ENG_STRING": "“Meow‾”"
	},
	{
		"TYPE": "ZM",
		"ID": 353794,
		"NAME": "鍔姫",
		"ENG_NAME": "Tsubaki",
		"STRING": "「うん、そうかそうか。やはり友達はよいものだな」",
		"ENG_STRING": "“I see, I see. It's great having friends, isn't it?”"
	},
	{
		"TYPE": "ZM",
		"ID": 353795,
		"NAME": "鍔姫",
		"ENG_NAME": "Tsubaki",
		"STRING": "「………」",
		"ENG_STRING": "“......”"
	},
	{
		"TYPE": "ZM",
		"ID": 353796,
		"STRING": "じっと見つめていると、鍔姫ちゃんの表情が変わった。",
		"ENG_STRING": "Her expression changes as we gaze at each other."
	},
	{
		"TYPE": "ZM",
		"ID": 353797,
		"STRING": "少し複雑そうな、不思議そうな表情。",
		"ENG_STRING": "It's a somewhat complicated one that's hard to read."
	},
	{
		"TYPE": "ZM",
		"ID": 353798,
		"STRING": "それは数日前に見た、ぼおっとした雰囲気に似ている。",
		"ENG_STRING": "Similar to the one I saw a few days ago, when she seemed to be spacing out."
	},
	{
		"TYPE": "ZM",
		"ID": 353799,
		"STRING": "どうしたんだろうか？",
		"ENG_STRING": "I wonder what's gotten into her."
	},
	{
		"TYPE": "ZM",
		"ID": 353800,
		"NAME": "満琉",
		"ENG_NAME": "Michiru",
		"STRING": "「にゃ？」",
		"ENG_STRING": "“Meow?”"
	},
	{
		"TYPE": "ZM",
		"ID": 353801,
		"NAME": "鍔姫",
		"ENG_NAME": "Tsubaki",
		"STRING": "「…………」",
		"ENG_STRING": "“......”"
	},
	{
		"TYPE": "ZM",
		"ID": 353802,
		"NAME": "満琉",
		"ENG_NAME": "Michiru",
		"STRING": "「にゃー、にゃー！」",
		"ENG_STRING": "“Meow, meow!”"
	},
	{
		"TYPE": "ZM",
		"ID": 353803,
		"NAME": "鍔姫",
		"ENG_NAME": "Tsubaki",
		"STRING": "「あっ！　あ、すまない。少し考え事をしていた」",
		"ENG_STRING": "“Ah! Sorry, I got a bit lost in thought.”"
	},
	{
		"TYPE": "ZM",
		"ID": 353804,
		"NAME": "鍔姫",
		"ENG_NAME": "Tsubaki",
		"STRING": "「最近、少し奇妙なことがあるんだ。聞いてくれるか？」",
		"ENG_STRING": "“Something strange has been happening to me lately. Would you hear me out?”"
	},
	{
		"TYPE": "ZM",
		"ID": 353805,
		"NAME": "満琉",
		"ENG_NAME": "Michiru",
		"STRING": "「にゃー」",
		"ENG_STRING": "“Meow‾”"
	},
	{
		"TYPE": "ZM",
		"ID": 353806,
		"NAME": "鍔姫",
		"ENG_NAME": "Tsubaki",
		"STRING": "「その、さっきの友達の、みーくんのことなんだ」",
		"ENG_STRING": "“It has to do with Mii-kun, that friend I was talking about.”"
	},
	{
		"TYPE": "ZM",
		"ID": 353807,
		"STRING": "……奇妙なことと、俺のことがどう関係あるんだ？",
		"ENG_STRING": "...Something strange related to me?"
	},
	{
		"TYPE": "ZM",
		"ID": 353808,
		"NAME": "鍔姫",
		"ENG_NAME": "Tsubaki",
		"STRING": "「どうも気がつくと、彼のことを考えてしまっているんだ。ずっと同じことが頭のなかでぐるぐるぐるぐる……」",
		"ENG_STRING": "“He's always on my mind, and I can't get him out of my head...”"
	},
	{
		"TYPE": "ZM",
		"ID": 353809,
		"NAME": "鍔姫",
		"ENG_NAME": "Tsubaki",
		"STRING": "「そうすると、不思議なことにどんどんと動悸が激しくなっていく」",
		"ENG_STRING": "“The next thing I know, my heart starts racing.”"
	},
	{
		"TYPE": "ZM",
		"ID": 353810,
		"NAME": "鍔姫",
		"ENG_NAME": "Tsubaki",
		"STRING": "「しかし頭はそれに反して、ぼおっとしてしまうというか。謎の浮遊感を感じるんだ」",
		"ENG_STRING": "“By contrast though, I start spacing out, and I feel a strange floating sensation.”"
	},
	{
		"TYPE": "ZM",
		"ID": 353811,
		"NAME": "満琉",
		"ENG_NAME": "Michiru",
		"STRING": "（……え）",
		"ENG_STRING": "(...Huh?)"
	},
	{
		"TYPE": "ZM",
		"ID": 353812,
		"NAME": "鍔姫",
		"ENG_NAME": "Tsubaki",
		"STRING": "「あの遺品の、後遺症なのだろうか……？」",
		"ENG_STRING": "“Are they aftereffects of that Mist...?”"
	},
	{
		"TYPE": "ZM",
		"ID": 353813,
		"NAME": "鍔姫",
		"ENG_NAME": "Tsubaki",
		"STRING": "「今もこうして話していると、なんだか彼に会いたくてたまらなくなってしまったよ」",
		"ENG_STRING": "“Even right now, just talking about him gives me an uncontrollable urge to see him.”"
	},
	{
		"TYPE": "ZM",
		"ID": 353814,
		"NAME": "鍔姫",
		"ENG_NAME": "Tsubaki",
		"STRING": "「みーくんは今、何をしているのかな」",
		"ENG_STRING": "“I wonder what he's doing right now.”"
	},
	{
		"TYPE": "ZM",
		"ID": 353815,
		"NAME": "満琉",
		"ENG_NAME": "Michiru",
		"STRING": "（いや、鍔姫ちゃんが今話してるのはそのみーくんなんだけどな……）",
		"ENG_STRING": "(Well, he's listening to you right now...)"
	},
	{
		"TYPE": "ZM",
		"ID": 353816,
		"STRING": "話しながら、鍔姫ちゃんはまた俺の身体を撫でた。",
		"ENG_STRING": "As she's talking, she starts petting me again."
	},
	{
		"TYPE": "ZM",
		"ID": 353817,
		"STRING": "今度は力一杯じゃなく、ゆっくりとした優しい撫で方だ。",
		"ENG_STRING": "This time, it's not forceful like before, but instead slow, gentle caresses."
	},
	{
		"TYPE": "ZM",
		"ID": 353818,
		"STRING": "毎回、こうならいいんだけどな。",
		"ENG_STRING": "I wish all of the times she's petted me were like this."
	},
	{
		"TYPE": "ZM",
		"ID": 353819,
		"NAME": "鍔姫",
		"ENG_NAME": "Tsubaki",
		"STRING": "「うん、君の毛はやっぱり、みーくんの髪に似ている」",
		"ENG_STRING": "“Yeah, your fur really does remind me of Mii-kun's hair.”"
	},
	{
		"TYPE": "ZM",
		"ID": 353820,
		"NAME": "鍔姫",
		"ENG_NAME": "Tsubaki",
		"STRING": "「君をみーくんの隣に並べたら、きっとそっくりだってわかるはずだ。そうしたら喜んでくれるだろうか……」@n",
		"ENG_STRING": "“If I put you two side by side, I'm sure you'd be the spitting image of each other. What would he think about that...?”@n"
	},
	{
		"TYPE": "ZM",
		"ID": 353821,
		"NAME": "鍔姫",
		"ENG_NAME": "Tsubaki",
		"STRING": "「本当は、今すぐ会いに行きたいな……」",
		"ENG_STRING": "“I really feel like seeing him now...”"
	},
	{
		"TYPE": "ZM",
		"ID": 353822,
		"STRING": "俺のことを話す鍔姫ちゃんは、とても優しい笑顔を浮かべていた。",
		"ENG_STRING": "There's a warm smile on her face as she's talking about me."
	},
	{
		"TYPE": "ZM",
		"ID": 353823,
		"STRING": "……この話、俺が聞いてもよかったのだろうか。",
		"ENG_STRING": "...Should I have heard everything she said just now?"
	},
	{
		"TYPE": "ZM",
		"ID": 353824,
		"STRING": "鍔姫ちゃんはこの猫が俺だとわからずに話したわけだから、そう考えるのもおかしなことなんだが。",
		"ENG_STRING": "She doesn't know that this cat is actually me though, so I guess the answer to my question is obvious."
	},
	{
		"TYPE": "ZM",
		"ID": 353825,
		"STRING": "――しかし、今更聞かなかったことになど出来ない。",
		"ENG_STRING": "――However, it's not like I can simply forget it at this point."
	},
	{
		"TYPE": "ZM",
		"ID": 353826,
		"STRING": "俺の受け取り方が間違っていなければ、つまり鍔姫ちゃんは…………。",
		"ENG_STRING": "If I'm not interpreting it incorrectly, then Tsubaki-chan is..."
	},
	{
		"TYPE": "ZM",
		"ID": 353827,
		"NAME": "鍔姫",
		"ENG_NAME": "Tsubaki",
		"STRING": "「ふふふ。猫さんにはいっぱい話してしまったな」",
		"ENG_STRING": "“Hehehe, I talked to you lots today.”"
	},
	{
		"TYPE": "ZM",
		"ID": 353828,
		"NAME": "鍔姫",
		"ENG_NAME": "Tsubaki",
		"STRING": "「そろそろ夜も遅い。一緒に寝ようか？」",
		"ENG_STRING": "“It's getting late. Why don't we sleep together?”"
	},
	{
		"TYPE": "ZM",
		"ID": 353829,
		"NAME": "満琉",
		"ENG_NAME": "Michiru",
		"STRING": "@w4@h4（は！？ い、一緒に寝る？ 鍔姫ちゃんと？？？）@w0@h0",
		"ENG_STRING": "@w4@h4（What!? S-Sleep together? With Tsubaki-chan?）@w0@h0"
	},
	{
		"TYPE": "ZM",
		"ID": 353830,
		"STRING": "もやもやとした、なんとも言えない気持ちになっている間に、鍔姫ちゃんに身体を抱き上げられてしまった。",
		"ENG_STRING": "As feelings of uncertainty build up inside me, she lifts me up."
	},
	{
		"TYPE": "ZM",
		"ID": 353831,
		"STRING": "もしかして、このままベッドに連れて行かれてしまうのか！？",
		"ENG_STRING": "Is she going to take me to her bed like this!?"
	},
	{
		"TYPE": "ZM",
		"ID": 353832,
		"STRING": "このまま、ここで寝るわけにはいかない……が、相手は普通の猫だと思っているだろうし……！",
		"ENG_STRING": "At this rate, there's no way I'm getting a wink of sleep tonight... but she thinks that I'm a regular cat...!"
	},
	{
		"TYPE": "ZM",
		"ID": 353833,
		"NAME": "鍔姫",
		"ENG_NAME": "Tsubaki",
		"STRING": "「今日は君と一緒に寝られて嬉しいよ。おやすみ……ちゅ」",
		"ENG_STRING": "“I'm so glad I get to sleep together with you tonight. Good night... mwah...”"
	},
	{
		"TYPE": "ZM",
		"ID": 353834,
		"NAME": "満琉",
		"ENG_NAME": "Michiru",
		"STRING": "@w5@h5「……！！！！」@w0@h0",
		"ENG_STRING": "@w5@h5“......!!!!“@w0@h0"
	},
	{
		"TYPE": "ZM",
		"ID": 353835,
		"NAME": "鍔姫",
		"ENG_NAME": "Tsubaki",
		"STRING": "「……え」",
		"ENG_STRING": "“...Huh?”"
	},
	{
		"TYPE": "ZM",
		"ID": 353836,
		"NAME": "満琉",
		"ENG_NAME": "Michiru",
		"STRING": "「あ……」",
		"ENG_STRING": "“Ah...”"
	},
	{
		"TYPE": "ZM",
		"ID": 353837,
		"NAME": "鍔姫",
		"ENG_NAME": "Tsubaki",
		"STRING": "「……………………」",
		"ENG_STRING": "“......”"
	},
	{
		"TYPE": "ZM",
		"ID": 353838,
		"STRING": "気づけば、いつの間にか俺は元の姿に戻っていた。",
		"ENG_STRING": "The next thing I know, I'm back to normal."
	},
	{
		"TYPE": "ZM",
		"ID": 353839,
		"STRING": "それはいい、喜ぶべきことだ。だが……状況は最悪だった。",
		"ENG_STRING": "I should be happy about this, but... I'm stuck in a terrible situation now."
	},
	{
		"TYPE": "ZM",
		"ID": 353840,
		"NAME": "鍔姫",
		"ENG_NAME": "Tsubaki",
		"STRING": "「み、みー…………くん……？」",
		"ENG_STRING": "“M-Mii...-kun...?”"
	},
	{
		"TYPE": "ZM",
		"ID": 353841,
		"NAME": "満琉",
		"ENG_NAME": "Michiru",
		"STRING": "「は、はい……」",
		"ENG_STRING": "“Th-That's right...”"
	},
	{
		"TYPE": "ZM",
		"ID": 353842,
		"NAME": "鍔姫",
		"ENG_NAME": "Tsubaki",
		"STRING": "「…………………なぜ……？」",
		"ENG_STRING": "“Why...?”"
	},
	{
		"TYPE": "ZM",
		"ID": 353843,
		"NAME": "満琉",
		"ENG_NAME": "Michiru",
		"STRING": "「あ、あああああ！　あの、これ、これは！　あの、ええとな！！！！」",
		"ENG_STRING": "“A-Ahhh! Well, th-this is...! Umm, you know!!!!”"
	},
	{
		"TYPE": "ZM",
		"ID": 353844,
		"STRING": "こんなもの、どう説明しろっていうんだよ――――！！！",
		"ENG_STRING": "How the hell am I supposed to explain this to her――!?"
	},
	{
		"TYPE": "ZM",
		"ID": 353845,
		"NAME": "小太郎",
		"ENG_NAME": "Kotaro",
		"STRING": "「ああああ、どうしよう〜！　みっちー！　返事してよー！！」",
		"ENG_STRING": "“Ahh, what should we do‾!? Micchi! Where are you!?”"
	},
	{
		"TYPE": "ZM",
		"ID": 353846,
		"NAME": "憂緒",
		"ENG_NAME": "Ushio",
		"STRING": "「見付かりませんね」",
		"ENG_STRING": "“He's nowhere to be found.”"
	},
	{
		"TYPE": "ZM",
		"ID": 353847,
		"NAME": "小太郎",
		"ENG_NAME": "Kotaro",
		"STRING": "「どうしよう。あの時、おれが離しちゃったから」",
		"ENG_STRING": "“It's all because I didn't keep a better hold on him back then.”"
	},
	{
		"TYPE": "ZM",
		"ID": 353848,
		"NAME": "憂緒",
		"ENG_NAME": "Ushio",
		"STRING": "「烏丸くんのせいではありません。彼が暴れたせいです」",
		"ENG_STRING": "“It's not your fault. It's because he kept struggling.”"
	},
	{
		"TYPE": "ZM",
		"ID": 353849,
		"NAME": "小太郎",
		"ENG_NAME": "Kotaro",
		"STRING": "「でも……」",
		"ENG_STRING": "“But...”"
	},
	{
		"TYPE": "ZM",
		"ID": 353850,
		"NAME": "憂緒",
		"ENG_NAME": "Ushio",
		"STRING": "「それに、これだけ探して見付からなかったのですから、誰かに保護されている可能性が高いと思われます」",
		"ENG_STRING": "“Besides, we still haven't found him after looking for him all day, so the probability of him having been picked up by someone is high.”"
	},
	{
		"TYPE": "ZM",
		"ID": 353851,
		"NAME": "小太郎",
		"ENG_NAME": "Kotaro",
		"STRING": "「じゃあ、誰かに猫だと思われて、連れて帰られてるってこと？」",
		"ENG_STRING": "“So someone thought he was just an ordinary cat and took him back to their room?”"
	},
	{
		"TYPE": "ZM",
		"ID": 353852,
		"NAME": "憂緒",
		"ENG_NAME": "Ushio",
		"STRING": "「その可能性は高いかと。それにあの呪いは口付けをすれば解けますから、運が良ければ戻っているかもしれません」",
		"ENG_STRING": "“That's the most likely scenario. The curse is lifted by a kiss on the lips, so if he's lucky, he'll be able to turn back to normal.”"
	},
	{
		"TYPE": "ZM",
		"ID": 353853,
		"NAME": "小太郎",
		"ENG_NAME": "Kotaro",
		"STRING": "「え、くち……って、キスでってこと？」",
		"ENG_STRING": "“Wha... A-A kiss?”"
	},
	{
		"TYPE": "ZM",
		"ID": 353854,
		"NAME": "憂緒",
		"ENG_NAME": "Ushio",
		"STRING": "「はい。とりあえず捜索は打ち切りにして、彼の運が良いことを願っておきましょう」",
		"ENG_STRING": "“Yes. Let's hold off on searching for him now and hope that luck is on his side.”"
	},
	{
		"TYPE": "ZM",
		"ID": 353855,
		"NAME": "小太郎",
		"ENG_NAME": "Kotaro",
		"STRING": "「そ、そうですね……」",
		"ENG_STRING": "“Y-Yeah...”"
	},
	{
		"TYPE": "ZM",
		"ID": 353856,
		"NAME": "満琉",
		"ENG_NAME": "Michiru",
		"STRING": "「……はあ」",
		"ENG_STRING": "“...Haa.”"
	},
	{
		"TYPE": "ZM",
		"ID": 353857,
		"STRING": "鍔姫ちゃんにはなんとか事情を説明して、あの状況に納得してもらうことができた。",
		"ENG_STRING": "I somehow managed to explain myself to Tsubaki-chan."
	},
	{
		"TYPE": "ZM",
		"ID": 353858,
		"STRING": "しかし、素っ裸でそのまま帰るわけにも行かず……風紀委員のコートを貸してもらうことになった。",
		"ENG_STRING": "However, I couldn't just go back to my room buck naked... so she lent me her Disciplinary Committee coat."
	},
	{
		"TYPE": "ZM",
		"ID": 353859,
		"STRING": "何も着ていないよりはマシだが、これじゃあ不審者丸出しだ。",
		"ENG_STRING": "It's better than wearing nothing at all, but I totally look suspicious right now."
	},
	{
		"TYPE": "ZM",
		"ID": 353860,
		"STRING": "……誰にも見付かりませんように……！",
		"ENG_STRING": "...I have to make sure nobody catches me like this...!"
	},
	{
		"TYPE": "ZM",
		"ID": 353861,
		"NAME": "満琉",
		"ENG_NAME": "Michiru",
		"STRING": "@w5@h5「……なっ！！！」@w0@h0",
		"ENG_STRING": "@w5@h5“Wha...!!!“@w0@h0"
	},
	{
		"TYPE": "ZM",
		"ID": 353862,
		"NAME": "一",
		"ENG_NAME": "Ninomae",
		"STRING": "「ぢー」",
		"ENG_STRING": "“Jii.”"
	},
	{
		"TYPE": "ZM",
		"ID": 353863,
		"STRING": "かすかに物音が聞こえたと思って身構えると、そこには小さなオコジョがいた。",
		"ENG_STRING": "I hear a faint sound and prepare myself, but what I see is a small ermine."
	},
	{
		"TYPE": "ZM",
		"ID": 353864,
		"STRING": "こいつ、学園長といつも一緒にいるやつだよな。",
		"ENG_STRING": "Isn't that the one that's always with the principal?"
	},
	{
		"TYPE": "ZM",
		"ID": 353865,
		"STRING": "どうしてこんなところにいるんだ？",
		"ENG_STRING": "Why is it in a place like this?"
	},
	{
		"TYPE": "ZM",
		"ID": 353866,
		"NAME": "一",
		"ENG_NAME": "Ninomae",
		"STRING": "「ちぃ！」",
		"ENG_STRING": "“Chii!”"
	},
	{
		"TYPE": "ZM",
		"ID": 353867,
		"STRING": "学園長のオコジョは、そのまま廊下の向こうに走って行った。",
		"ENG_STRING": "It runs down the hallway in the opposite direction."
	},
	{
		"TYPE": "ZM",
		"ID": 353868,
		"STRING": "良かった。オコジョなら見られても問題ないよな……多分。",
		"ENG_STRING": "What a relief. There shouldn't be any problem being seen by an ermine... probably."
	},
	{
		"TYPE": "ZM",
		"ID": 353869,
		"NAME": "二人",
		"ENG_NAME": "Fuhito",
		"STRING": "「おーおー、ニノマエ君こんなところにいたのかね」",
		"ENG_STRING": "“Oh, so this is where you were, Ninomae-kun.”"
	},
	{
		"TYPE": "ZM",
		"ID": 353870,
		"NAME": "満琉",
		"ENG_NAME": "Michiru",
		"STRING": "「げ……！」",
		"ENG_STRING": "“Geh...!”"
	},
	{
		"TYPE": "ZM",
		"ID": 353871,
		"NAME": "二人",
		"ENG_NAME": "Fuhito",
		"STRING": "「勝手に行ってはいけないよ？　え、なんだい？」",
		"ENG_STRING": "“You shouldn't run off by yourself. Huh? What is it?”"
	},
	{
		"TYPE": "ZM",
		"ID": 353872,
		"NAME": "一",
		"ENG_NAME": "Ninomae",
		"STRING": "「ちー」",
		"ENG_STRING": "“Chii.”"
	},
	{
		"TYPE": "ZM",
		"ID": 353873,
		"NAME": "二人",
		"ENG_NAME": "Fuhito",
		"STRING": "「……ほほう、あちらに？」",
		"ENG_STRING": "“...Oh, over there?”"
	},
	{
		"TYPE": "ZM",
		"ID": 353874,
		"NAME": "二人",
		"ENG_NAME": "Fuhito",
		"STRING": "「………」",
		"ENG_STRING": "“......”"
	},
	{
		"TYPE": "ZM",
		"ID": 353875,
		"NAME": "満琉",
		"ENG_NAME": "Michiru",
		"STRING": "「……」",
		"ENG_STRING": "“......”"
	},
	{
		"TYPE": "ZM",
		"ID": 353876,
		"NAME": "二人",
		"ENG_NAME": "Fuhito",
		"STRING": "「……」",
		"ENG_STRING": "“......”"
	},
	{
		"TYPE": "ZM",
		"ID": 353877,
		"STRING": "向こうから現れた学園長は、俺の姿を上から下までなめるように見つめた。",
		"ENG_STRING": "The principal appears at the other end of the hallway, and she looks at me from top to bottom, as if she were making a fool of me."
	},
	{
		"TYPE": "ZM",
		"ID": 353878,
		"NAME": "満琉",
		"ENG_NAME": "Michiru",
		"STRING": "「いや、これは……あの……」",
		"ENG_STRING": "“Umm, this... uhh...”"
	},
	{
		"TYPE": "ZM",
		"ID": 353879,
		"NAME": "二人",
		"ENG_NAME": "Fuhito",
		"STRING": "「ぷふっ！」",
		"ENG_STRING": "“Pfft!”"
	},
	{
		"TYPE": "ZM",
		"ID": 353880,
		"NAME": "満琉",
		"ENG_NAME": "Michiru",
		"STRING": "@w5@h5「！！！！」@w0@h0",
		"ENG_STRING": "@w5@h5“!!!!“@w0@h0"
	},
	{
		"TYPE": "ZM",
		"ID": 353881,
		"NAME": "二人",
		"ENG_NAME": "Fuhito",
		"STRING": "「まあ、他の者には見付からないよう戻りたまえ」",
		"ENG_STRING": "“Take care to return without being seen by anyone else.”"
	},
	{
		"TYPE": "ZM",
		"ID": 353882,
		"NAME": "一",
		"ENG_NAME": "Ninomae",
		"STRING": "「ぢー！」",
		"ENG_STRING": "“Jii.”"
	},
	{
		"TYPE": "ZM",
		"ID": 353883,
		"NAME": "二人",
		"ENG_NAME": "Fuhito",
		"STRING": "「それでは戻ろうか、ニノマエ君」",
		"ENG_STRING": "“Let's get going, Ninomae-kun.”"
	},
	{
		"TYPE": "ZM",
		"ID": 353884,
		"NAME": "一",
		"ENG_NAME": "Ninomae",
		"STRING": "「ちちっ」",
		"ENG_STRING": "“Chi chi!”"
	},
	{
		"TYPE": "ZM",
		"ID": 353885,
		"STRING": "ニヤニヤと笑いながら俺を見つめていた学園長は、そのままの表情で背中を向けて去って行ってしまった。",
		"ENG_STRING": "The principal turns around and walks away with a massive grin on her face."
	},
	{
		"TYPE": "ZM",
		"ID": 353886,
		"STRING": "あの人……絶対全部わかって言っていたような気がしてならない……！",
		"ENG_STRING": "She... had to have known what was going on this entire time...!"
	},
	{
		"TYPE": "ZM",
		"ID": 353887,
		"STRING": "文句のひとつも言いたくなったが、飲み込む。",
		"ENG_STRING": "I have a huge desire to voice my complaints, but I keep them to myself."
	},
	{
		"TYPE": "ZM",
		"ID": 353888,
		"STRING": "また誰かに見付かる前にさっさと部屋に戻ろう。",
		"ENG_STRING": "I need to get back to my room before anyone else sees me like this."
	},
	{
		"TYPE": "ZM",
		"ID": 353889,
		"STRING": "その後は、なんとか誰にも見付からず部屋に戻って来れた。",
		"ENG_STRING": "I manage to arrive without being spotted along the way."
	},
	{
		"TYPE": "ZM",
		"ID": 353890,
		"STRING": "借りたコートは、洗って明日返そう。いや、洗わなくてもいいかもしれないが、気分的に……。",
		"ENG_STRING": "I'll wash the coat and return it to her tomorrow. Well, I probably don't have to wash it, but..."
	},
	{
		"TYPE": "ZM",
		"ID": 353891,
		"STRING": "さすがに、裸で着たものをそのまま返す気にはなれない。",
		"ENG_STRING": "It wouldn't sit right with me if I didn't, considering where it's been."
	},
	{
		"TYPE": "ZM",
		"ID": 353892,
		"NAME": "満琉",
		"ENG_NAME": "Michiru",
		"STRING": "「はあ……」",
		"ENG_STRING": "“Okay...”"
	},
	{
		"TYPE": "ZM",
		"ID": 353893,
		"STRING": "着替え終わり、コートを洗濯してからベッドに入る。",
		"ENG_STRING": "After changing and putting the coat in the laundry, I get in bed."
	},
	{
		"TYPE": "ZM",
		"ID": 353894,
		"STRING": "寝転んで天井を見つめながらぼんやりしていると、自然と鍔姫ちゃんのことを思い出した。",
		"ENG_STRING": "Lying down and staring dazedly at the ceiling, Tsubaki-chan pops into my head."
	},
	{
		"TYPE": "ZM",
		"ID": 353895,
		"STRING": "あの時泣いた顔や、今日言っていたことや……風呂でのこととか。",
		"ENG_STRING": "Her face when she was crying back then, what she said today... and what happened in the bathroom."
	},
	{
		"TYPE": "ZM",
		"ID": 353896,
		"STRING": "一度に色んなことがぐるぐると頭の中で回りすぎて、自分でもよくわからなくなってくる。",
		"ENG_STRING": "There's so much going on in my mind right now and it's giving me a headache."
	},
	{
		"TYPE": "ZM",
		"ID": 353897,
		"NAME": "満琉",
		"ENG_NAME": "Michiru",
		"STRING": "@w5@h5「ああもう！」@w0@h0",
		"ENG_STRING": "@w5@h5“Argh!“@w0@h0"
	},
	{
		"TYPE": "ZM",
		"ID": 353898,
		"STRING": "――俺は一体どうしたいんだ。",
		"ENG_STRING": "――What exactly do I want to do?"
	},
	{
		"TYPE": "ZM",
		"ID": 353899,
		"STRING": "出口のない迷路に迷い込んでしまったかのようだった。",
		"ENG_STRING": "I feel like I've stumbled into a maze with no exit."
	},
	{
		"TYPE": "ZM",
		"ID": 353900,
		"STRING": "いつまでも結論は出ないのに、何故だか鍔姫ちゃんのことを考えるのがやめられない。",
		"ENG_STRING": "I can't reach a conclusion no matter how much I think about her, yet I can't help but do so."
	},
	{
		"TYPE": "ZM",
		"ID": 353901,
		"STRING": "そういえば猫の姿とはいえ、キスもしてしまった。",
		"ENG_STRING": "And we even kissed, despite my being a cat at the time."
	},
	{
		"TYPE": "ZM",
		"ID": 353902,
		"STRING": "鍔姫ちゃんは俺の正体がわかった後はほぼずっと呆然としていたが、あれはよかったのか。",
		"ENG_STRING": "She was fairly shocked after she found out that the cat was me."
	},
	{
		"TYPE": "ZM",
		"ID": 353903,
		"STRING": "それともノーカウントってことでいいのか。",
		"ENG_STRING": "Should that kiss not count then?"
	},
	{
		"TYPE": "ZM",
		"ID": 353904,
		"STRING": "だが、してしまったことには違いはない……。",
		"ENG_STRING": "But what's done is done..."
	},
	{
		"TYPE": "ZM",
		"ID": 353905,
		"STRING": "考えれば考えるほど、自分がどうしたいのかわからなくなる。",
		"ENG_STRING": "The more I mull over it, the more I don't know what I want to do."
	},
	{
		"TYPE": "ZM",
		"ID": 353906,
		"STRING": "それなのに、ぐるぐると考え続けることがやめられそうになかった……。",
		"ENG_STRING": "However, it doesn't look like my brain's going to be giving it a rest anytime soon..."
	}
]